date,spx,vix,vix3m
2006-07-17,1234.489990234375,18.639999389648438,18.049999237060547
2006-07-18,1236.8599853515625,17.739999771118164,17.219999313354492
2006-07-19,1259.81005859375,15.550000190734863,15.600000381469727
2006-07-20,1249.1300048828125,16.209999084472656,16.309999465942383
2006-07-21,1240.2900390625,17.399999618530273,17.040000915527344
2006-07-24,1260.9100341796875,14.979999542236328,15.40999984741211
2006-07-25,1268.8800048828125,14.850000381469727,14.609999656677246
2006-07-26,1268.4000244140625,14.619999885559082,14.579999923706055
2006-07-27,1263.199951171875,14.9399995803833,15.15999984741211
2006-07-28,1278.550048828125,14.329999923706055,14.630000114440918
2006-07-31,1276.6600341796875,14.949999809265137,15.25
2006-08-01,1270.9200439453125,15.050000190734863,15.390000343322754
2006-08-02,1277.4100341796875,14.34000015258789,15.0600004196167
2006-08-03,1280.27001953125,14.460000038146973,15.050000190734863
2006-08-04,1279.3599853515625,14.34000015258789,15.09000015258789
2006-08-07,1275.77001953125,15.229999542236328,15.350000381469727
2006-08-08,1271.47998046875,15.229999542236328,15.470000267028809
2006-08-09,1265.949951171875,15.199999809265137,15.579999923706055
2006-08-10,1271.81005859375,14.460000038146973,15.279999732971191
2006-08-11,1266.739990234375,14.300000190734863,15.279999732971191
2006-08-14,1268.2099609375,14.260000228881836,15.279999732971191
2006-08-15,1285.5799560546875,13.420000076293945,14.520000457763672
2006-08-16,1295.4300537109375,12.40999984741211,14.029999732971191
2006-08-17,1297.47998046875,12.239999771118164,13.380000114440918
2006-08-18,1302.300048828125,11.640000343322754,13.100000381469727
2006-08-21,1297.52001953125,12.220000267028809,13.420000076293945
2006-08-22,1298.8199462890625,12.1899995803833,13.430000305175781
2006-08-23,1292.989990234375,12.399999618530273,13.5600004196167
2006-08-24,1296.06005859375,12.399999618530273,13.579999923706055
2006-08-25,1295.0899658203125,12.3100004196167,13.510000228881836
2006-08-28,1301.780029296875,12.180000305175781,13.359999656677246
2006-08-29,1304.280029296875,12.279999732971191,13.380000114440918
2006-08-30,1305.3699951171875,12.220000267028809,13.319999694824219
2006-08-31,1303.8199462890625,12.3100004196167,13.300000190734863
2006-09-01,1311.010009765625,11.960000038146973,13.1899995803833
2006-09-05,1313.25,12.630000114440918,13.359999656677246
2006-09-06,1300.260009765625,13.739999771118164,14.319999694824219
2006-09-07,1294.02001953125,13.880000114440918,14.470000267028809
2006-09-08,1298.9200439453125,13.15999984741211,14.1899995803833
2006-09-11,1299.5400390625,12.989999771118164,14.199999809265137
2006-09-12,1313.0,11.920000076293945,13.520000457763672
2006-09-13,1318.0699462890625,11.180000305175781,13.34000015258789
2006-09-14,1316.280029296875,11.550000190734863,13.550000190734863
2006-09-15,1319.6600341796875,11.760000228881836,13.40999984741211
2006-09-18,1321.1800537109375,11.779999732971191,13.399999618530273
2006-09-19,1317.6400146484375,11.979999542236328,13.550000190734863
2006-09-20,1325.1800537109375,11.390000343322754,13.279999732971191
2006-09-21,1318.030029296875,12.25,13.609999656677246
2006-09-22,1314.780029296875,12.59000015258789,14.09000015258789
2006-09-25,1326.3699951171875,12.119999885559082,13.460000038146973
2006-09-26,1336.3499755859375,11.529999732971191,13.100000381469727
2006-09-27,1336.5899658203125,11.579999923706055,13.220000267028809
2006-09-28,1338.8800048828125,11.720000267028809,13.289999961853027
2006-09-29,1335.8499755859375,11.979999542236328,13.449999809265137
2006-10-02,1331.3199462890625,12.569999694824219,13.59000015258789
2006-10-03,1334.1099853515625,12.239999771118164,13.5
2006-10-04,1350.199951171875,11.859999656677246,13.239999771118164
2006-10-05,1353.219970703125,11.979999542236328,13.279999732971191
2006-10-06,1349.5899658203125,11.5600004196167,13.079999923706055
2006-10-09,1350.6600341796875,11.680000305175781,13.0600004196167
2006-10-10,1353.4200439453125,11.520000457763672,13.050000190734863
2006-10-11,1349.949951171875,11.619999885559082,13.100000381469727
2006-10-12,1362.8299560546875,11.09000015258789,12.420000076293945
2006-10-13,1365.6199951171875,10.75,12.199999809265137
2006-10-16,1369.06005859375,11.09000015258789,12.350000381469727
2006-10-17,1364.050048828125,11.729999542236328,12.630000114440918
2006-10-18,1365.800048828125,11.34000015258789,12.470000267028809
2006-10-19,1366.9599609375,10.899999618530273,12.3100004196167
2006-10-20,1368.5999755859375,10.630000114440918,12.0600004196167
2006-10-23,1377.02001953125,11.079999923706055,12.210000038146973
2006-10-24,1377.3800048828125,10.779999732971191,11.510000228881836
2006-10-25,1382.219970703125,10.65999984741211,11.359999656677246
2006-10-26,1389.0799560546875,10.5600004196167,11.229999542236328
2006-10-27,1377.3399658203125,10.800000190734863,11.369999885559082
2006-10-30,1377.9300537109375,11.199999809265137,12.039999961853027
2006-10-31,1377.93994140625,11.100000381469727,11.399999618530273
2006-11-01,1367.81005859375,11.510000228881836,12.079999923706055
2006-11-02,1367.3399658203125,11.420000076293945,12.119999885559082
2006-11-03,1364.300048828125,11.15999984741211,12.079999923706055
2006-11-06,1379.780029296875,11.15999984741211,11.399999618530273
2006-11-07,1382.8399658203125,11.09000015258789,11.350000381469727
2006-11-08,1385.719970703125,10.75,11.1899995803833
2006-11-09,1378.3299560546875,11.010000228881836,11.369999885559082
2006-11-10,1380.9000244140625,10.789999961853027,11.489999771118164
2006-11-13,1384.4200439453125,10.859999656677246,11.380000114440918
2006-11-14,1393.219970703125,10.5,11.170000076293945
2006-11-15,1396.5699462890625,10.3100004196167,11.119999885559082
2006-11-16,1399.760009765625,10.15999984741211,11.029999732971191
2006-11-17,1401.199951171875,10.050000190734863,11.0600004196167
2006-11-20,1400.5,9.970000267028809,11.180000305175781
2006-11-21,1402.81005859375,9.899999618530273,11.1899995803833
2006-11-22,1406.0899658203125,10.140000343322754,11.520000457763672
2006-11-24,1400.949951171875,10.729999542236328,12.279999732971191
2006-11-27,1381.9599609375,12.300000190734863,13.270000457763672
2006-11-28,1386.719970703125,11.619999885559082,12.630000114440918
2006-11-29,1399.47998046875,10.829999923706055,12.199999809265137
2006-11-30,1400.6300048828125,10.90999984741211,12.3100004196167
2006-12-01,1396.7099609375,11.65999984741211,12.59000015258789
2006-12-04,1409.1199951171875,11.229999542236328,12.399999618530273
2006-12-05,1414.760009765625,11.270000457763672,12.4399995803833
2006-12-06,1412.9000244140625,11.329999923706055,12.510000228881836
2006-12-07,1407.2900390625,12.670000076293945,13.479999542236328
2006-12-08,1409.8399658203125,12.069999694824219,13.3100004196167
2006-12-11,1413.0400390625,10.710000038146973,13.25
2006-12-12,1411.56005859375,10.649999618530273,13.170000076293945
2006-12-13,1413.2099609375,10.180000305175781,13.0600004196167
2006-12-14,1425.489990234375,9.970000267028809,13.010000228881836
2006-12-15,1427.0899658203125,10.050000190734863,13.130000114440918
2006-12-18,1422.47998046875,10.600000381469727,13.1899995803833
2006-12-19,1425.550048828125,10.300000190734863,12.630000114440918
2006-12-20,1423.530029296875,10.260000228881836,12.529999732971191
2006-12-21,1418.300048828125,10.529999732971191,13.100000381469727
2006-12-22,1410.760009765625,11.359999656677246,13.300000190734863
2006-12-26,1416.9000244140625,11.260000228881836,13.130000114440918
2006-12-27,1426.8399658203125,10.640000343322754,12.59000015258789
2006-12-28,1424.72998046875,10.989999771118164,13.100000381469727
2006-12-29,1418.300048828125,11.5600004196167,13.289999961853027
2007-01-03,1416.5999755859375,12.039999961853027,13.380000114440918
2007-01-04,1418.3399658203125,11.510000228881836,13.130000114440918
2007-01-05,1409.7099609375,12.140000343322754,13.40999984741211
2007-01-08,1412.8399658203125,12.0,13.279999732971191
2007-01-09,1412.1099853515625,11.90999984741211,13.260000228881836
2007-01-10,1414.8499755859375,11.470000267028809,13.020000457763672
2007-01-11,1423.8199462890625,10.869999885559082,12.380000114440918
2007-01-12,1430.72998046875,10.149999618530273,12.069999694824219
2007-01-16,1431.9000244140625,10.739999771118164,12.220000267028809
2007-01-17,1430.6199951171875,10.59000015258789,12.079999923706055
2007-01-18,1426.3699951171875,10.850000381469727,12.100000381469727
2007-01-19,1430.5,10.399999618530273,11.609999656677246
2007-01-22,1422.949951171875,10.770000457763672,12.170000076293945
2007-01-23,1427.989990234375,10.34000015258789,11.539999961853027
2007-01-24,1440.1300048828125,9.890000343322754,11.229999542236328
2007-01-25,1423.9000244140625,11.220000267028809,12.119999885559082
2007-01-26,1422.1800537109375,11.130000114440918,12.09000015258789
2007-01-29,1420.6199951171875,11.449999809265137,12.170000076293945
2007-01-30,1428.8199462890625,10.960000038146973,11.600000381469727
2007-01-31,1438.239990234375,10.420000076293945,11.329999923706055
2007-02-01,1445.93994140625,10.3100004196167,11.289999961853027
2007-02-02,1448.3900146484375,10.079999923706055,11.239999771118164
2007-02-05,1446.989990234375,10.550000190734863,11.420000076293945
2007-02-06,1448.0,10.649999618530273,11.399999618530273
2007-02-07,1450.02001953125,10.319999694824219,11.3100004196167
2007-02-08,1448.31005859375,10.4399995803833,11.420000076293945
2007-02-09,1438.06005859375,11.100000381469727,12.149999618530273
2007-02-12,1433.3699951171875,11.609999656677246,12.369999885559082
2007-02-13,1444.260009765625,10.34000015258789,11.449999809265137
2007-02-14,1455.300048828125,10.229999542236328,11.260000228881836
2007-02-15,1456.81005859375,10.220000267028809,11.260000228881836
2007-02-16,1455.5400390625,10.020000457763672,11.199999809265137
2007-02-20,1459.6800537109375,10.239999771118164,11.359999656677246
2007-02-21,1457.6300048828125,10.199999809265137,11.380000114440918
2007-02-22,1456.3800048828125,10.180000305175781,11.34000015258789
2007-02-23,1451.18994140625,10.579999923706055,12.0
2007-02-26,1449.3699951171875,11.149999618530273,12.180000305175781
2007-02-27,1399.0400390625,18.309999465942383,17.059999465942383
2007-02-28,1406.8199462890625,15.420000076293945,14.470000267028809
2007-03-01,1403.1700439453125,15.819999694824219,14.579999923706055
2007-03-02,1387.1700439453125,18.610000610351562,16.469999313354492
2007-03-05,1374.1199951171875,19.6299991607666,17.360000610351562
2007-03-06,1395.4100341796875,15.960000038146973,15.34000015258789
2007-03-07,1391.969970703125,15.239999771118164,15.029999732971191
2007-03-08,1401.8900146484375,14.289999961853027,14.300000190734863
2007-03-09,1402.8399658203125,14.09000015258789,14.260000228881836
2007-03-12,1406.5999755859375,13.989999771118164,14.149999618530273
2007-03-13,1377.949951171875,18.1299991607666,16.3799991607666
2007-03-14,1387.1700439453125,17.270000457763672,16.15999984741211
2007-03-15,1392.280029296875,16.43000030517578,16.020000457763672
2007-03-16,1386.949951171875,16.790000915527344,16.549999237060547
2007-03-19,1402.06005859375,14.59000015258789,15.130000114440918
2007-03-20,1410.93994140625,13.270000457763672,14.289999961853027
2007-03-21,1435.0400390625,12.1899995803833,13.109999656677246
2007-03-22,1434.5400390625,12.930000305175781,13.359999656677246
2007-03-23,1436.1099853515625,12.949999809265137,13.449999809265137
2007-03-26,1437.5,13.15999984741211,13.579999923706055
2007-03-27,1428.6099853515625,13.479999542236328,14.119999885559082
2007-03-28,1417.22998046875,14.979999542236328,15.130000114440918
2007-03-29,1422.530029296875,15.140000343322754,15.239999771118164
2007-03-30,1420.8599853515625,14.640000343322754,15.100000381469727
2007-04-02,1424.550048828125,14.529999732971191,15.039999961853027
2007-04-03,1437.77001953125,13.460000038146973,14.239999771118164
2007-04-04,1439.3699951171875,13.239999771118164,14.25
2007-04-05,1443.760009765625,13.229999542236328,14.0600004196167
2007-04-09,1444.6099853515625,13.140000343322754,14.029999732971191
2007-04-10,1448.3900146484375,12.680000305175781,13.5
2007-04-11,1438.8699951171875,13.489999771118164,14.1899995803833
2007-04-12,1447.800048828125,12.710000038146973,13.539999961853027
2007-04-13,1452.8499755859375,12.199999809265137,13.3100004196167
2007-04-16,1468.3299560546875,11.979999542236328,13.170000076293945
2007-04-17,1471.47998046875,12.140000343322754,13.09000015258789
2007-04-18,1472.5,12.420000076293945,13.180000305175781
2007-04-19,1470.72998046875,12.539999961853027,13.300000190734863
2007-04-20,1484.3499755859375,12.069999694824219,12.579999923706055
2007-04-23,1480.9300537109375,13.039999961853027,13.079999923706055
2007-04-24,1480.4100341796875,13.119999885559082,13.100000381469727
2007-04-25,1495.4200439453125,13.210000038146973,13.050000190734863
2007-04-26,1494.25,12.789999961853027,12.600000381469727
2007-04-27,1494.0699462890625,12.449999809265137,12.489999771118164
2007-04-30,1482.3699951171875,14.220000267028809,14.010000228881836
2007-05-01,1486.300048828125,13.510000228881836,13.390000343322754
2007-05-02,1495.9200439453125,13.079999923706055,13.25
2007-05-03,1502.3900146484375,13.09000015258789,13.220000267028809
2007-05-04,1505.6199951171875,12.90999984741211,13.260000228881836
2007-05-07,1509.47998046875,13.149999618530273,13.329999923706055
2007-05-08,1507.719970703125,13.210000038146973,13.420000076293945
2007-05-09,1512.5799560546875,12.880000114440918,13.239999771118164
2007-05-10,1491.469970703125,13.600000381469727,14.09000015258789
2007-05-11,1505.8499755859375,12.949999809265137,13.4399995803833
2007-05-14,1503.1500244140625,13.960000038146973,14.239999771118164
2007-05-15,1501.18994140625,14.010000228881836,14.239999771118164
2007-05-16,1514.1400146484375,13.5,14.039999961853027
2007-05-17,1512.75,13.510000228881836,14.170000076293945
2007-05-18,1522.75,12.760000228881836,13.5
2007-05-21,1525.0999755859375,13.300000190734863,13.609999656677246
2007-05-22,1524.1199951171875,13.0600004196167,13.520000457763672
2007-05-23,1522.280029296875,13.239999771118164,13.600000381469727
2007-05-24,1507.510009765625,14.079999923706055,14.369999885559082
2007-05-25,1515.72998046875,13.34000015258789,14.140000343322754
2007-05-29,1518.1099853515625,13.529999732971191,14.079999923706055
2007-05-30,1530.22998046875,12.829999923706055,13.449999809265137
2007-05-31,1530.6199951171875,13.050000190734863,13.470000267028809
2007-06-01,1536.3399658203125,12.779999732971191,13.489999771118164
2007-06-04,1539.1800537109375,13.289999961853027,14.079999923706055
2007-06-05,1530.949951171875,13.630000114440918,14.260000228881836
2007-06-06,1517.3800048828125,14.869999885559082,15.260000228881836
2007-06-07,1490.719970703125,17.059999465942383,16.450000762939453
2007-06-08,1507.6700439453125,14.84000015258789,15.130000114440918
2007-06-11,1509.1199951171875,14.710000038146973,15.100000381469727
2007-06-12,1493.0,16.670000076293945,16.020000457763672
2007-06-13,1515.6700439453125,14.729999542236328,15.079999923706055
2007-06-14,1522.969970703125,13.640000343322754,14.460000038146973
2007-06-15,1532.9100341796875,13.9399995803833,15.010000228881836
2007-06-18,1531.050048828125,13.420000076293945,14.5600004196167
2007-06-19,1533.699951171875,12.850000381469727,14.289999961853027
2007-06-20,1512.8399658203125,14.670000076293945,15.470000267028809
2007-06-21,1522.18994140625,14.210000038146973,15.289999961853027
2007-06-22,1502.56005859375,15.75,16.260000228881836
2007-06-25,1497.739990234375,16.649999618530273,16.479999542236328
2007-06-26,1492.8900146484375,18.889999389648438,18.059999465942383
2007-06-27,1506.3399658203125,15.529999732971191,16.040000915527344
2007-06-28,1505.7099609375,15.539999961853027,16.010000228881836
2007-06-29,1503.3499755859375,16.229999542236328,16.399999618530273
2007-07-02,1519.4300537109375,15.399999618530273,16.100000381469727
2007-07-03,1524.8699951171875,14.920000076293945,15.609999656677246
2007-07-05,1525.4000244140625,15.479999542236328,16.110000610351562
2007-07-06,1530.43994140625,14.720000267028809,15.529999732971191
2007-07-09,1531.8499755859375,15.15999984741211,16.079999923706055
2007-07-10,1510.1199951171875,17.56999969482422,17.3799991607666
2007-07-11,1518.760009765625,16.639999389648438,17.040000915527344
2007-07-12,1547.699951171875,15.539999961853027,16.350000381469727
2007-07-13,1552.5,15.149999618530273,16.31999969482422
2007-07-16,1549.52001953125,15.59000015258789,16.450000762939453
2007-07-17,1549.3699951171875,15.630000114440918,16.5
2007-07-18,1546.1700439453125,16.0,17.049999237060547
2007-07-19,1553.0799560546875,15.229999542236328,16.399999618530273
2007-07-20,1534.0999755859375,16.950000762939453,17.440000534057617
2007-07-23,1541.5699462890625,16.809999465942383,17.190000534057617
2007-07-24,1511.0400390625,18.549999237060547,18.329999923706055
2007-07-25,1518.0899658203125,18.100000381469727,18.06999969482422
2007-07-26,1482.6600341796875,20.739999771118164,19.010000228881836
2007-07-27,1458.949951171875,24.170000076293945,21.149999618530273
2007-07-30,1473.9100341796875,20.8700008392334,19.329999923706055
2007-07-31,1455.27001953125,23.520000457763672,21.350000381469727
2007-08-01,1465.81005859375,23.670000076293945,21.600000381469727
2007-08-02,1472.199951171875,21.219999313354492,20.479999542236328
2007-08-03,1433.06005859375,25.15999984741211,22.6200008392334
2007-08-06,1467.6700439453125,22.940000534057617,21.31999969482422
2007-08-07,1476.7099609375,21.559999465942383,20.610000610351562
2007-08-08,1497.489990234375,21.450000762939453,20.389999389648438
2007-08-09,1453.0899658203125,26.479999542236328,24.440000534057617
2007-08-10,1453.6400146484375,28.299999237060547,25.399999618530273
2007-08-13,1452.9200439453125,26.56999969482422,23.540000915527344
2007-08-14,1426.5400390625,27.68000030517578,24.540000915527344
2007-08-15,1406.699951171875,30.670000076293945,26.479999542236328
2007-08-16,1411.27001953125,30.829999923706055,27.059999465942383
2007-08-17,1445.93994140625,29.989999771118164,26.15999984741211
2007-08-20,1445.550048828125,26.329999923706055,23.229999542236328
2007-08-21,1447.1199951171875,25.25,22.600000381469727
2007-08-22,1464.0699462890625,22.889999389648438,21.239999771118164
2007-08-23,1462.5,22.6200008392334,21.170000076293945
2007-08-24,1479.3699951171875,20.719999313354492,20.290000915527344
2007-08-27,1466.7900390625,22.719999313354492,21.420000076293945
2007-08-28,1432.3599853515625,26.299999237060547,25.030000686645508
2007-08-29,1463.760009765625,23.809999465942383,23.170000076293945
2007-08-30,1457.6400146484375,25.059999465942383,23.40999984741211
2007-08-31,1473.989990234375,23.3799991607666,22.440000534057617
2007-09-04,1489.4200439453125,22.780000686645508,22.010000228881836
2007-09-05,1472.2900390625,24.579999923706055,23.229999542236328
2007-09-06,1478.550048828125,23.989999771118164,23.1299991607666
2007-09-07,1453.550048828125,26.229999542236328,24.520000457763672
2007-09-10,1451.699951171875,27.3799991607666,25.260000228881836
2007-09-11,1471.489990234375,25.270000457763672,23.600000381469727
2007-09-12,1471.56005859375,24.959999084472656,23.469999313354492
2007-09-13,1483.949951171875,24.760000228881836,23.420000076293945
2007-09-14,1484.25,24.920000076293945,23.479999542236328
2007-09-17,1476.6500244140625,26.479999542236328,24.31999969482422
2007-09-18,1519.780029296875,20.350000381469727,20.6299991607666
2007-09-19,1529.030029296875,20.030000686645508,20.280000686645508
2007-09-20,1518.75,20.450000762939453,20.510000228881836
2007-09-21,1525.75,19.0,20.010000228881836
2007-09-24,1517.72998046875,19.3700008392334,19.59000015258789
2007-09-25,1517.2099609375,18.600000381469727,19.450000762939453
2007-09-26,1525.4200439453125,17.6299991607666,19.010000228881836
2007-09-27,1531.3800048828125,17.0,18.229999542236328
2007-09-28,1526.75,18.0,18.6299991607666
2007-10-01,1547.0400390625,17.84000015258789,18.610000610351562
2007-10-02,1546.6300048828125,18.489999771118164,19.219999313354492
2007-10-03,1539.5899658203125,18.799999237060547,19.530000686645508
2007-10-04,1542.8399658203125,18.440000534057617,19.43000030517578
2007-10-05,1557.5899658203125,16.90999984741211,18.34000015258789
2007-10-08,1552.5799560546875,17.459999084472656,18.600000381469727
2007-10-09,1565.1500244140625,16.1200008392334,17.6299991607666
2007-10-10,1562.469970703125,16.670000076293945,18.31999969482422
2007-10-11,1554.4100341796875,18.8799991607666,19.579999923706055
2007-10-12,1561.800048828125,17.729999542236328,19.149999618530273
2007-10-15,1548.7099609375,19.25,20.389999389648438
2007-10-16,1538.530029296875,20.020000457763672,21.200000762939453
2007-10-17,1541.239990234375,18.540000915527344,20.360000610351562
2007-10-18,1540.0799560546875,18.5,20.229999542236328
2007-10-19,1500.6300048828125,22.959999084472656,23.219999313354492
2007-10-22,1506.3299560546875,21.639999389648438,21.520000457763672
2007-10-23,1519.5899658203125,20.40999984741211,21.010000228881836
2007-10-24,1515.8800048828125,20.799999237060547,21.290000915527344
2007-10-25,1514.4000244140625,21.170000076293945,21.3799991607666
2007-10-26,1535.280029296875,19.559999465942383,20.389999389648438
2007-10-29,1540.97998046875,19.8700008392334,20.399999618530273
2007-10-30,1531.02001953125,21.06999969482422,21.290000915527344
2007-10-31,1549.3800048828125,18.530000686645508,19.520000457763672
2007-11-01,1508.43994140625,23.209999084472656,22.6299991607666
2007-11-02,1509.6500244140625,23.010000228881836,23.139999389648438
2007-11-05,1502.1700439453125,24.309999465942383,24.030000686645508
2007-11-06,1520.27001953125,21.389999389648438,22.170000076293945
2007-11-07,1475.6199951171875,26.489999771118164,25.239999771118164
2007-11-08,1474.77001953125,26.15999984741211,25.360000610351562
2007-11-09,1453.699951171875,28.5,27.030000686645508
2007-11-12,1439.1800537109375,31.09000015258789,27.350000381469727
2007-11-13,1481.050048828125,24.100000381469727,24.65999984741211
2007-11-14,1470.5799560546875,25.940000534057617,25.649999618530273
2007-11-15,1451.1500244140625,28.059999465942383,27.440000534057617
2007-11-16,1458.739990234375,25.489999771118164,26.440000534057617
2007-11-19,1433.27001953125,26.010000228881836,25.65999984741211
2007-11-20,1439.699951171875,24.8799991607666,26.09000015258789
2007-11-21,1416.77001953125,26.84000015258789,27.420000076293945
2007-11-23,1440.699951171875,25.610000610351562,25.969999313354492
2007-11-26,1407.219970703125,28.90999984741211,28.440000534057617
2007-11-27,1428.22998046875,26.280000686645508,26.59000015258789
2007-11-28,1469.02001953125,24.110000610351562,24.25
2007-11-29,1469.719970703125,23.969999313354492,24.5
2007-11-30,1481.1400146484375,22.8700008392334,23.93000030517578
2007-12-03,1472.4200439453125,23.610000610351562,24.299999237060547
2007-12-04,1462.7900390625,23.790000915527344,24.649999618530273
2007-12-05,1485.010009765625,22.530000686645508,23.329999923706055
2007-12-06,1507.3399658203125,20.959999084472656,22.100000381469727
2007-12-07,1504.6600341796875,20.850000381469727,22.18000030517578
2007-12-10,1515.9599609375,20.739999771118164,21.93000030517578
2007-12-11,1477.6500244140625,23.59000015258789,24.1200008392334
2007-12-12,1486.5899658203125,22.469999313354492,23.290000915527344
2007-12-13,1488.4100341796875,22.559999465942383,23.520000457763672
2007-12-14,1467.949951171875,23.270000457763672,24.209999084472656
2007-12-17,1445.9000244140625,24.520000457763672,25.530000686645508
2007-12-18,1454.97998046875,22.639999389648438,24.670000076293945
2007-12-19,1453.0,21.68000030517578,23.809999465942383
2007-12-20,1460.1199951171875,20.579999923706055,22.8700008392334
2007-12-21,1484.4599609375,18.469999313354492,21.5
2007-12-24,1496.449951171875,18.600000381469727,21.139999389648438
2007-12-26,1497.6600341796875,18.65999984741211,20.93000030517578
2007-12-27,1476.27001953125,20.260000228881836,22.049999237060547
2007-12-28,1478.489990234375,20.739999771118164,22.559999465942383
2007-12-31,1468.3599853515625,22.5,23.309999465942383
2008-01-02,1447.1600341796875,23.170000076293945,23.600000381469727
2008-01-03,1447.1600341796875,22.489999771118164,22.809999465942383
2008-01-04,1411.6300048828125,23.940000534057617,23.690000534057617
2008-01-07,1416.1800537109375,23.790000915527344,23.219999313354492
2008-01-08,1390.18994140625,25.43000030517578,25.489999771118164
2008-01-09,1409.1300048828125,24.1200008392334,24.5
2008-01-10,1420.3299560546875,23.450000762939453,23.950000762939453
2008-01-11,1401.02001953125,23.68000030517578,24.5
2008-01-14,1416.25,22.899999618530273,23.670000076293945
2008-01-15,1380.949951171875,23.34000015258789,24.389999389648438
2008-01-16,1373.199951171875,24.3799991607666,24.360000610351562
2008-01-17,1333.25,28.459999084472656,26.440000534057617
2008-01-18,1325.18994140625,27.18000030517578,25.989999771118164
2008-01-22,1310.5,31.010000228881836,27.389999389648438
2008-01-23,1338.5999755859375,29.020000457763672,26.25
2008-01-24,1352.0699462890625,27.780000686645508,26.0
2008-01-25,1330.6099853515625,29.079999923706055,26.860000610351562
2008-01-28,1353.9599609375,27.780000686645508,25.969999313354492
2008-01-29,1362.300048828125,27.31999969482422,25.649999618530273
2008-01-30,1355.81005859375,27.6200008392334,26.079999923706055
2008-01-31,1378.550048828125,26.200000762939453,25.209999084472656
2008-02-01,1395.4200439453125,24.020000457763672,24.110000610351562
2008-02-04,1380.8199462890625,25.989999771118164,25.360000610351562
2008-02-05,1336.6400146484375,28.239999771118164,26.989999771118164
2008-02-06,1326.449951171875,28.969999313354492,27.610000610351562
2008-02-07,1336.9100341796875,27.65999984741211,26.739999771118164
2008-02-08,1331.2900390625,28.010000228881836,27.059999465942383
2008-02-11,1339.1300048828125,27.600000381469727,26.670000076293945
2008-02-12,1348.8599853515625,26.329999923706055,26.110000610351562
2008-02-13,1367.2099609375,24.8799991607666,25.290000915527344
2008-02-14,1348.8599853515625,25.540000915527344,25.469999313354492
2008-02-15,1349.989990234375,25.020000457763672,25.440000534057617
2008-02-19,1348.780029296875,25.59000015258789,25.469999313354492
2008-02-20,1360.030029296875,24.399999618530273,24.670000076293945
2008-02-21,1342.530029296875,25.1200008392334,25.09000015258789
2008-02-22,1353.1099853515625,24.059999465942383,24.399999618530273
2008-02-25,1371.800048828125,23.030000686645508,23.93000030517578
2008-02-26,1381.2900390625,21.899999618530273,23.110000610351562
2008-02-27,1380.02001953125,22.690000534057617,23.690000534057617
2008-02-28,1367.6800537109375,23.530000686645508,24.290000915527344
2008-02-29,1330.6300048828125,26.540000915527344,26.389999389648438
2008-03-03,1331.3399658203125,26.280000686645508,26.079999923706055
2008-03-04,1326.75,25.520000457763672,25.760000228881836
2008-03-05,1333.699951171875,24.600000381469727,24.90999984741211
2008-03-06,1304.3399658203125,27.549999237060547,27.0
2008-03-07,1293.3699951171875,27.489999771118164,27.110000610351562
2008-03-10,1273.3699951171875,29.3799991607666,28.329999923706055
2008-03-11,1320.6500244140625,26.360000610351562,26.09000015258789
2008-03-12,1308.77001953125,27.219999313354492,27.3700008392334
2008-03-13,1315.47998046875,27.290000915527344,27.18000030517578
2008-03-14,1288.1400146484375,31.15999984741211,29.360000610351562
2008-03-17,1276.5999755859375,32.2400016784668,29.579999923706055
2008-03-18,1330.739990234375,25.790000915527344,26.010000228881836
2008-03-19,1298.4200439453125,29.84000015258789,28.780000686645508
2008-03-20,1329.510009765625,26.6200008392334,27.290000915527344
2008-03-24,1349.8800048828125,25.729999542236328,25.959999084472656
2008-03-25,1352.989990234375,25.719999313354492,26.18000030517578
2008-03-26,1341.1300048828125,26.079999923706055,26.610000610351562
2008-03-27,1325.760009765625,25.8799991607666,26.280000686645508
2008-03-28,1315.219970703125,25.709999084472656,26.239999771118164
2008-03-31,1322.699951171875,25.610000610351562,25.639999389648438
2008-04-01,1370.1800537109375,22.68000030517578,23.610000610351562
2008-04-02,1367.530029296875,23.43000030517578,24.299999237060547
2008-04-03,1369.31005859375,23.209999084472656,24.1200008392334
2008-04-04,1370.4000244140625,22.450000762939453,23.520000457763672
2008-04-07,1372.5400390625,22.420000076293945,23.200000762939453
2008-04-08,1365.5400390625,22.360000610351562,23.06999969482422
2008-04-09,1354.489990234375,22.809999465942383,23.549999237060547
2008-04-10,1360.550048828125,21.979999542236328,23.059999465942383
2008-04-11,1332.8299560546875,23.459999084472656,24.190000534057617
2008-04-14,1328.3199462890625,23.81999969482422,24.40999984741211
2008-04-15,1334.4300537109375,22.780000686645508,23.700000762939453
2008-04-16,1364.7099609375,20.530000686645508,21.81999969482422
2008-04-17,1365.56005859375,20.3700008392334,21.75
2008-04-18,1390.3299560546875,20.1299991607666,21.3700008392334
2008-04-21,1388.1700439453125,20.5,21.459999084472656
2008-04-22,1375.93994140625,20.8700008392334,21.799999237060547
2008-04-23,1379.9300537109375,20.260000228881836,21.579999923706055
2008-04-24,1388.8199462890625,20.059999465942383,21.18000030517578
2008-04-25,1397.8399658203125,19.59000015258789,20.579999923706055
2008-04-28,1396.3699951171875,19.639999389648438,20.40999984741211
2008-04-29,1390.93994140625,20.239999771118164,20.81999969482422
2008-04-30,1385.5899658203125,20.790000915527344,21.25
2008-05-01,1409.3399658203125,18.8799991607666,19.780000686645508
2008-05-02,1413.9000244140625,18.18000030517578,19.530000686645508
2008-05-05,1407.489990234375,18.899999618530273,20.020000457763672
2008-05-06,1418.260009765625,18.209999084472656,19.75
2008-05-07,1392.5699462890625,19.729999542236328,20.959999084472656
2008-05-08,1397.6800537109375,19.399999618530273,20.8799991607666
2008-05-09,1388.280029296875,19.40999984741211,20.8700008392334
2008-05-12,1403.5799560546875,17.790000915527344,20.239999771118164
2008-05-13,1403.0400390625,17.979999542236328,20.149999618530273
2008-05-14,1408.6600341796875,17.65999984741211,20.0
2008-05-15,1423.5699462890625,16.299999237060547,19.280000686645508
2008-05-16,1425.3499755859375,16.469999313354492,19.56999969482422
2008-05-19,1426.6300048828125,17.010000228881836,19.84000015258789
2008-05-20,1413.4000244140625,17.579999923706055,20.809999465942383
2008-05-21,1390.7099609375,18.59000015258789,22.110000610351562
2008-05-22,1394.3499755859375,18.049999237060547,21.520000457763672
2008-05-23,1375.9300537109375,19.549999237060547,22.510000228881836
2008-05-27,1385.3499755859375,19.639999389648438,22.15999984741211
2008-05-28,1390.8399658203125,19.06999969482422,21.65999984741211
2008-05-29,1398.260009765625,18.139999389648438,20.799999237060547
2008-05-30,1400.3800048828125,17.829999923706055,20.530000686645508
2008-06-02,1385.6700439453125,19.829999923706055,21.719999313354492
2008-06-03,1377.6500244140625,20.239999771118164,22.110000610351562
2008-06-04,1377.199951171875,20.799999237060547,22.59000015258789
2008-06-05,1404.050048828125,18.6299991607666,21.079999923706055
2008-06-06,1360.6800537109375,23.559999465942383,24.200000762939453
2008-06-09,1361.760009765625,23.1200008392334,23.850000381469727
2008-06-10,1358.43994140625,23.18000030517578,23.84000015258789
2008-06-11,1335.489990234375,24.1200008392334,24.31999969482422
2008-06-12,1339.8699951171875,23.329999923706055,23.700000762939453
2008-06-13,1360.030029296875,21.219999313354492,22.600000381469727
2008-06-16,1360.1400146484375,20.950000762939453,22.43000030517578
2008-06-17,1350.9300537109375,21.1299991607666,22.479999542236328
2008-06-18,1337.81005859375,22.239999771118164,23.549999237060547
2008-06-19,1342.8299560546875,21.579999923706055,22.84000015258789
2008-06-20,1317.9300537109375,22.8700008392334,23.56999969482422
2008-06-23,1318.0,22.639999389648438,23.299999237060547
2008-06-24,1314.2900390625,22.420000076293945,23.209999084472656
2008-06-25,1321.969970703125,21.139999389648438,22.31999969482422
2008-06-26,1283.1500244140625,23.93000030517578,24.309999465942383
2008-06-27,1278.3800048828125,23.440000534057617,23.93000030517578
2008-06-30,1280.0,23.950000762939453,23.770000457763672
2008-07-01,1284.9100341796875,23.649999618530273,23.670000076293945
2008-07-02,1261.52001953125,25.920000076293945,25.020000457763672
2008-07-03,1262.9000244140625,24.780000686645508,24.420000076293945
2008-07-07,1252.31005859375,25.780000686645508,24.75
2008-07-08,1273.699951171875,23.149999618530273,23.059999465942383
2008-07-09,1244.68994140625,25.229999542236328,24.360000610351562
2008-07-10,1253.3900146484375,25.59000015258789,24.389999389648438
2008-07-11,1239.489990234375,27.489999771118164,25.520000457763672
2008-07-14,1228.300048828125,28.479999542236328,25.8799991607666
2008-07-15,1214.9100341796875,28.540000915527344,25.969999313354492
2008-07-16,1245.3599853515625,25.100000381469727,24.559999465942383
2008-07-17,1260.3199462890625,25.010000228881836,24.3700008392334
2008-07-18,1260.6800537109375,24.049999237060547,23.799999237060547
2008-07-21,1260.0,23.049999237060547,23.18000030517578
2008-07-22,1277.0,21.18000030517578,22.059999465942383
2008-07-23,1282.18994140625,21.309999465942383,22.200000762939453
2008-07-24,1252.5400390625,23.440000534057617,23.760000228881836
2008-07-25,1257.760009765625,22.90999984741211,23.290000915527344
2008-07-28,1234.3699951171875,24.229999542236328,23.989999771118164
2008-07-29,1263.199951171875,22.030000686645508,22.219999313354492
2008-07-30,1284.260009765625,21.209999084472656,21.440000534057617
2008-07-31,1267.3800048828125,22.940000534057617,22.670000076293945
2008-08-01,1260.31005859375,22.56999969482422,22.75
2008-08-04,1249.010009765625,23.489999771118164,23.09000015258789
2008-08-05,1284.8800048828125,21.139999389648438,21.5
2008-08-06,1289.18994140625,20.229999542236328,21.18000030517578
2008-08-07,1266.0699462890625,21.149999618530273,21.860000610351562
2008-08-08,1296.3199462890625,20.65999984741211,21.649999618530273
2008-08-11,1305.3199462890625,20.1200008392334,21.440000534057617
2008-08-12,1289.5899658203125,21.170000076293945,22.200000762939453
2008-08-13,1285.8299560546875,21.549999237060547,22.540000915527344
2008-08-14,1292.9300537109375,20.34000015258789,21.65999984741211
2008-08-15,1298.199951171875,19.579999923706055,21.3799991607666
2008-08-18,1278.5999755859375,20.979999542236328,22.110000610351562
2008-08-19,1266.68994140625,21.280000686645508,22.420000076293945
2008-08-20,1274.5400390625,20.420000076293945,22.459999084472656
2008-08-21,1277.719970703125,19.81999969482422,22.079999923706055
2008-08-22,1292.199951171875,18.809999465942383,21.479999542236328
2008-08-25,1266.8399658203125,20.969999313354492,22.809999465942383
2008-08-26,1271.510009765625,20.489999771118164,22.520000457763672
2008-08-27,1281.6600341796875,19.760000228881836,21.940000534057617
2008-08-28,1300.6800537109375,19.43000030517578,21.540000915527344
2008-08-29,1282.8299560546875,20.649999618530273,22.520000457763672
2008-09-02,1277.5799560546875,21.989999771118164,23.110000610351562
2008-09-03,1274.97998046875,21.43000030517578,22.799999237060547
2008-09-04,1236.8299560546875,24.030000686645508,24.350000381469727
2008-09-05,1242.31005859375,23.059999465942383,23.729999542236328
2008-09-08,1267.7900390625,22.639999389648438,23.149999618530273
2008-09-09,1224.510009765625,25.469999313354492,25.149999618530273
2008-09-10,1232.0400390625,24.520000457763672,24.540000915527344
2008-09-11,1249.050048828125,24.389999389648438,24.360000610351562
2008-09-12,1251.699951171875,25.65999984741211,25.020000457763672
2008-09-15,1192.699951171875,31.700000762939453,27.93000030517578
2008-09-16,1213.5999755859375,30.299999237060547,26.8799991607666
2008-09-17,1156.3900146484375,36.220001220703125,30.239999771118164
2008-09-18,1206.510009765625,33.099998474121094,28.579999923706055
2008-09-19,1255.0799560546875,32.06999969482422,28.040000915527344
2008-09-22,1207.0899658203125,33.849998474121094,29.729999542236328
2008-09-23,1188.219970703125,35.720001220703125,31.260000228881836
2008-09-24,1185.8699951171875,35.189998626708984,30.559999465942383
2008-09-25,1209.1800537109375,32.81999969482422,29.100000381469727
2008-09-26,1213.27001953125,34.7400016784668,29.739999771118164
2008-09-29,1106.4200439453125,46.720001220703125,36.27000045776367
2008-09-30,1166.3599853515625,39.38999938964844,33.029998779296875
2008-10-01,1161.06005859375,39.810001373291016,33.439998626708984
2008-10-02,1114.280029296875,45.2599983215332,36.4900016784668
2008-10-03,1099.22998046875,45.13999938964844,37.29999923706055
2008-10-06,1056.8900146484375,52.04999923706055,39.130001068115234
2008-10-07,996.22998046875,53.68000030517578,40.54999923706055
2008-10-08,984.9400024414062,57.529998779296875,42.220001220703125
2008-10-09,909.9199829101562,63.91999816894531,48.0099983215332
2008-10-10,899.219970703125,69.94999694824219,50.90999984741211
2008-10-13,1003.3499755859375,54.9900016784668,42.380001068115234
2008-10-14,998.010009765625,55.130001068115234,42.9900016784668
2008-10-15,907.8400268554688,69.25,49.45000076293945
2008-10-16,946.4299926757812,67.61000061035156,48.7400016784668
2008-10-17,940.5499877929688,70.33000183105469,51.130001068115234
2008-10-20,985.4000244140625,52.970001220703125,43.619998931884766
2008-10-21,955.0499877929688,53.11000061035156,43.790000915527344
2008-10-22,896.780029296875,69.6500015258789,49.83000183105469
2008-10-23,908.1099853515625,67.80000305175781,49.7599983215332
2008-10-24,876.77001953125,79.12999725341797,55.29999923706055
2008-10-27,848.9199829101562,80.05999755859375,62.84000015258789
2008-10-28,940.510009765625,66.95999908447266,54.380001068115234
2008-10-29,930.0900268554688,69.95999908447266,57.81999969482422
2008-10-30,954.0900268554688,62.900001525878906,53.75
2008-10-31,968.75,59.88999938964844,53.56999969482422
2008-11-03,966.2999877929688,53.68000030517578,51.20000076293945
2008-11-04,1005.75,47.72999954223633,46.2599983215332
2008-11-05,952.77001953125,54.560001373291016,49.720001220703125
2008-11-06,904.8800048828125,63.68000030517578,56.13999938964844
2008-11-07,930.989990234375,56.099998474121094,52.61000061035156
2008-11-10,919.2100219726562,59.97999954223633,54.04999923706055
2008-11-11,898.9500122070312,61.439998626708984,55.630001068115234
2008-11-12,852.2999877929688,66.45999908447266,59.099998474121094
2008-11-13,911.2899780273438,59.83000183105469,54.099998474121094
2008-11-14,873.2899780273438,66.30999755859375,59.290000915527344
2008-11-17,850.75,69.1500015258789,62.5099983215332
2008-11-18,859.1199951171875,67.63999938964844,61.38999938964844
2008-11-19,806.5800170898438,74.26000213623047,66.48999786376953
2008-11-20,752.4400024414062,80.86000061035156,69.23999786376953
2008-11-21,800.030029296875,72.66999816894531,64.3499984741211
2008-11-24,851.8099975585938,64.69999694824219,59.5
2008-11-25,857.3900146484375,60.900001525878906,57.9900016784668
2008-11-26,887.6799926757812,54.91999816894531,53.72999954223633
2008-11-28,896.239990234375,55.279998779296875,54.18000030517578
2008-12-01,816.2100219726562,68.51000213623047,62.38999938964844
2008-12-02,848.8099975585938,62.97999954223633,59.650001525878906
2008-12-03,870.739990234375,60.720001220703125,58.5
2008-12-04,845.219970703125,63.63999938964844,61.290000915527344
2008-12-05,876.0700073242188,59.93000030517578,58.060001373291016
2008-12-08,909.7000122070312,58.4900016784668,56.599998474121094
2008-12-09,888.6699829101562,58.90999984741211,57.77000045776367
2008-12-10,899.239990234375,55.72999954223633,56.15999984741211
2008-12-11,873.5900268554688,55.779998779296875,56.09000015258789
2008-12-12,879.72998046875,54.279998779296875,55.13999938964844
2008-12-15,868.5700073242188,56.7599983215332,56.40999984741211
2008-12-16,913.1799926757812,52.369998931884766,52.90999984741211
2008-12-17,904.4199829101562,49.84000015258789,51.56999969482422
2008-12-18,885.280029296875,47.34000015258789,49.79999923706055
2008-12-19,887.8800048828125,44.93000030517578,43.400001525878906
2008-12-22,871.6300048828125,44.560001373291016,43.709999084472656
2008-12-23,863.1599731445312,45.02000045776367,44.47999954223633
2008-12-24,868.1500244140625,44.209999084472656,43.959999084472656
2008-12-26,872.7999877929688,43.380001068115234,46.11000061035156
2008-12-29,869.4199829101562,43.900001525878906,46.540000915527344
2008-12-30,890.6400146484375,41.630001068115234,44.40999984741211
2008-12-31,903.25,40.0,43.18000030517578
2009-01-02,931.7999877929688,39.189998626708984,40.560001373291016
2009-01-05,927.4500122070312,39.08000183105469,40.81999969482422
2009-01-06,934.7000122070312,38.560001373291016,40.310001373291016
2009-01-07,906.6500244140625,43.38999938964844,43.810001373291016
2009-01-08,909.72998046875,42.560001373291016,43.16999816894531
2009-01-09,890.3499755859375,42.81999969482422,44.880001068115234
2009-01-12,870.260009765625,45.84000015258789,47.349998474121094
2009-01-13,871.7899780273438,43.27000045776367,47.13999938964844
2009-01-14,842.6199951171875,49.13999938964844,50.68000030517578
2009-01-15,843.739990234375,51.0,51.709999084472656
2009-01-16,850.1199951171875,46.11000061035156,48.95000076293945
2009-01-20,805.219970703125,56.650001525878906,54.869998931884766
2009-01-21,840.239990234375,46.41999816894531,49.959999084472656
2009-01-22,827.5,47.290000915527344,50.130001068115234
2009-01-23,831.9500122070312,47.27000045776367,49.36000061035156
2009-01-26,836.5700073242188,45.689998626708984,47.470001220703125
2009-01-27,845.7100219726562,42.25,45.18000030517578
2009-01-28,874.0900268554688,39.65999984741211,42.20000076293945
2009-01-29,845.1400146484375,42.630001068115234,43.529998779296875
2009-01-30,825.8800048828125,44.84000015258789,44.599998474121094
2009-02-02,825.4400024414062,45.52000045776367,43.90999984741211
2009-02-03,838.510009765625,43.060001373291016,42.2400016784668
2009-02-04,832.22998046875,43.849998474121094,42.130001068115234
2009-02-05,845.8499755859375,43.72999954223633,42.599998474121094
2009-02-06,868.5999755859375,43.369998931884766,43.380001068115234
2009-02-09,869.8900146484375,43.63999938964844,43.43000030517578
2009-02-10,827.1599731445312,46.66999816894531,46.060001373291016
2009-02-11,833.739990234375,44.529998779296875,45.06999969482422
2009-02-12,835.1900024414062,41.25,42.65999984741211
2009-02-13,826.8400268554688,42.93000030517578,42.470001220703125
2009-02-17,789.1699829101562,48.65999984741211,46.0
2009-02-18,788.4199829101562,48.459999084472656,46.970001220703125
2009-02-19,778.9400024414062,47.08000183105469,45.630001068115234
2009-02-20,770.0499877929688,49.29999923706055,47.029998779296875
2009-02-23,743.3300170898438,52.619998931884766,50.43000030517578
2009-02-24,773.1400146484375,45.4900016784668,45.11000061035156
2009-02-25,764.9000244140625,44.66999816894531,44.400001525878906
2009-02-26,752.8300170898438,44.65999984741211,44.18000030517578
2009-02-27,735.0900268554688,46.349998474121094,45.209999084472656
2009-03-02,700.8200073242188,52.650001525878906,48.66999816894531
2009-03-03,696.3300170898438,50.93000030517578,48.5099983215332
2009-03-04,712.8699951171875,47.560001373291016,44.720001220703125
2009-03-05,682.5499877929688,50.16999816894531,46.70000076293945
2009-03-06,683.3800048828125,49.33000183105469,46.47999954223633
2009-03-09,676.530029296875,49.68000030517578,46.529998779296875
2009-03-10,719.5999755859375,44.369998931884766,42.40999984741211
2009-03-11,721.3599853515625,43.61000061035156,42.5
2009-03-12,750.739990234375,41.18000030517578,40.70000076293945
2009-03-13,756.5499877929688,42.36000061035156,41.83000183105469
2009-03-16,753.8900146484375,43.7400016784668,42.2400016784668
2009-03-17,778.1199951171875,40.79999923706055,39.97999954223633
2009-03-18,794.3499755859375,40.060001373291016,39.900001525878906
2009-03-19,784.0399780273438,43.68000030517578,43.150001525878906
2009-03-20,768.5399780273438,45.88999938964844,46.279998779296875
2009-03-23,822.9199829101562,43.22999954223633,42.33000183105469
2009-03-24,806.1199951171875,42.93000030517578,43.63999938964844
2009-03-25,813.8800048828125,42.25,41.900001525878906
2009-03-26,832.8599853515625,40.36000061035156,40.68000030517578
2009-03-27,815.9400024414062,41.040000915527344,42.09000015258789
2009-03-30,787.530029296875,45.540000915527344,44.9900016784668
2009-03-31,797.8699951171875,44.13999938964844,44.59000015258789
2009-04-01,811.0800170898438,42.279998779296875,43.029998779296875
2009-04-02,834.3800048828125,42.040000915527344,42.2400016784668
2009-04-03,842.5,39.70000076293945,41.06999969482422
2009-04-06,835.47998046875,40.93000030517578,41.16999816894531
2009-04-07,815.5499877929688,40.38999938964844,41.66999816894531
2009-04-08,825.1599731445312,38.849998474121094,40.20000076293945
2009-04-09,856.5599975585938,36.529998779296875,38.529998779296875
2009-04-13,858.72998046875,37.810001373291016,38.54999923706055
2009-04-14,841.5,37.66999816894531,38.689998626708984
2009-04-15,852.0599975585938,36.16999816894531,37.970001220703125
2009-04-16,865.2999877929688,35.790000915527344,36.959999084472656
2009-04-17,869.5999755859375,33.939998626708984,36.59000015258789
2009-04-20,832.3900146484375,39.18000030517578,39.40999984741211
2009-04-21,850.0800170898438,37.13999938964844,37.779998779296875
2009-04-22,843.5499877929688,38.099998474121094,38.5
2009-04-23,851.9199829101562,37.150001525878906,37.97999954223633
2009-04-24,866.22998046875,36.81999969482422,37.810001373291016
2009-04-27,857.510009765625,38.31999969482422,38.630001068115234
2009-04-28,855.1599731445312,37.95000076293945,38.400001525878906
2009-04-29,873.6400146484375,36.08000183105469,36.4900016784668
2009-04-30,872.8099975585938,36.5,36.72999954223633
2009-05-01,877.52001953125,35.29999923706055,35.84000015258789
2009-05-04,907.239990234375,34.529998779296875,34.79999923706055
2009-05-05,903.7999877929688,33.36000061035156,34.18000030517578
2009-05-06,919.530029296875,32.45000076293945,33.36000061035156
2009-05-07,907.3900146484375,33.439998626708984,34.040000915527344
2009-05-08,929.22998046875,32.04999923706055,32.81999969482422
2009-05-11,909.239990234375,32.869998931884766,33.38999938964844
2009-05-12,908.3499755859375,31.799999237060547,32.77000045776367
2009-05-13,883.9199829101562,33.650001525878906,33.83000183105469
2009-05-14,893.0700073242188,31.3700008392334,32.25
2009-05-15,882.8800048828125,33.119998931884766,33.220001220703125
2009-05-18,909.7100219726562,30.239999771118164,31.229999542236328
2009-05-19,908.1300048828125,28.799999237060547,30.420000076293945
2009-05-20,903.469970703125,29.030000686645508,30.739999771118164
2009-05-21,888.3300170898438,31.350000381469727,32.38999938964844
2009-05-22,887.0,32.630001068115234,33.040000915527344
2009-05-26,910.3300170898438,30.6200008392334,31.530000686645508
2009-05-27,893.0599975585938,32.36000061035156,32.470001220703125
2009-05-28,906.8300170898438,31.670000076293945,32.04999923706055
2009-05-29,919.1400146484375,28.920000076293945,30.43000030517578
2009-06-01,942.8699951171875,30.040000915527344,30.600000381469727
2009-06-02,944.739990234375,29.6299991607666,30.579999923706055
2009-06-03,931.760009765625,31.020000457763672,32.189998626708984
2009-06-04,942.4600219726562,30.18000030517578,31.579999923706055
2009-06-05,940.0900268554688,29.6200008392334,31.600000381469727
2009-06-08,939.1400146484375,29.770000457763672,31.770000457763672
2009-06-09,942.4299926757812,28.270000457763672,30.670000076293945
2009-06-10,939.1500244140625,28.459999084472656,30.610000610351562
2009-06-11,944.8900146484375,28.110000610351562,29.93000030517578
2009-06-12,946.2100219726562,28.149999618530273,29.5
2009-06-15,923.719970703125,30.809999465942383,31.34000015258789
2009-06-16,911.969970703125,32.68000030517578,32.790000915527344
2009-06-17,910.7100219726562,31.540000915527344,32.88999938964844
2009-06-18,918.3699951171875,30.030000686645508,31.510000228881836
2009-06-19,921.22998046875,27.989999771118164,30.639999389648438
2009-06-22,893.0399780273438,31.170000076293945,33.0099983215332
2009-06-23,895.0999755859375,30.579999923706055,32.41999816894531
2009-06-24,900.9400024414062,29.049999237060547,31.06999969482422
2009-06-25,920.260009765625,26.360000610351562,29.40999984741211
2009-06-26,918.9000244140625,25.93000030517578,29.280000686645508
2009-06-29,927.22998046875,25.350000381469727,28.200000762939453
2009-06-30,919.3200073242188,26.350000381469727,28.760000228881836
2009-07-01,923.3300170898438,26.219999313354492,28.959999084472656
2009-07-02,896.4199829101562,27.950000762939453,30.530000686645508
2009-07-06,898.719970703125,29.0,30.790000915527344
2009-07-07,881.030029296875,30.850000381469727,32.09000015258789
2009-07-08,879.5599975585938,31.299999237060547,32.41999816894531
2009-07-09,882.6799926757812,29.780000686645508,31.670000076293945
2009-07-10,879.1300048828125,29.020000457763672,31.709999084472656
2009-07-13,901.0499877929688,26.309999465942383,30.100000381469727
2009-07-14,905.8400268554688,25.020000457763672,29.579999923706055
2009-07-15,932.6799926757812,25.889999389648438,29.110000610351562
2009-07-16,940.739990234375,25.420000076293945,28.610000610351562
2009-07-17,940.3800048828125,24.34000015258789,28.649999618530273
2009-07-20,951.1300048828125,24.399999618530273,27.59000015258789
2009-07-21,954.5800170898438,23.8700008392334,27.440000534057617
2009-07-22,954.0700073242188,23.469999313354492,27.219999313354492
2009-07-23,976.2899780273438,23.43000030517578,26.959999084472656
2009-07-24,979.260009765625,23.09000015258789,26.3700008392334
2009-07-27,982.1799926757812,24.280000686645508,26.989999771118164
2009-07-28,979.6199951171875,25.010000228881836,27.959999084472656
2009-07-29,975.1500244140625,25.610000610351562,28.420000076293945
2009-07-30,986.75,25.399999618530273,28.190000534057617
2009-07-31,987.47998046875,25.920000076293945,28.399999618530273
2009-08-03,1002.6300048828125,25.559999465942383,27.709999084472656
2009-08-04,1005.6500244140625,24.889999389648438,27.219999313354492
2009-08-05,1002.719970703125,24.899999618530273,27.170000076293945
2009-08-06,997.0800170898438,25.670000076293945,27.979999542236328
2009-08-07,1010.47998046875,24.760000228881836,27.110000610351562
2009-08-10,1007.0999755859375,24.989999771118164,27.059999465942383
2009-08-11,994.3499755859375,25.989999771118164,28.100000381469727
2009-08-12,1005.8099975585938,25.450000762939453,27.739999771118164
2009-08-13,1012.72998046875,24.709999084472656,27.280000686645508
2009-08-14,1004.0900268554688,24.270000457763672,27.110000610351562
2009-08-17,979.72998046875,27.889999389648438,29.93000030517578
2009-08-18,989.6699829101562,26.18000030517578,28.899999618530273
2009-08-19,996.4600219726562,26.260000228881836,28.479999542236328
2009-08-20,1007.3699951171875,25.09000015258789,28.290000915527344
2009-08-21,1026.1300048828125,25.010000228881836,27.770000457763672
2009-08-24,1025.5699462890625,25.139999389648438,28.15999984741211
2009-08-25,1028.0,24.920000076293945,28.15999984741211
2009-08-26,1028.1199951171875,24.950000762939453,28.360000610351562
2009-08-27,1030.97998046875,24.68000030517578,28.40999984741211
2009-08-28,1028.9300537109375,24.760000228881836,28.5
2009-08-31,1020.6199951171875,26.010000228881836,29.170000076293945
2009-09-01,998.0399780273438,29.149999618530273,30.8799991607666
2009-09-02,994.75,28.899999618530273,31.040000915527344
2009-09-03,1003.239990234375,27.100000381469727,29.600000381469727
2009-09-04,1016.4000244140625,25.260000228881836,28.479999542236328
2009-09-08,1025.3900146484375,25.6200008392334,28.209999084472656
2009-09-09,1033.3699951171875,24.31999969482422,27.290000915527344
2009-09-10,1044.1400146484375,23.549999237060547,26.510000228881836
2009-09-11,1042.72998046875,24.149999618530273,26.559999465942383
2009-09-14,1049.3399658203125,23.860000610351562,26.40999984741211
2009-09-15,1052.6300048828125,23.420000076293945,26.329999923706055
2009-09-16,1068.760009765625,23.690000534057617,25.8700008392334
2009-09-17,1065.489990234375,23.649999618530273,25.940000534057617
2009-09-18,1068.300048828125,23.920000076293945,26.540000915527344
2009-09-21,1064.6600341796875,24.059999465942383,26.229999542236328
2009-09-22,1071.6600341796875,23.079999923706055,25.690000534057617
2009-09-23,1060.8699951171875,23.489999771118164,26.09000015258789
2009-09-24,1050.780029296875,24.950000762939453,27.1299991607666
2009-09-25,1044.3800048828125,25.610000610351562,27.209999084472656
2009-09-28,1062.97998046875,24.8799991607666,26.270000457763672
2009-09-29,1060.6099853515625,25.190000534057617,26.479999542236328
2009-09-30,1057.0799560546875,25.610000610351562,26.65999984741211
2009-10-01,1029.8499755859375,28.270000457763672,28.329999923706055
2009-10-02,1025.2099609375,28.68000030517578,28.799999237060547
2009-10-05,1040.4599609375,26.84000015258789,27.610000610351562
2009-10-06,1054.719970703125,25.700000762939453,26.729999542236328
2009-10-07,1057.5799560546875,24.68000030517578,26.1200008392334
2009-10-08,1065.47998046875,24.18000030517578,25.739999771118164
2009-10-09,1071.489990234375,23.1200008392334,25.079999923706055
2009-10-12,1076.18994140625,23.010000228881836,25.170000076293945
2009-10-13,1073.18994140625,22.989999771118164,25.09000015258789
2009-10-14,1092.02001953125,22.860000610351562,24.579999923706055
2009-10-15,1096.56005859375,21.719999313354492,24.219999313354492
2009-10-16,1087.6800537109375,21.43000030517578,24.399999618530273
2009-10-19,1097.9100341796875,21.489999771118164,24.149999618530273
2009-10-20,1091.06005859375,20.899999618530273,23.719999313354492
2009-10-21,1081.4000244140625,22.219999313354492,24.549999237060547
2009-10-22,1092.9100341796875,20.690000534057617,23.350000381469727
2009-10-23,1079.5999755859375,22.270000457763672,24.309999465942383
2009-10-26,1066.949951171875,24.309999465942383,25.3700008392334
2009-10-27,1063.4100341796875,24.829999923706055,25.459999084472656
2009-10-28,1042.6300048828125,27.90999984741211,27.420000076293945
2009-10-29,1066.1099853515625,24.760000228881836,25.65999984741211
2009-10-30,1036.18994140625,30.690000534057617,29.06999969482422
2009-11-02,1042.8800048828125,29.780000686645508,28.81999969482422
2009-11-03,1045.4100341796875,28.809999465942383,28.8700008392334
2009-11-04,1046.5,27.719999313354492,28.18000030517578
2009-11-05,1066.6300048828125,25.43000030517578,26.610000610351562
2009-11-06,1069.300048828125,24.190000534057617,25.8799991607666
2009-11-09,1093.0799560546875,23.149999618530273,24.40999984741211
2009-11-10,1093.010009765625,22.84000015258789,24.709999084472656
2009-11-11,1098.510009765625,23.040000915527344,24.969999313354492
2009-11-12,1087.239990234375,24.239999771118164,26.06999969482422
2009-11-13,1093.47998046875,23.360000610351562,25.600000381469727
2009-11-16,1109.300048828125,22.889999389648438,25.149999618530273
2009-11-17,1110.3199462890625,22.40999984741211,25.040000915527344
2009-11-18,1109.800048828125,21.6299991607666,24.719999313354492
2009-11-19,1094.9000244140625,22.6299991607666,25.110000610351562
2009-11-20,1091.3800048828125,22.190000534057617,24.65999984741211
2009-11-23,1106.239990234375,21.15999984741211,24.110000610351562
2009-11-24,1105.6500244140625,20.469999313354492,23.739999771118164
2009-11-25,1110.6300048828125,20.479999542236328,23.65999984741211
2009-11-27,1091.489990234375,24.739999771118164,26.149999618530273
2009-11-30,1095.6300048828125,24.510000228881836,26.239999771118164
2009-12-01,1108.8599853515625,21.920000076293945,24.940000534057617
2009-12-02,1109.239990234375,21.1200008392334,24.799999237060547
2009-12-03,1099.9200439453125,22.459999084472656,25.510000228881836
2009-12-04,1105.97998046875,21.25,24.760000228881836
2009-12-07,1103.25,22.100000381469727,25.299999237060547
2009-12-08,1091.93994140625,23.690000534057617,26.1299991607666
2009-12-09,1095.949951171875,22.65999984741211,25.799999237060547
2009-12-10,1102.3499755859375,22.31999969482422,25.34000015258789
2009-12-11,1106.4100341796875,21.59000015258789,25.1200008392334
2009-12-14,1114.1099853515625,21.149999618530273,24.559999465942383
2009-12-15,1107.9300537109375,21.489999771118164,24.729999542236328
2009-12-16,1109.1800537109375,20.540000915527344,24.25
2009-12-17,1096.0799560546875,22.510000228881836,24.780000686645508
2009-12-18,1102.469970703125,21.68000030517578,24.520000457763672
2009-12-21,1114.050048828125,20.489999771118164,23.530000686645508
2009-12-22,1118.02001953125,19.540000915527344,22.760000228881836
2009-12-23,1120.5899658203125,19.709999084472656,22.68000030517578
2009-12-24,1126.47998046875,19.469999313354492,22.43000030517578
2009-12-28,1127.780029296875,19.93000030517578,22.489999771118164
2009-12-29,1126.199951171875,20.010000228881836,22.6299991607666
2009-12-30,1126.4200439453125,19.959999084472656,22.65999984741211
2009-12-31,1115.0999755859375,21.68000030517578,23.889999389648438
2010-01-04,1132.989990234375,20.040000915527344,22.770000457763672
2010-01-05,1136.52001953125,19.350000381469727,22.389999389648438
2010-01-06,1137.1400146484375,19.15999984741211,21.799999237060547
2010-01-07,1141.68994140625,19.059999465942383,21.600000381469727
2010-01-08,1144.97998046875,18.1299991607666,21.0
2010-01-11,1146.97998046875,17.549999237060547,21.270000457763672
2010-01-12,1136.219970703125,18.25,21.790000915527344
2010-01-13,1145.6800537109375,17.850000381469727,21.290000915527344
2010-01-14,1148.4599609375,17.6299991607666,20.709999084472656
2010-01-15,1136.030029296875,17.90999984741211,21.479999542236328
2010-01-19,1150.22998046875,17.579999923706055,20.889999389648438
2010-01-20,1138.0400390625,18.68000030517578,21.399999618530273
2010-01-21,1116.47998046875,22.270000457763672,23.149999618530273
2010-01-22,1091.760009765625,27.309999465942383,26.290000915527344
2010-01-25,1096.780029296875,25.40999984741211,25.190000534057617
2010-01-26,1092.1700439453125,24.549999237060547,25.170000076293945
2010-01-27,1097.5,23.139999389648438,24.1299991607666
2010-01-28,1084.530029296875,23.729999542236328,24.670000076293945
2010-01-29,1073.8699951171875,24.6200008392334,25.3799991607666
2010-02-01,1089.18994140625,22.59000015258789,23.639999389648438
2010-02-02,1103.3199462890625,21.479999542236328,22.93000030517578
2010-02-03,1097.280029296875,21.600000381469727,23.0
2010-02-04,1063.1099853515625,26.079999923706055,25.979999542236328
2010-02-05,1066.18994140625,26.110000610351562,26.0
2010-02-08,1056.739990234375,26.510000228881836,26.43000030517578
2010-02-09,1070.52001953125,26.0,26.040000915527344
2010-02-10,1068.1300048828125,25.399999618530273,25.8700008392334
2010-02-11,1078.469970703125,23.959999084472656,24.56999969482422
2010-02-12,1075.510009765625,22.729999542236328,24.459999084472656
2010-02-16,1094.8699951171875,22.25,23.56999969482422
2010-02-17,1099.510009765625,21.719999313354492,23.290000915527344
2010-02-18,1106.75,20.6299991607666,22.780000686645508
2010-02-19,1109.1700439453125,20.020000457763672,22.309999465942383
2010-02-22,1108.010009765625,19.940000534057617,21.729999542236328
2010-02-23,1094.5999755859375,21.3700008392334,22.6200008392334
2010-02-24,1105.239990234375,20.270000457763672,22.079999923706055
2010-02-25,1102.93994140625,20.100000381469727,22.06999969482422
2010-02-26,1104.489990234375,19.5,21.649999618530273
2010-03-01,1115.7099609375,19.260000228881836,21.440000534057617
2010-03-02,1118.31005859375,19.059999465942383,21.18000030517578
2010-03-03,1118.7900390625,18.829999923706055,20.969999313354492
2010-03-04,1122.969970703125,18.719999313354492,21.030000686645508
2010-03-05,1138.699951171875,17.420000076293945,20.229999542236328
2010-03-08,1138.5,17.790000915527344,20.260000228881836
2010-03-09,1140.449951171875,17.920000076293945,20.15999984741211
2010-03-10,1145.6099853515625,18.56999969482422,20.510000228881836
2010-03-11,1150.239990234375,18.059999465942383,20.700000762939453
2010-03-12,1149.989990234375,17.579999923706055,20.270000457763672
2010-03-15,1150.510009765625,18.0,20.719999313354492
2010-03-16,1159.4599609375,17.690000534057617,20.15999984741211
2010-03-17,1166.2099609375,16.90999984741211,19.719999313354492
2010-03-18,1165.8299560546875,16.6200008392334,19.479999542236328
2010-03-19,1159.9000244140625,16.969999313354492,19.950000762939453
2010-03-22,1165.81005859375,16.8700008392334,20.110000610351562
2010-03-23,1174.1700439453125,16.350000381469727,19.68000030517578
2010-03-24,1167.719970703125,17.549999237060547,20.079999923706055
2010-03-25,1165.72998046875,18.399999618530273,20.579999923706055
2010-03-26,1166.5899658203125,17.770000457763672,20.059999465942383
2010-03-29,1173.219970703125,17.59000015258789,19.850000381469727
2010-03-30,1173.27001953125,17.1299991607666,19.540000915527344
2010-03-31,1169.4300537109375,17.59000015258789,19.920000076293945
2010-04-01,1178.0999755859375,17.469999313354492,19.899999618530273
2010-04-05,1187.43994140625,17.020000457763672,19.350000381469727
2010-04-06,1189.43994140625,16.229999542236328,18.84000015258789
2010-04-07,1182.449951171875,16.6200008392334,19.190000534057617
2010-04-08,1186.43994140625,16.479999542236328,19.079999923706055
2010-04-09,1194.3699951171875,16.139999389648438,18.6200008392334
2010-04-12,1196.47998046875,15.579999923706055,18.959999084472656
2010-04-13,1197.300048828125,16.200000762939453,18.989999771118164
2010-04-14,1210.6500244140625,15.59000015258789,18.770000457763672
2010-04-15,1211.6700439453125,15.890000343322754,18.899999618530273
2010-04-16,1192.1300048828125,18.360000610351562,20.229999542236328
2010-04-19,1197.52001953125,17.34000015258789,19.790000915527344
2010-04-20,1207.1700439453125,15.729999542236328,18.989999771118164
2010-04-21,1205.93994140625,16.31999969482422,19.299999237060547
2010-04-22,1208.6700439453125,16.469999313354492,19.59000015258789
2010-04-23,1217.280029296875,16.6200008392334,19.389999389648438
2010-04-26,1212.050048828125,17.469999313354492,19.860000610351562
2010-04-27,1183.7099609375,22.809999465942383,22.719999313354492
2010-04-28,1191.3599853515625,21.079999923706055,22.309999465942383
2010-04-29,1206.780029296875,18.440000534057617,20.959999084472656
2010-04-30,1186.68994140625,22.049999237060547,23.670000076293945
2010-05-03,1202.260009765625,20.190000534057617,22.579999923706055
2010-05-04,1173.5999755859375,23.84000015258789,25.06999969482422
2010-05-05,1165.8699951171875,24.90999984741211,26.3700008392334
2010-05-06,1128.1500244140625,32.79999923706055,26.3700008392334
2010-05-07,1110.8800048828125,40.95000076293945,36.619998931884766
2010-05-10,1159.72998046875,28.84000015258789,28.979999542236328
2010-05-11,1155.7900390625,28.31999969482422,28.8700008392334
2010-05-12,1171.6700439453125,25.520000457763672,26.649999618530273
2010-05-13,1157.43994140625,26.68000030517578,27.610000610351562
2010-05-14,1135.6800537109375,31.239999771118164,30.799999237060547
2010-05-17,1136.93994140625,30.84000015258789,30.510000228881836
2010-05-18,1120.800048828125,33.54999923706055,32.810001373291016
2010-05-19,1115.050048828125,35.31999969482422,34.18000030517578
2010-05-20,1071.5899658203125,45.790000915527344,40.83000183105469
2010-05-21,1087.68994140625,40.099998474121094,37.400001525878906
2010-05-24,1073.6500244140625,38.31999969482422,36.90999984741211
2010-05-25,1074.030029296875,34.61000061035156,34.900001525878906
2010-05-26,1067.949951171875,35.02000045776367,33.95000076293945
2010-05-27,1103.06005859375,29.68000030517578,30.639999389648438
2010-05-28,1089.4100341796875,32.06999969482422,32.0
2010-06-01,1070.7099609375,35.540000915527344,34.02000045776367
2010-06-02,1098.3800048828125,30.170000076293945,30.59000015258789
2010-06-03,1102.8299560546875,29.459999084472656,30.239999771118164
2010-06-04,1064.8800048828125,35.47999954223633,34.369998931884766
2010-06-07,1050.469970703125,36.56999969482422,35.29999923706055
2010-06-08,1062.0,33.70000076293945,33.650001525878906
2010-06-09,1055.68994140625,33.72999954223633,33.79999923706055
2010-06-10,1086.8399658203125,30.56999969482422,31.469999313354492
2010-06-11,1091.5999755859375,28.790000915527344,30.950000762939453
2010-06-14,1089.6300048828125,28.579999923706055,30.68000030517578
2010-06-15,1115.22998046875,25.8700008392334,28.450000762939453
2010-06-16,1114.6099853515625,25.920000076293945,28.780000686645508
2010-06-17,1116.0400390625,25.049999237060547,28.209999084472656
2010-06-18,1117.510009765625,23.950000762939453,27.959999084472656
2010-06-21,1113.199951171875,24.8799991607666,27.540000915527344
2010-06-22,1095.31005859375,27.049999237060547,29.09000015258789
2010-06-23,1092.0400390625,26.90999984741211,29.260000228881836
2010-06-24,1073.68994140625,29.739999771118164,31.360000610351562
2010-06-25,1076.760009765625,28.530000686645508,30.700000762939453
2010-06-28,1074.5699462890625,29.0,30.959999084472656
2010-06-29,1041.239990234375,34.130001068115234,34.380001068115234
2010-06-30,1030.7099609375,34.540000915527344,35.22999954223633
2010-07-01,1027.3699951171875,32.86000061035156,34.4900016784668
2010-07-02,1022.5800170898438,30.1200008392334,33.290000915527344
2010-07-06,1028.06005859375,29.649999618530273,32.0099983215332
2010-07-07,1060.27001953125,26.84000015258789,29.719999313354492
2010-07-08,1070.25,25.709999084472656,28.829999923706055
2010-07-09,1077.9599609375,24.979999542236328,28.170000076293945
2010-07-12,1078.75,24.43000030517578,28.389999389648438
2010-07-13,1095.3399658203125,24.559999465942383,28.31999969482422
2010-07-14,1095.1700439453125,24.889999389648438,28.829999923706055
2010-07-15,1096.47998046875,25.139999389648438,29.229999542236328
2010-07-16,1064.8800048828125,26.25,30.600000381469727
2010-07-19,1071.25,25.969999313354492,30.079999923706055
2010-07-20,1083.47998046875,23.93000030517578,28.219999313354492
2010-07-21,1069.5899658203125,25.639999389648438,29.079999923706055
2010-07-22,1093.6700439453125,24.6299991607666,27.899999618530273
2010-07-23,1102.6600341796875,23.469999313354492,26.989999771118164
2010-07-26,1115.010009765625,22.729999542236328,26.440000534057617
2010-07-27,1113.8399658203125,23.190000534057617,26.3700008392334
2010-07-28,1106.1300048828125,24.25,26.709999084472656
2010-07-29,1101.530029296875,24.1299991607666,27.1200008392334
2010-07-30,1101.5999755859375,23.5,27.139999389648438
2010-08-02,1125.8599853515625,22.010000228881836,25.399999618530273
2010-08-03,1120.4599609375,22.6299991607666,26.010000228881836
2010-08-04,1127.239990234375,22.209999084472656,25.959999084472656
2010-08-05,1125.81005859375,22.100000381469727,26.15999984741211
2010-08-06,1121.6400146484375,21.739999771118164,26.1200008392334
2010-08-09,1127.7900390625,22.139999389648438,26.030000686645508
2010-08-10,1121.06005859375,22.3700008392334,26.309999465942383
2010-08-11,1089.469970703125,25.389999389648438,28.690000534057617
2010-08-12,1083.6099853515625,25.729999542236328,29.25
2010-08-13,1079.25,26.239999771118164,29.969999313354492
2010-08-16,1079.3800048828125,26.100000381469727,29.799999237060547
2010-08-17,1092.5400390625,24.329999923706055,28.56999969482422
2010-08-18,1094.1600341796875,24.59000015258789,28.579999923706055
2010-08-19,1075.6300048828125,26.440000534057617,29.6299991607666
2010-08-20,1071.68994140625,25.489999771118164,29.540000915527344
2010-08-23,1067.3599853515625,25.65999984741211,29.290000915527344
2010-08-24,1051.8699951171875,27.459999084472656,30.309999465942383
2010-08-25,1055.3299560546875,26.700000762939453,29.850000381469727
2010-08-26,1047.219970703125,27.3700008392334,30.3700008392334
2010-08-27,1064.5899658203125,24.450000762939453,28.399999618530273
2010-08-30,1048.9200439453125,27.209999084472656,30.010000228881836
2010-08-31,1049.3299560546875,26.049999237060547,29.040000915527344
2010-09-01,1080.2900390625,23.889999389648438,27.290000915527344
2010-09-02,1090.0999755859375,23.190000534057617,26.6200008392334
2010-09-03,1104.510009765625,21.309999465942383,25.309999465942383
2010-09-07,1091.8399658203125,23.799999237060547,26.770000457763672
2010-09-08,1098.8699951171875,23.25,26.299999237060547
2010-09-09,1104.1800537109375,22.809999465942383,26.100000381469727
2010-09-10,1109.550048828125,21.989999771118164,25.59000015258789
2010-09-13,1121.9000244140625,21.209999084472656,24.75
2010-09-14,1121.0999755859375,21.559999465942383,24.739999771118164
2010-09-15,1125.0699462890625,22.100000381469727,24.93000030517578
2010-09-16,1124.6600341796875,21.719999313354492,24.959999084472656
2010-09-17,1125.5899658203125,22.010000228881836,25.1200008392334
2010-09-20,1142.7099609375,21.5,24.59000015258789
2010-09-21,1139.780029296875,22.350000381469727,24.940000534057617
2010-09-22,1134.280029296875,22.510000228881836,25.15999984741211
2010-09-23,1124.8299560546875,23.8700008392334,26.15999984741211
2010-09-24,1148.6700439453125,21.709999084472656,24.75
2010-09-27,1142.1600341796875,22.540000915527344,25.200000762939453
2010-09-28,1147.699951171875,22.600000381469727,25.34000015258789
2010-09-29,1144.72998046875,23.25,25.90999984741211
2010-09-30,1141.199951171875,23.700000762939453,26.399999618530273
2010-10-01,1146.239990234375,22.5,25.700000762939453
2010-10-04,1137.030029296875,23.530000686645508,26.31999969482422
2010-10-05,1160.75,21.760000228881836,25.079999923706055
2010-10-06,1159.969970703125,21.489999771118164,24.90999984741211
2010-10-07,1158.06005859375,21.559999465942383,24.889999389648438
2010-10-08,1165.1500244140625,20.709999084472656,24.059999465942383
2010-10-11,1165.3199462890625,18.959999084472656,23.979999542236328
2010-10-12,1169.77001953125,18.93000030517578,23.3700008392334
2010-10-13,1178.0999755859375,19.06999969482422,22.979999542236328
2010-10-14,1173.81005859375,19.8799991607666,23.559999465942383
2010-10-15,1176.18994140625,19.030000686645508,23.200000762939453
2010-10-18,1184.7099609375,19.09000015258789,22.799999237060547
2010-10-19,1165.9000244140625,20.6299991607666,23.59000015258789
2010-10-20,1178.1700439453125,19.790000915527344,22.65999984741211
2010-10-21,1180.260009765625,19.270000457763672,22.219999313354492
2010-10-22,1183.0799560546875,18.780000686645508,21.649999618530273
2010-10-25,1185.6199951171875,19.850000381469727,21.90999984741211
2010-10-26,1185.6400146484375,20.219999313354492,22.200000762939453
2010-10-27,1182.449951171875,20.709999084472656,22.600000381469727
2010-10-28,1183.780029296875,20.8799991607666,22.809999465942383
2010-10-29,1183.260009765625,21.200000762939453,22.950000762939453
2010-11-01,1184.3800048828125,21.829999923706055,23.290000915527344
2010-11-02,1193.5699462890625,21.56999969482422,23.020000457763672
2010-11-03,1197.9599609375,19.559999465942383,21.649999618530273
2010-11-04,1221.06005859375,18.520000457763672,20.56999969482422
2010-11-05,1225.8499755859375,18.260000228881836,20.65999984741211
2010-11-08,1223.25,18.290000915527344,20.729999542236328
2010-11-09,1213.4000244140625,19.079999923706055,21.530000686645508
2010-11-10,1218.7099609375,18.469999313354492,21.280000686645508
2010-11-11,1213.5400390625,18.639999389648438,21.469999313354492
2010-11-12,1199.2099609375,20.610000610351562,22.93000030517578
2010-11-15,1197.75,20.200000762939453,22.809999465942383
2010-11-16,1178.3399658203125,22.579999923706055,24.079999923706055
2010-11-17,1178.5899658203125,21.760000228881836,23.829999923706055
2010-11-18,1196.68994140625,18.75,22.43000030517578
2010-11-19,1199.72998046875,18.040000915527344,21.399999618530273
2010-11-22,1197.8399658203125,18.3700008392334,21.329999923706055
2010-11-23,1180.72998046875,20.6299991607666,22.59000015258789
2010-11-24,1198.3499755859375,19.559999465942383,21.809999465942383
2010-11-26,1189.4000244140625,22.219999313354492,21.809999465942383
2010-11-29,1187.760009765625,21.530000686645508,23.350000381469727
2010-11-30,1180.550048828125,23.540000915527344,25.190000534057617
2010-12-01,1206.0699462890625,21.360000610351562,23.989999771118164
2010-12-02,1221.530029296875,19.389999389648438,21.989999771118164
2010-12-03,1224.7099609375,18.010000228881836,21.0
2010-12-06,1223.1199951171875,18.020000457763672,21.040000915527344
2010-12-07,1223.75,17.989999771118164,20.969999313354492
2010-12-08,1228.280029296875,17.739999771118164,20.3799991607666
2010-12-09,1233.0,17.25,19.979999542236328
2010-12-10,1240.4000244140625,17.610000610351562,19.84000015258789
2010-12-13,1240.4599609375,17.549999237060547,20.459999084472656
2010-12-14,1241.5899658203125,17.610000610351562,20.389999389648438
2010-12-15,1235.22998046875,17.940000534057617,20.739999771118164
2010-12-16,1242.8699951171875,17.389999389648438,20.81999969482422
2010-12-17,1243.9100341796875,16.110000610351562,20.290000915527344
2010-12-20,1247.0799560546875,16.40999984741211,20.100000381469727
2010-12-21,1254.5999755859375,16.489999771118164,19.90999984741211
2010-12-22,1258.8399658203125,15.449999809265137,19.56999969482422
2010-12-23,1256.77001953125,16.469999313354492,20.440000534057617
2010-12-27,1257.5400390625,17.670000076293945,21.040000915527344
2010-12-28,1258.510009765625,17.520000457763672,21.18000030517578
2010-12-29,1259.780029296875,17.280000686645508,20.84000015258789
2010-12-30,1257.8800048828125,17.520000457763672,21.010000228881836
2010-12-31,1257.6400146484375,17.75,20.899999618530273
2011-01-03,1271.8699951171875,17.610000610351562,20.6200008392334
2011-01-04,1270.199951171875,17.3799991607666,20.610000610351562
2011-01-05,1276.56005859375,17.020000457763672,20.049999237060547
2011-01-06,1273.8499755859375,17.399999618530273,20.350000381469727
2011-01-07,1271.5,17.139999389648438,20.290000915527344
2011-01-10,1269.75,17.540000915527344,20.479999542236328
2011-01-11,1274.47998046875,16.889999389648438,20.139999389648438
2011-01-12,1285.9599609375,16.239999771118164,19.229999542236328
2011-01-13,1283.760009765625,16.389999389648438,19.200000762939453
2011-01-14,1293.239990234375,15.460000038146973,18.3700008392334
2011-01-18,1295.02001953125,15.869999885559082,18.3799991607666
2011-01-19,1281.9200439453125,17.309999465942383,19.639999389648438
2011-01-20,1280.260009765625,17.989999771118164,19.899999618530273
2011-01-21,1283.3499755859375,18.469999313354492,19.969999313354492
2011-01-24,1290.8399658203125,17.649999618530273,19.579999923706055
2011-01-25,1291.1800537109375,17.59000015258789,19.34000015258789
2011-01-26,1296.6300048828125,16.639999389648438,18.81999969482422
2011-01-27,1299.5400390625,16.149999618530273,18.479999542236328
2011-01-28,1276.3399658203125,20.040000915527344,20.59000015258789
2011-01-31,1286.1199951171875,19.530000686645508,20.149999618530273
2011-02-01,1307.5899658203125,17.6299991607666,18.969999313354492
2011-02-02,1304.030029296875,17.299999237060547,19.09000015258789
2011-02-03,1307.0999755859375,16.690000534057617,18.920000076293945
2011-02-04,1310.8699951171875,15.930000305175781,18.329999923706055
2011-02-07,1319.050048828125,16.280000686645508,18.260000228881836
2011-02-08,1324.5699462890625,15.8100004196167,17.850000381469727
2011-02-09,1320.8800048828125,15.869999885559082,17.860000610351562
2011-02-10,1321.8699951171875,16.09000015258789,18.100000381469727
2011-02-11,1329.1500244140625,15.6899995803833,17.860000610351562
2011-02-14,1332.3199462890625,15.949999809265137,17.940000534057617
2011-02-15,1328.010009765625,16.3700008392334,18.270000457763672
2011-02-16,1336.3199462890625,16.719999313354492,18.31999969482422
2011-02-17,1340.4300537109375,16.59000015258789,18.6299991607666
2011-02-18,1343.010009765625,16.43000030517578,18.899999618530273
2011-02-22,1315.43994140625,20.799999237060547,21.31999969482422
2011-02-23,1307.4000244140625,22.1299991607666,22.469999313354492
2011-02-24,1306.0999755859375,21.31999969482422,22.260000228881836
2011-02-25,1319.8800048828125,19.219999313354492,20.56999969482422
2011-02-28,1327.219970703125,18.350000381469727,20.0
2011-03-01,1306.3299560546875,21.010000228881836,21.899999618530273
2011-03-02,1308.43994140625,20.700000762939453,21.68000030517578
2011-03-03,1330.969970703125,18.600000381469727,20.440000534057617
2011-03-04,1321.1500244140625,19.059999465942383,20.799999237060547
2011-03-07,1310.1300048828125,20.65999984741211,21.850000381469727
2011-03-08,1321.8199462890625,19.81999969482422,21.450000762939453
2011-03-09,1320.02001953125,20.219999313354492,21.81999969482422
2011-03-10,1295.1099853515625,21.8799991607666,22.760000228881836
2011-03-11,1304.280029296875,20.079999923706055,21.8700008392334
2011-03-14,1296.3900146484375,21.1299991607666,22.489999771118164
2011-03-15,1281.8699951171875,24.31999969482422,24.030000686645508
2011-03-16,1256.8800048828125,29.399999618530273,26.90999984741211
2011-03-17,1273.719970703125,26.3700008392334,25.440000534057617
2011-03-18,1279.2099609375,24.440000534057617,24.34000015258789
2011-03-21,1298.3800048828125,20.610000610351562,21.950000762939453
2011-03-22,1293.77001953125,20.209999084472656,21.700000762939453
2011-03-23,1297.5400390625,19.170000076293945,20.93000030517578
2011-03-24,1309.6600341796875,18.0,20.079999923706055
2011-03-25,1313.800048828125,17.90999984741211,20.030000686645508
2011-03-28,1310.18994140625,19.440000534057617,20.860000610351562
2011-03-29,1319.43994140625,18.15999984741211,19.969999313354492
2011-03-30,1328.260009765625,17.709999084472656,19.75
2011-03-31,1325.8299560546875,17.739999771118164,19.84000015258789
2011-04-01,1332.4100341796875,17.399999618530273,19.59000015258789
2011-04-04,1332.8699951171875,17.5,19.389999389648438
2011-04-05,1332.6300048828125,17.25,19.399999618530273
2011-04-06,1335.5400390625,16.899999618530273,19.3799991607666
2011-04-07,1333.510009765625,17.110000610351562,19.5
2011-04-08,1328.1700439453125,17.8700008392334,20.049999237060547
2011-04-11,1324.4599609375,16.59000015258789,20.010000228881836
2011-04-12,1314.1600341796875,17.09000015258789,20.329999923706055
2011-04-13,1314.4100341796875,16.920000076293945,19.989999771118164
2011-04-14,1314.52001953125,16.270000457763672,19.959999084472656
2011-04-15,1319.6800537109375,15.319999694824219,19.170000076293945
2011-04-18,1305.1400146484375,16.959999084472656,19.920000076293945
2011-04-19,1312.6199951171875,15.829999923706055,19.18000030517578
2011-04-20,1330.3599853515625,15.069999694824219,18.479999542236328
2011-04-21,1337.3800048828125,14.6899995803833,18.350000381469727
2011-04-25,1335.25,15.770000457763672,18.549999237060547
2011-04-26,1347.239990234375,15.619999885559082,18.270000457763672
2011-04-27,1355.6600341796875,15.350000381469727,17.899999618530273
2011-04-28,1360.47998046875,14.619999885559082,17.520000457763672
2011-04-29,1363.6099853515625,14.75,17.5
2011-05-02,1361.219970703125,15.989999771118164,18.389999389648438
2011-05-03,1356.6199951171875,16.700000762939453,19.110000610351562
2011-05-04,1347.3199462890625,17.079999923706055,19.440000534057617
2011-05-05,1335.0999755859375,18.200000762939453,19.84000015258789
2011-05-06,1340.199951171875,18.399999618530273,19.90999984741211
2011-05-09,1346.2900390625,17.15999984741211,19.200000762939453
2011-05-10,1357.1600341796875,15.90999984741211,18.3700008392334
2011-05-11,1342.0799560546875,16.950000762939453,19.049999237060547
2011-05-12,1348.6500244140625,16.030000686645508,18.440000534057617
2011-05-13,1337.77001953125,17.06999969482422,19.06999969482422
2011-05-16,1329.469970703125,18.239999771118164,19.8700008392334
2011-05-17,1328.97998046875,17.549999237060547,19.450000762939453
2011-05-18,1340.6800537109375,16.229999542236328,18.530000686645508
2011-05-19,1343.5999755859375,15.520000457763672,18.170000076293945
2011-05-20,1333.27001953125,17.43000030517578,19.049999237060547
2011-05-23,1317.3699951171875,18.270000457763672,19.790000915527344
2011-05-24,1316.280029296875,17.81999969482422,19.170000076293945
2011-05-25,1320.469970703125,17.06999969482422,18.8700008392334
2011-05-26,1325.68994140625,16.09000015258789,18.190000534057617
2011-05-27,1331.0999755859375,15.979999542236328,18.1299991607666
2011-05-31,1345.199951171875,15.449999809265137,17.559999465942383
2011-06-01,1314.550048828125,18.299999237060547,19.360000610351562
2011-06-02,1312.93994140625,18.09000015258789,19.31999969482422
2011-06-03,1300.1600341796875,17.950000762939453,19.469999313354492
2011-06-06,1286.1700439453125,18.489999771118164,19.959999084472656
2011-06-07,1284.93994140625,18.06999969482422,19.5
2011-06-08,1279.56005859375,18.790000915527344,19.950000762939453
2011-06-09,1289.0,17.770000457763672,19.260000228881836
2011-06-10,1270.97998046875,18.860000610351562,20.110000610351562
2011-06-13,1271.8299560546875,19.610000610351562,20.440000534057617
2011-06-14,1287.8699951171875,18.260000228881836,19.43000030517578
2011-06-15,1265.4200439453125,21.31999969482422,21.3799991607666
2011-06-16,1267.6400146484375,22.729999542236328,22.610000610351562
2011-06-17,1271.5,21.850000381469727,22.440000534057617
2011-06-20,1278.3599853515625,19.989999771118164,21.219999313354492
2011-06-21,1295.52001953125,18.860000610351562,20.5
2011-06-22,1287.1400146484375,18.520000457763672,20.719999313354492
2011-06-23,1283.5,19.290000915527344,20.93000030517578
2011-06-24,1268.449951171875,21.100000381469727,21.920000076293945
2011-06-27,1280.0999755859375,20.559999465942383,21.5
2011-06-28,1296.6700439453125,19.170000076293945,20.520000457763672
2011-06-29,1307.4100341796875,17.270000457763672,19.420000076293945
2011-06-30,1320.6400146484375,16.520000457763672,18.90999984741211
2011-07-01,1339.6700439453125,15.869999885559082,17.93000030517578
2011-07-05,1337.8800048828125,16.059999465942383,18.110000610351562
2011-07-06,1339.219970703125,16.34000015258789,18.40999984741211
2011-07-07,1353.219970703125,15.949999809265137,17.770000457763672
2011-07-08,1343.800048828125,15.949999809265137,17.959999084472656
2011-07-11,1319.489990234375,18.389999389648438,19.979999542236328
2011-07-12,1313.6400146484375,19.8700008392334,20.93000030517578
2011-07-13,1317.719970703125,19.90999984741211,20.850000381469727
2011-07-14,1308.8699951171875,20.799999237060547,21.59000015258789
2011-07-15,1316.1400146484375,19.530000686645508,20.940000534057617
2011-07-18,1305.43994140625,20.950000762939453,21.84000015258789
2011-07-19,1326.72998046875,19.209999084472656,20.5
2011-07-20,1325.8399658203125,19.09000015258789,20.3700008392334
2011-07-21,1343.800048828125,17.559999465942383,19.200000762939453
2011-07-22,1345.02001953125,17.520000457763672,19.200000762939453
2011-07-25,1337.4300537109375,19.350000381469727,20.260000228881836
2011-07-26,1331.93994140625,20.229999542236328,20.889999389648438
2011-07-27,1304.8900146484375,22.979999542236328,22.690000534057617
2011-07-28,1300.6700439453125,23.739999771118164,22.950000762939453
2011-07-29,1292.280029296875,25.25,22.90999984741211
2011-08-01,1286.93994140625,23.65999984741211,22.3799991607666
2011-08-02,1254.050048828125,24.790000915527344,23.600000381469727
2011-08-03,1260.3399658203125,23.3799991607666,23.1200008392334
2011-08-04,1200.0699462890625,31.65999984741211,28.559999465942383
2011-08-05,1199.3800048828125,32.0,29.59000015258789
2011-08-08,1119.4599609375,48.0,38.099998474121094
2011-08-09,1172.530029296875,35.060001373291016,31.06999969482422
2011-08-10,1120.760009765625,42.9900016784668,36.58000183105469
2011-08-11,1172.6400146484375,39.0,33.81999969482422
2011-08-12,1178.81005859375,36.36000061035156,32.75
2011-08-15,1204.489990234375,31.8700008392334,30.079999923706055
2011-08-16,1192.760009765625,32.849998474121094,30.440000534057617
2011-08-17,1193.8900146484375,31.579999923706055,30.030000686645508
2011-08-18,1140.6500244140625,42.66999816894531,36.599998474121094
2011-08-19,1123.530029296875,43.04999923706055,37.900001525878906
2011-08-22,1123.8199462890625,42.439998626708984,38.2599983215332
2011-08-23,1162.3499755859375,36.27000045776367,34.790000915527344
2011-08-24,1177.5999755859375,35.900001525878906,34.79999923706055
2011-08-25,1159.27001953125,39.7599983215332,36.61000061035156
2011-08-26,1176.800048828125,35.59000015258789,34.40999984741211
2011-08-29,1210.0799560546875,32.279998779296875,31.979999542236328
2011-08-30,1212.9200439453125,32.88999938964844,32.470001220703125
2011-08-31,1218.8900146484375,31.6200008392334,31.670000076293945
2011-09-01,1204.4200439453125,31.81999969482422,31.989999771118164
2011-09-02,1173.969970703125,33.91999816894531,33.790000915527344
2011-09-06,1165.239990234375,37.0,35.380001068115234
2011-09-07,1198.6199951171875,33.380001068115234,32.959999084472656
2011-09-08,1185.9000244140625,34.31999969482422,33.709999084472656
2011-09-09,1154.22998046875,38.52000045776367,36.63999938964844
2011-09-12,1162.27001953125,38.59000015258789,37.060001373291016
2011-09-13,1172.8699951171875,36.90999984741211,36.060001373291016
2011-09-14,1188.6800537109375,34.599998474121094,34.959999084472656
2011-09-15,1209.1099853515625,31.969999313354492,33.52000045776367
2011-09-16,1216.010009765625,30.979999542236328,32.95000076293945
2011-09-19,1204.0899658203125,32.72999954223633,33.810001373291016
2011-09-20,1202.0899658203125,32.86000061035156,33.619998931884766
2011-09-21,1166.760009765625,37.31999969482422,36.189998626708984
2011-09-22,1129.56005859375,41.349998474121094,39.150001525878906
2011-09-23,1136.4300537109375,41.25,39.54999923706055
2011-09-26,1162.949951171875,39.02000045776367,38.029998779296875
2011-09-27,1175.3800048828125,37.709999084472656,37.209999084472656
2011-09-28,1151.06005859375,41.08000183105469,39.52000045776367
2011-09-29,1160.4000244140625,38.84000015258789,38.18000030517578
2011-09-30,1131.4200439453125,42.959999084472656,41.2400016784668
2011-10-03,1099.22998046875,45.45000076293945,43.380001068115234
2011-10-04,1123.949951171875,40.81999969482422,40.45000076293945
2011-10-05,1144.030029296875,37.810001373291016,38.310001373291016
2011-10-06,1164.969970703125,36.27000045776367,37.040000915527344
2011-10-07,1155.4599609375,36.20000076293945,37.310001373291016
2011-10-10,1194.8900146484375,33.02000045776367,34.790000915527344
2011-10-11,1195.5400390625,32.86000061035156,34.060001373291016
2011-10-12,1207.25,31.260000228881836,32.970001220703125
2011-10-13,1203.6600341796875,30.700000762939453,32.709999084472656
2011-10-14,1224.5799560546875,28.239999771118164,30.389999389648438
2011-10-17,1200.8599853515625,33.38999938964844,33.599998474121094
2011-10-18,1225.3800048828125,31.559999465942383,31.979999542236328
2011-10-19,1209.8800048828125,34.439998626708984,34.38999938964844
2011-10-20,1215.3900146484375,34.779998779296875,34.20000076293945
2011-10-21,1238.25,31.31999969482422,31.969999313354492
2011-10-24,1254.18994140625,29.260000228881836,30.469999313354492
2011-10-25,1229.050048828125,32.220001220703125,32.36000061035156
2011-10-26,1242.0,29.860000610351562,30.940000534057617
2011-10-27,1284.5899658203125,25.459999084472656,27.030000686645508
2011-10-28,1285.0899658203125,24.530000686645508,26.520000457763672
2011-10-31,1253.300048828125,29.959999084472656,30.3700008392334
2011-11-01,1218.280029296875,34.77000045776367,34.02000045776367
2011-11-02,1237.9000244140625,32.7400016784668,32.880001068115234
2011-11-03,1261.1500244140625,30.5,31.6200008392334
2011-11-04,1253.22998046875,30.15999984741211,31.229999542236328
2011-11-07,1261.1199951171875,29.850000381469727,31.3799991607666
2011-11-08,1275.9200439453125,27.479999542236328,29.520000457763672
2011-11-09,1229.0999755859375,36.15999984741211,35.4900016784668
2011-11-10,1239.699951171875,32.810001373291016,33.75
2011-11-11,1263.8499755859375,30.040000915527344,31.600000381469727
2011-11-14,1251.780029296875,31.1299991607666,32.720001220703125
2011-11-15,1257.81005859375,31.219999313354492,32.52000045776367
2011-11-16,1236.9100341796875,33.5099983215332,34.38999938964844
2011-11-17,1216.1300048828125,34.5099983215332,35.31999969482422
2011-11-18,1215.6500244140625,32.0,34.20000076293945
2011-11-21,1192.97998046875,32.90999984741211,34.779998779296875
2011-11-22,1188.0400390625,31.969999313354492,34.2400016784668
2011-11-23,1161.7900390625,33.97999954223633,35.869998931884766
2011-11-25,1158.6700439453125,34.470001220703125,36.45000076293945
2011-11-28,1192.550048828125,32.130001068115234,33.939998626708984
2011-11-29,1195.18994140625,30.639999389648438,33.209999084472656
2011-11-30,1246.9599609375,27.799999237060547,30.579999923706055
2011-12-01,1244.5799560546875,27.40999984741211,30.030000686645508
2011-12-02,1244.280029296875,27.520000457763672,29.850000381469727
2011-12-05,1257.0799560546875,27.84000015258789,29.899999618530273
2011-12-06,1258.469970703125,28.1299991607666,30.15999984741211
2011-12-07,1261.010009765625,28.670000076293945,30.6200008392334
2011-12-08,1234.3499755859375,30.59000015258789,32.09000015258789
2011-12-09,1255.18994140625,26.3799991607666,29.530000686645508
2011-12-12,1236.469970703125,25.670000076293945,30.170000076293945
2011-12-13,1225.72998046875,25.40999984741211,30.170000076293945
2011-12-14,1211.8199462890625,26.040000915527344,30.420000076293945
2011-12-15,1215.75,25.110000610351562,29.459999084472656
2011-12-16,1219.6600341796875,24.290000915527344,29.030000686645508
2011-12-19,1205.3499755859375,24.920000076293945,28.739999771118164
2011-12-20,1241.300048828125,23.219999313354492,26.8700008392334
2011-12-21,1243.719970703125,21.43000030517578,25.559999465942383
2011-12-22,1254.0,21.15999984741211,25.280000686645508
2011-12-23,1265.3299560546875,20.729999542236328,25.219999313354492
2011-12-27,1265.4300537109375,21.90999984741211,25.540000915527344
2011-12-28,1249.6400146484375,23.520000457763672,26.75
2011-12-29,1263.02001953125,22.649999618530273,26.25
2011-12-30,1257.5999755859375,23.399999618530273,26.860000610351562
2012-01-03,1277.06005859375,22.969999313354492,26.049999237060547
2012-01-04,1277.300048828125,22.219999313354492,25.309999465942383
2012-01-05,1281.06005859375,21.479999542236328,24.700000762939453
2012-01-06,1277.81005859375,20.6299991607666,24.09000015258789
2012-01-09,1280.699951171875,21.06999969482422,24.1200008392334
2012-01-10,1292.0799560546875,20.690000534057617,23.68000030517578
2012-01-11,1292.47998046875,21.049999237060547,24.110000610351562
2012-01-12,1295.5,20.469999313354492,24.040000915527344
2012-01-13,1289.0899658203125,20.90999984741211,24.670000076293945
2012-01-17,1293.6700439453125,22.200000762939453,25.0
2012-01-18,1308.0400390625,20.889999389648438,24.18000030517578
2012-01-19,1314.5,19.8700008392334,23.649999618530273
2012-01-20,1315.3800048828125,18.280000686645508,22.81999969482422
2012-01-23,1316.0,18.670000076293945,22.31999969482422
2012-01-24,1314.6500244140625,18.90999984741211,22.030000686645508
2012-01-25,1326.06005859375,18.309999465942383,21.360000610351562
2012-01-26,1318.4300537109375,18.56999969482422,21.68000030517578
2012-01-27,1316.3299560546875,18.530000686645508,21.399999618530273
2012-01-30,1313.010009765625,19.399999618530273,21.920000076293945
2012-01-31,1312.4100341796875,19.440000534057617,22.09000015258789
2012-02-01,1324.0899658203125,18.549999237060547,21.540000915527344
2012-02-02,1325.5400390625,17.979999542236328,21.010000228881836
2012-02-03,1344.9000244140625,17.100000381469727,20.049999237060547
2012-02-06,1344.3299560546875,17.760000228881836,20.389999389648438
2012-02-07,1347.050048828125,17.649999618530273,20.139999389648438
2012-02-08,1349.9599609375,18.15999984741211,20.68000030517578
2012-02-09,1351.949951171875,18.6299991607666,21.34000015258789
2012-02-10,1342.6400146484375,20.790000915527344,23.280000686645508
2012-02-13,1351.77001953125,19.040000915527344,22.1200008392334
2012-02-14,1350.5,19.540000915527344,22.81999969482422
2012-02-15,1343.22998046875,21.139999389648438,24.1200008392334
2012-02-16,1358.0400390625,19.219999313354492,23.170000076293945
2012-02-17,1361.22998046875,17.780000686645508,22.389999389648438
2012-02-21,1362.2099609375,18.190000534057617,22.350000381469727
2012-02-22,1357.6600341796875,18.190000534057617,22.09000015258789
2012-02-23,1363.4599609375,16.799999237060547,20.780000686645508
2012-02-24,1365.739990234375,17.309999465942383,21.18000030517578
2012-02-27,1367.5899658203125,18.190000534057617,21.8700008392334
2012-02-28,1372.1800537109375,17.959999084472656,21.600000381469727
2012-02-29,1365.6800537109375,18.43000030517578,21.799999237060547
2012-03-01,1374.0899658203125,17.260000228881836,21.030000686645508
2012-03-02,1369.6300048828125,17.290000915527344,21.260000228881836
2012-03-05,1364.3299560546875,18.049999237060547,21.989999771118164
2012-03-06,1343.3599853515625,20.8700008392334,23.899999618530273
2012-03-07,1352.6300048828125,19.06999969482422,22.719999313354492
2012-03-08,1365.9100341796875,17.950000762939453,21.84000015258789
2012-03-09,1370.8699951171875,17.110000610351562,21.219999313354492
2012-03-12,1371.0899658203125,15.640000343322754,20.809999465942383
2012-03-13,1395.949951171875,14.800000190734863,19.600000381469727
2012-03-14,1394.280029296875,15.3100004196167,20.75
2012-03-15,1402.5999755859375,15.420000076293945,20.540000915527344
2012-03-16,1404.1700439453125,14.470000267028809,20.3700008392334
2012-03-19,1409.75,15.039999961853027,19.940000534057617
2012-03-20,1405.52001953125,15.579999923706055,19.959999084472656
2012-03-21,1402.8900146484375,15.130000114440918,19.25
2012-03-22,1392.780029296875,15.569999694824219,19.549999237060547
2012-03-23,1397.1099853515625,14.819999694824219,18.639999389648438
2012-03-26,1416.510009765625,14.260000228881836,17.43000030517578
2012-03-27,1412.52001953125,15.59000015258789,18.56999969482422
2012-03-28,1405.5400390625,15.470000267028809,18.790000915527344
2012-03-29,1403.280029296875,15.479999542236328,18.84000015258789
2012-03-30,1408.469970703125,15.5,18.610000610351562
2012-04-02,1419.0400390625,15.640000343322754,18.459999084472656
2012-04-03,1413.3800048828125,15.65999984741211,18.809999465942383
2012-04-04,1398.9599609375,16.440000534057617,19.450000762939453
2012-04-05,1398.0799560546875,16.700000762939453,19.81999969482422
2012-04-09,1382.199951171875,18.809999465942383,21.209999084472656
2012-04-10,1358.5899658203125,20.389999389648438,22.6200008392334
2012-04-11,1368.7099609375,20.020000457763672,22.469999313354492
2012-04-12,1387.5699462890625,17.200000762939453,20.25
2012-04-13,1370.260009765625,19.549999237060547,21.989999771118164
2012-04-16,1369.5699462890625,19.549999237060547,22.040000915527344
2012-04-17,1390.780029296875,18.459999084472656,20.850000381469727
2012-04-18,1385.1400146484375,18.639999389648438,21.1200008392334
2012-04-19,1376.9200439453125,18.360000610351562,21.229999542236328
2012-04-20,1378.530029296875,17.440000534057617,20.479999542236328
2012-04-23,1366.93994140625,18.969999313354492,21.389999389648438
2012-04-24,1371.969970703125,18.100000381469727,20.510000228881836
2012-04-25,1390.68994140625,16.81999969482422,19.459999084472656
2012-04-26,1399.97998046875,16.239999771118164,18.549999237060547
2012-04-27,1403.3599853515625,16.31999969482422,18.739999771118164
2012-04-30,1397.9100341796875,17.149999618530273,19.31999969482422
2012-05-01,1405.8199462890625,16.600000381469727,19.1299991607666
2012-05-02,1402.31005859375,16.8799991607666,19.010000228881836
2012-05-03,1391.5699462890625,17.559999465942383,19.5
2012-05-04,1369.0999755859375,19.15999984741211,20.719999313354492
2012-05-07,1369.5799560546875,18.940000534057617,20.450000762939453
2012-05-08,1363.719970703125,19.049999237060547,20.809999465942383
2012-05-09,1354.5799560546875,20.079999923706055,21.530000686645508
2012-05-10,1357.989990234375,18.829999923706055,20.8700008392334
2012-05-11,1353.3900146484375,19.889999389648438,21.549999237060547
2012-05-14,1338.3499755859375,21.8700008392334,22.969999313354492
2012-05-15,1330.6600341796875,21.969999313354492,23.920000076293945
2012-05-16,1324.800048828125,22.270000457763672,24.920000076293945
2012-05-17,1304.8599853515625,24.489999771118164,26.40999984741211
2012-05-18,1295.219970703125,25.100000381469727,27.65999984741211
2012-05-21,1315.989990234375,22.010000228881836,24.709999084472656
2012-05-22,1316.6300048828125,22.479999542236328,25.229999542236328
2012-05-23,1318.8599853515625,22.329999923706055,25.110000610351562
2012-05-24,1320.6800537109375,21.540000915527344,24.780000686645508
2012-05-25,1317.8199462890625,21.760000228881836,24.93000030517578
2012-05-29,1332.4200439453125,21.030000686645508,23.889999389648438
2012-05-30,1313.3199462890625,24.139999389648438,26.190000534057617
2012-05-31,1310.3299560546875,24.059999465942383,26.219999313354492
2012-06-01,1278.0400390625,26.65999984741211,28.469999313354492
2012-06-04,1278.1800537109375,26.1200008392334,28.1200008392334
2012-06-05,1285.5,24.68000030517578,26.8700008392334
2012-06-06,1315.1300048828125,22.15999984741211,24.709999084472656
2012-06-07,1314.989990234375,21.719999313354492,24.469999313354492
2012-06-08,1325.6600341796875,21.229999542236328,23.639999389648438
2012-06-11,1308.9300537109375,23.559999465942383,25.5
2012-06-12,1324.1800537109375,22.09000015258789,24.940000534057617
2012-06-13,1314.8800048828125,24.270000457763672,26.5
2012-06-14,1329.0999755859375,21.68000030517578,25.0
2012-06-15,1342.8399658203125,21.110000610351562,23.670000076293945
2012-06-18,1344.780029296875,18.31999969482422,22.1299991607666
2012-06-19,1357.97998046875,18.3799991607666,21.920000076293945
2012-06-20,1355.68994140625,17.239999771118164,20.84000015258789
2012-06-21,1325.510009765625,20.079999923706055,23.15999984741211
2012-06-22,1335.02001953125,18.110000610351562,21.510000228881836
2012-06-25,1313.719970703125,20.3799991607666,23.030000686645508
2012-06-26,1319.989990234375,19.719999313354492,22.469999313354492
2012-06-27,1331.8499755859375,19.450000762939453,22.360000610351562
2012-06-28,1329.0400390625,19.709999084472656,22.25
2012-06-29,1362.1600341796875,17.079999923706055,20.31999969482422
2012-07-02,1365.510009765625,16.799999237060547,19.790000915527344
2012-07-03,1374.02001953125,16.65999984741211,19.31999969482422
2012-07-05,1367.5799560546875,17.5,20.110000610351562
2012-07-06,1354.6800537109375,17.100000381469727,20.040000915527344
2012-07-09,1352.4599609375,17.979999542236328,20.3700008392334
2012-07-10,1341.469970703125,18.719999313354492,20.8700008392334
2012-07-11,1341.449951171875,17.950000762939453,20.25
2012-07-12,1334.760009765625,18.329999923706055,20.690000534057617
2012-07-13,1356.780029296875,16.739999771118164,19.389999389648438
2012-07-16,1353.6400146484375,17.110000610351562,19.610000610351562
2012-07-17,1363.6700439453125,16.479999542236328,18.920000076293945
2012-07-18,1372.780029296875,16.15999984741211,18.940000534057617
2012-07-19,1376.510009765625,15.449999809265137,18.610000610351562
2012-07-20,1362.6600341796875,16.270000457763672,19.639999389648438
2012-07-23,1350.52001953125,18.6200008392334,21.18000030517578
2012-07-24,1338.31005859375,20.469999313354492,22.260000228881836
2012-07-25,1337.8900146484375,19.34000015258789,21.8799991607666
2012-07-26,1360.02001953125,17.530000686645508,20.239999771118164
2012-07-27,1385.969970703125,16.700000762939453,19.65999984741211
2012-07-30,1385.300048828125,18.030000686645508,20.1299991607666
2012-07-31,1379.3199462890625,18.93000030517578,20.780000686645508
2012-08-01,1375.3199462890625,18.959999084472656,20.670000076293945
2012-08-02,1365.0,17.56999969482422,20.229999542236328
2012-08-03,1390.989990234375,15.640000343322754,18.68000030517578
2012-08-06,1394.22998046875,15.949999809265137,18.739999771118164
2012-08-07,1401.3499755859375,15.989999771118164,18.809999465942383
2012-08-08,1402.219970703125,15.319999694824219,18.579999923706055
2012-08-09,1402.800048828125,15.279999732971191,18.229999542236328
2012-08-10,1405.8699951171875,14.739999771118164,18.139999389648438
2012-08-13,1404.1099853515625,13.699999809265137,18.06999969482422
2012-08-14,1403.9300537109375,14.850000381469727,18.510000228881836
2012-08-15,1405.530029296875,14.630000114440918,18.860000610351562
2012-08-16,1415.510009765625,14.289999961853027,18.549999237060547
2012-08-17,1418.1600341796875,13.449999809265137,18.350000381469727
2012-08-20,1418.1300048828125,14.020000457763672,18.59000015258789
2012-08-21,1413.1700439453125,15.020000457763672,18.799999237060547
2012-08-22,1413.489990234375,15.109999656677246,19.420000076293945
2012-08-23,1402.0799560546875,15.960000038146973,20.09000015258789
2012-08-24,1411.1300048828125,15.180000305175781,19.239999771118164
2012-08-27,1410.43994140625,16.350000381469727,19.920000076293945
2012-08-28,1409.300048828125,16.489999771118164,19.81999969482422
2012-08-29,1410.489990234375,17.059999465942383,20.459999084472656
2012-08-30,1399.47998046875,17.829999923706055,20.920000076293945
2012-08-31,1406.5799560546875,17.469999313354492,20.6200008392334
2012-09-04,1404.93994140625,17.979999542236328,20.68000030517578
2012-09-05,1403.43994140625,17.739999771118164,19.989999771118164
2012-09-06,1432.1199951171875,15.600000381469727,18.6200008392334
2012-09-07,1437.9200439453125,14.380000114440918,17.59000015258789
2012-09-10,1429.0799560546875,16.280000686645508,18.299999237060547
2012-09-11,1433.56005859375,16.40999984741211,18.290000915527344
2012-09-12,1436.56005859375,15.800000190734863,17.600000381469727
2012-09-13,1459.989990234375,14.050000190734863,16.450000762939453
2012-09-14,1465.77001953125,14.510000228881836,16.899999618530273
2012-09-17,1461.18994140625,14.59000015258789,17.1299991607666
2012-09-18,1459.3199462890625,14.180000305175781,16.6299991607666
2012-09-19,1461.050048828125,13.880000114440918,16.489999771118164
2012-09-20,1460.260009765625,14.069999694824219,16.75
2012-09-21,1460.1500244140625,13.979999542236328,16.790000915527344
2012-09-24,1456.8900146484375,14.149999618530273,16.59000015258789
2012-09-25,1441.5899658203125,15.430000305175781,17.600000381469727
2012-09-26,1433.3199462890625,16.809999465942383,18.5
2012-09-27,1447.1500244140625,14.84000015258789,17.06999969482422
2012-09-28,1440.6700439453125,15.729999542236328,17.610000610351562
2012-10-01,1444.489990234375,16.31999969482422,17.920000076293945
2012-10-02,1445.75,15.710000038146973,17.739999771118164
2012-10-03,1450.989990234375,15.430000305175781,17.579999923706055
2012-10-04,1461.4000244140625,14.550000190734863,17.059999465942383
2012-10-05,1460.9300537109375,14.329999923706055,16.93000030517578
2012-10-08,1455.8800048828125,15.109999656677246,17.360000610351562
2012-10-09,1441.47998046875,16.3700008392334,18.010000228881836
2012-10-10,1432.56005859375,16.290000915527344,18.1299991607666
2012-10-11,1432.8399658203125,15.59000015258789,17.56999969482422
2012-10-12,1428.5899658203125,16.139999389648438,17.739999771118164
2012-10-15,1440.1300048828125,15.270000457763672,17.110000610351562
2012-10-16,1454.9200439453125,15.220000267028809,16.969999313354492
2012-10-17,1460.9100341796875,15.069999694824219,16.610000610351562
2012-10-18,1457.3399658203125,15.029999732971191,16.579999923706055
2012-10-19,1433.18994140625,17.059999465942383,18.1200008392334
2012-10-22,1433.8199462890625,16.6200008392334,17.8700008392334
2012-10-23,1413.1099853515625,18.829999923706055,19.450000762939453
2012-10-24,1408.75,18.329999923706055,19.270000457763672
2012-10-25,1412.969970703125,18.1200008392334,19.110000610351562
2012-10-26,1411.93994140625,17.809999465942383,19.020000457763672
2012-10-31,1412.1600341796875,18.600000381469727,19.309999465942383
2012-11-01,1427.5899658203125,16.690000534057617,17.729999542236328
2012-11-02,1414.199951171875,17.59000015258789,18.549999237060547
2012-11-05,1417.260009765625,18.420000076293945,18.969999313354492
2012-11-06,1428.3900146484375,17.579999923706055,18.239999771118164
2012-11-07,1394.530029296875,19.079999923706055,19.809999465942383
2012-11-08,1377.510009765625,18.489999771118164,19.829999923706055
2012-11-09,1379.8499755859375,18.610000610351562,20.06999969482422
2012-11-12,1380.030029296875,16.68000030517578,19.149999618530273
2012-11-13,1374.530029296875,16.649999618530273,18.969999313354492
2012-11-14,1355.489990234375,17.920000076293945,19.8700008392334
2012-11-15,1353.3299560546875,17.989999771118164,19.790000915527344
2012-11-16,1359.8800048828125,16.40999984741211,18.93000030517578
2012-11-19,1386.8900146484375,15.239999771118164,17.59000015258789
2012-11-20,1387.81005859375,15.079999923706055,17.280000686645508
2012-11-21,1391.030029296875,15.3100004196167,17.579999923706055
2012-11-23,1409.1500244140625,15.140000343322754,17.579999923706055
2012-11-26,1406.2900390625,15.5,17.309999465942383
2012-11-27,1398.93994140625,15.920000076293945,17.6200008392334
2012-11-28,1409.9300537109375,15.510000228881836,17.200000762939453
2012-11-29,1415.949951171875,15.0600004196167,16.81999969482422
2012-11-30,1416.1800537109375,15.869999885559082,17.270000457763672
2012-12-03,1409.4599609375,16.639999389648438,17.81999969482422
2012-12-04,1407.050048828125,17.1200008392334,18.190000534057617
2012-12-05,1409.280029296875,16.459999084472656,17.829999923706055
2012-12-06,1413.93994140625,16.579999923706055,17.84000015258789
2012-12-07,1418.0699462890625,15.899999618530273,17.290000915527344
2012-12-10,1418.550048828125,16.049999237060547,17.350000381469727
2012-12-11,1427.8399658203125,15.569999694824219,17.0
2012-12-12,1428.47998046875,15.949999809265137,17.43000030517578
2012-12-13,1419.449951171875,16.559999465942383,17.8799991607666
2012-12-14,1413.5799560546875,17.0,18.030000686645508
2012-12-17,1430.3599853515625,16.34000015258789,17.5
2012-12-18,1446.7900390625,15.569999694824219,16.809999465942383
2012-12-19,1435.81005859375,17.360000610351562,17.860000610351562
2012-12-20,1443.68994140625,17.670000076293945,18.139999389648438
2012-12-21,1430.1500244140625,17.84000015258789,18.8700008392334
2012-12-24,1426.6600341796875,17.84000015258789,18.8700008392334
2012-12-26,1419.8299560546875,19.479999542236328,19.93000030517578
2012-12-27,1418.0999755859375,19.469999313354492,19.920000076293945
2012-12-28,1402.4300537109375,22.719999313354492,21.8799991607666
2012-12-31,1426.18994140625,18.020000457763672,18.729999542236328
2013-01-02,1462.4200439453125,14.680000305175781,16.690000534057617
2013-01-03,1459.3699951171875,14.5600004196167,16.739999771118164
2013-01-04,1466.469970703125,13.829999923706055,16.34000015258789
2013-01-07,1461.8900146484375,13.789999961853027,16.450000762939453
2013-01-08,1457.1500244140625,13.619999885559082,16.450000762939453
2013-01-09,1461.02001953125,13.8100004196167,16.5
2013-01-10,1472.1199951171875,13.489999771118164,16.1200008392334
2013-01-11,1472.050048828125,13.359999656677246,16.010000228881836
2013-01-14,1470.6800537109375,13.520000457763672,16.290000915527344
2013-01-15,1472.3399658203125,13.550000190734863,16.329999923706055
2013-01-16,1472.6300048828125,13.420000076293945,16.239999771118164
2013-01-17,1480.93994140625,13.569999694824219,16.079999923706055
2013-01-18,1485.97998046875,12.460000038146973,15.289999961853027
2013-01-22,1492.56005859375,12.430000305175781,14.720000267028809
2013-01-23,1494.81005859375,12.460000038146973,14.5
2013-01-24,1494.8199462890625,12.6899995803833,14.670000076293945
2013-01-25,1502.9599609375,12.890000343322754,14.65999984741211
2013-01-28,1500.1800537109375,13.569999694824219,15.069999694824219
2013-01-29,1507.8399658203125,13.3100004196167,14.739999771118164
2013-01-30,1501.9599609375,14.319999694824219,15.420000076293945
2013-01-31,1498.1099853515625,14.279999732971191,15.550000190734863
2013-02-01,1513.1700439453125,12.899999618530273,14.789999961853027
2013-02-04,1495.7099609375,14.670000076293945,15.789999961853027
2013-02-05,1511.2900390625,13.720000267028809,15.300000190734863
2013-02-06,1512.1199951171875,13.40999984741211,15.140000343322754
2013-02-07,1509.3900146484375,13.5,15.1899995803833
2013-02-08,1517.9300537109375,13.020000457763672,14.800000190734863
2013-02-11,1517.010009765625,12.9399995803833,14.680000305175781
2013-02-12,1519.4300537109375,12.640000343322754,14.529999732971191
2013-02-13,1520.3299560546875,12.979999542236328,14.630000114440918
2013-02-14,1521.3800048828125,12.65999984741211,14.430000305175781
2013-02-15,1519.7900390625,12.460000038146973,14.260000228881836
2013-02-19,1530.93994140625,12.3100004196167,13.989999771118164
2013-02-20,1511.949951171875,14.680000305175781,15.40999984741211
2013-02-21,1502.4200439453125,15.220000267028809,15.710000038146973
2013-02-22,1515.5999755859375,14.170000076293945,14.979999542236328
2013-02-25,1487.8499755859375,18.989999771118164,17.940000534057617
2013-02-26,1496.93994140625,16.8700008392334,17.25
2013-02-27,1515.989990234375,14.729999542236328,15.65999984741211
2013-02-28,1514.6800537109375,15.510000228881836,16.18000030517578
2013-03-01,1518.199951171875,15.359999656677246,16.290000915527344
2013-03-04,1525.199951171875,14.010000228881836,15.420000076293945
2013-03-05,1539.7900390625,13.479999542236328,14.949999809265137
2013-03-06,1541.4599609375,13.529999732971191,15.029999732971191
2013-03-07,1544.260009765625,13.0600004196167,14.739999771118164
2013-03-08,1551.1800537109375,12.59000015258789,14.520000457763672
2013-03-11,1556.219970703125,11.5600004196167,14.300000190734863
2013-03-12,1552.47998046875,12.270000457763672,14.579999923706055
2013-03-13,1554.52001953125,11.829999923706055,14.510000228881836
2013-03-14,1563.22998046875,11.300000190734863,14.100000381469727
2013-03-15,1560.699951171875,11.300000190734863,14.260000228881836
2013-03-18,1552.0999755859375,13.359999656677246,15.390000343322754
2013-03-19,1548.3399658203125,14.390000343322754,15.710000038146973
2013-03-20,1558.7099609375,12.670000076293945,14.930000305175781
2013-03-21,1545.800048828125,13.989999771118164,15.529999732971191
2013-03-22,1556.8900146484375,13.569999694824219,15.260000228881836
2013-03-25,1551.68994140625,13.739999771118164,15.300000190734863
2013-03-26,1563.77001953125,12.770000457763672,14.75
2013-03-27,1562.8499755859375,13.149999618530273,14.930000305175781
2013-03-28,1569.18994140625,12.699999809265137,14.640000343322754
2013-04-01,1562.1700439453125,13.579999923706055,15.279999732971191
2013-04-02,1570.25,12.779999732971191,14.710000038146973
2013-04-03,1553.68994140625,14.210000038146973,15.489999771118164
2013-04-04,1559.97998046875,13.890000343322754,15.300000190734863
2013-04-05,1553.280029296875,13.920000076293945,15.380000114440918
2013-04-08,1563.0699462890625,13.1899995803833,14.710000038146973
2013-04-09,1568.6099853515625,12.84000015258789,14.460000038146973
2013-04-10,1587.72998046875,12.359999656677246,14.119999885559082
2013-04-11,1593.3699951171875,12.239999771118164,14.170000076293945
2013-04-12,1588.8499755859375,12.0600004196167,14.020000457763672
2013-04-15,1552.3599853515625,17.270000457763672,17.030000686645508
2013-04-16,1574.5699462890625,13.960000038146973,15.100000381469727
2013-04-17,1552.010009765625,16.510000228881836,16.93000030517578
2013-04-18,1541.6099853515625,17.559999465942383,17.520000457763672
2013-04-19,1555.25,14.970000267028809,16.170000076293945
2013-04-22,1562.5,14.390000343322754,15.65999984741211
2013-04-23,1578.780029296875,13.479999542236328,14.829999923706055
2013-04-24,1578.7900390625,13.609999656677246,14.970000267028809
2013-04-25,1585.1600341796875,13.619999885559082,14.960000038146973
2013-04-26,1582.239990234375,13.609999656677246,14.890000343322754
2013-04-29,1593.6099853515625,13.710000038146973,14.920000076293945
2013-04-30,1597.5699462890625,13.520000457763672,14.779999732971191
2013-05-01,1582.699951171875,14.489999771118164,15.609999656677246
2013-05-02,1597.5899658203125,13.59000015258789,14.869999885559082
2013-05-03,1614.4200439453125,12.850000381469727,14.449999809265137
2013-05-06,1617.5,12.65999984741211,14.3100004196167
2013-05-07,1625.9599609375,12.829999923706055,14.350000381469727
2013-05-08,1632.68994140625,12.65999984741211,14.399999618530273
2013-05-09,1626.6700439453125,13.130000114440918,14.8100004196167
2013-05-10,1633.699951171875,12.59000015258789,14.710000038146973
2013-05-13,1633.77001953125,12.550000190734863,15.050000190734863
2013-05-14,1650.3399658203125,12.770000457763672,14.979999542236328
2013-05-15,1658.780029296875,12.8100004196167,15.050000190734863
2013-05-16,1650.469970703125,13.069999694824219,15.449999809265137
2013-05-17,1667.469970703125,12.449999809265137,15.170000076293945
2013-05-20,1666.2900390625,13.020000457763672,15.3100004196167
2013-05-21,1669.1600341796875,13.369999885559082,15.779999732971191
2013-05-22,1655.3499755859375,13.819999694824219,15.819999694824219
2013-05-23,1650.510009765625,14.069999694824219,16.0
2013-05-24,1649.5999755859375,13.989999771118164,15.920000076293945
2013-05-28,1660.06005859375,14.479999542236328,15.869999885559082
2013-05-29,1648.3599853515625,14.829999923706055,16.149999618530273
2013-05-30,1654.4100341796875,14.529999732971191,16.010000228881836
2013-05-31,1630.739990234375,16.299999237060547,17.1299991607666
2013-06-03,1640.4200439453125,16.280000686645508,17.219999313354492
2013-06-04,1631.3800048828125,16.270000457763672,17.260000228881836
2013-06-05,1608.9000244140625,17.5,18.0
2013-06-06,1622.56005859375,16.6299991607666,17.549999237060547
2013-06-07,1643.3800048828125,15.140000343322754,16.719999313354492
2013-06-10,1642.81005859375,15.4399995803833,16.729999542236328
2013-06-11,1626.1300048828125,17.06999969482422,17.90999984741211
2013-06-12,1612.52001953125,18.59000015258789,19.06999969482422
2013-06-13,1636.3599853515625,16.40999984741211,17.829999923706055
2013-06-14,1626.72998046875,17.149999618530273,18.299999237060547
2013-06-17,1639.0400390625,16.799999237060547,17.989999771118164
2013-06-18,1651.81005859375,16.610000610351562,17.75
2013-06-19,1628.9300537109375,16.639999389648438,17.780000686645508
2013-06-20,1588.18994140625,20.489999771118164,20.34000015258789
2013-06-21,1592.4300537109375,18.899999618530273,19.489999771118164
2013-06-24,1573.0899658203125,20.110000610351562,20.729999542236328
2013-06-25,1588.030029296875,18.469999313354492,19.670000076293945
2013-06-26,1603.260009765625,17.209999084472656,18.81999969482422
2013-06-27,1613.199951171875,16.860000610351562,18.559999465942383
2013-06-28,1606.280029296875,16.860000610351562,18.389999389648438
2013-07-01,1614.9599609375,16.3700008392334,17.920000076293945
2013-07-02,1614.0799560546875,16.440000534057617,18.020000457763672
2013-07-03,1615.4100341796875,16.200000762939453,17.809999465942383
2013-07-05,1631.8900146484375,14.890000343322754,16.8799991607666
2013-07-08,1640.4599609375,14.779999732971191,16.40999984741211
2013-07-09,1652.3199462890625,14.350000381469727,15.90999984741211
2013-07-10,1652.6199951171875,14.210000038146973,15.770000457763672
2013-07-11,1675.02001953125,14.010000228881836,15.5
2013-07-12,1680.18994140625,13.84000015258789,15.649999618530273
2013-07-15,1682.5,13.789999961853027,15.619999885559082
2013-07-16,1676.260009765625,14.420000076293945,16.010000228881836
2013-07-17,1680.9100341796875,13.779999732971191,15.5600004196167
2013-07-18,1689.3699951171875,13.770000457763672,15.5600004196167
2013-07-19,1692.0899658203125,12.539999961853027,15.039999961853027
2013-07-22,1695.530029296875,12.289999961853027,14.6899995803833
2013-07-23,1692.3900146484375,12.65999984741211,14.880000114440918
2013-07-24,1685.93994140625,13.180000305175781,15.1899995803833
2013-07-25,1690.25,12.970000267028809,15.0
2013-07-26,1691.6500244140625,12.720000267028809,14.800000190734863
2013-07-29,1685.3299560546875,13.390000343322754,15.109999656677246
2013-07-30,1685.9599609375,13.390000343322754,14.979999542236328
2013-07-31,1685.72998046875,13.449999809265137,14.920000076293945
2013-08-01,1706.8699951171875,12.9399995803833,14.550000190734863
2013-08-02,1709.6700439453125,11.979999542236328,14.029999732971191
2013-08-05,1707.1400146484375,11.84000015258789,13.859999656677246
2013-08-06,1697.3699951171875,12.720000267028809,14.5600004196167
2013-08-07,1690.9100341796875,12.979999542236328,14.8100004196167
2013-08-08,1697.47998046875,12.729999542236328,14.670000076293945
2013-08-09,1691.4200439453125,13.40999984741211,15.100000381469727
2013-08-12,1689.469970703125,12.8100004196167,15.170000076293945
2013-08-13,1694.1600341796875,12.3100004196167,14.859999656677246
2013-08-14,1685.3900146484375,13.039999961853027,15.239999771118164
2013-08-15,1661.3199462890625,14.729999542236328,16.239999771118164
2013-08-16,1655.8299560546875,14.369999885559082,15.9399995803833
2013-08-19,1646.06005859375,15.100000381469727,16.399999618530273
2013-08-20,1652.3499755859375,14.90999984741211,16.309999465942383
2013-08-21,1642.800048828125,15.9399995803833,16.790000915527344
2013-08-22,1656.9599609375,14.760000228881836,15.989999771118164
2013-08-23,1663.5,13.979999542236328,15.550000190734863
2013-08-26,1656.780029296875,14.989999771118164,16.209999084472656
2013-08-27,1630.47998046875,16.770000457763672,17.68000030517578
2013-08-28,1634.9599609375,16.489999771118164,17.6200008392334
2013-08-29,1638.1700439453125,16.809999465942383,17.899999618530273
2013-08-30,1632.969970703125,17.010000228881836,18.049999237060547
2013-09-03,1639.77001953125,16.610000610351562,17.639999389648438
2013-09-04,1653.0799560546875,15.880000114440918,17.299999237060547
2013-09-05,1655.0799560546875,15.770000457763672,17.139999389648438
2013-09-06,1655.1700439453125,15.850000381469727,17.170000076293945
2013-09-09,1671.7099609375,15.630000114440918,16.829999923706055
2013-09-10,1683.989990234375,14.529999732971191,16.110000610351562
2013-09-11,1689.1300048828125,13.819999694824219,15.609999656677246
2013-09-12,1683.4200439453125,14.289999961853027,15.850000381469727
2013-09-13,1687.989990234375,14.15999984741211,15.699999809265137
2013-09-16,1697.5999755859375,14.380000114440918,15.579999923706055
2013-09-17,1704.760009765625,14.529999732971191,15.65999984741211
2013-09-18,1725.52001953125,13.59000015258789,15.180000305175781
2013-09-19,1722.3399658203125,13.15999984741211,15.020000457763672
2013-09-20,1709.9100341796875,13.119999885559082,15.319999694824219
2013-09-23,1701.8399658203125,14.3100004196167,15.920000076293945
2013-09-24,1697.4200439453125,14.079999923706055,15.640000343322754
2013-09-25,1692.77001953125,14.010000228881836,15.5600004196167
2013-09-26,1698.6700439453125,14.0600004196167,15.40999984741211
2013-09-27,1691.75,15.460000038146973,16.040000915527344
2013-09-30,1681.550048828125,16.600000381469727,16.799999237060547
2013-10-01,1695.0,15.539999961853027,16.1299991607666
2013-10-02,1693.8699951171875,16.600000381469727,16.809999465942383
2013-10-03,1678.6600341796875,17.670000076293945,17.700000762939453
2013-10-04,1690.5,16.739999771118164,17.209999084472656
2013-10-07,1676.1199951171875,19.40999984741211,19.06999969482422
2013-10-08,1655.449951171875,20.34000015258789,19.84000015258789
2013-10-09,1656.4000244140625,19.600000381469727,19.290000915527344
2013-10-10,1692.56005859375,16.479999542236328,17.209999084472656
2013-10-11,1703.199951171875,15.720000267028809,16.56999969482422
2013-10-14,1710.1400146484375,16.06999969482422,16.920000076293945
2013-10-15,1698.06005859375,18.65999984741211,18.40999984741211
2013-10-16,1721.5400390625,14.710000038146973,16.260000228881836
2013-10-17,1733.1500244140625,13.479999542236328,15.4399995803833
2013-10-18,1744.5,13.039999961853027,14.920000076293945
2013-10-21,1744.6600341796875,13.15999984741211,15.140000343322754
2013-10-22,1754.6700439453125,13.329999923706055,15.020000457763672
2013-10-23,1746.3800048828125,13.420000076293945,15.109999656677246
2013-10-24,1752.0699462890625,13.199999809265137,14.899999618530273
2013-10-25,1759.77001953125,13.09000015258789,14.869999885559082
2013-10-28,1762.1099853515625,13.3100004196167,14.869999885559082
2013-10-29,1771.949951171875,13.40999984741211,15.029999732971191
2013-10-30,1763.31005859375,13.649999618530273,15.130000114440918
2013-10-31,1756.5400390625,13.75,15.25
2013-11-01,1761.6400146484375,13.279999732971191,15.0600004196167
2013-11-04,1767.9300537109375,12.930000305175781,14.680000305175781
2013-11-05,1762.969970703125,13.270000457763672,14.920000076293945
2013-11-06,1770.489990234375,12.670000076293945,14.65999984741211
2013-11-07,1747.1500244140625,13.90999984741211,15.359999656677246
2013-11-08,1770.6099853515625,12.899999618530273,14.630000114440918
2013-11-11,1771.8900146484375,12.529999732971191,14.729999542236328
2013-11-12,1767.68994140625,12.819999694824219,14.880000114440918
2013-11-13,1782.0,12.520000457763672,14.829999923706055
2013-11-14,1790.6199951171875,12.369999885559082,14.880000114440918
2013-11-15,1798.1800537109375,12.1899995803833,14.800000190734863
2013-11-18,1791.530029296875,13.100000381469727,14.930000305175781
2013-11-19,1787.8699951171875,13.390000343322754,15.25
2013-11-20,1781.3699951171875,13.399999618530273,14.989999771118164
2013-11-21,1795.8499755859375,12.65999984741211,14.520000457763672
2013-11-22,1804.760009765625,12.260000228881836,14.149999618530273
2013-11-25,1802.47998046875,12.789999961853027,14.430000305175781
2013-11-26,1802.75,12.8100004196167,14.550000190734863
2013-11-27,1807.22998046875,12.979999542236328,14.600000381469727
2013-11-29,1805.81005859375,13.699999809265137,15.029999732971191
2013-12-02,1800.9000244140625,14.229999542236328,15.1899995803833
2013-12-03,1795.1500244140625,14.550000190734863,15.489999771118164
2013-12-04,1792.81005859375,14.699999809265137,15.569999694824219
2013-12-05,1785.030029296875,15.079999923706055,15.779999732971191
2013-12-06,1805.0899658203125,13.789999961853027,14.949999809265137
2013-12-09,1808.3699951171875,13.489999771118164,14.930000305175781
2013-12-10,1802.6199951171875,13.90999984741211,15.220000267028809
2013-12-11,1782.219970703125,15.420000076293945,15.989999771118164
2013-12-12,1775.5,15.539999961853027,16.1200008392334
2013-12-13,1775.3199462890625,15.760000228881836,16.270000457763672
2013-12-16,1786.5400390625,16.030000686645508,16.389999389648438
2013-12-17,1781.0,16.209999084472656,16.5
2013-12-18,1810.6500244140625,13.800000190734863,14.989999771118164
2013-12-19,1809.5999755859375,14.149999618530273,15.279999732971191
2013-12-20,1818.3199462890625,13.789999961853027,15.010000228881836
2013-12-23,1827.989990234375,13.039999961853027,14.520000457763672
2013-12-24,1833.3199462890625,12.479999542236328,14.239999771118164
2013-12-26,1842.02001953125,12.329999923706055,14.029999732971191
2013-12-27,1841.4000244140625,12.460000038146973,13.979999542236328
2013-12-30,1841.0699462890625,13.5600004196167,14.770000457763672
2013-12-31,1848.3599853515625,13.720000267028809,14.770000457763672
2014-01-02,1831.97998046875,14.229999542236328,15.260000228881836
2014-01-03,1831.3699951171875,13.760000228881836,15.09000015258789
2014-01-06,1826.77001953125,13.550000190734863,14.819999694824219
2014-01-07,1837.8800048828125,12.920000076293945,14.40999984741211
2014-01-08,1837.489990234375,12.869999885559082,14.289999961853027
2014-01-09,1838.1300048828125,12.890000343322754,14.289999961853027
2014-01-10,1842.3699951171875,12.140000343322754,13.9399995803833
2014-01-13,1819.199951171875,13.279999732971191,14.979999542236328
2014-01-14,1838.8800048828125,12.279999732971191,14.489999771118164
2014-01-15,1848.3800048828125,12.279999732971191,14.460000038146973
2014-01-16,1845.8900146484375,12.529999732971191,14.6899995803833
2014-01-17,1838.699951171875,12.4399995803833,14.630000114440918
2014-01-21,1843.800048828125,12.869999885559082,14.619999885559082
2014-01-22,1844.8599853515625,12.84000015258789,14.470000267028809
2014-01-23,1828.4599609375,13.770000457763672,14.979999542236328
2014-01-24,1790.2900390625,18.139999389648438,17.399999618530273
2014-01-27,1781.56005859375,17.420000076293945,17.1299991607666
2014-01-28,1792.5,15.800000190734863,16.200000762939453
2014-01-29,1774.199951171875,17.350000381469727,17.239999771118164
2014-01-30,1794.18994140625,17.290000915527344,17.3700008392334
2014-01-31,1782.5899658203125,18.40999984741211,18.09000015258789
2014-02-03,1741.8900146484375,21.440000534057617,20.139999389648438
2014-02-04,1755.199951171875,19.110000610351562,19.079999923706055
2014-02-05,1751.6400146484375,19.950000762939453,19.670000076293945
2014-02-06,1773.4300537109375,17.229999542236328,17.790000915527344
2014-02-07,1797.02001953125,15.289999961853027,16.34000015258789
2014-02-10,1799.8399658203125,15.260000228881836,16.31999969482422
2014-02-11,1819.75,14.510000228881836,15.75
2014-02-12,1819.260009765625,14.300000190734863,15.649999618530273
2014-02-13,1829.8299560546875,14.140000343322754,15.5
2014-02-14,1838.6300048828125,13.569999694824219,15.170000076293945
2014-02-18,1840.760009765625,13.869999885559082,15.220000267028809
2014-02-19,1828.75,15.5,16.290000915527344
2014-02-20,1839.780029296875,14.789999961853027,15.720000267028809
2014-02-21,1836.25,14.680000305175781,15.640000343322754
2014-02-24,1847.6099853515625,14.229999542236328,15.5
2014-02-25,1845.1199951171875,13.670000076293945,15.5
2014-02-26,1845.1600341796875,14.350000381469727,15.90999984741211
2014-02-27,1854.2900390625,14.039999961853027,15.630000114440918
2014-02-28,1859.449951171875,14.0,15.800000190734863
2014-03-03,1845.72998046875,16.0,16.920000076293945
2014-03-04,1873.9100341796875,14.100000381469727,15.6899995803833
2014-03-05,1873.81005859375,13.890000343322754,15.770000457763672
2014-03-06,1877.030029296875,14.210000038146973,15.829999923706055
2014-03-07,1878.0400390625,14.109999656677246,15.869999885559082
2014-03-10,1877.1700439453125,14.199999809265137,15.970000267028809
2014-03-11,1867.6300048828125,14.800000190734863,16.350000381469727
2014-03-12,1868.199951171875,14.470000267028809,16.079999923706055
2014-03-13,1846.3399658203125,16.219999313354492,17.1299991607666
2014-03-14,1841.1300048828125,17.81999969482422,17.93000030517578
2014-03-17,1858.8299560546875,15.640000343322754,16.690000534057617
2014-03-18,1872.25,14.520000457763672,16.15999984741211
2014-03-19,1860.77001953125,15.119999885559082,16.31999969482422
2014-03-20,1872.010009765625,14.520000457763672,15.859999656677246
2014-03-21,1866.52001953125,15.0,16.18000030517578
2014-03-24,1857.43994140625,15.09000015258789,16.100000381469727
2014-03-25,1865.6199951171875,14.020000457763672,15.529999732971191
2014-03-26,1852.56005859375,14.930000305175781,16.079999923706055
2014-03-27,1849.0400390625,14.619999885559082,15.869999885559082
2014-03-28,1857.6199951171875,14.40999984741211,15.460000038146973
2014-03-31,1872.3399658203125,13.880000114440918,15.079999923706055
2014-04-01,1885.52001953125,13.100000381469727,14.399999618530273
2014-04-02,1890.9000244140625,13.09000015258789,14.449999809265137
2014-04-03,1888.77001953125,13.369999885559082,14.5
2014-04-04,1865.0899658203125,13.960000038146973,14.960000038146973
2014-04-07,1845.0400390625,15.569999694824219,15.899999618530273
2014-04-08,1851.9599609375,14.890000343322754,15.529999732971191
2014-04-09,1872.1800537109375,13.819999694824219,14.829999923706055
2014-04-10,1833.0799560546875,15.890000343322754,16.06999969482422
2014-04-11,1815.68994140625,17.030000686645508,16.790000915527344
2014-04-14,1830.6099853515625,16.110000610351562,16.3700008392334
2014-04-15,1842.97998046875,15.609999656677246,15.989999771118164
2014-04-16,1862.31005859375,14.180000305175781,15.229999542236328
2014-04-17,1864.8499755859375,13.359999656677246,14.84000015258789
2014-04-21,1871.8900146484375,13.25,14.75
2014-04-22,1879.550048828125,13.1899995803833,14.609999656677246
2014-04-23,1875.3900146484375,13.270000457763672,14.829999923706055
2014-04-24,1878.6099853515625,13.319999694824219,14.770000457763672
2014-04-25,1863.4000244140625,14.0600004196167,15.180000305175781
2014-04-28,1869.4300537109375,13.970000267028809,14.930000305175781
2014-04-29,1878.3299560546875,13.710000038146973,14.829999923706055
2014-04-30,1883.949951171875,13.40999984741211,14.699999809265137
2014-05-01,1883.6800537109375,13.25,14.670000076293945
2014-05-02,1881.1400146484375,12.90999984741211,14.680000305175781
2014-05-05,1884.6600341796875,13.289999961853027,14.75
2014-05-06,1867.719970703125,13.800000190734863,15.119999885559082
2014-05-07,1878.2099609375,13.399999618530273,14.619999885559082
2014-05-08,1875.6300048828125,13.430000305175781,14.579999923706055
2014-05-09,1878.47998046875,12.920000076293945,14.380000114440918
2014-05-12,1896.6500244140625,12.229999542236328,13.880000114440918
2014-05-13,1897.449951171875,12.130000114440918,14.039999961853027
2014-05-14,1888.530029296875,12.170000076293945,14.180000305175781
2014-05-15,1870.8499755859375,13.170000076293945,14.859999656677246
2014-05-16,1877.8599853515625,12.4399995803833,14.329999923706055
2014-05-19,1885.0799560546875,12.420000076293945,14.109999656677246
2014-05-20,1872.8299560546875,12.960000038146973,14.40999984741211
2014-05-21,1888.030029296875,11.90999984741211,13.869999885559082
2014-05-22,1892.489990234375,12.029999732971191,13.829999923706055
2014-05-23,1900.530029296875,11.359999656677246,13.619999885559082
2014-05-27,1911.9100341796875,11.510000228881836,13.640000343322754
2014-05-28,1909.780029296875,11.680000305175781,13.770000457763672
2014-05-29,1920.030029296875,11.569999694824219,13.710000038146973
2014-05-30,1923.5699462890625,11.399999618530273,13.75
2014-06-02,1924.969970703125,11.579999923706055,13.880000114440918
2014-06-03,1924.239990234375,11.869999885559082,13.819999694824219
2014-06-04,1927.8800048828125,12.079999923706055,13.770000457763672
2014-06-05,1940.4599609375,11.680000305175781,13.579999923706055
2014-06-06,1949.43994140625,10.729999542236328,12.829999923706055
2014-06-09,1951.27001953125,11.149999618530273,13.020000457763672
2014-06-10,1950.7900390625,10.989999771118164,13.010000228881836
2014-06-11,1943.8900146484375,11.600000381469727,13.289999961853027
2014-06-12,1930.1099853515625,12.5600004196167,14.109999656677246
2014-06-13,1936.1600341796875,12.180000305175781,13.789999961853027
2014-06-16,1937.780029296875,12.649999618530273,13.970000267028809
2014-06-17,1941.989990234375,12.0600004196167,13.65999984741211
2014-06-18,1956.97998046875,10.609999656677246,12.619999885559082
2014-06-19,1959.47998046875,10.619999885559082,12.699999809265137
2014-06-20,1962.8699951171875,10.850000381469727,12.869999885559082
2014-06-23,1962.6099853515625,10.979999542236328,12.920000076293945
2014-06-24,1949.97998046875,12.130000114440918,13.380000114440918
2014-06-25,1959.530029296875,11.59000015258789,13.109999656677246
2014-06-26,1957.219970703125,11.630000114440918,13.069999694824219
2014-06-27,1960.9599609375,11.260000228881836,12.819999694824219
2014-06-30,1960.22998046875,11.569999694824219,13.010000228881836
2014-07-01,1973.3199462890625,11.149999618530273,12.739999771118164
2014-07-02,1974.6199951171875,10.819999694824219,12.489999771118164
2014-07-03,1985.43994140625,10.319999694824219,12.239999771118164
2014-07-07,1977.6500244140625,11.329999923706055,12.869999885559082
2014-07-08,1963.7099609375,11.979999542236328,13.210000038146973
2014-07-09,1972.8299560546875,11.649999618530273,12.989999771118164
2014-07-10,1964.6800537109375,12.59000015258789,13.649999618530273
2014-07-11,1967.5699462890625,12.079999923706055,13.279999732971191
2014-07-14,1977.0999755859375,11.819999694824219,12.930000305175781
2014-07-15,1973.280029296875,11.960000038146973,13.15999984741211
2014-07-16,1981.5699462890625,11.0,12.630000114440918
2014-07-17,1958.1199951171875,14.539999961853027,14.970000267028809
2014-07-18,1978.219970703125,12.0600004196167,13.359999656677246
2014-07-21,1973.6300048828125,12.8100004196167,13.800000190734863
2014-07-22,1983.530029296875,12.239999771118164,13.5
2014-07-23,1987.010009765625,11.520000457763672,13.380000114440918
2014-07-24,1987.97998046875,11.84000015258789,13.449999809265137
2014-07-25,1978.3399658203125,12.6899995803833,14.0
2014-07-28,1978.9100341796875,12.5600004196167,13.920000076293945
2014-07-29,1969.949951171875,13.279999732971191,14.220000267028809
2014-07-30,1970.0699462890625,13.329999923706055,14.260000228881836
2014-07-31,1930.6700439453125,16.950000762939453,16.3799991607666
2014-08-01,1925.1500244140625,17.030000686645508,16.780000686645508
2014-08-04,1938.989990234375,15.119999885559082,15.8100004196167
2014-08-05,1920.2099609375,16.8700008392334,17.139999389648438
2014-08-06,1920.239990234375,16.3700008392334,16.93000030517578
2014-08-07,1909.5699462890625,16.65999984741211,17.219999313354492
2014-08-08,1931.5899658203125,15.770000457763672,16.690000534057617
2014-08-11,1936.9200439453125,14.229999542236328,15.760000228881836
2014-08-12,1933.75,14.130000114440918,15.699999809265137
2014-08-13,1946.719970703125,12.899999618530273,14.850000381469727
2014-08-14,1955.1800537109375,12.420000076293945,14.430000305175781
2014-08-15,1955.06005859375,13.149999618530273,14.420000076293945
2014-08-18,1971.739990234375,12.319999694824219,13.90999984741211
2014-08-19,1981.5999755859375,12.210000038146973,13.789999961853027
2014-08-20,1986.510009765625,11.779999732971191,13.760000228881836
2014-08-21,1992.3699951171875,11.760000228881836,13.529999732971191
2014-08-22,1988.4000244140625,11.470000267028809,13.510000228881836
2014-08-25,1997.9200439453125,11.699999809265137,13.569999694824219
2014-08-26,2000.02001953125,11.630000114440918,13.710000038146973
2014-08-27,2000.1199951171875,11.779999732971191,13.920000076293945
2014-08-28,1996.739990234375,12.050000190734863,14.130000114440918
2014-08-29,2003.3699951171875,12.09000015258789,14.260000228881836
2014-09-02,2002.280029296875,12.25,14.460000038146973
2014-09-03,2000.719970703125,12.359999656677246,14.390000343322754
2014-09-04,1997.6500244140625,12.640000343322754,14.539999961853027
2014-09-05,2007.7099609375,12.09000015258789,14.079999923706055
2014-09-08,2001.5400390625,12.65999984741211,14.390000343322754
2014-09-09,1988.43994140625,13.5,14.84000015258789
2014-09-10,1995.68994140625,12.880000114440918,14.630000114440918
2014-09-11,1997.449951171875,12.800000190734863,14.680000305175781
2014-09-12,1985.5400390625,13.3100004196167,15.039999961853027
2014-09-15,1984.1300048828125,14.119999885559082,15.579999923706055
2014-09-16,1998.97998046875,12.729999542236328,14.850000381469727
2014-09-17,2001.5699462890625,12.649999618530273,14.619999885559082
2014-09-18,2011.3599853515625,12.029999732971191,14.229999542236328
2014-09-19,2010.4000244140625,12.109999656677246,14.380000114440918
2014-09-22,1994.2900390625,13.6899995803833,15.260000228881836
2014-09-23,1982.77001953125,14.930000305175781,16.06999969482422
2014-09-24,1998.300048828125,13.270000457763672,15.220000267028809
2014-09-25,1965.989990234375,15.640000343322754,16.59000015258789
2014-09-26,1982.8499755859375,14.850000381469727,16.020000457763672
2014-09-29,1977.800048828125,15.979999542236328,16.81999969482422
2014-09-30,1972.2900390625,16.309999465942383,17.079999923706055
2014-10-01,1946.1600341796875,16.709999084472656,17.6200008392334
2014-10-02,1946.1700439453125,16.15999984741211,17.239999771118164
2014-10-03,1967.9000244140625,14.550000190734863,16.040000915527344
2014-10-06,1964.8199462890625,15.460000038146973,16.549999237060547
2014-10-07,1935.0999755859375,17.200000762939453,17.68000030517578
2014-10-08,1968.8900146484375,15.109999656677246,16.280000686645508
2014-10-09,1928.2099609375,18.760000228881836,18.09000015258789
2014-10-10,1906.1300048828125,21.239999771118164,19.93000030517578
2014-10-13,1874.739990234375,24.639999389648438,22.1200008392334
2014-10-14,1877.699951171875,22.790000915527344,21.3700008392334
2014-10-15,1862.489990234375,25.270000457763672,22.770000457763672
2014-10-16,1862.760009765625,25.200000762939453,22.850000381469727
2014-10-17,1886.760009765625,21.989999771118164,21.25
2014-10-20,1904.010009765625,18.56999969482422,19.670000076293945
2014-10-21,1941.280029296875,16.079999923706055,17.8700008392334
2014-10-22,1927.1099853515625,17.8700008392334,19.059999465942383
2014-10-23,1950.8199462890625,16.530000686645508,18.219999313354492
2014-10-24,1964.5799560546875,16.110000610351562,17.920000076293945
2014-10-27,1961.6300048828125,16.040000915527344,17.860000610351562
2014-10-28,1985.050048828125,14.390000343322754,16.459999084472656
2014-10-29,1982.300048828125,15.149999618530273,16.889999389648438
2014-10-30,1994.6500244140625,14.520000457763672,16.739999771118164
2014-10-31,2018.050048828125,14.029999732971191,16.510000228881836
2014-11-03,2017.81005859375,14.729999542236328,16.809999465942383
2014-11-04,2012.0999755859375,14.890000343322754,16.93000030517578
2014-11-05,2023.5699462890625,14.170000076293945,16.56999969482422
2014-11-06,2031.2099609375,13.670000076293945,16.260000228881836
2014-11-07,2031.9200439453125,13.119999885559082,15.829999923706055
2014-11-10,2038.260009765625,12.670000076293945,15.039999961853027
2014-11-11,2039.6800537109375,12.920000076293945,15.359999656677246
2014-11-12,2038.25,13.020000457763672,15.739999771118164
2014-11-13,2039.3299560546875,13.789999961853027,15.890000343322754
2014-11-14,2039.8199462890625,13.3100004196167,15.960000038146973
2014-11-17,2041.3199462890625,13.989999771118164,15.930000305175781
2014-11-18,2051.800048828125,13.859999656677246,15.699999809265137
2014-11-19,2048.719970703125,13.960000038146973,15.970000267028809
2014-11-20,2052.75,13.579999923706055,16.010000228881836
2014-11-21,2063.5,12.899999618530273,15.789999961853027
2014-11-24,2069.409912109375,12.619999885559082,15.550000190734863
2014-11-25,2067.030029296875,12.25,15.40999984741211
2014-11-26,2072.830078125,12.069999694824219,15.319999694824219
2014-11-28,2067.56005859375,13.329999923706055,15.930000305175781
2014-12-01,2053.43994140625,14.15999984741211,16.65999984741211
2014-12-02,2066.550048828125,12.850000381469727,15.960000038146973
2014-12-03,2074.330078125,12.5,15.529999732971191
2014-12-04,2071.919921875,12.380000114440918,15.640000343322754
2014-12-05,2075.3701171875,11.890000343322754,15.300000190734863
2014-12-08,2060.31005859375,14.210000038146973,16.780000686645508
2014-12-09,2059.820068359375,15.350000381469727,17.229999542236328
2014-12-10,2026.1400146484375,18.530000686645508,19.139999389648438
2014-12-11,2035.3299560546875,20.079999923706055,20.719999313354492
2014-12-12,2002.3299560546875,21.079999923706055,21.0
2014-12-15,1989.6300048828125,20.420000076293945,21.059999465942383
2014-12-16,1972.739990234375,23.56999969482422,23.09000015258789
2014-12-17,2012.8900146484375,19.440000534057617,20.43000030517578
2014-12-18,2061.22998046875,16.809999465942383,18.479999542236328
2014-12-19,2070.64990234375,16.489999771118164,18.469999313354492
2014-12-22,2078.5400390625,15.25,17.59000015258789
2014-12-23,2082.169921875,14.800000190734863,17.940000534057617
2014-12-24,2081.8798828125,14.369999885559082,17.260000228881836
2014-12-26,2088.77001953125,14.5,17.15999984741211
2014-12-29,2090.570068359375,15.0600004196167,17.270000457763672
2014-12-30,2080.35009765625,15.920000076293945,18.020000457763672
2014-12-31,2058.89990234375,19.200000762939453,19.739999771118164
2015-01-02,2058.199951171875,17.790000915527344,19.459999084472656
2015-01-05,2020.5799560546875,19.920000076293945,20.790000915527344
2015-01-06,2002.6099853515625,21.1200008392334,21.420000076293945
2015-01-07,2025.9000244140625,19.309999465942383,20.079999923706055
2015-01-08,2062.139892578125,17.010000228881836,18.65999984741211
2015-01-09,2044.81005859375,17.549999237060547,19.31999969482422
2015-01-12,2028.260009765625,19.600000381469727,20.479999542236328
2015-01-13,2023.030029296875,20.559999465942383,21.270000457763672
2015-01-14,2011.27001953125,21.479999542236328,20.93000030517578
2015-01-15,1992.6700439453125,22.389999389648438,22.110000610351562
2015-01-16,2019.4200439453125,20.950000762939453,21.149999618530273
2015-01-20,2022.550048828125,19.889999389648438,20.8700008392334
2015-01-21,2032.1199951171875,18.850000381469727,20.040000915527344
2015-01-22,2063.14990234375,16.399999618530273,18.600000381469727
2015-01-23,2051.820068359375,16.65999984741211,19.0
2015-01-26,2057.090087890625,15.520000457763672,18.030000686645508
2015-01-27,2029.550048828125,17.219999313354492,19.110000610351562
2015-01-28,2002.1600341796875,20.440000534057617,21.440000534057617
2015-01-29,2021.25,18.760000228881836,20.0
2015-01-30,1994.989990234375,20.969999313354492,21.81999969482422
2015-02-02,2020.8499755859375,19.43000030517578,20.90999984741211
2015-02-03,2050.030029296875,17.329999923706055,19.489999771118164
2015-02-04,2041.510009765625,18.329999923706055,20.43000030517578
2015-02-05,2062.52001953125,16.850000381469727,19.270000457763672
2015-02-06,2055.469970703125,17.290000915527344,19.8799991607666
2015-02-09,2046.739990234375,18.549999237060547,20.670000076293945
2015-02-10,2068.590087890625,17.229999542236328,19.729999542236328
2015-02-11,2068.530029296875,16.959999084472656,19.709999084472656
2015-02-12,2088.47998046875,15.34000015258789,18.34000015258789
2015-02-13,2096.989990234375,14.6899995803833,18.1299991607666
2015-02-17,2100.340087890625,15.800000190734863,18.3799991607666
2015-02-18,2099.679931640625,15.449999809265137,18.65999984741211
2015-02-19,2097.449951171875,15.289999961853027,18.010000228881836
2015-02-20,2110.300048828125,14.300000190734863,17.290000915527344
2015-02-23,2109.659912109375,14.5600004196167,17.540000915527344
2015-02-24,2115.47998046875,13.6899995803833,16.709999084472656
2015-02-25,2113.860107421875,13.84000015258789,16.8700008392334
2015-02-26,2110.739990234375,13.90999984741211,16.850000381469727
2015-02-27,2104.5,13.34000015258789,16.889999389648438
2015-03-02,2117.389892578125,13.039999961853027,16.459999084472656
2015-03-03,2107.780029296875,13.859999656677246,16.780000686645508
2015-03-04,2098.530029296875,14.229999542236328,16.90999984741211
2015-03-05,2101.0400390625,14.039999961853027,16.639999389648438
2015-03-06,2071.260009765625,15.199999809265137,17.510000228881836
2015-03-09,2079.429931640625,15.0600004196167,17.309999465942383
2015-03-10,2044.1600341796875,16.690000534057617,18.260000228881836
2015-03-11,2040.239990234375,16.8700008392334,18.530000686645508
2015-03-12,2065.949951171875,15.420000076293945,17.389999389648438
2015-03-13,2053.39990234375,16.0,17.889999389648438
2015-03-16,2081.18994140625,15.609999656677246,17.399999618530273
2015-03-17,2074.280029296875,15.65999984741211,17.479999542236328
2015-03-18,2099.5,13.970000267028809,16.43000030517578
2015-03-19,2089.27001953125,14.069999694824219,16.969999313354492
2015-03-20,2108.10009765625,13.020000457763672,16.709999084472656
2015-03-23,2104.419921875,13.40999984741211,16.530000686645508
2015-03-24,2091.5,13.619999885559082,16.59000015258789
2015-03-25,2061.050048828125,15.4399995803833,17.56999969482422
2015-03-26,2056.14990234375,15.800000190734863,17.56999969482422
2015-03-27,2061.02001953125,15.069999694824219,17.389999389648438
2015-03-30,2086.239990234375,14.510000228881836,16.920000076293945
2015-03-31,2067.889892578125,15.289999961853027,17.540000915527344
2015-04-01,2059.68994140625,15.109999656677246,17.34000015258789
2015-04-02,2066.9599609375,14.670000076293945,17.219999313354492
2015-04-06,2080.6201171875,14.739999771118164,16.81999969482422
2015-04-07,2076.330078125,14.779999732971191,16.799999237060547
2015-04-08,2081.89990234375,13.979999542236328,16.399999618530273
2015-04-09,2091.179931640625,13.09000015258789,16.020000457763672
2015-04-10,2102.06005859375,12.579999923706055,15.460000038146973
2015-04-13,2092.429931640625,13.9399995803833,16.31999969482422
2015-04-14,2095.840087890625,13.670000076293945,15.850000381469727
2015-04-15,2106.6298828125,12.84000015258789,15.6899995803833
2015-04-16,2104.989990234375,12.600000381469727,15.329999923706055
2015-04-17,2081.179931640625,13.890000343322754,16.139999389648438
2015-04-20,2100.39990234375,13.300000190734863,15.579999923706055
2015-04-21,2097.2900390625,13.25,15.520000457763672
2015-04-22,2107.9599609375,12.710000038146973,15.460000038146973
2015-04-23,2112.929931640625,12.479999542236328,15.170000076293945
2015-04-24,2117.68994140625,12.289999961853027,15.260000228881836
2015-04-27,2108.919921875,13.119999885559082,15.930000305175781
2015-04-28,2114.760009765625,12.40999984741211,15.3100004196167
2015-04-29,2106.85009765625,13.390000343322754,15.970000267028809
2015-04-30,2085.510009765625,14.550000190734863,16.479999542236328
2015-05-01,2108.2900390625,12.699999809265137,15.380000114440918
2015-05-04,2114.489990234375,12.850000381469727,15.430000305175781
2015-05-05,2089.4599609375,14.3100004196167,16.31999969482422
2015-05-06,2080.14990234375,15.149999618530273,16.719999313354492
2015-05-07,2088.0,15.130000114440918,16.739999771118164
2015-05-08,2116.10009765625,12.859999656677246,15.5600004196167
2015-05-11,2105.330078125,13.850000381469727,16.100000381469727
2015-05-12,2099.1201171875,13.859999656677246,16.399999618530273
2015-05-13,2098.47998046875,13.760000228881836,16.290000915527344
2015-05-14,2121.10009765625,12.739999771118164,15.90999984741211
2015-05-15,2122.72998046875,12.380000114440918,15.569999694824219
2015-05-18,2129.199951171875,12.729999542236328,15.229999542236328
2015-05-19,2127.830078125,12.850000381469727,15.279999732971191
2015-05-20,2125.85009765625,12.880000114440918,15.149999618530273
2015-05-21,2130.820068359375,12.109999656677246,14.609999656677246
2015-05-22,2126.06005859375,12.130000114440918,14.479999542236328
2015-05-26,2104.199951171875,14.0600004196167,15.479999542236328
2015-05-27,2123.47998046875,13.270000457763672,14.989999771118164
2015-05-28,2120.7900390625,13.3100004196167,15.010000228881836
2015-05-29,2107.389892578125,13.84000015258789,15.380000114440918
2015-06-01,2111.72998046875,13.970000267028809,15.40999984741211
2015-06-02,2109.60009765625,14.239999771118164,15.710000038146973
2015-06-03,2114.070068359375,13.65999984741211,15.359999656677246
2015-06-04,2095.840087890625,14.710000038146973,16.280000686645508
2015-06-05,2092.830078125,14.210000038146973,15.960000038146973
2015-06-08,2079.280029296875,15.289999961853027,16.600000381469727
2015-06-09,2080.14990234375,14.470000267028809,16.25
2015-06-10,2105.199951171875,13.220000267028809,15.329999923706055
2015-06-11,2108.860107421875,12.850000381469727,15.100000381469727
2015-06-12,2094.110107421875,13.779999732971191,15.609999656677246
2015-06-15,2084.429931640625,15.390000343322754,16.6200008392334
2015-06-16,2096.2900390625,14.8100004196167,16.200000762939453
2015-06-17,2100.43994140625,14.5,16.219999313354492
2015-06-18,2121.239990234375,13.1899995803833,15.4399995803833
2015-06-19,2109.989990234375,13.960000038146973,15.90999984741211
2015-06-22,2122.85009765625,12.739999771118164,14.989999771118164
2015-06-23,2124.199951171875,12.109999656677246,14.539999961853027
2015-06-24,2108.580078125,13.260000228881836,15.180000305175781
2015-06-25,2102.31005859375,14.010000228881836,15.520000457763672
2015-06-26,2101.489990234375,14.020000457763672,15.460000038146973
2015-06-29,2057.639892578125,18.850000381469727,18.719999313354492
2015-06-30,2063.110107421875,18.229999542236328,18.469999313354492
2015-07-01,2077.419921875,16.09000015258789,16.790000915527344
2015-07-02,2076.780029296875,16.790000915527344,17.68000030517578
2015-07-06,2068.760009765625,17.010000228881836,18.040000915527344
2015-07-07,2081.340087890625,16.09000015258789,17.020000457763672
2015-07-08,2046.6800537109375,19.65999984741211,19.25
2015-07-09,2051.31005859375,19.969999313354492,19.780000686645508
2015-07-10,2076.6201171875,16.829999923706055,17.729999542236328
2015-07-13,2099.60009765625,13.899999618530273,15.9399995803833
2015-07-14,2108.949951171875,13.369999885559082,15.460000038146973
2015-07-15,2107.39990234375,13.229999542236328,15.600000381469727
2015-07-16,2124.2900390625,12.109999656677246,14.729999542236328
2015-07-17,2126.639892578125,11.949999809265137,14.609999656677246
2015-07-20,2128.280029296875,12.25,14.850000381469727
2015-07-21,2119.2099609375,12.220000267028809,14.75
2015-07-22,2114.14990234375,12.119999885559082,14.8100004196167
2015-07-23,2102.14990234375,12.640000343322754,14.920000076293945
2015-07-24,2079.64990234375,13.739999771118164,15.649999618530273
2015-07-27,2067.639892578125,15.600000381469727,16.780000686645508
2015-07-28,2093.25,13.4399995803833,15.430000305175781
2015-07-29,2108.570068359375,12.5,14.920000076293945
2015-07-30,2108.6298828125,12.130000114440918,14.710000038146973
2015-07-31,2103.840087890625,12.119999885559082,14.899999618530273
2015-08-03,2098.0400390625,12.5600004196167,14.84000015258789
2015-08-04,2093.320068359375,13.0,15.130000114440918
2015-08-05,2099.840087890625,12.510000228881836,14.880000114440918
2015-08-06,2083.56005859375,13.770000457763672,15.550000190734863
2015-08-07,2077.570068359375,13.390000343322754,15.420000076293945
2015-08-10,2104.179931640625,12.229999542236328,14.989999771118164
2015-08-11,2084.070068359375,13.710000038146973,15.9399995803833
2015-08-12,2086.050048828125,13.609999656677246,15.869999885559082
2015-08-13,2083.389892578125,13.489999771118164,15.75
2015-08-14,2091.5400390625,12.829999923706055,15.510000228881836
2015-08-17,2102.43994140625,13.020000457763672,15.210000038146973
2015-08-18,2096.919921875,13.789999961853027,15.609999656677246
2015-08-19,2079.610107421875,15.25,16.5
2015-08-20,2035.72998046875,19.139999389648438,18.829999923706055
2015-08-21,1970.8900146484375,28.030000686645508,23.469999313354492
2015-08-24,1893.2099609375,40.7400016784668,31.139999389648438
2015-08-25,1867.6099853515625,36.02000045776367,29.579999923706055
2015-08-26,1940.510009765625,30.31999969482422,25.649999618530273
2015-08-27,1987.6600341796875,26.100000381469727,24.860000610351562
2015-08-28,1988.8699951171875,26.049999237060547,25.34000015258789
2015-08-31,1972.1800537109375,28.43000030517578,26.530000686645508
2015-09-01,1913.8499755859375,31.399999618530273,29.530000686645508
2015-09-02,1948.8599853515625,26.09000015258789,26.190000534057617
2015-09-03,1951.1300048828125,25.610000610351562,26.200000762939453
2015-09-04,1921.219970703125,27.799999237060547,28.06999969482422
2015-09-08,1969.4100341796875,24.899999618530273,25.690000534057617
2015-09-09,1942.0400390625,26.229999542236328,26.309999465942383
2015-09-10,1952.2900390625,24.3700008392334,25.649999618530273
2015-09-11,1961.050048828125,23.200000762939453,24.68000030517578
2015-09-14,1953.030029296875,24.25,23.700000762939453
2015-09-15,1978.0899658203125,22.540000915527344,23.1200008392334
2015-09-16,1995.31005859375,21.350000381469727,22.329999923706055
2015-09-17,1990.199951171875,21.139999389648438,21.139999389648438
2015-09-18,1958.030029296875,22.280000686645508,23.200000762939453
2015-09-21,1966.969970703125,20.139999389648438,21.59000015258789
2015-09-22,1942.739990234375,22.440000534057617,23.280000686645508
2015-09-23,1938.760009765625,22.1299991607666,22.8799991607666
2015-09-24,1932.239990234375,23.469999313354492,23.459999084472656
2015-09-25,1931.3399658203125,23.6200008392334,24.399999618530273
2015-09-28,1881.77001953125,27.6299991607666,26.3799991607666
2015-09-29,1884.0899658203125,26.829999923706055,26.0
2015-09-30,1920.030029296875,24.5,24.75
2015-10-01,1923.8199462890625,22.549999237060547,23.829999923706055
2015-10-02,1951.3599853515625,20.940000534057617,22.600000381469727
2015-10-05,1987.050048828125,19.540000915527344,21.329999923706055
2015-10-06,1979.9200439453125,19.399999618530273,21.59000015258789
2015-10-07,1995.8299560546875,18.399999618530273,20.709999084472656
2015-10-08,2013.4300537109375,17.420000076293945,20.09000015258789
2015-10-09,2014.8900146484375,17.079999923706055,19.850000381469727
2015-10-12,2017.4599609375,16.170000076293945,19.260000228881836
2015-10-13,2003.68994140625,17.670000076293945,20.5
2015-10-14,1994.239990234375,18.030000686645508,20.809999465942383
2015-10-15,2023.8599853515625,16.049999237060547,19.43000030517578
2015-10-16,2033.1099853515625,15.050000190734863,18.670000076293945
2015-10-19,2033.6600341796875,14.979999542236328,17.860000610351562
2015-10-20,2030.77001953125,15.75,18.600000381469727
2015-10-21,2018.93994140625,16.700000762939453,19.459999084472656
2015-10-22,2052.510009765625,14.449999809265137,17.15999984741211
2015-10-23,2075.14990234375,14.460000038146973,17.479999542236328
2015-10-26,2071.179931640625,15.289999961853027,17.989999771118164
2015-10-27,2065.889892578125,15.430000305175781,18.139999389648438
2015-10-28,2090.35009765625,14.329999923706055,17.489999771118164
2015-10-29,2089.409912109375,14.609999656677246,17.809999465942383
2015-10-30,2079.360107421875,15.069999694824219,18.399999618530273
2015-11-02,2104.050048828125,14.149999618530273,17.420000076293945
2015-11-03,2109.7900390625,14.539999961853027,17.469999313354492
2015-11-04,2102.31005859375,15.510000228881836,18.309999465942383
2015-11-05,2099.929931640625,15.050000190734863,17.809999465942383
2015-11-06,2099.199951171875,14.329999923706055,17.450000762939453
2015-11-09,2078.580078125,16.520000457763672,18.850000381469727
2015-11-10,2081.719970703125,15.289999961853027,18.020000457763672
2015-11-11,2075.0,16.059999465942383,18.450000762939453
2015-11-12,2045.969970703125,18.3700008392334,20.170000076293945
2015-11-13,2023.0400390625,20.079999923706055,21.579999923706055
2015-11-16,2053.18994140625,18.15999984741211,19.979999542236328
2015-11-17,2050.43994140625,18.84000015258789,20.43000030517578
2015-11-18,2083.580078125,16.850000381469727,19.219999313354492
2015-11-19,2081.239990234375,16.989999771118164,19.639999389648438
2015-11-20,2089.169921875,15.470000267028809,18.940000534057617
2015-11-23,2086.590087890625,15.619999885559082,18.6299991607666
2015-11-24,2089.139892578125,15.930000305175781,18.709999084472656
2015-11-25,2088.8701171875,15.1899995803833,18.190000534057617
2015-11-27,2090.110107421875,15.119999885559082,17.350000381469727
2015-11-30,2080.409912109375,16.1299991607666,18.489999771118164
2015-12-01,2102.6298828125,14.670000076293945,17.579999923706055
2015-12-02,2079.510009765625,15.90999984741211,18.329999923706055
2015-12-03,2049.6201171875,18.110000610351562,20.110000610351562
2015-12-04,2091.68994140625,14.8100004196167,18.170000076293945
2015-12-07,2077.070068359375,15.84000015258789,18.649999618530273
2015-12-08,2063.590087890625,17.600000381469727,20.059999465942383
2015-12-09,2047.6199951171875,19.610000610351562,21.049999237060547
2015-12-10,2052.22998046875,19.34000015258789,20.760000228881836
2015-12-11,2012.3699951171875,24.389999389648438,24.3799991607666
2015-12-14,2021.93994140625,22.729999542236328,23.299999237060547
2015-12-15,2043.4100341796875,20.950000762939453,21.860000610351562
2015-12-16,2073.070068359375,17.860000610351562,19.56999969482422
2015-12-17,2041.8900146484375,18.940000534057617,20.3700008392334
2015-12-18,2005.550048828125,20.700000762939453,21.260000228881836
2015-12-21,2021.1500244140625,18.700000762939453,21.110000610351562
2015-12-22,2038.969970703125,16.600000381469727,19.84000015258789
2015-12-23,2064.2900390625,15.569999694824219,19.329999923706055
2015-12-24,2060.989990234375,15.739999771118164,19.690000534057617
2015-12-28,2056.5,16.90999984741211,19.68000030517578
2015-12-29,2078.360107421875,16.079999923706055,19.100000381469727
2015-12-30,2063.360107421875,17.290000915527344,19.59000015258789
2015-12-31,2043.93994140625,18.209999084472656,19.799999237060547
2016-01-04,2012.6600341796875,20.700000762939453,22.010000228881836
2016-01-05,2016.7099609375,19.34000015258789,20.520000457763672
2016-01-06,1990.260009765625,20.59000015258789,21.270000457763672
2016-01-07,1943.0899658203125,24.989999771118164,24.6200008392334
2016-01-08,1922.030029296875,27.010000228881836,26.229999542236328
2016-01-11,1923.6700439453125,24.299999237060547,24.729999542236328
2016-01-12,1938.6800537109375,22.469999313354492,22.530000686645508
2016-01-13,1890.280029296875,25.219999313354492,24.889999389648438
2016-01-14,1921.8399658203125,23.950000762939453,23.530000686645508
2016-01-15,1880.3299560546875,27.020000457763672,26.8799991607666
2016-01-19,1881.3299560546875,26.049999237060547,26.440000534057617
2016-01-20,1859.3299560546875,27.59000015258789,27.809999465942383
2016-01-21,1868.989990234375,26.690000534057617,26.709999084472656
2016-01-22,1906.9000244140625,22.34000015258789,24.280000686645508
2016-01-25,1877.0799560546875,24.149999618530273,25.25
2016-01-26,1903.6300048828125,22.5,23.290000915527344
2016-01-27,1882.949951171875,23.110000610351562,24.469999313354492
2016-01-28,1893.3599853515625,22.420000076293945,24.020000457763672
2016-01-29,1940.239990234375,20.200000762939453,22.65999984741211
2016-02-01,1939.3800048828125,19.979999542236328,22.010000228881836
2016-02-02,1903.030029296875,21.979999542236328,23.40999984741211
2016-02-03,1912.530029296875,21.649999618530273,23.200000762939453
2016-02-04,1915.449951171875,21.84000015258789,23.65999984741211
2016-02-05,1880.050048828125,23.3799991607666,24.479999542236328
2016-02-08,1853.43994140625,26.0,25.979999542236328
2016-02-09,1852.2099609375,26.540000915527344,26.799999237060547
2016-02-10,1851.8599853515625,26.290000915527344,26.719999313354492
2016-02-11,1829.0799560546875,28.139999389648438,27.719999313354492
2016-02-12,1864.780029296875,25.399999618530273,26.229999542236328
2016-02-16,1895.5799560546875,24.110000610351562,25.010000228881836
2016-02-17,1926.8199462890625,22.309999465942383,23.549999237060547
2016-02-18,1917.8299560546875,21.639999389648438,23.200000762939453
2016-02-19,1917.780029296875,20.530000686645508,22.799999237060547
2016-02-22,1945.5,19.3799991607666,21.6200008392334
2016-02-23,1921.27001953125,20.979999542236328,22.440000534057617
2016-02-24,1929.800048828125,20.719999313354492,22.34000015258789
2016-02-25,1951.699951171875,19.110000610351562,21.239999771118164
2016-02-26,1948.050048828125,19.809999465942383,21.860000610351562
2016-02-29,1932.22998046875,20.549999237060547,22.389999389648438
2016-03-01,1978.3499755859375,17.700000762939453,20.280000686645508
2016-03-02,1986.449951171875,17.09000015258789,19.920000076293945
2016-03-03,1993.4000244140625,16.700000762939453,19.489999771118164
2016-03-04,1999.989990234375,16.860000610351562,19.6299991607666
2016-03-07,2001.760009765625,17.350000381469727,19.899999618530273
2016-03-08,1979.260009765625,18.670000076293945,21.040000915527344
2016-03-09,1989.260009765625,18.34000015258789,20.75
2016-03-10,1989.5699462890625,18.049999237060547,20.709999084472656
2016-03-11,2022.18994140625,16.5,19.469999313354492
2016-03-14,2019.6400146484375,16.920000076293945,19.420000076293945
2016-03-15,2015.9300537109375,16.84000015258789,19.329999923706055
2016-03-16,2027.219970703125,14.989999771118164,18.479999542236328
2016-03-17,2040.5899658203125,14.4399995803833,18.139999389648438
2016-03-18,2049.580078125,14.020000457763672,17.93000030517578
2016-03-21,2051.60009765625,13.789999961853027,17.59000015258789
2016-03-22,2049.800048828125,14.170000076293945,17.75
2016-03-23,2036.7099609375,14.9399995803833,18.299999237060547
2016-03-24,2035.93994140625,14.739999771118164,18.270000457763672
2016-03-28,2037.050048828125,15.239999771118164,18.299999237060547
2016-03-29,2055.010009765625,13.819999694824219,17.239999771118164
2016-03-30,2063.949951171875,13.5600004196167,16.920000076293945
2016-03-31,2059.739990234375,13.949999809265137,17.079999923706055
2016-04-01,2072.780029296875,13.100000381469727,16.5
2016-04-04,2066.1298828125,14.119999885559082,17.229999542236328
2016-04-05,2045.1700439453125,15.420000076293945,18.3799991607666
2016-04-06,2066.659912109375,14.09000015258789,17.280000686645508
2016-04-07,2041.9100341796875,16.15999984741211,18.860000610351562
2016-04-08,2047.5999755859375,15.359999656677246,18.31999969482422
2016-04-11,2041.989990234375,16.260000228881836,18.889999389648438
2016-04-12,2061.719970703125,14.850000381469727,17.969999313354492
2016-04-13,2082.419921875,13.84000015258789,17.260000228881836
2016-04-14,2082.780029296875,13.720000267028809,17.239999771118164
2016-04-15,2080.72998046875,13.619999885559082,17.15999984741211
2016-04-18,2094.340087890625,13.350000381469727,16.510000228881836
2016-04-19,2100.800048828125,13.239999771118164,16.469999313354492
2016-04-20,2102.39990234375,13.279999732971191,16.600000381469727
2016-04-21,2091.47998046875,13.949999809265137,17.139999389648438
2016-04-22,2091.580078125,13.220000267028809,16.639999389648438
2016-04-25,2087.7900390625,14.079999923706055,17.219999313354492
2016-04-26,2091.699951171875,13.960000038146973,16.920000076293945
2016-04-27,2095.14990234375,13.770000457763672,16.770000457763672
2016-04-28,2075.81005859375,15.220000267028809,17.780000686645508
2016-04-29,2065.300048828125,15.699999809265137,18.450000762939453
2016-05-02,2081.429931640625,14.680000305175781,17.780000686645508
2016-05-03,2063.3701171875,15.600000381469727,18.56999969482422
2016-05-04,2051.1201171875,16.049999237060547,18.90999984741211
2016-05-05,2050.6298828125,15.90999984741211,18.920000076293945
2016-05-06,2057.139892578125,14.720000267028809,18.270000457763672
2016-05-09,2058.68994140625,14.569999694824219,18.049999237060547
2016-05-10,2084.389892578125,13.630000114440918,17.18000030517578
2016-05-11,2064.4599609375,14.6899995803833,18.020000457763672
2016-05-12,2064.110107421875,14.40999984741211,17.75
2016-05-13,2046.6099853515625,15.039999961853027,18.25
2016-05-16,2066.659912109375,14.680000305175781,17.700000762939453
2016-05-17,2047.2099609375,15.569999694824219,18.43000030517578
2016-05-18,2047.6300048828125,15.949999809265137,18.540000915527344
2016-05-19,2040.0400390625,16.329999923706055,18.770000457763672
2016-05-20,2052.320068359375,15.199999809265137,18.049999237060547
2016-05-23,2048.0400390625,15.819999694824219,18.149999618530273
2016-05-24,2076.06005859375,14.420000076293945,17.079999923706055
2016-05-25,2090.5400390625,13.899999618530273,16.770000457763672
2016-05-26,2090.10009765625,13.430000305175781,16.559999465942383
2016-05-27,2099.06005859375,13.119999885559082,16.309999465942383
2016-05-31,2096.949951171875,14.1899995803833,16.6299991607666
2016-06-01,2099.330078125,14.199999809265137,16.700000762939453
2016-06-02,2105.260009765625,13.630000114440918,16.3700008392334
2016-06-03,2099.1298828125,13.470000267028809,16.489999771118164
2016-06-06,2109.409912109375,13.649999618530273,16.440000534057617
2016-06-07,2112.1298828125,14.050000190734863,16.6299991607666
2016-06-08,2119.1201171875,14.079999923706055,16.790000915527344
2016-06-09,2115.47998046875,14.640000343322754,17.31999969482422
2016-06-10,2096.070068359375,17.030000686645508,18.940000534057617
2016-06-13,2079.06005859375,20.969999313354492,21.8700008392334
2016-06-14,2075.320068359375,20.5,21.940000534057617
2016-06-15,2071.5,20.139999389648438,21.809999465942383
2016-06-16,2077.989990234375,19.3700008392334,21.15999984741211
2016-06-17,2071.219970703125,19.40999984741211,21.309999465942383
2016-06-20,2083.25,18.3700008392334,19.809999465942383
2016-06-21,2088.89990234375,18.479999542236328,19.690000534057617
2016-06-22,2085.449951171875,21.170000076293945,21.079999923706055
2016-06-23,2113.320068359375,17.25,18.420000076293945
2016-06-24,2037.4100341796875,25.760000228881836,23.93000030517578
2016-06-27,2000.5400390625,23.850000381469727,23.68000030517578
2016-06-28,2036.0899658203125,18.75,20.260000228881836
2016-06-29,2070.77001953125,16.639999389648438,18.729999542236328
2016-06-30,2098.860107421875,15.630000114440918,18.09000015258789
2016-07-01,2102.949951171875,14.770000457763672,17.649999618530273
2016-07-05,2088.550048828125,15.579999923706055,18.239999771118164
2016-07-06,2099.72998046875,14.960000038146973,17.739999771118164
2016-07-07,2097.89990234375,14.760000228881836,17.760000228881836
2016-07-08,2129.89990234375,13.199999809265137,16.489999771118164
2016-07-11,2137.159912109375,13.539999961853027,16.489999771118164
2016-07-12,2152.139892578125,13.550000190734863,16.170000076293945
2016-07-13,2152.429931640625,13.039999961853027,15.970000267028809
2016-07-14,2163.75,12.819999694824219,15.859999656677246
2016-07-15,2161.739990234375,12.670000076293945,15.989999771118164
2016-07-18,2166.889892578125,12.4399995803833,15.770000457763672
2016-07-19,2163.780029296875,11.970000267028809,15.739999771118164
2016-07-20,2173.02001953125,11.770000457763672,15.4399995803833
2016-07-21,2165.169921875,12.739999771118164,16.100000381469727
2016-07-22,2175.030029296875,12.020000457763672,15.800000190734863
2016-07-25,2168.47998046875,12.869999885559082,16.270000457763672
2016-07-26,2169.179931640625,13.050000190734863,16.31999969482422
2016-07-27,2166.580078125,12.829999923706055,16.100000381469727
2016-07-28,2170.06005859375,12.720000267028809,16.0
2016-07-29,2173.60009765625,11.869999885559082,15.420000076293945
2016-08-01,2170.840087890625,12.4399995803833,15.699999809265137
2016-08-02,2157.030029296875,13.369999885559082,16.389999389648438
2016-08-03,2163.7900390625,12.859999656677246,16.079999923706055
2016-08-04,2164.25,12.420000076293945,15.710000038146973
2016-08-05,2182.8701171875,11.390000343322754,15.140000343322754
2016-08-08,2180.889892578125,11.5,15.15999984741211
2016-08-09,2181.739990234375,11.65999984741211,15.109999656677246
2016-08-10,2175.489990234375,12.050000190734863,15.40999984741211
2016-08-11,2185.7900390625,11.680000305175781,15.300000190734863
2016-08-12,2184.050048828125,11.550000190734863,15.260000228881836
2016-08-15,2190.14990234375,11.8100004196167,15.380000114440918
2016-08-16,2178.14990234375,12.640000343322754,16.020000457763672
2016-08-17,2182.219970703125,12.1899995803833,15.520000457763672
2016-08-18,2187.02001953125,11.430000305175781,15.15999984741211
2016-08-19,2183.8701171875,11.34000015258789,15.130000114440918
2016-08-22,2182.639892578125,12.270000457763672,15.5
2016-08-23,2186.89990234375,12.380000114440918,15.420000076293945
2016-08-24,2175.43994140625,13.449999809265137,16.0
2016-08-25,2172.469970703125,13.630000114440918,16.1299991607666
2016-08-26,2169.0400390625,13.649999618530273,16.239999771118164
2016-08-29,2180.3798828125,12.9399995803833,15.930000305175781
2016-08-30,2176.1201171875,13.119999885559082,16.030000686645508
2016-08-31,2170.949951171875,13.420000076293945,16.139999389648438
2016-09-01,2170.860107421875,13.479999542236328,16.309999465942383
2016-09-02,2179.97998046875,11.979999542236328,15.649999618530273
2016-09-06,2186.47998046875,12.020000457763672,15.5600004196167
2016-09-07,2186.159912109375,11.9399995803833,15.489999771118164
2016-09-08,2181.300048828125,12.510000228881836,15.8100004196167
2016-09-09,2127.81005859375,17.5,18.829999923706055
2016-09-12,2159.0400390625,15.15999984741211,17.270000457763672
2016-09-13,2127.02001953125,17.850000381469727,19.049999237060547
2016-09-14,2125.77001953125,18.139999389648438,19.350000381469727
2016-09-15,2147.260009765625,16.299999237060547,18.190000534057617
2016-09-16,2139.159912109375,15.369999885559082,17.8799991607666
2016-09-19,2139.1201171875,15.529999732971191,17.780000686645508
2016-09-20,2139.760009765625,15.920000076293945,17.989999771118164
2016-09-21,2163.1201171875,13.300000190734863,16.65999984741211
2016-09-22,2177.179931640625,12.020000457763672,15.9399995803833
2016-09-23,2164.68994140625,12.289999961853027,16.049999237060547
2016-09-26,2146.10009765625,14.5,17.280000686645508
2016-09-27,2159.929931640625,13.100000381469727,16.450000762939453
2016-09-28,2171.3701171875,12.390000343322754,16.010000228881836
2016-09-29,2151.1298828125,14.020000457763672,16.8700008392334
2016-09-30,2168.27001953125,13.289999961853027,16.3700008392334
2016-10-03,2161.199951171875,13.569999694824219,16.399999618530273
2016-10-04,2150.489990234375,13.630000114440918,16.469999313354492
2016-10-05,2159.72998046875,12.989999771118164,16.219999313354492
2016-10-06,2160.77001953125,12.84000015258789,16.06999969482422
2016-10-07,2153.739990234375,13.479999542236328,16.440000534057617
2016-10-10,2163.659912109375,13.380000114440918,15.949999809265137
2016-10-11,2136.72998046875,15.359999656677246,16.940000534057617
2016-10-12,2139.179931640625,15.90999984741211,17.020000457763672
2016-10-13,2132.550048828125,16.690000534057617,17.59000015258789
2016-10-14,2132.97998046875,16.1200008392334,17.420000076293945
2016-10-17,2126.5,16.209999084472656,17.469999313354492
2016-10-18,2139.60009765625,15.279999732971191,16.920000076293945
2016-10-19,2144.2900390625,14.40999984741211,16.459999084472656
2016-10-20,2141.340087890625,13.75,16.229999542236328
2016-10-21,2141.159912109375,13.34000015258789,16.040000915527344
2016-10-24,2151.330078125,13.020000457763672,15.609999656677246
2016-10-25,2143.159912109375,13.460000038146973,15.8100004196167
2016-10-26,2139.429931640625,14.239999771118164,16.25
2016-10-27,2133.0400390625,15.359999656677246,16.93000030517578
2016-10-28,2126.409912109375,16.190000534057617,17.3700008392334
2016-10-31,2126.14990234375,17.059999465942383,17.850000381469727
2016-11-01,2111.719970703125,18.559999465942383,18.739999771118164
2016-11-02,2097.93994140625,19.31999969482422,19.18000030517578
2016-11-03,2088.659912109375,22.079999923706055,20.700000762939453
2016-11-04,2085.179931640625,22.510000228881836,21.1299991607666
2016-11-07,2131.52001953125,18.709999084472656,18.149999618530273
2016-11-08,2139.56005859375,18.739999771118164,18.100000381469727
2016-11-09,2163.260009765625,14.380000114440918,16.280000686645508
2016-11-10,2167.47998046875,14.739999771118164,16.75
2016-11-11,2164.449951171875,14.170000076293945,16.489999771118164
2016-11-14,2164.199951171875,14.479999542236328,16.700000762939453
2016-11-15,2180.389892578125,13.369999885559082,15.75
2016-11-16,2176.93994140625,13.720000267028809,16.06999969482422
2016-11-17,2187.1201171875,13.350000381469727,15.640000343322754
2016-11-18,2181.89990234375,12.850000381469727,15.520000457763672
2016-11-21,2198.179931640625,12.420000076293945,15.319999694824219
2016-11-22,2202.93994140625,12.40999984741211,15.350000381469727
2016-11-23,2204.719970703125,12.430000305175781,15.430000305175781
2016-11-25,2213.35009765625,12.34000015258789,15.510000228881836
2016-11-28,2201.719970703125,13.149999618530273,16.020000457763672
2016-11-29,2204.659912109375,12.899999618530273,15.899999618530273
2016-11-30,2198.81005859375,13.329999923706055,16.100000381469727
2016-12-01,2191.080078125,14.069999694824219,16.670000076293945
2016-12-02,2191.949951171875,14.119999885559082,16.780000686645508
2016-12-05,2204.7099609375,12.140000343322754,15.770000457763672
2016-12-06,2212.22998046875,11.789999961853027,15.479999542236328
2016-12-07,2241.35009765625,12.220000267028809,15.479999542236328
2016-12-08,2246.18994140625,12.640000343322754,15.720000267028809
2016-12-09,2259.530029296875,11.75,15.220000267028809
2016-12-12,2256.9599609375,12.640000343322754,15.729999542236328
2016-12-13,2271.719970703125,12.720000267028809,15.699999809265137
2016-12-14,2253.280029296875,13.1899995803833,15.869999885559082
2016-12-15,2262.030029296875,12.789999961853027,15.75
2016-12-16,2258.070068359375,12.199999809265137,15.569999694824219
2016-12-19,2262.530029296875,11.710000038146973,15.3100004196167
2016-12-20,2270.760009765625,11.449999809265137,15.140000343322754
2016-12-21,2265.179931640625,11.270000457763672,15.09000015258789
2016-12-22,2260.9599609375,11.430000305175781,15.289999961853027
2016-12-23,2263.7900390625,11.4399995803833,15.25
2016-12-27,2268.8798828125,11.989999771118164,15.359999656677246
2016-12-28,2249.919921875,12.949999809265137,15.930000305175781
2016-12-29,2249.260009765625,13.369999885559082,16.15999984741211
2016-12-30,2238.830078125,14.039999961853027,16.540000915527344
2017-01-03,2257.830078125,12.850000381469727,15.5600004196167
2017-01-04,2270.75,11.850000381469727,14.84000015258789
2017-01-05,2269.0,11.670000076293945,14.699999809265137
2017-01-06,2276.97998046875,11.319999694824219,14.5600004196167
2017-01-09,2268.89990234375,11.5600004196167,14.630000114440918
2017-01-10,2268.89990234375,11.489999771118164,14.65999984741211
2017-01-11,2275.320068359375,11.260000228881836,14.470000267028809
2017-01-12,2270.43994140625,11.539999961853027,14.579999923706055
2017-01-13,2274.639892578125,11.229999542236328,14.539999961853027
2017-01-17,2267.889892578125,11.869999885559082,14.890000343322754
2017-01-18,2271.889892578125,12.479999542236328,14.9399995803833
2017-01-19,2263.68994140625,12.779999732971191,15.020000457763672
2017-01-20,2271.31005859375,11.539999961853027,14.489999771118164
2017-01-23,2265.199951171875,11.770000457763672,14.539999961853027
2017-01-24,2280.070068359375,11.069999694824219,13.869999885559082
2017-01-25,2298.3701171875,10.8100004196167,13.609999656677246
2017-01-26,2296.679931640625,10.630000114440918,13.630000114440918
2017-01-27,2294.68994140625,10.579999923706055,13.680000305175781
2017-01-30,2280.89990234375,11.880000114440918,14.40999984741211
2017-01-31,2278.8701171875,11.989999771118164,14.479999542236328
2017-02-01,2279.550048828125,11.8100004196167,14.289999961853027
2017-02-02,2280.85009765625,11.930000305175781,14.59000015258789
2017-02-03,2297.419921875,10.970000267028809,14.050000190734863
2017-02-06,2292.56005859375,11.369999885559082,14.239999771118164
2017-02-07,2293.080078125,11.289999961853027,14.350000381469727
2017-02-08,2294.669921875,11.449999809265137,14.5600004196167
2017-02-09,2307.8701171875,10.880000114440918,14.170000076293945
2017-02-10,2316.10009765625,10.850000381469727,13.90999984741211
2017-02-13,2328.25,11.069999694824219,13.680000305175781
2017-02-14,2337.580078125,10.739999771118164,13.1899995803833
2017-02-15,2349.25,11.970000267028809,13.40999984741211
2017-02-16,2347.219970703125,11.760000228881836,13.630000114440918
2017-02-17,2351.159912109375,11.489999771118164,13.720000267028809
2017-02-21,2365.3798828125,11.569999694824219,14.039999961853027
2017-02-22,2362.820068359375,11.739999771118164,14.390000343322754
2017-02-23,2363.81005859375,11.710000038146973,14.739999771118164
2017-02-24,2367.340087890625,11.470000267028809,14.760000228881836
2017-02-27,2369.75,12.09000015258789,14.90999984741211
2017-02-28,2363.639892578125,12.920000076293945,15.279999732971191
2017-03-01,2395.9599609375,12.539999961853027,14.859999656677246
2017-03-02,2381.919921875,11.8100004196167,14.770000457763672
2017-03-03,2383.1201171875,10.960000038146973,14.260000228881836
2017-03-06,2375.31005859375,11.239999771118164,14.34000015258789
2017-03-07,2368.389892578125,11.449999809265137,14.40999984741211
2017-03-08,2362.97998046875,11.859999656677246,14.539999961853027
2017-03-09,2364.8701171875,12.300000190734863,14.779999732971191
2017-03-10,2372.60009765625,11.65999984741211,14.380000114440918
2017-03-13,2373.469970703125,11.350000381469727,14.359999656677246
2017-03-14,2365.449951171875,12.300000190734863,14.630000114440918
2017-03-15,2385.260009765625,11.630000114440918,14.199999809265137
2017-03-16,2381.3798828125,11.210000038146973,13.779999732971191
2017-03-17,2378.25,11.279999732971191,13.920000076293945
2017-03-20,2373.469970703125,11.34000015258789,13.899999618530273
2017-03-21,2344.02001953125,12.470000267028809,14.619999885559082
2017-03-22,2348.449951171875,12.8100004196167,14.680000305175781
2017-03-23,2345.9599609375,13.119999885559082,14.90999984741211
2017-03-24,2343.97998046875,12.960000038146973,14.550000190734863
2017-03-27,2341.590087890625,12.5,14.229999542236328
2017-03-28,2358.570068359375,11.529999732971191,13.680000305175781
2017-03-29,2361.1298828125,11.420000076293945,13.430000305175781
2017-03-30,2368.06005859375,11.539999961853027,13.369999885559082
2017-03-31,2362.719970703125,12.369999885559082,13.600000381469727
2017-04-03,2358.840087890625,12.380000114440918,13.670000076293945
2017-04-04,2360.159912109375,11.789999961853027,13.369999885559082
2017-04-05,2352.949951171875,12.890000343322754,14.119999885559082
2017-04-06,2357.489990234375,12.390000343322754,13.65999984741211
2017-04-07,2355.5400390625,12.869999885559082,14.0600004196167
2017-04-10,2357.159912109375,14.050000190734863,14.579999923706055
2017-04-11,2353.780029296875,15.069999694824219,15.15999984741211
2017-04-12,2344.929931640625,15.770000457763672,15.279999732971191
2017-04-13,2328.949951171875,15.960000038146973,15.75
2017-04-17,2349.010009765625,14.65999984741211,14.859999656677246
2017-04-18,2342.18994140625,14.420000076293945,14.760000228881836
2017-04-19,2338.169921875,14.930000305175781,15.079999923706055
2017-04-20,2355.840087890625,14.149999618530273,14.529999732971191
2017-04-21,2348.68994140625,14.630000114440918,14.75
2017-04-24,2374.14990234375,10.84000015258789,12.899999618530273
2017-04-25,2388.610107421875,10.760000228881836,12.850000381469727
2017-04-26,2387.449951171875,10.850000381469727,12.979999542236328
2017-04-27,2388.77001953125,10.359999656677246,12.800000190734863
2017-04-28,2384.199951171875,10.819999694824219,12.930000305175781
2017-05-01,2388.330078125,10.109999656677246,12.630000114440918
2017-05-02,2391.169921875,10.59000015258789,12.829999923706055
2017-05-03,2388.1298828125,10.680000305175781,13.09000015258789
2017-05-04,2389.52001953125,10.460000038146973,12.829999923706055
2017-05-05,2399.2900390625,10.569999694824219,12.850000381469727
2017-05-08,2399.3798828125,9.770000457763672,12.59000015258789
2017-05-09,2396.919921875,9.960000038146973,12.710000038146973
2017-05-10,2399.6298828125,10.210000038146973,12.90999984741211
2017-05-11,2394.43994140625,10.600000381469727,13.010000228881836
2017-05-12,2390.89990234375,10.399999618530273,12.970000267028809
2017-05-15,2402.320068359375,10.420000076293945,12.779999732971191
2017-05-16,2400.669921875,10.649999618530273,12.649999618530273
2017-05-17,2357.030029296875,15.59000015258789,15.600000381469727
2017-05-18,2365.719970703125,14.65999984741211,14.970000267028809
2017-05-19,2381.72998046875,12.039999961853027,13.489999771118164
2017-05-22,2394.02001953125,10.930000305175781,12.960000038146973
2017-05-23,2398.419921875,10.720000267028809,12.899999618530273
2017-05-24,2404.389892578125,10.020000457763672,12.59000015258789
2017-05-25,2415.070068359375,9.989999771118164,12.510000228881836
2017-05-26,2415.820068359375,9.8100004196167,12.4399995803833
2017-05-30,2412.909912109375,10.380000114440918,12.739999771118164
2017-05-31,2411.800048828125,10.40999984741211,12.630000114440918
2017-06-01,2430.06005859375,9.890000343322754,12.420000076293945
2017-06-02,2439.070068359375,9.75,12.460000038146973
2017-06-05,2436.10009765625,10.069999694824219,12.850000381469727
2017-06-06,2429.330078125,10.449999809265137,13.079999923706055
2017-06-07,2433.139892578125,10.390000343322754,13.09000015258789
2017-06-08,2433.7900390625,10.15999984741211,12.760000228881836
2017-06-09,2431.77001953125,10.699999809265137,12.960000038146973
2017-06-12,2429.389892578125,11.460000038146973,13.300000190734863
2017-06-13,2440.35009765625,10.420000076293945,12.729999542236328
2017-06-14,2437.919921875,10.640000343322754,12.770000457763672
2017-06-15,2432.4599609375,10.899999618530273,12.90999984741211
2017-06-16,2433.14990234375,10.380000114440918,12.710000038146973
2017-06-19,2453.4599609375,10.369999885559082,12.399999618530273
2017-06-20,2437.030029296875,10.859999656677246,12.6899995803833
2017-06-21,2435.610107421875,10.75,12.760000228881836
2017-06-22,2434.5,10.479999542236328,12.619999885559082
2017-06-23,2438.300048828125,10.020000457763672,12.359999656677246
2017-06-26,2439.070068359375,9.899999618530273,12.270000457763672
2017-06-27,2419.3798828125,11.0600004196167,12.960000038146973
2017-06-28,2440.68994140625,10.029999732971191,12.399999618530273
2017-06-29,2419.699951171875,11.4399995803833,13.149999618530273
2017-06-30,2423.409912109375,11.180000305175781,13.140000343322754
2017-07-03,2429.010009765625,11.220000267028809,13.3100004196167
2017-07-05,2432.5400390625,11.069999694824219,13.3100004196167
2017-07-06,2409.75,12.539999961853027,14.109999656677246
2017-07-07,2425.179931640625,11.1899995803833,13.520000457763672
2017-07-10,2427.429931640625,11.109999656677246,13.350000381469727
2017-07-11,2425.530029296875,10.890000343322754,13.15999984741211
2017-07-12,2443.25,10.300000190734863,12.779999732971191
2017-07-13,2447.830078125,9.899999618530273,12.550000190734863
2017-07-14,2459.27001953125,9.510000228881836,12.229999542236328
2017-07-17,2459.139892578125,9.819999694824219,12.279999732971191
2017-07-18,2460.610107421875,9.890000343322754,12.25
2017-07-19,2473.830078125,9.789999961853027,12.0
2017-07-20,2473.449951171875,9.579999923706055,12.039999961853027
2017-07-21,2472.5400390625,9.359999656677246,12.0600004196167
2017-07-24,2469.909912109375,9.430000305175781,12.039999961853027
2017-07-25,2477.1298828125,9.430000305175781,12.050000190734863
2017-07-26,2477.830078125,9.600000381469727,12.109999656677246
2017-07-27,2475.419921875,10.109999656677246,12.420000076293945
2017-07-28,2472.10009765625,10.289999961853027,12.579999923706055
2017-07-31,2470.300048828125,10.260000228881836,12.470000267028809
2017-08-01,2476.35009765625,10.09000015258789,12.399999618530273
2017-08-02,2477.570068359375,10.279999732971191,12.5600004196167
2017-08-03,2472.159912109375,10.4399995803833,12.739999771118164
2017-08-04,2476.830078125,10.029999732971191,12.75
2017-08-07,2480.909912109375,9.930000305175781,12.65999984741211
2017-08-08,2474.919921875,10.960000038146973,13.199999809265137
2017-08-09,2474.02001953125,11.109999656677246,13.489999771118164
2017-08-10,2438.2099609375,16.040000915527344,16.209999084472656
2017-08-11,2441.320068359375,15.510000228881836,16.389999389648438
2017-08-14,2465.840087890625,12.329999923706055,13.920000076293945
2017-08-15,2464.610107421875,12.039999961853027,13.899999618530273
2017-08-16,2468.110107421875,11.739999771118164,13.579999923706055
2017-08-17,2430.010009765625,15.550000190734863,16.139999389648438
2017-08-18,2425.550048828125,14.260000228881836,15.649999618530273
2017-08-21,2428.3701171875,13.1899995803833,14.989999771118164
2017-08-22,2452.510009765625,11.350000381469727,13.630000114440918
2017-08-23,2444.0400390625,12.25,14.329999923706055
2017-08-24,2438.969970703125,12.229999542236328,14.390000343322754
2017-08-25,2443.050048828125,11.279999732971191,13.989999771118164
2017-08-28,2444.239990234375,11.319999694824219,13.989999771118164
2017-08-29,2446.300048828125,11.699999809265137,14.119999885559082
2017-08-30,2457.590087890625,11.220000267028809,14.140000343322754
2017-08-31,2471.64990234375,10.59000015258789,13.800000190734863
2017-09-01,2476.550048828125,10.130000114440918,13.59000015258789
2017-09-05,2457.85009765625,12.229999542236328,14.579999923706055
2017-09-06,2465.5400390625,11.630000114440918,14.399999618530273
2017-09-07,2465.10009765625,11.550000190734863,14.319999694824219
2017-09-08,2461.429931640625,12.119999885559082,14.6899995803833
2017-09-11,2488.110107421875,10.729999542236328,13.859999656677246
2017-09-12,2496.47998046875,10.579999923706055,13.5600004196167
2017-09-13,2498.3701171875,10.5,13.229999542236328
2017-09-14,2495.6201171875,10.4399995803833,13.15999984741211
2017-09-15,2500.22998046875,10.170000076293945,12.960000038146973
2017-09-18,2503.8701171875,10.149999618530273,12.6899995803833
2017-09-19,2506.64990234375,10.180000305175781,12.729999542236328
2017-09-20,2508.239990234375,9.779999732971191,12.65999984741211
2017-09-21,2500.60009765625,9.670000076293945,12.65999984741211
2017-09-22,2502.219970703125,9.59000015258789,12.850000381469727
2017-09-25,2496.659912109375,10.210000038146973,13.0600004196167
2017-09-26,2496.840087890625,10.170000076293945,13.020000457763672
2017-09-27,2507.0400390625,9.869999885559082,12.90999984741211
2017-09-28,2510.06005859375,9.550000190734863,12.760000228881836
2017-09-29,2519.360107421875,9.510000228881836,12.489999771118164
2017-10-02,2529.1201171875,9.449999809265137,12.359999656677246
2017-10-03,2534.580078125,9.510000228881836,12.3100004196167
2017-10-04,2537.739990234375,9.630000114440918,12.380000114440918
2017-10-05,2552.070068359375,9.1899995803833,12.180000305175781
2017-10-06,2549.330078125,9.649999618530273,12.4399995803833
2017-10-09,2544.72998046875,10.329999923706055,12.729999542236328
2017-10-10,2550.639892578125,10.079999923706055,12.470000267028809
2017-10-11,2555.239990234375,9.850000381469727,12.239999771118164
2017-10-12,2550.929931640625,9.90999984741211,12.260000228881836
2017-10-13,2553.169921875,9.609999656677246,11.979999542236328
2017-10-16,2557.639892578125,9.90999984741211,11.9399995803833
2017-10-17,2559.360107421875,10.3100004196167,12.050000190734863
2017-10-18,2561.260009765625,10.069999694824219,11.920000076293945
2017-10-19,2562.10009765625,10.050000190734863,11.960000038146973
2017-10-20,2575.2099609375,9.970000267028809,11.850000381469727
2017-10-23,2564.97998046875,11.069999694824219,12.550000190734863
2017-10-24,2569.1298828125,11.15999984741211,12.670000076293945
2017-10-25,2557.14990234375,11.229999542236328,12.949999809265137
2017-10-26,2560.39990234375,11.300000190734863,12.930000305175781
2017-10-27,2581.070068359375,9.800000190734863,12.229999542236328
2017-10-30,2572.830078125,10.5,12.569999694824219
2017-10-31,2575.260009765625,10.180000305175781,12.380000114440918
2017-11-01,2579.360107421875,10.199999809265137,12.569999694824219
2017-11-02,2579.85009765625,9.930000305175781,12.680000305175781
2017-11-03,2587.840087890625,9.140000343322754,12.420000076293945
2017-11-06,2591.1298828125,9.399999618530273,12.569999694824219
2017-11-07,2590.639892578125,9.890000343322754,12.760000228881836
2017-11-08,2594.3798828125,9.779999732971191,12.880000114440918
2017-11-09,2584.6201171875,10.5,13.140000343322754
2017-11-10,2582.300048828125,11.289999961853027,13.609999656677246
2017-11-13,2584.840087890625,11.5,13.75
2017-11-14,2578.8701171875,11.59000015258789,13.930000305175781
2017-11-15,2564.6201171875,13.130000114440918,14.65999984741211
2017-11-16,2585.639892578125,11.760000228881836,13.960000038146973
2017-11-17,2578.85009765625,11.430000305175781,13.800000190734863
2017-11-20,2582.139892578125,10.649999618530273,13.279999732971191
2017-11-21,2599.030029296875,9.729999542236328,12.550000190734863
2017-11-22,2597.080078125,9.880000114440918,12.4399995803833
2017-11-24,2602.419921875,9.670000076293945,12.420000076293945
2017-11-27,2601.419921875,9.869999885559082,12.569999694824219
2017-11-28,2627.0400390625,10.029999732971191,12.270000457763672
2017-11-29,2626.070068359375,10.699999809265137,12.819999694824219
2017-11-30,2647.580078125,11.279999732971191,13.039999961853027
2017-12-01,2642.219970703125,11.430000305175781,13.279999732971191
2017-12-04,2639.43994140625,11.680000305175781,13.550000190734863
2017-12-05,2629.570068359375,11.329999923706055,13.539999961853027
2017-12-06,2629.27001953125,11.020000457763672,13.449999809265137
2017-12-07,2636.97998046875,10.15999984741211,12.930000305175781
2017-12-08,2651.5,9.579999923706055,12.460000038146973
2017-12-11,2659.989990234375,9.34000015258789,12.279999732971191
2017-12-12,2664.110107421875,9.920000076293945,12.479999542236328
2017-12-13,2662.85009765625,10.180000305175781,12.5
2017-12-14,2652.010009765625,10.489999771118164,12.800000190734863
2017-12-15,2675.81005859375,9.420000076293945,12.079999923706055
2017-12-18,2690.159912109375,9.529999732971191,12.069999694824219
2017-12-19,2681.469970703125,10.029999732971191,12.510000228881836
2017-12-20,2679.25,9.720000267028809,12.369999885559082
2017-12-21,2684.570068359375,9.619999885559082,12.350000381469727
2017-12-22,2683.340087890625,9.899999618530273,12.489999771118164
2017-12-26,2680.5,10.25,12.619999885559082
2017-12-27,2682.6201171875,10.470000267028809,12.649999618530273
2017-12-28,2687.5400390625,10.180000305175781,12.760000228881836
2017-12-29,2673.610107421875,11.039999961853027,13.09000015258789
2018-01-02,2695.81005859375,9.770000457763672,12.609999656677246
2018-01-03,2713.06005859375,9.149999618530273,12.319999694824219
2018-01-04,2723.989990234375,9.220000267028809,12.239999771118164
2018-01-05,2743.14990234375,9.220000267028809,12.0600004196167
2018-01-08,2747.7099609375,9.520000457763672,12.149999618530273
2018-01-09,2751.2900390625,10.079999923706055,12.40999984741211
2018-01-10,2748.22998046875,9.819999694824219,12.359999656677246
2018-01-11,2767.56005859375,9.880000114440918,12.15999984741211
2018-01-12,2786.239990234375,10.15999984741211,12.199999809265137
2018-01-16,2776.419921875,11.65999984741211,13.229999542236328
2018-01-17,2802.56005859375,11.90999984741211,13.25
2018-01-18,2798.030029296875,12.220000267028809,13.579999923706055
2018-01-19,2810.300048828125,11.270000457763672,13.039999961853027
2018-01-22,2832.969970703125,11.029999732971191,12.989999771118164
2018-01-23,2839.1298828125,11.100000381469727,13.220000267028809
2018-01-24,2837.5400390625,11.470000267028809,13.529999732971191
2018-01-25,2839.25,11.579999923706055,13.680000305175781
2018-01-26,2872.8701171875,11.079999923706055,13.460000038146973
2018-01-29,2853.530029296875,13.84000015258789,14.989999771118164
2018-01-30,2822.429931640625,14.789999961853027,15.829999923706055
2018-01-31,2823.81005859375,13.539999961853027,14.899999618530273
2018-02-01,2821.97998046875,13.470000267028809,14.720000267028809
2018-02-02,2762.1298828125,17.309999465942383,17.030000686645508
2018-02-05,2648.93994140625,37.31999969482422,28.1299991607666
2018-02-06,2695.139892578125,29.979999542236328,23.75
2018-02-07,2681.659912109375,27.729999542236328,23.030000686645508
2018-02-08,2581.0,33.459999084472656,27.329999923706055
2018-02-09,2619.550048828125,29.059999465942383,24.920000076293945
2018-02-12,2656.0,25.610000610351562,22.860000610351562
2018-02-13,2662.93994140625,24.969999313354492,22.649999618530273
2018-02-14,2698.6298828125,19.260000228881836,19.34000015258789
2018-02-15,2731.199951171875,19.1299991607666,19.079999923706055
2018-02-16,2732.219970703125,19.459999084472656,19.170000076293945
2018-02-20,2716.260009765625,20.600000381469727,20.010000228881836
2018-02-21,2701.330078125,20.020000457763672,20.030000686645508
2018-02-22,2703.9599609375,18.719999313354492,19.059999465942383
2018-02-23,2747.300048828125,16.489999771118164,17.5
2018-02-26,2779.60009765625,15.800000190734863,16.920000076293945
2018-02-27,2744.280029296875,18.59000015258789,19.020000457763672
2018-02-28,2713.830078125,19.850000381469727,19.889999389648438
2018-03-01,2677.669921875,22.469999313354492,21.420000076293945
2018-03-02,2691.25,19.59000015258789,19.860000610351562
2018-03-05,2720.93994140625,18.729999542236328,19.209999084472656
2018-03-06,2728.1201171875,18.360000610351562,19.239999771118164
2018-03-07,2726.800048828125,17.760000228881836,18.84000015258789
2018-03-08,2738.969970703125,16.540000915527344,18.18000030517578
2018-03-09,2786.570068359375,14.640000343322754,17.010000228881836
2018-03-12,2783.02001953125,15.779999732971191,17.799999237060547
2018-03-13,2765.31005859375,16.350000381469727,18.049999237060547
2018-03-14,2749.47998046875,17.229999542236328,18.780000686645508
2018-03-15,2747.330078125,16.59000015258789,18.209999084472656
2018-03-16,2752.010009765625,15.800000190734863,17.739999771118164
2018-03-19,2712.919921875,19.020000457763672,19.3799991607666
2018-03-20,2716.93994140625,18.200000762939453,18.8799991607666
2018-03-21,2711.929931640625,17.860000610351562,18.709999084472656
2018-03-22,2643.68994140625,23.34000015258789,21.65999984741211
2018-03-23,2588.260009765625,24.8700008392334,22.790000915527344
2018-03-26,2658.550048828125,21.030000686645508,20.700000762939453
2018-03-27,2612.6201171875,22.5,21.940000534057617
2018-03-28,2605.0,22.8700008392334,22.309999465942383
2018-03-29,2640.8701171875,19.969999313354492,20.549999237060547
2018-04-02,2581.8798828125,23.6200008392334,22.56999969482422
2018-04-03,2614.449951171875,21.100000381469727,21.020000457763672
2018-04-04,2644.68994140625,20.059999465942383,20.420000076293945
2018-04-05,2662.840087890625,18.940000534057617,19.610000610351562
2018-04-06,2604.469970703125,21.489999771118164,21.200000762939453
2018-04-09,2613.159912109375,21.770000457763672,21.229999542236328
2018-04-10,2656.8701171875,20.469999313354492,20.399999618530273
2018-04-11,2642.18994140625,20.239999771118164,20.3700008392334
2018-04-12,2663.989990234375,18.489999771118164,19.280000686645508
2018-04-13,2656.300048828125,17.40999984741211,18.549999237060547
2018-04-16,2677.840087890625,16.559999465942383,17.81999969482422
2018-04-17,2706.389892578125,15.25,16.799999237060547
2018-04-18,2708.639892578125,15.600000381469727,16.799999237060547
2018-04-19,2693.1298828125,15.960000038146973,17.1200008392334
2018-04-20,2670.139892578125,16.8799991607666,17.719999313354492
2018-04-23,2670.2900390625,16.34000015258789,17.350000381469727
2018-04-24,2634.56005859375,18.020000457763672,18.229999542236328
2018-04-25,2639.39990234375,17.84000015258789,18.229999542236328
2018-04-26,2666.93994140625,16.239999771118164,17.290000915527344
2018-04-27,2669.909912109375,15.40999984741211,17.079999923706055
2018-04-30,2648.050048828125,15.930000305175781,17.34000015258789
2018-05-01,2654.800048828125,15.489999771118164,16.90999984741211
2018-05-02,2635.669921875,15.970000267028809,17.260000228881836
2018-05-03,2629.72998046875,15.899999618530273,17.030000686645508
2018-05-04,2663.419921875,14.770000457763672,16.649999618530273
2018-05-07,2672.6298828125,14.75,16.649999618530273
2018-05-08,2671.919921875,14.710000038146973,16.479999542236328
2018-05-09,2697.7900390625,13.420000076293945,15.779999732971191
2018-05-10,2723.070068359375,13.229999542236328,15.239999771118164
2018-05-11,2727.719970703125,12.649999618530273,14.819999694824219
2018-05-14,2730.1298828125,12.930000305175781,14.529999732971191
2018-05-15,2711.449951171875,14.630000114440918,15.789999961853027
2018-05-16,2722.4599609375,13.420000076293945,15.140000343322754
2018-05-17,2720.1298828125,13.430000305175781,15.020000457763672
2018-05-18,2712.969970703125,13.420000076293945,15.1899995803833
2018-05-21,2733.010009765625,13.079999923706055,14.6899995803833
2018-05-22,2724.43994140625,13.220000267028809,14.880000114440918
2018-05-23,2733.2900390625,12.579999923706055,14.479999542236328
2018-05-24,2727.760009765625,12.529999732971191,14.430000305175781
2018-05-25,2721.330078125,13.220000267028809,14.829999923706055
2018-05-29,2689.860107421875,17.020000457763672,17.1299991607666
2018-05-30,2724.010009765625,14.9399995803833,16.0
2018-05-31,2705.27001953125,15.430000305175781,16.329999923706055
2018-06-01,2734.6201171875,13.460000038146973,15.270000457763672
2018-06-04,2746.8701171875,12.739999771118164,14.899999618530273
2018-06-05,2748.800048828125,12.399999618530273,14.720000267028809
2018-06-06,2772.35009765625,11.640000343322754,14.1899995803833
2018-06-07,2770.3701171875,12.130000114440918,14.430000305175781
2018-06-08,2779.030029296875,12.180000305175781,14.600000381469727
2018-06-11,2782.0,12.350000381469727,14.550000190734863
2018-06-12,2786.85009765625,12.34000015258789,14.59000015258789
2018-06-13,2775.6298828125,12.9399995803833,14.920000076293945
2018-06-14,2782.489990234375,12.119999885559082,14.399999618530273
2018-06-15,2779.659912109375,11.979999542236328,14.420000076293945
2018-06-18,2773.75,12.3100004196167,14.479999542236328
2018-06-19,2762.590087890625,13.350000381469727,15.170000076293945
2018-06-20,2767.320068359375,12.789999961853027,14.789999961853027
2018-06-21,2749.760009765625,14.640000343322754,15.869999885559082
2018-06-22,2754.8798828125,13.770000457763672,15.5
2018-06-25,2717.070068359375,17.329999923706055,17.520000457763672
2018-06-26,2723.06005859375,15.920000076293945,16.8700008392334
2018-06-27,2699.6298828125,17.90999984741211,18.049999237060547
2018-06-28,2716.31005859375,16.850000381469727,17.520000457763672
2018-06-29,2718.3701171875,16.09000015258789,17.139999389648438
2018-07-02,2726.7099609375,15.600000381469727,16.950000762939453
2018-07-03,2713.219970703125,16.139999389648438,17.350000381469727
2018-07-05,2736.610107421875,14.970000267028809,16.530000686645508
2018-07-06,2759.820068359375,13.369999885559082,15.710000038146973
2018-07-09,2784.169921875,12.6899995803833,14.869999885559082
2018-07-10,2793.840087890625,12.640000343322754,14.710000038146973
2018-07-11,2774.02001953125,13.630000114440918,15.380000114440918
2018-07-12,2798.2900390625,12.579999923706055,14.760000228881836
2018-07-13,2801.31005859375,12.180000305175781,14.539999961853027
2018-07-16,2798.429931640625,12.829999923706055,14.850000381469727
2018-07-17,2809.550048828125,12.0600004196167,14.399999618530273
2018-07-18,2815.6201171875,12.100000381469727,14.390000343322754
2018-07-19,2804.489990234375,12.869999885559082,14.970000267028809
2018-07-20,2801.830078125,12.859999656677246,15.079999923706055
2018-07-23,2806.97998046875,12.619999885559082,14.859999656677246
2018-07-24,2820.39990234375,12.40999984741211,14.699999809265137
2018-07-25,2846.070068359375,12.289999961853027,14.550000190734863
2018-07-26,2837.43994140625,12.140000343322754,14.399999618530273
2018-07-27,2818.820068359375,13.029999732971191,15.0
2018-07-30,2802.60009765625,14.260000228881836,15.65999984741211
2018-07-31,2816.2900390625,12.829999923706055,14.869999885559082
2018-08-01,2813.360107421875,13.149999618530273,15.220000267028809
2018-08-02,2827.219970703125,12.1899995803833,14.760000228881836
2018-08-03,2840.35009765625,11.640000343322754,14.489999771118164
2018-08-06,2850.39990234375,11.270000457763672,14.229999542236328
2018-08-07,2858.449951171875,10.930000305175781,13.930000305175781
2018-08-08,2857.699951171875,10.850000381469727,13.960000038146973
2018-08-09,2853.580078125,11.270000457763672,14.130000114440918
2018-08-10,2833.280029296875,13.15999984741211,15.220000267028809
2018-08-13,2821.929931640625,14.779999732971191,16.209999084472656
2018-08-14,2839.9599609375,13.3100004196167,15.350000381469727
2018-08-15,2818.3701171875,14.640000343322754,16.190000534057617
2018-08-16,2840.68994140625,13.449999809265137,15.510000228881836
2018-08-17,2850.1298828125,12.640000343322754,15.170000076293945
2018-08-20,2857.050048828125,12.489999771118164,15.0
2018-08-21,2862.9599609375,12.859999656677246,15.1899995803833
2018-08-22,2861.820068359375,12.25,15.079999923706055
2018-08-23,2856.97998046875,12.40999984741211,15.0600004196167
2018-08-24,2874.68994140625,11.989999771118164,14.819999694824219
2018-08-27,2896.739990234375,12.15999984741211,14.789999961853027
2018-08-28,2897.52001953125,12.5,15.109999656677246
2018-08-29,2914.0400390625,12.25,14.949999809265137
2018-08-30,2901.1298828125,13.529999732971191,15.539999961853027
2018-08-31,2901.52001953125,12.859999656677246,15.149999618530273
2018-09-04,2896.719970703125,13.15999984741211,15.449999809265137
2018-09-05,2888.60009765625,13.90999984741211,15.920000076293945
2018-09-06,2878.050048828125,14.649999618530273,16.34000015258789
2018-09-07,2871.679931640625,14.880000114440918,16.59000015258789
2018-09-10,2877.1298828125,14.15999984741211,16.170000076293945
2018-09-11,2887.889892578125,13.220000267028809,15.539999961853027
2018-09-12,2888.919921875,13.140000343322754,15.319999694824219
2018-09-13,2904.179931640625,12.369999885559082,14.770000457763672
2018-09-14,2904.97998046875,12.069999694824219,14.369999885559082
2018-09-17,2888.800048828125,13.680000305175781,15.279999732971191
2018-09-18,2904.31005859375,12.789999961853027,15.039999961853027
2018-09-19,2907.949951171875,11.75,14.649999618530273
2018-09-20,2930.75,11.800000190734863,14.510000228881836
2018-09-21,2929.669921875,11.680000305175781,14.579999923706055
2018-09-24,2919.3701171875,12.199999809265137,14.770000457763672
2018-09-25,2915.56005859375,12.420000076293945,14.920000076293945
2018-09-26,2905.969970703125,12.890000343322754,15.149999618530273
2018-09-27,2914.0,12.40999984741211,14.890000343322754
2018-09-28,2913.97998046875,12.119999885559082,14.770000457763672
2018-10-01,2924.590087890625,12.0,14.739999771118164
2018-10-02,2923.429931640625,12.050000190734863,14.84000015258789
2018-10-03,2925.510009765625,11.609999656677246,14.680000305175781
2018-10-04,2901.610107421875,14.220000267028809,15.84000015258789
2018-10-05,2885.570068359375,14.819999694824219,16.25
2018-10-08,2884.429931640625,15.6899995803833,16.510000228881836
2018-10-09,2880.340087890625,15.949999809265137,16.6299991607666
2018-10-10,2785.679931640625,22.959999084472656,20.700000762939453
2018-10-11,2728.3701171875,24.979999542236328,21.559999465942383
2018-10-12,2767.1298828125,21.309999465942383,19.84000015258789
2018-10-15,2750.7900390625,21.299999237060547,20.290000915527344
2018-10-16,2809.919921875,17.6200008392334,17.959999084472656
2018-10-17,2809.2099609375,17.399999618530273,18.100000381469727
2018-10-18,2768.780029296875,20.059999465942383,19.860000610351562
2018-10-19,2767.780029296875,19.889999389648438,19.84000015258789
2018-10-22,2755.8798828125,19.639999389648438,19.81999969482422
2018-10-23,2740.68994140625,20.709999084472656,20.280000686645508
2018-10-24,2656.10009765625,25.229999542236328,22.6200008392334
2018-10-25,2705.570068359375,24.219999313354492,22.440000534057617
2018-10-26,2658.68994140625,24.15999984741211,22.479999542236328
2018-10-29,2641.25,24.700000762939453,23.059999465942383
2018-10-30,2682.6298828125,23.350000381469727,22.229999542236328
2018-10-31,2711.739990234375,21.229999542236328,21.149999618530273
2018-11-01,2740.3701171875,19.34000015258789,20.06999969482422
2018-11-02,2723.06005859375,19.510000228881836,20.299999237060547
2018-11-05,2738.31005859375,19.959999084472656,20.200000762939453
2018-11-06,2755.449951171875,19.90999984741211,19.579999923706055
2018-11-07,2813.889892578125,16.360000610351562,17.6200008392334
2018-11-08,2806.830078125,16.719999313354492,17.68000030517578
2018-11-09,2781.010009765625,17.360000610351562,18.459999084472656
2018-11-12,2726.219970703125,20.450000762939453,20.229999542236328
2018-11-13,2722.179931640625,20.020000457763672,20.270000457763672
2018-11-14,2701.580078125,21.25,21.219999313354492
2018-11-15,2730.199951171875,19.979999542236328,20.309999465942383
2018-11-16,2736.27001953125,18.139999389648438,19.350000381469727
2018-11-19,2690.72998046875,20.100000381469727,20.639999389648438
2018-11-20,2641.889892578125,22.479999542236328,22.270000457763672
2018-11-21,2649.929931640625,20.799999237060547,21.31999969482422
2018-11-23,2632.56005859375,21.520000457763672,21.75
2018-11-26,2673.449951171875,18.899999618530273,20.110000610351562
2018-11-27,2682.169921875,19.020000457763672,19.940000534057617
2018-11-28,2743.7900390625,18.489999771118164,19.280000686645508
2018-11-29,2737.800048828125,18.790000915527344,19.59000015258789
2018-11-30,2760.169921875,18.06999969482422,18.889999389648438
2018-12-03,2790.3701171875,16.440000534057617,17.950000762939453
2018-12-04,2700.06005859375,20.739999771118164,20.75
2018-12-06,2695.949951171875,21.190000534057617,21.059999465942383
2018-12-07,2633.080078125,23.229999542236328,22.440000534057617
2018-12-10,2637.719970703125,22.639999389648438,22.010000228881836
2018-12-11,2636.780029296875,21.760000228881836,21.719999313354492
2018-12-12,2651.070068359375,21.459999084472656,21.59000015258789
2018-12-13,2650.5400390625,20.649999618530273,21.350000381469727
2018-12-14,2599.949951171875,21.6299991607666,21.959999084472656
2018-12-17,2545.93994140625,24.520000457763672,23.40999984741211
2018-12-18,2546.159912109375,25.579999923706055,23.899999618530273
2018-12-19,2506.9599609375,25.579999923706055,24.020000457763672
2018-12-20,2467.419921875,28.3799991607666,25.239999771118164
2018-12-21,2416.6201171875,30.110000610351562,26.229999542236328
2018-12-24,2351.10009765625,36.06999969482422,28.84000015258789
2018-12-26,2467.699951171875,30.40999984741211,25.690000534057617
2018-12-27,2488.830078125,29.959999084472656,25.889999389648438
2018-12-28,2485.739990234375,28.34000015258789,25.31999969482422
2018-12-31,2506.85009765625,25.420000076293945,23.729999542236328
2019-01-02,2510.030029296875,23.219999313354492,22.75
2019-01-03,2447.889892578125,25.450000762939453,24.110000610351562
2019-01-04,2531.93994140625,21.3799991607666,21.860000610351562
2019-01-07,2549.68994140625,21.399999618530273,21.6200008392334
2019-01-08,2574.409912109375,20.469999313354492,21.139999389648438
2019-01-09,2584.9599609375,19.979999542236328,20.690000534057617
2019-01-10,2596.639892578125,19.5,20.520000457763672
2019-01-11,2596.260009765625,18.190000534057617,19.739999771118164
2019-01-14,2582.610107421875,19.06999969482422,19.93000030517578
2019-01-15,2610.300048828125,18.600000381469727,19.239999771118164
2019-01-16,2616.10009765625,19.040000915527344,19.530000686645508
2019-01-17,2635.9599609375,18.059999465942383,19.170000076293945
2019-01-18,2670.7099609375,17.799999237060547,18.84000015258789
2019-01-22,2632.89990234375,20.799999237060547,20.690000534057617
2019-01-23,2638.699951171875,19.520000457763672,20.079999923706055
2019-01-24,2642.330078125,18.889999389648438,19.670000076293945
2019-01-25,2664.760009765625,17.420000076293945,18.81999969482422
2019-01-28,2643.85009765625,18.8700008392334,19.579999923706055
2019-01-29,2640.0,19.1299991607666,19.600000381469727
2019-01-30,2681.050048828125,17.65999984741211,18.68000030517578
2019-01-31,2704.10009765625,16.56999969482422,17.8799991607666
2019-02-01,2706.530029296875,16.139999389648438,17.59000015258789
2019-02-04,2724.8701171875,15.729999542236328,17.190000534057617
2019-02-05,2737.699951171875,15.569999694824219,17.06999969482422
2019-02-06,2731.610107421875,15.380000114440918,16.899999618530273
2019-02-07,2706.050048828125,16.3700008392334,17.520000457763672
2019-02-08,2707.8798828125,15.720000267028809,17.260000228881836
2019-02-11,2709.800048828125,15.970000267028809,17.219999313354492
2019-02-12,2744.72998046875,15.430000305175781,16.81999969482422
2019-02-13,2753.030029296875,15.649999618530273,16.959999084472656
2019-02-14,2745.72998046875,16.219999313354492,17.31999969482422
2019-02-15,2775.60009765625,14.90999984741211,16.479999542236328
2019-02-19,2779.760009765625,14.880000114440918,16.450000762939453
2019-02-20,2784.699951171875,14.020000457763672,15.819999694824219
2019-02-21,2774.8798828125,14.460000038146973,16.15999984741211
2019-02-22,2792.669921875,13.510000228881836,15.460000038146973
2019-02-25,2796.110107421875,14.850000381469727,16.0
2019-02-26,2793.89990234375,15.170000076293945,16.299999237060547
2019-02-27,2792.3798828125,14.699999809265137,15.989999771118164
2019-02-28,2784.489990234375,14.779999732971191,16.100000381469727
2019-03-01,2803.68994140625,13.569999694824219,15.380000114440918
2019-03-04,2792.81005859375,14.630000114440918,16.030000686645508
2019-03-05,2789.64990234375,14.739999771118164,16.149999618530273
2019-03-06,2771.449951171875,15.739999771118164,16.739999771118164
2019-03-07,2748.929931640625,16.59000015258789,17.299999237060547
2019-03-08,2743.070068359375,16.049999237060547,17.110000610351562
2019-03-11,2783.300048828125,14.329999923706055,16.010000228881836
2019-03-12,2791.52001953125,13.770000457763672,15.649999618530273
2019-03-13,2810.919921875,13.40999984741211,15.329999923706055
2019-03-14,2808.47998046875,13.5,15.300000190734863
2019-03-15,2822.47998046875,12.880000114440918,14.979999542236328
2019-03-18,2832.93994140625,13.100000381469727,15.239999771118164
2019-03-19,2832.570068359375,13.5600004196167,15.5600004196167
2019-03-20,2824.22998046875,13.90999984741211,15.789999961853027
2019-03-21,2854.8798828125,13.630000114440918,15.510000228881836
2019-03-22,2800.7099609375,16.479999542236328,17.3700008392334
2019-03-25,2798.360107421875,16.329999923706055,17.450000762939453
2019-03-26,2818.4599609375,14.680000305175781,16.450000762939453
2019-03-27,2805.3701171875,15.149999618530273,16.780000686645508
2019-03-28,2815.43994140625,14.430000305175781,16.299999237060547
2019-03-29,2834.39990234375,13.710000038146973,15.800000190734863
2019-04-01,2867.18994140625,13.399999618530273,15.460000038146973
2019-04-02,2867.239990234375,13.359999656677246,15.539999961853027
2019-04-03,2873.39990234375,13.739999771118164,15.630000114440918
2019-04-04,2879.389892578125,13.579999923706055,15.479999542236328
2019-04-05,2892.739990234375,12.819999694824219,15.0600004196167
2019-04-08,2895.77001953125,13.180000305175781,15.279999732971191
2019-04-09,2878.199951171875,14.279999732971191,15.989999771118164
2019-04-10,2888.2099609375,13.300000190734863,15.380000114440918
2019-04-11,2888.320068359375,13.020000457763672,15.25
2019-04-12,2907.409912109375,12.010000228881836,14.460000038146973
2019-04-15,2905.580078125,12.319999694824219,14.529999732971191
2019-04-16,2907.06005859375,12.180000305175781,14.470000267028809
2019-04-17,2900.449951171875,12.600000381469727,14.819999694824219
2019-04-18,2905.030029296875,12.09000015258789,14.569999694824219
2019-04-22,2907.969970703125,12.420000076293945,14.720000267028809
2019-04-23,2933.679931640625,12.279999732971191,14.539999961853027
2019-04-24,2927.25,13.140000343322754,15.039999961853027
2019-04-25,2926.169921875,13.25,15.210000038146973
2019-04-26,2939.8798828125,12.729999542236328,14.890000343322754
2019-04-29,2943.030029296875,13.109999656677246,15.229999542236328
2019-04-30,2945.830078125,13.119999885559082,15.229999542236328
2019-05-01,2923.72998046875,14.800000190734863,16.190000534057617
2019-05-02,2917.52001953125,14.420000076293945,16.030000686645508
2019-05-03,2945.639892578125,12.869999885559082,15.069999694824219
2019-05-06,2932.469970703125,15.4399995803833,16.399999618530273
2019-05-07,2884.050048828125,19.31999969482422,18.780000686645508
2019-05-08,2879.419921875,19.399999618530273,18.75
2019-05-09,2870.719970703125,19.100000381469727,18.440000534057617
2019-05-10,2881.39990234375,16.040000915527344,16.899999618530273
2019-05-13,2811.8701171875,20.549999237060547,19.790000915527344
2019-05-14,2834.409912109375,18.059999465942383,18.290000915527344
2019-05-15,2850.9599609375,16.440000534057617,17.489999771118164
2019-05-16,2876.320068359375,15.289999961853027,16.739999771118164
2019-05-17,2859.530029296875,15.960000038146973,17.059999465942383
2019-05-20,2840.22998046875,16.309999465942383,17.290000915527344
2019-05-21,2864.360107421875,14.949999809265137,16.420000076293945
2019-05-22,2856.27001953125,14.75,16.420000076293945
2019-05-23,2822.239990234375,16.920000076293945,17.690000534057617
2019-05-24,2826.06005859375,15.850000381469727,17.09000015258789
2019-05-28,2802.389892578125,17.5,17.899999618530273
2019-05-29,2783.02001953125,17.899999618530273,18.239999771118164
2019-05-30,2788.860107421875,17.299999237060547,17.959999084472656
2019-05-31,2752.06005859375,18.709999084472656,18.829999923706055
2019-06-03,2744.449951171875,18.860000610351562,18.770000457763672
2019-06-04,2803.27001953125,16.969999313354492,17.59000015258789
2019-06-05,2826.14990234375,16.09000015258789,17.1299991607666
2019-06-06,2843.489990234375,15.930000305175781,16.920000076293945
2019-06-07,2873.340087890625,16.299999237060547,17.149999618530273
2019-06-10,2886.72998046875,15.9399995803833,16.8799991607666
2019-06-11,2885.719970703125,15.989999771118164,16.989999771118164
2019-06-12,2879.840087890625,15.90999984741211,17.049999237060547
2019-06-13,2891.639892578125,15.819999694824219,16.860000610351562
2019-06-14,2886.97998046875,15.279999732971191,16.600000381469727
2019-06-17,2889.669921875,15.350000381469727,16.610000610351562
2019-06-18,2917.75,15.149999618530273,16.5
2019-06-19,2926.4599609375,14.329999923706055,16.100000381469727
2019-06-20,2954.179931640625,14.75,16.139999389648438
2019-06-21,2950.4599609375,15.399999618530273,16.670000076293945
2019-06-24,2945.35009765625,15.260000228881836,16.469999313354492
2019-06-25,2917.3798828125,16.280000686645508,17.1200008392334
2019-06-26,2913.780029296875,16.209999084472656,17.049999237060547
2019-06-27,2924.919921875,15.819999694824219,16.760000228881836
2019-06-28,2941.760009765625,15.079999923706055,16.059999465942383
2019-07-01,2964.330078125,14.0600004196167,15.430000305175781
2019-07-02,2973.010009765625,12.930000305175781,14.720000267028809
2019-07-03,2995.820068359375,12.569999694824219,14.529999732971191
2019-07-05,2990.409912109375,13.279999732971191,14.979999542236328
2019-07-08,2975.949951171875,13.960000038146973,15.479999542236328
2019-07-09,2979.6298828125,14.09000015258789,15.569999694824219
2019-07-10,2993.070068359375,13.029999732971191,15.1899995803833
2019-07-11,2999.909912109375,12.930000305175781,14.979999542236328
2019-07-12,3013.77001953125,12.390000343322754,14.800000190734863
2019-07-15,3014.300048828125,12.680000305175781,15.039999961853027
2019-07-16,3004.0400390625,12.859999656677246,15.220000267028809
2019-07-17,2984.419921875,13.970000267028809,15.819999694824219
2019-07-18,2995.110107421875,13.529999732971191,15.539999961853027
2019-07-19,2976.610107421875,14.449999809265137,15.930000305175781
2019-07-22,2985.030029296875,13.529999732971191,15.470000267028809
2019-07-23,3005.469970703125,12.609999656677246,14.930000305175781
2019-07-24,3019.56005859375,12.069999694824219,14.5600004196167
2019-07-25,3003.669921875,12.739999771118164,15.050000190734863
2019-07-26,3025.860107421875,12.15999984741211,14.6899995803833
2019-07-29,3020.969970703125,12.829999923706055,15.0
2019-07-30,3013.179931640625,13.9399995803833,15.699999809265137
2019-07-31,2980.3798828125,16.1200008392334,16.90999984741211
2019-08-01,2953.56005859375,17.8700008392334,17.989999771118164
2019-08-02,2932.050048828125,17.610000610351562,17.889999389648438
2019-08-05,2844.739990234375,24.59000015258789,21.899999618530273
2019-08-06,2881.77001953125,20.170000076293945,19.690000534057617
2019-08-07,2883.97998046875,19.489999771118164,19.5
2019-08-08,2938.090087890625,16.90999984741211,17.860000610351562
2019-08-09,2918.64990234375,17.969999313354492,18.559999465942383
2019-08-12,2882.699951171875,21.09000015258789,20.5
2019-08-13,2926.320068359375,17.520000457763672,18.530000686645508
2019-08-14,2840.60009765625,22.100000381469727,21.299999237060547
2019-08-15,2847.60009765625,21.18000030517578,21.06999969482422
2019-08-16,2888.679931640625,18.469999313354492,19.700000762939453
2019-08-19,2923.64990234375,16.8799991607666,18.360000610351562
2019-08-20,2900.510009765625,17.5,18.8700008392334
2019-08-21,2924.429931640625,15.800000190734863,17.719999313354492
2019-08-22,2922.949951171875,16.68000030517578,18.229999542236328
2019-08-23,2847.110107421875,19.8700008392334,20.360000610351562
2019-08-26,2878.3798828125,19.31999969482422,19.81999969482422
2019-08-27,2869.159912109375,20.309999465942383,20.639999389648438
2019-08-28,2887.93994140625,19.350000381469727,20.049999237060547
2019-08-29,2924.580078125,17.8799991607666,19.030000686645508
2019-08-30,2926.4599609375,18.979999542236328,19.540000915527344
2019-09-03,2906.27001953125,19.65999984741211,20.1200008392334
2019-09-04,2937.780029296875,17.329999923706055,18.809999465942383
2019-09-05,2976.0,16.270000457763672,18.079999923706055
2019-09-06,2978.7099609375,15.0,17.459999084472656
2019-09-09,2978.429931640625,15.270000457763672,17.549999237060547
2019-09-10,2979.389892578125,15.199999809265137,17.40999984741211
2019-09-11,3000.929931640625,14.609999656677246,17.100000381469727
2019-09-12,3009.570068359375,14.220000267028809,16.809999465942383
2019-09-13,3007.389892578125,13.739999771118164,16.670000076293945
2019-09-16,2997.9599609375,14.670000076293945,17.200000762939453
2019-09-17,3005.699951171875,14.4399995803833,17.229999542236328
2019-09-18,3006.72998046875,13.949999809265137,16.860000610351562
2019-09-19,3006.7900390625,14.050000190734863,16.790000915527344
2019-09-20,2992.070068359375,15.319999694824219,17.709999084472656
2019-09-23,2991.780029296875,14.90999984741211,17.8700008392334
2019-09-24,2966.60009765625,17.049999237060547,18.549999237060547
2019-09-25,2984.8701171875,15.960000038146973,18.0
2019-09-26,2977.6201171875,16.06999969482422,18.1200008392334
2019-09-27,2961.7900390625,17.219999313354492,18.75
2019-09-30,2976.739990234375,16.239999771118164,17.959999084472656
2019-10-01,2940.25,18.559999465942383,19.350000381469727
2019-10-02,2887.610107421875,20.559999465942383,20.739999771118164
2019-10-03,2910.6298828125,19.1200008392334,19.780000686645508
2019-10-04,2952.010009765625,17.040000915527344,18.59000015258789
2019-10-07,2938.7900390625,17.860000610351562,18.90999984741211
2019-10-08,2893.06005859375,20.280000686645508,20.389999389648438
2019-10-09,2919.39990234375,18.639999389648438,19.510000228881836
2019-10-10,2938.1298828125,17.56999969482422,18.790000915527344
2019-10-11,2970.27001953125,15.579999923706055,17.549999237060547
2019-10-14,2966.14990234375,14.569999694824219,17.1200008392334
2019-10-15,2995.679931640625,13.539999961853027,16.479999542236328
2019-10-16,2989.68994140625,13.680000305175781,16.479999542236328
2019-10-17,2997.949951171875,13.789999961853027,16.440000534057617
2019-10-18,2986.199951171875,14.25,16.649999618530273
2019-10-21,3006.719970703125,14.0,16.280000686645508
2019-10-22,2995.989990234375,14.460000038146973,16.549999237060547
2019-10-23,3004.52001953125,14.010000228881836,16.290000915527344
2019-10-24,3010.2900390625,13.710000038146973,16.25
2019-10-25,3022.550048828125,12.649999618530273,15.710000038146973
2019-10-28,3039.419921875,13.109999656677246,15.989999771118164
2019-10-29,3036.889892578125,13.199999809265137,16.09000015258789
2019-10-30,3046.77001953125,12.329999923706055,15.6899995803833
2019-10-31,3037.56005859375,13.220000267028809,16.049999237060547
2019-11-01,3066.909912109375,12.300000190734863,15.420000076293945
2019-11-04,3078.27001953125,12.829999923706055,15.619999885559082
2019-11-05,3074.6201171875,13.100000381469727,15.90999984741211
2019-11-06,3076.780029296875,12.619999885559082,15.829999923706055
2019-11-07,3085.179931640625,12.729999542236328,15.800000190734863
2019-11-08,3093.080078125,12.069999694824219,15.529999732971191
2019-11-11,3087.010009765625,12.6899995803833,15.600000381469727
2019-11-12,3091.840087890625,12.680000305175781,15.489999771118164
2019-11-13,3094.0400390625,13.0,15.619999885559082
2019-11-14,3096.6298828125,13.050000190734863,15.600000381469727
2019-11-15,3120.4599609375,12.050000190734863,14.989999771118164
2019-11-18,3122.030029296875,12.460000038146973,15.170000076293945
2019-11-19,3120.179931640625,12.859999656677246,15.5
2019-11-20,3108.4599609375,12.779999732971191,15.640000343322754
2019-11-21,3103.5400390625,13.130000114440918,15.819999694824219
2019-11-22,3110.2900390625,12.34000015258789,15.399999618530273
2019-11-25,3133.639892578125,11.869999885559082,14.989999771118164
2019-11-26,3140.52001953125,11.539999961853027,14.850000381469727
2019-11-27,3153.6298828125,11.75,14.960000038146973
2019-11-29,3140.97998046875,12.619999885559082,15.510000228881836
2019-12-02,3113.8701171875,14.90999984741211,16.84000015258789
2019-12-03,3093.199951171875,15.960000038146973,17.6299991607666
2019-12-04,3112.760009765625,14.800000190734863,16.979999542236328
2019-12-05,3117.429931640625,14.520000457763672,16.780000686645508
2019-12-06,3145.909912109375,13.619999885559082,16.209999084472656
2019-12-09,3135.9599609375,15.859999656677246,17.299999237060547
2019-12-10,3132.52001953125,15.680000305175781,17.1299991607666
2019-12-11,3141.6298828125,14.989999771118164,16.90999984741211
2019-12-12,3168.570068359375,13.9399995803833,16.09000015258789
2019-12-13,3168.800048828125,12.630000114440918,15.279999732971191
2019-12-16,3191.449951171875,12.140000343322754,14.979999542236328
2019-12-17,3192.52001953125,12.289999961853027,15.149999618530273
2019-12-18,3191.139892578125,12.579999923706055,15.199999809265137
2019-12-19,3205.3701171875,12.5,15.140000343322754
2019-12-20,3221.219970703125,12.510000228881836,15.319999694824219
2019-12-23,3224.010009765625,12.609999656677246,15.5
2019-12-24,3223.3798828125,12.670000076293945,15.520000457763672
2019-12-26,3239.909912109375,12.649999618530273,15.520000457763672
2019-12-27,3240.02001953125,13.430000305175781,15.949999809265137
2019-12-30,3221.2900390625,14.819999694824219,16.68000030517578
2019-12-31,3230.780029296875,13.779999732971191,15.869999885559082
2020-01-02,3257.85009765625,12.470000267028809,15.1899995803833
2020-01-03,3234.85009765625,14.020000457763672,16.010000228881836
2020-01-06,3246.280029296875,13.850000381469727,15.920000076293945
2020-01-07,3237.179931640625,13.789999961853027,15.859999656677246
2020-01-08,3253.050048828125,13.449999809265137,15.399999618530273
2020-01-09,3274.699951171875,12.539999961853027,14.949999809265137
2020-01-10,3265.35009765625,12.5600004196167,14.949999809265137
2020-01-13,3288.1298828125,12.319999694824219,14.640000343322754
2020-01-14,3283.14990234375,12.390000343322754,14.640000343322754
2020-01-15,3289.2900390625,12.420000076293945,14.630000114440918
2020-01-16,3316.81005859375,12.319999694824219,14.449999809265137
2020-01-17,3329.6201171875,12.100000381469727,14.40999984741211
2020-01-21,3320.7900390625,12.850000381469727,14.869999885559082
2020-01-22,3321.75,12.90999984741211,14.979999542236328
2020-01-23,3325.5400390625,12.979999542236328,14.989999771118164
2020-01-24,3295.469970703125,14.5600004196167,16.06999969482422
2020-01-27,3243.6298828125,18.229999542236328,18.15999984741211
2020-01-28,3276.239990234375,16.280000686645508,17.030000686645508
2020-01-29,3273.39990234375,16.389999389648438,17.030000686645508
2020-01-30,3283.659912109375,15.489999771118164,16.59000015258789
2020-01-31,3225.52001953125,18.84000015258789,18.6299991607666
2020-02-03,3248.919921875,17.969999313354492,18.040000915527344
2020-02-04,3297.590087890625,16.049999237060547,16.700000762939453
2020-02-05,3334.68994140625,15.149999618530273,16.110000610351562
2020-02-06,3345.780029296875,14.960000038146973,15.890000343322754
2020-02-07,3327.7099609375,15.470000267028809,16.290000915527344
2020-02-10,3352.090087890625,15.039999961853027,16.1299991607666
2020-02-11,3357.75,15.180000305175781,16.139999389648438
2020-02-12,3379.449951171875,13.739999771118164,15.359999656677246
2020-02-13,3373.93994140625,14.149999618530273,15.680000305175781
2020-02-14,3380.159912109375,13.680000305175781,15.5
2020-02-18,3370.2900390625,14.829999923706055,16.100000381469727
2020-02-19,3386.14990234375,14.380000114440918,15.819999694824219
2020-02-20,3373.22998046875,15.5600004196167,16.600000381469727
2020-02-21,3337.75,17.079999923706055,17.610000610351562
2020-02-24,3225.889892578125,25.030000686645508,21.920000076293945
2020-02-25,3128.2099609375,27.850000381469727,23.860000610351562
2020-02-26,3116.389892578125,27.559999465942383,23.700000762939453
2020-02-27,2978.760009765625,39.15999984741211,29.920000076293945
2020-02-28,2954.219970703125,40.11000061035156,29.850000381469727
2020-03-02,3090.22998046875,33.41999816894531,27.700000762939453
2020-03-03,3003.3701171875,36.81999969482422,30.170000076293945
2020-03-04,3130.1201171875,31.989999771118164,27.510000228881836
2020-03-05,3023.93994140625,39.619998931884766,32.56999969482422
2020-03-06,2972.3701171875,41.939998626708984,35.459999084472656
2020-03-09,2746.56005859375,54.459999084472656,43.04999923706055
2020-03-10,2882.22998046875,47.29999923706055,39.439998626708984
2020-03-11,2741.3798828125,53.900001525878906,44.369998931884766
2020-03-12,2480.639892578125,75.47000122070312,57.2400016784668
2020-03-13,2711.02001953125,57.83000183105469,48.310001373291016
2020-03-16,2386.1298828125,82.69000244140625,67.69999694824219
2020-03-17,2529.18994140625,75.91000366210938,65.2699966430664
2020-03-18,2398.10009765625,76.44999694824219,72.9800033569336
2020-03-19,2409.389892578125,72.0,69.47000122070312
2020-03-20,2304.919921875,66.04000091552734,65.58999633789062
2020-03-23,2237.39990234375,61.59000015258789,56.63999938964844
2020-03-24,2447.330078125,61.66999816894531,52.11000061035156
2020-03-25,2475.56005859375,63.95000076293945,53.849998474121094
2020-03-26,2630.070068359375,61.0,49.790000915527344
2020-03-27,2541.469970703125,65.54000091552734,55.75
2020-03-30,2626.64990234375,57.08000183105469,51.2599983215332
2020-03-31,2584.590087890625,53.540000915527344,48.31999969482422
2020-04-01,2470.5,57.060001373291016,51.16999816894531
2020-04-02,2526.89990234375,50.90999984741211,47.29999923706055
2020-04-03,2488.64990234375,46.79999923706055,44.84000015258789
2020-04-06,2663.679931640625,45.2400016784668,43.09000015258789
2020-04-07,2659.409912109375,46.70000076293945,43.41999816894531
2020-04-08,2749.97998046875,43.349998474121094,41.59000015258789
2020-04-09,2789.820068359375,41.66999816894531,40.61000061035156
2020-04-13,2761.6298828125,41.16999816894531,39.970001220703125
2020-04-14,2846.06005859375,37.7599983215332,36.459999084472656
2020-04-15,2783.360107421875,40.84000015258789,39.279998779296875
2020-04-16,2799.550048828125,40.11000061035156,39.209999084472656
2020-04-17,2874.56005859375,38.150001525878906,37.279998779296875
2020-04-20,2823.159912109375,43.83000183105469,40.970001220703125
2020-04-21,2736.56005859375,45.40999984741211,43.279998779296875
2020-04-22,2799.31005859375,41.97999954223633,40.91999816894531
2020-04-23,2797.800048828125,41.380001068115234,40.86000061035156
2020-04-24,2836.739990234375,35.93000030517578,37.810001373291016
2020-04-27,2878.47998046875,33.290000915527344,35.33000183105469
2020-04-28,2863.389892578125,33.56999969482422,35.369998931884766
2020-04-29,2939.510009765625,31.229999542236328,33.33000183105469
2020-04-30,2912.429931640625,34.150001525878906,35.04999923706055
2020-05-01,2830.7099609375,37.189998626708984,37.970001220703125
2020-05-04,2842.739990234375,35.970001220703125,37.0
2020-05-05,2868.43994140625,33.61000061035156,35.52000045776367
2020-05-06,2848.419921875,34.119998931884766,35.68000030517578
2020-05-07,2881.18994140625,31.440000534057617,34.0099983215332
2020-05-08,2929.800048828125,27.979999542236328,31.639999389648438
2020-05-11,2930.18994140625,27.56999969482422,30.389999389648438
2020-05-12,2870.1201171875,33.040000915527344,34.2599983215332
2020-05-13,2820.0,35.279998779296875,36.5099983215332
2020-05-14,2852.5,32.61000061035156,34.900001525878906
2020-05-15,2863.699951171875,31.889999389648438,34.5099983215332
2020-05-18,2953.909912109375,29.299999237060547,31.770000457763672
2020-05-19,2922.93994140625,30.530000686645508,32.810001373291016
2020-05-20,2971.610107421875,27.989999771118164,31.110000610351562
2020-05-21,2948.510009765625,29.530000686645508,32.380001068115234
2020-05-22,2955.449951171875,28.15999984741211,31.540000915527344
2020-05-26,2991.77001953125,28.010000228881836,30.850000381469727
2020-05-27,3036.1298828125,27.6200008392334,30.190000534057617
2020-05-28,3029.72998046875,28.59000015258789,31.209999084472656
2020-05-29,3044.31005859375,27.510000228881836,30.270000457763672
2020-06-01,3055.72998046875,28.229999542236328,30.920000076293945
2020-06-02,3080.820068359375,26.84000015258789,29.93000030517578
2020-06-03,3122.8701171875,25.65999984741211,28.90999984741211
2020-06-04,3112.35009765625,25.809999465942383,28.850000381469727
2020-06-05,3193.929931640625,24.520000457763672,27.420000076293945
2020-06-08,3232.389892578125,25.809999465942383,28.079999923706055
2020-06-09,3207.179931640625,27.56999969482422,29.670000076293945
2020-06-10,3190.139892578125,27.56999969482422,29.56999969482422
2020-06-11,3002.10009765625,40.790000915527344,40.43000030517578
2020-06-12,3041.31005859375,36.09000015258789,38.04999923706055
2020-06-15,3066.590087890625,34.400001525878906,36.43000030517578
2020-06-16,3124.739990234375,33.66999816894531,35.79999923706055
2020-06-17,3113.489990234375,33.470001220703125,35.720001220703125
2020-06-18,3115.340087890625,32.939998626708984,35.13999938964844
2020-06-19,3097.739990234375,35.119998931884766,36.68000030517578
2020-06-22,3117.860107421875,31.770000457763672,33.75
2020-06-23,3131.2900390625,31.3700008392334,33.060001373291016
2020-06-24,3050.330078125,33.84000015258789,35.38999938964844
2020-06-25,3083.760009765625,32.220001220703125,34.09000015258789
2020-06-26,3009.050048828125,34.72999954223633,35.79999923706055
2020-06-29,3053.239990234375,31.780000686645508,33.90999984741211
2020-06-30,3100.2900390625,30.43000030517578,32.52000045776367
2020-07-01,3115.860107421875,28.6200008392334,31.68000030517578
2020-07-02,3130.010009765625,27.68000030517578,30.8700008392334
2020-07-06,3179.719970703125,27.940000534057617,30.979999542236328
2020-07-07,3145.320068359375,29.43000030517578,32.06999969482422
2020-07-08,3169.93994140625,28.079999923706055,31.190000534057617
2020-07-09,3152.050048828125,29.260000228881836,32.060001373291016
2020-07-10,3185.0400390625,27.290000915527344,31.020000457763672
2020-07-13,3155.219970703125,32.189998626708984,34.540000915527344
2020-07-14,3197.52001953125,29.520000457763672,32.560001373291016
2020-07-15,3226.56005859375,27.760000228881836,31.559999465942383
2020-07-16,3215.570068359375,28.0,31.549999237060547
2020-07-17,3224.72998046875,25.68000030517578,30.3700008392334
2020-07-20,3251.840087890625,24.459999084472656,29.100000381469727
2020-07-21,3257.300048828125,24.84000015258789,29.469999313354492
2020-07-22,3276.02001953125,24.31999969482422,29.049999237060547
2020-07-23,3235.659912109375,26.079999923706055,30.25
2020-07-24,3215.6298828125,25.84000015258789,30.559999465942383
2020-07-27,3239.409912109375,24.739999771118164,30.0
2020-07-28,3218.43994140625,25.440000534057617,30.100000381469727
2020-07-29,3258.43994140625,24.100000381469727,29.290000915527344
2020-07-30,3246.219970703125,24.760000228881836,29.760000228881836
2020-07-31,3271.1201171875,24.459999084472656,29.709999084472656
2020-08-03,3294.610107421875,24.280000686645508,29.65999984741211
2020-08-04,3306.510009765625,23.760000228881836,29.09000015258789
2020-08-05,3327.77001953125,22.989999771118164,28.600000381469727
2020-08-06,3349.159912109375,22.649999618530273,28.200000762939453
2020-08-07,3351.280029296875,22.209999084472656,28.280000686645508
2020-08-10,3360.469970703125,22.1299991607666,28.049999237060547
2020-08-11,3333.68994140625,24.030000686645508,29.170000076293945
2020-08-12,3380.35009765625,22.280000686645508,28.1200008392334
2020-08-13,3373.429931640625,22.1299991607666,28.170000076293945
2020-08-14,3372.85009765625,22.049999237060547,28.3700008392334
2020-08-17,3381.989990234375,21.350000381469727,27.450000762939453
2020-08-18,3389.780029296875,21.510000228881836,27.350000381469727
2020-08-19,3374.85009765625,22.540000915527344,28.110000610351562
2020-08-20,3385.510009765625,22.719999313354492,28.1299991607666
2020-08-21,3397.159912109375,22.540000915527344,28.170000076293945
2020-08-24,3431.280029296875,22.3700008392334,28.100000381469727
2020-08-25,3443.6201171875,22.030000686645508,27.90999984741211
2020-08-26,3478.72998046875,23.270000457763672,28.700000762939453
2020-08-27,3484.550048828125,24.469999313354492,29.93000030517578
2020-08-28,3508.010009765625,22.959999084472656,29.6200008392334
2020-08-31,3500.31005859375,26.40999984741211,31.850000381469727
2020-09-01,3526.64990234375,26.1200008392334,32.099998474121094
2020-09-02,3580.840087890625,26.56999969482422,32.66999816894531
2020-09-03,3455.06005859375,33.599998474121094,37.630001068115234
2020-09-04,3426.9599609375,30.75,34.75
2020-09-08,3331.840087890625,31.459999084472656,34.310001373291016
2020-09-09,3398.9599609375,28.809999465942383,32.119998931884766
2020-09-10,3339.18994140625,29.709999084472656,32.91999816894531
2020-09-11,3340.969970703125,26.8700008392334,31.1299991607666
2020-09-14,3383.5400390625,25.850000381469727,30.479999542236328
2020-09-15,3401.199951171875,25.59000015258789,30.270000457763672
2020-09-16,3385.489990234375,26.040000915527344,30.56999969482422
2020-09-17,3357.010009765625,26.459999084472656,30.75
2020-09-18,3319.469970703125,25.829999923706055,30.459999084472656
2020-09-21,3281.06005859375,27.780000686645508,31.639999389648438
2020-09-22,3315.570068359375,26.860000610351562,31.670000076293945
2020-09-23,3236.919921875,28.579999923706055,33.279998779296875
2020-09-24,3246.590087890625,28.510000228881836,33.060001373291016
2020-09-25,3298.4599609375,26.3799991607666,32.029998779296875
2020-09-28,3351.60009765625,26.190000534057617,31.739999771118164
2020-09-29,3335.469970703125,26.270000457763672,31.09000015258789
2020-09-30,3363.0,26.3700008392334,31.639999389648438
2020-10-01,3380.800048828125,26.700000762939453,31.719999313354492
2020-10-02,3348.419921875,27.6299991607666,32.38999938964844
2020-10-05,3408.60009765625,27.959999084472656,31.280000686645508
2020-10-06,3360.969970703125,29.479999542236328,31.8799991607666
2020-10-07,3419.43994140625,28.059999465942383,30.700000762939453
2020-10-08,3446.830078125,26.360000610351562,29.489999771118164
2020-10-09,3477.139892578125,25.0,28.280000686645508
2020-10-12,3534.219970703125,25.06999969482422,27.979999542236328
2020-10-13,3511.929931640625,26.06999969482422,28.350000381469727
2020-10-14,3488.669921875,26.399999618530273,28.239999771118164
2020-10-15,3483.340087890625,26.969999313354492,28.719999313354492
2020-10-16,3483.81005859375,27.40999984741211,29.209999084472656
2020-10-19,3426.919921875,29.18000030517578,30.399999618530273
2020-10-20,3443.1201171875,29.350000381469727,30.110000610351562
2020-10-21,3435.56005859375,28.649999618530273,29.610000610351562
2020-10-22,3453.489990234375,28.110000610351562,29.299999237060547
2020-10-23,3465.389892578125,27.549999237060547,28.989999771118164
2020-10-26,3400.969970703125,32.459999084472656,32.06999969482422
2020-10-27,3390.679931640625,33.349998474121094,32.720001220703125
2020-10-28,3271.030029296875,40.279998779296875,37.75
2020-10-29,3310.110107421875,37.59000015258789,35.84000015258789
2020-10-30,3269.9599609375,38.02000045776367,36.27000045776367
2020-11-02,3310.239990234375,37.130001068115234,35.060001373291016
2020-11-03,3369.159912109375,35.54999923706055,33.52000045776367
2020-11-04,3443.43994140625,29.56999969482422,29.979999542236328
2020-11-05,3510.449951171875,27.579999923706055,29.049999237060547
2020-11-06,3509.43994140625,24.860000610351562,27.3700008392334
2020-11-09,3550.5,25.75,26.8799991607666
2020-11-10,3545.530029296875,24.799999237060547,26.489999771118164
2020-11-11,3572.659912109375,23.450000762939453,25.6200008392334
2020-11-12,3537.010009765625,25.350000381469727,27.219999313354492
2020-11-13,3585.14990234375,23.100000381469727,25.690000534057617
2020-11-16,3626.909912109375,22.450000762939453,25.350000381469727
2020-11-17,3609.530029296875,22.709999084472656,25.3799991607666
2020-11-18,3567.7900390625,23.84000015258789,26.389999389648438
2020-11-19,3581.8701171875,23.110000610351562,25.799999237060547
2020-11-20,3557.5400390625,23.700000762939453,26.059999465942383
2020-11-23,3577.590087890625,22.65999984741211,25.43000030517578
2020-11-24,3635.409912109375,21.639999389648438,24.84000015258789
2020-11-25,3629.64990234375,21.25,24.420000076293945
2020-11-27,3638.35009765625,20.84000015258789,24.43000030517578
2020-11-30,3621.6298828125,20.56999969482422,24.329999923706055
2020-12-01,3662.449951171875,20.770000457763672,24.489999771118164
2020-12-02,3669.010009765625,21.170000076293945,24.540000915527344
2020-12-03,3666.719970703125,21.280000686645508,24.559999465942383
2020-12-04,3699.1201171875,20.790000915527344,24.290000915527344
2020-12-07,3691.9599609375,21.299999237060547,24.520000457763672
2020-12-08,3702.25,20.68000030517578,23.8700008392334
2020-12-09,3672.820068359375,22.270000457763672,24.729999542236328
2020-12-10,3668.10009765625,22.520000457763672,25.049999237060547
2020-12-11,3663.4599609375,23.309999465942383,26.049999237060547
2020-12-14,3647.489990234375,24.719999313354492,27.110000610351562
2020-12-15,3694.6201171875,22.889999389648438,25.8700008392334
2020-12-16,3701.169921875,22.5,25.469999313354492
2020-12-17,3722.47998046875,21.93000030517578,25.149999618530273
2020-12-18,3709.409912109375,21.56999969482422,25.170000076293945
2020-12-21,3694.919921875,25.15999984741211,27.579999923706055
2020-12-22,3687.260009765625,24.229999542236328,27.25
2020-12-23,3690.010009765625,23.309999465942383,26.260000228881836
2020-12-24,3703.06005859375,21.530000686645508,25.3700008392334
2020-12-28,3735.360107421875,21.700000762939453,25.149999618530273
2020-12-29,3727.0400390625,23.079999923706055,26.239999771118164
2020-12-30,3732.0400390625,22.770000457763672,25.440000534057617
2020-12-31,3756.070068359375,22.75,25.280000686645508
2021-01-04,3700.64990234375,26.969999313354492,28.260000228881836
2021-01-05,3726.860107421875,25.34000015258789,27.25
2021-01-06,3748.139892578125,25.06999969482422,26.790000915527344
2021-01-07,3803.7900390625,22.3700008392334,25.020000457763672
2021-01-08,3824.679931640625,21.559999465942383,24.899999618530273
2021-01-11,3799.610107421875,24.079999923706055,26.700000762939453
2021-01-12,3801.18994140625,23.329999923706055,26.200000762939453
2021-01-13,3809.840087890625,22.209999084472656,25.549999237060547
2021-01-14,3795.5400390625,23.25,26.31999969482422
2021-01-15,3768.25,24.34000015258789,27.260000228881836
2021-01-19,3798.909912109375,23.239999771118164,26.690000534057617
2021-01-20,3851.85009765625,21.579999923706055,25.719999313354492
2021-01-21,3853.070068359375,21.31999969482422,25.700000762939453
2021-01-22,3841.469970703125,21.90999984741211,25.989999771118164
2021-01-25,3855.360107421875,23.190000534057617,26.8799991607666
2021-01-26,3849.6201171875,23.020000457763672,26.889999389648438
2021-01-27,3750.77001953125,37.209999084472656,35.72999954223633
2021-01-28,3787.3798828125,30.209999084472656,31.770000457763672
2021-01-29,3714.239990234375,33.09000015258789,33.880001068115234
2021-02-01,3773.860107421875,30.239999771118164,32.529998779296875
2021-02-02,3826.31005859375,25.559999465942383,29.360000610351562
2021-02-03,3830.169921875,22.90999984741211,27.56999969482422
2021-02-04,3871.739990234375,21.770000457763672,26.790000915527344
2021-02-05,3886.830078125,20.8700008392334,26.520000457763672
2021-02-08,3915.590087890625,21.239999771118164,26.649999618530273
2021-02-09,3911.22998046875,21.6299991607666,27.110000610351562
2021-02-10,3909.8798828125,21.989999771118164,27.489999771118164
2021-02-11,3916.3798828125,21.25,27.219999313354492
2021-02-12,3934.830078125,19.969999313354492,26.5
2021-02-16,3932.590087890625,21.459999084472656,27.549999237060547
2021-02-17,3931.330078125,21.5,27.520000457763672
2021-02-18,3913.969970703125,22.489999771118164,27.860000610351562
2021-02-19,3906.7099609375,22.049999237060547,27.09000015258789
2021-02-22,3876.5,23.450000762939453,27.809999465942383
2021-02-23,3881.3701171875,23.110000610351562,27.1200008392334
2021-02-24,3925.429931640625,21.34000015258789,25.889999389648438
2021-02-25,3829.340087890625,28.889999389648438,30.239999771118164
2021-02-26,3811.14990234375,27.950000762939453,29.600000381469727
2021-03-01,3901.820068359375,23.350000381469727,26.780000686645508
2021-03-02,3870.2900390625,24.100000381469727,27.15999984741211
2021-03-03,3819.719970703125,26.670000076293945,28.790000915527344
2021-03-04,3768.469970703125,28.56999969482422,30.079999923706055
2021-03-05,3841.93994140625,24.65999984741211,27.889999389648438
2021-03-08,3821.35009765625,25.469999313354492,28.1299991607666
2021-03-09,3875.43994140625,24.030000686645508,27.280000686645508
2021-03-10,3898.81005859375,22.559999465942383,26.68000030517578
2021-03-11,3939.340087890625,21.90999984741211,26.09000015258789
2021-03-12,3943.340087890625,20.690000534057617,25.739999771118164
2021-03-15,3968.93994140625,20.030000686645508,24.889999389648438
2021-03-16,3962.7099609375,19.790000915527344,24.709999084472656
2021-03-17,3974.1201171875,19.229999542236328,23.8799991607666
2021-03-18,3915.4599609375,21.579999923706055,25.280000686645508
2021-03-19,3913.10009765625,20.950000762939453,24.989999771118164
2021-03-22,3940.590087890625,18.8799991607666,22.940000534057617
2021-03-23,3910.52001953125,20.299999237060547,23.799999237060547
2021-03-24,3889.139892578125,21.200000762939453,24.399999618530273
2021-03-25,3909.52001953125,19.809999465942383,23.3700008392334
2021-03-26,3974.5400390625,18.860000610351562,22.31999969482422
2021-03-29,3971.090087890625,20.739999771118164,23.200000762939453
2021-03-30,3958.550048828125,19.610000610351562,22.309999465942383
2021-03-31,3972.889892578125,19.399999618530273,22.149999618530273
2021-04-01,4019.8701171875,17.329999923706055,20.969999313354492
2021-04-05,4077.909912109375,17.90999984741211,20.959999084472656
2021-04-06,4073.93994140625,18.1200008392334,21.15999984741211
2021-04-07,4079.949951171875,17.15999984741211,20.65999984741211
2021-04-08,4097.169921875,16.950000762939453,20.59000015258789
2021-04-09,4128.7998046875,16.690000534057617,20.739999771118164
2021-04-12,4127.990234375,16.90999984741211,20.81999969482422
2021-04-13,4141.58984375,16.649999618530273,20.780000686645508
2021-04-14,4124.66015625,16.989999771118164,21.059999465942383
2021-04-15,4170.419921875,16.56999969482422,20.760000228881836
2021-04-16,4185.47021484375,16.25,20.530000686645508
2021-04-19,4163.259765625,17.290000915527344,21.3700008392334
2021-04-20,4134.93994140625,18.68000030517578,22.350000381469727
2021-04-21,4173.419921875,17.5,21.489999771118164
2021-04-22,4134.97998046875,18.709999084472656,22.520000457763672
2021-04-23,4180.169921875,17.329999923706055,21.56999969482422
2021-04-26,4187.6201171875,17.639999389648438,21.540000915527344
2021-04-27,4186.72021484375,17.559999465942383,21.31999969482422
2021-04-28,4183.18017578125,17.280000686645508,21.1299991607666
2021-04-29,4211.47021484375,17.610000610351562,21.309999465942383
2021-04-30,4181.169921875,18.610000610351562,22.06999969482422
2021-05-03,4192.66015625,18.309999465942383,21.739999771118164
2021-05-04,4164.66015625,19.479999542236328,22.670000076293945
2021-05-05,4167.58984375,19.149999618530273,22.260000228881836
2021-05-06,4201.6201171875,18.389999389648438,21.8799991607666
2021-05-07,4232.60009765625,16.690000534057617,20.790000915527344
2021-05-10,4188.43017578125,19.65999984741211,22.399999618530273
2021-05-11,4152.10009765625,21.84000015258789,24.229999542236328
2021-05-12,4063.0400390625,27.59000015258789,28.18000030517578
2021-05-13,4112.5,23.1299991607666,25.260000228881836
2021-05-14,4173.85009765625,18.809999465942383,22.260000228881836
2021-05-17,4163.2900390625,19.719999313354492,23.139999389648438
2021-05-18,4127.830078125,21.34000015258789,24.219999313354492
2021-05-19,4115.68017578125,22.18000030517578,25.270000457763672
2021-05-20,4159.1201171875,20.670000076293945,23.809999465942383
2021-05-21,4155.85986328125,20.149999618530273,23.489999771118164
2021-05-24,4197.0498046875,18.399999618530273,22.229999542236328
2021-05-25,4188.1298828125,18.84000015258789,22.399999618530273
2021-05-26,4195.990234375,17.360000610351562,21.299999237060547
2021-05-27,4200.8798828125,16.739999771118164,20.309999465942383
2021-05-28,4204.10986328125,16.760000228881836,20.479999542236328
2021-06-01,4202.0400390625,17.899999618530273,21.34000015258789
2021-06-02,4208.1201171875,17.479999542236328,21.420000076293945
2021-06-03,4192.85009765625,18.040000915527344,21.81999969482422
2021-06-04,4229.89013671875,16.420000076293945,20.6200008392334
2021-06-07,4226.52001953125,16.420000076293945,20.549999237060547
2021-06-08,4227.259765625,17.06999969482422,20.850000381469727
2021-06-09,4219.5498046875,17.889999389648438,21.280000686645508
2021-06-10,4239.18017578125,16.100000381469727,20.079999923706055
2021-06-11,4247.43994140625,15.649999618530273,19.639999389648438
2021-06-14,4255.14990234375,16.389999389648438,20.139999389648438
2021-06-15,4246.58984375,17.020000457763672,20.68000030517578
2021-06-16,4223.7001953125,18.149999618530273,21.260000228881836
2021-06-17,4221.85986328125,17.75,20.979999542236328
2021-06-18,4166.4501953125,20.700000762939453,22.93000030517578
2021-06-21,4224.7900390625,17.889999389648438,21.1200008392334
2021-06-22,4246.43994140625,16.65999984741211,20.06999969482422
2021-06-23,4241.83984375,16.31999969482422,19.700000762939453
2021-06-24,4266.490234375,15.970000267028809,19.260000228881836
2021-06-25,4280.7001953125,15.619999885559082,19.0
2021-06-28,4290.60986328125,15.760000228881836,19.020000457763672
2021-06-29,4291.7998046875,16.020000457763672,19.489999771118164
2021-06-30,4297.5,15.829999923706055,19.510000228881836
2021-07-01,4319.93994140625,15.479999542236328,19.450000762939453
2021-07-02,4352.33984375,15.069999694824219,19.299999237060547
2021-07-06,4343.5400390625,16.440000534057617,20.260000228881836
2021-07-07,4358.1298828125,16.200000762939453,20.40999984741211
2021-07-08,4320.81982421875,19.0,21.979999542236328
2021-07-09,4369.5498046875,16.18000030517578,20.440000534057617
2021-07-12,4384.6298828125,16.170000076293945,20.459999084472656
2021-07-13,4369.2099609375,17.1200008392334,21.1299991607666
2021-07-14,4374.2998046875,16.329999923706055,20.6200008392334
2021-07-15,4360.02978515625,17.010000228881836,21.09000015258789
2021-07-16,4327.16015625,18.450000762939453,22.06999969482422
2021-07-19,4258.490234375,22.5,24.899999618530273
2021-07-20,4323.06005859375,19.729999542236328,23.200000762939453
2021-07-21,4358.68994140625,17.90999984741211,21.8700008392334
2021-07-22,4367.47998046875,17.690000534057617,21.860000610351562
2021-07-23,4411.7900390625,17.200000762939453,21.649999618530273
2021-07-26,4422.2998046875,17.579999923706055,21.739999771118164
2021-07-27,4401.4599609375,19.360000610351562,23.0
2021-07-28,4400.64013671875,18.309999465942383,22.350000381469727
2021-07-29,4419.14990234375,17.700000762939453,21.8799991607666
2021-07-30,4395.259765625,18.239999771118164,22.18000030517578
2021-08-02,4387.16015625,19.459999084472656,23.049999237060547
2021-08-03,4423.14990234375,18.040000915527344,22.18000030517578
2021-08-04,4402.66015625,17.969999313354492,22.170000076293945
2021-08-05,4429.10009765625,17.280000686645508,21.520000457763672
2021-08-06,4436.52001953125,16.149999618530273,20.8700008392334
2021-08-09,4432.35009765625,16.719999313354492,21.270000457763672
2021-08-10,4436.75,16.790000915527344,21.209999084472656
2021-08-11,4442.41015625,16.170000076293945,20.81999969482422
2021-08-12,4460.830078125,15.59000015258789,20.25
2021-08-13,4468.0,15.449999809265137,20.260000228881836
2021-08-16,4479.7099609375,16.1200008392334,20.639999389648438
2021-08-17,4448.080078125,17.90999984741211,21.700000762939453
2021-08-18,4400.27001953125,21.56999969482422,23.799999237060547
2021-08-19,4405.7998046875,21.670000076293945,24.200000762939453
2021-08-20,4441.669921875,18.559999465942383,22.40999984741211
2021-08-23,4479.52978515625,17.149999618530273,21.200000762939453
2021-08-24,4486.22998046875,17.219999313354492,21.219999313354492
2021-08-25,4496.18994140625,16.790000915527344,20.790000915527344
2021-08-26,4470.0,18.84000015258789,21.860000610351562
2021-08-27,4509.3701171875,16.389999389648438,20.610000610351562
2021-08-30,4528.7900390625,16.190000534057617,20.399999618530273
2021-08-31,4522.68017578125,16.479999542236328,20.420000076293945
2021-09-01,4524.08984375,16.110000610351562,20.079999923706055
2021-09-02,4536.9501953125,16.40999984741211,20.1299991607666
2021-09-03,4535.43017578125,16.40999984741211,20.31999969482422
2021-09-07,4520.02978515625,18.139999389648438,21.530000686645508
2021-09-08,4514.06982421875,17.959999084472656,21.59000015258789
2021-09-09,4493.27978515625,18.799999237060547,22.059999465942383
2021-09-10,4458.580078125,20.950000762939453,23.309999465942383
2021-09-13,4468.72998046875,19.3700008392334,22.469999313354492
2021-09-14,4443.0498046875,19.459999084472656,22.549999237060547
2021-09-15,4480.7001953125,18.18000030517578,21.760000228881836
2021-09-16,4473.75,18.690000534057617,21.809999465942383
2021-09-17,4432.990234375,20.809999465942383,23.219999313354492
2021-09-20,4357.72998046875,25.709999084472656,26.399999618530273
2021-09-21,4354.18994140625,24.360000610351562,25.469999313354492
2021-09-22,4395.64013671875,20.8700008392334,23.049999237060547
2021-09-23,4448.97998046875,18.6299991607666,21.3700008392334
2021-09-24,4455.47998046875,17.75,20.81999969482422
2021-09-27,4443.10986328125,18.760000228881836,21.399999618530273
2021-09-28,4352.6298828125,23.25,24.030000686645508
2021-09-29,4359.4599609375,22.559999465942383,23.719999313354492
2021-09-30,4307.5400390625,23.139999389648438,23.8700008392334
2021-10-01,4357.0400390625,21.100000381469727,22.950000762939453
2021-10-04,4300.4599609375,22.959999084472656,24.110000610351562
2021-10-05,4345.72021484375,21.299999237060547,23.110000610351562
2021-10-06,4363.5498046875,21.0,22.84000015258789
2021-10-07,4399.759765625,19.540000915527344,22.1200008392334
2021-10-08,4391.33984375,18.770000457763672,21.8799991607666
2021-10-11,4361.18994140625,20.0,22.389999389648438
2021-10-12,4350.64990234375,19.850000381469727,22.329999923706055
2021-10-13,4363.7998046875,18.639999389648438,21.540000915527344
2021-10-14,4438.259765625,16.860000610351562,20.3700008392334
2021-10-15,4471.3701171875,16.299999237060547,20.299999237060547
2021-10-18,4486.4599609375,16.309999465942383,20.290000915527344
2021-10-19,4519.6298828125,15.699999809265137,19.979999542236328
2021-10-20,4536.18994140625,15.489999771118164,19.8700008392334
2021-10-21,4549.77978515625,15.010000228881836,19.479999542236328
2021-10-22,4544.89990234375,15.430000305175781,20.010000228881836
2021-10-25,4566.47998046875,15.239999771118164,19.559999465942383
2021-10-26,4574.7900390625,15.979999542236328,20.110000610351562
2021-10-27,4551.68017578125,16.979999542236328,20.889999389648438
2021-10-28,4596.419921875,16.530000686645508,20.479999542236328
2021-10-29,4605.3798828125,16.260000228881836,20.3700008392334
2021-11-01,4613.669921875,16.40999984741211,20.389999389648438
2021-11-02,4630.64990234375,16.030000686645508,20.100000381469727
2021-11-03,4660.56982421875,15.100000381469727,19.5
2021-11-04,4680.06005859375,15.4399995803833,19.700000762939453
2021-11-05,4697.52978515625,16.479999542236328,20.489999771118164
2021-11-08,4701.7001953125,17.219999313354492,20.979999542236328
2021-11-09,4685.25,17.780000686645508,21.40999984741211
2021-11-10,4646.7099609375,18.729999542236328,22.0
2021-11-11,4649.27001953125,17.65999984741211,21.3799991607666
2021-11-12,4682.85009765625,16.290000915527344,20.690000534057617
2021-11-15,4682.7998046875,16.489999771118164,20.8700008392334
2021-11-16,4700.89990234375,16.3700008392334,20.899999618530273
2021-11-17,4688.669921875,17.110000610351562,21.579999923706055
2021-11-18,4704.5400390625,17.59000015258789,21.899999618530273
2021-11-19,4697.9599609375,17.90999984741211,21.920000076293945
2021-11-22,4682.93994140625,19.170000076293945,22.6299991607666
2021-11-23,4690.7001953125,19.3799991607666,22.450000762939453
2021-11-24,4701.4599609375,18.579999923706055,21.899999618530273
2021-11-26,4594.6201171875,28.6200008392334,29.170000076293945
2021-11-29,4655.27001953125,22.959999084472656,25.040000915527344
2021-11-30,4567.0,27.190000534057617,28.1299991607666
2021-12-01,4513.0400390625,31.1200008392334,30.790000915527344
2021-12-02,4577.10009765625,27.950000762939453,29.149999618530273
2021-12-03,4538.43017578125,30.670000076293945,31.780000686645508
2021-12-06,4591.669921875,27.18000030517578,28.8799991607666
2021-12-07,4686.75,21.889999389648438,24.959999084472656
2021-12-08,4701.2099609375,19.899999618530273,23.6299991607666
2021-12-09,4667.4501953125,21.579999923706055,24.65999984741211
2021-12-10,4712.02001953125,18.690000534057617,23.18000030517578
2021-12-13,4668.97021484375,20.309999465942383,24.31999969482422
2021-12-14,4634.08984375,21.889999389648438,25.350000381469727
2021-12-15,4709.85009765625,19.290000915527344,23.299999237060547
2021-12-16,4668.669921875,20.56999969482422,24.3700008392334
2021-12-17,4620.64013671875,21.56999969482422,25.3799991607666
2021-12-20,4568.02001953125,22.8700008392334,26.309999465942383
2021-12-21,4649.22998046875,21.010000228881836,25.0
2021-12-22,4696.56005859375,18.6299991607666,23.559999465942383
2021-12-23,4725.7900390625,17.959999084472656,23.239999771118164
2021-12-27,4791.18994140625,17.68000030517578,22.739999771118164
2021-12-28,4786.35009765625,17.540000915527344,22.329999923706055
2021-12-29,4793.06005859375,16.950000762939453,21.829999923706055
2021-12-30,4778.72998046875,17.329999923706055,21.8799991607666
2021-12-31,4766.18017578125,17.219999313354492,21.8799991607666
2022-01-03,4796.56005859375,16.600000381469727,21.530000686645508
2022-01-04,4793.5400390625,16.90999984741211,21.6200008392334
2022-01-05,4700.580078125,19.729999542236328,23.469999313354492
2022-01-06,4696.0498046875,19.610000610351562,23.5
2022-01-07,4677.02978515625,18.760000228881836,22.8700008392334
2022-01-10,4670.2900390625,19.399999618530273,22.68000030517578
2022-01-11,4713.06982421875,18.40999984741211,21.979999542236328
2022-01-12,4726.35009765625,17.6200008392334,21.579999923706055
2022-01-13,4659.02978515625,20.309999465942383,23.40999984741211
2022-01-14,4662.85009765625,19.190000534057617,22.81999969482422
2022-01-18,4577.10986328125,22.790000915527344,25.1200008392334
2022-01-19,4532.759765625,23.850000381469727,25.809999465942383
2022-01-20,4482.72998046875,25.59000015258789,27.25
2022-01-21,4397.93994140625,28.850000381469727,29.950000762939453
2022-01-24,4410.1298828125,29.899999618530273,30.81999969482422
2022-01-25,4356.4501953125,31.15999984741211,31.760000228881836
2022-01-26,4349.93017578125,31.959999084472656,31.950000762939453
2022-01-27,4326.509765625,30.489999771118164,30.8700008392334
2022-01-28,4431.85009765625,27.65999984741211,28.81999969482422
2022-01-31,4515.5498046875,24.829999923706055,26.850000381469727
2022-02-01,4546.5400390625,21.959999084472656,24.760000228881836
2022-02-02,4589.3798828125,22.09000015258789,25.139999389648438
2022-02-03,4477.43994140625,24.350000381469727,26.670000076293945
2022-02-04,4500.52978515625,23.219999313354492,26.25
2022-02-07,4483.8701171875,22.860000610351562,25.690000534057617
2022-02-08,4521.5400390625,21.440000534057617,24.540000915527344
2022-02-09,4587.18017578125,19.959999084472656,23.489999771118164
2022-02-10,4504.080078125,23.90999984741211,26.06999969482422
2022-02-11,4418.64013671875,27.360000610351562,28.829999923706055
2022-02-14,4401.669921875,28.329999923706055,29.440000534057617
2022-02-15,4471.06982421875,25.700000762939453,27.280000686645508
2022-02-16,4475.009765625,24.290000915527344,26.260000228881836
2022-02-17,4380.259765625,28.110000610351562,29.31999969482422
2022-02-18,4348.8701171875,27.75,29.219999313354492
2022-02-22,4304.759765625,28.809999465942383,29.110000610351562
2022-02-23,4225.5,31.020000457763672,30.8799991607666
2022-02-24,4288.7001953125,30.31999969482422,30.049999237060547
2022-02-25,4384.64990234375,27.59000015258789,28.040000915527344
2022-02-28,4373.93994140625,30.149999618530273,29.649999618530273
2022-03-01,4306.259765625,33.31999969482422,32.59000015258789
2022-03-02,4386.5400390625,30.739999771118164,30.969999313354492
2022-03-03,4363.490234375,30.479999542236328,30.799999237060547
2022-03-04,4328.8701171875,31.979999542236328,32.34000015258789
2022-03-07,4201.08984375,36.45000076293945,35.7400016784668
2022-03-08,4170.7001953125,35.130001068115234,35.0
2022-03-09,4277.8798828125,32.45000076293945,33.060001373291016
2022-03-10,4259.52001953125,30.229999542236328,31.520000457763672
2022-03-11,4204.31005859375,30.75,32.34000015258789
2022-03-14,4173.10986328125,31.770000457763672,33.31999969482422
2022-03-15,4262.4501953125,29.829999923706055,31.959999084472656
2022-03-16,4357.85986328125,26.670000076293945,28.959999084472656
2022-03-17,4411.669921875,25.670000076293945,28.219999313354492
2022-03-18,4463.1201171875,23.8700008392334,26.549999237060547
2022-03-21,4461.18017578125,23.530000686645508,26.3799991607666
2022-03-22,4511.60986328125,22.940000534057617,25.850000381469727
2022-03-23,4456.240234375,23.56999969482422,26.40999984741211
2022-03-24,4520.16015625,21.670000076293945,25.299999237060547
2022-03-25,4543.06005859375,20.809999465942383,24.719999313354492
2022-03-28,4575.52001953125,19.6299991607666,24.18000030517578
2022-03-29,4631.60009765625,18.899999618530273,23.190000534057617
2022-03-30,4602.4501953125,19.329999923706055,23.56999969482422
2022-03-31,4530.41015625,20.559999465942383,24.459999084472656
2022-04-01,4545.85986328125,19.6299991607666,24.209999084472656
2022-04-04,4582.64013671875,18.56999969482422,23.030000686645508
2022-04-05,4525.1201171875,21.030000686645508,24.899999618530273
2022-04-06,4481.14990234375,22.100000381469727,25.799999237060547
2022-04-07,4500.2099609375,21.549999237060547,25.229999542236328
2022-04-08,4488.27978515625,21.15999984741211,25.170000076293945
2022-04-11,4412.52978515625,24.3700008392334,27.0
2022-04-12,4397.4501953125,24.260000228881836,27.170000076293945
2022-04-13,4446.58984375,21.81999969482422,25.540000915527344
2022-04-14,4392.58984375,22.700000762939453,26.030000686645508
2022-04-18,4391.68994140625,22.170000076293945,25.75
2022-04-19,4462.2099609375,21.3700008392334,25.059999465942383
2022-04-20,4459.4501953125,20.31999969482422,24.149999618530273
2022-04-21,4393.66015625,22.68000030517578,26.110000610351562
2022-04-22,4271.77978515625,28.209999084472656,29.8700008392334
2022-04-25,4296.1201171875,27.020000457763672,29.06999969482422
2022-04-26,4175.2001953125,33.52000045776367,33.13999938964844
2022-04-27,4183.9599609375,31.600000381469727,32.20000076293945
2022-04-28,4287.5,29.989999771118164,31.149999618530273
2022-04-29,4131.93017578125,33.400001525878906,33.18000030517578
2022-05-02,4155.3798828125,32.34000015258789,33.0099983215332
2022-05-03,4175.47998046875,29.25,30.809999465942383
2022-05-04,4300.169921875,25.420000076293945,28.09000015258789
2022-05-05,4146.8701171875,31.200000762939453,32.68000030517578
2022-05-06,4123.33984375,30.190000534057617,32.310001373291016
2022-05-09,3991.239990234375,34.75,35.04999923706055
2022-05-10,4001.050048828125,32.9900016784668,33.970001220703125
2022-05-11,3935.179931640625,32.560001373291016,33.630001068115234
2022-05-12,3930.080078125,31.770000457763672,33.08000183105469
2022-05-13,4023.889892578125,28.8700008392334,30.700000762939453
2022-05-16,4008.010009765625,27.469999313354492,29.510000228881836
2022-05-17,4088.85009765625,26.100000381469727,28.3700008392334
2022-05-18,3923.679931640625,30.959999084472656,32.79999923706055
2022-05-19,3900.7900390625,29.350000381469727,30.790000915527344
2022-05-20,3901.360107421875,29.43000030517578,31.139999389648438
2022-05-23,3973.75,28.479999542236328,30.290000915527344
2022-05-24,3941.47998046875,29.450000762939453,30.739999771118164
2022-05-25,3978.72998046875,28.3700008392334,29.729999542236328
2022-05-26,4057.840087890625,27.5,29.280000686645508
2022-05-27,4158.240234375,25.719999313354492,28.020000457763672
2022-05-31,4132.14990234375,26.190000534057617,27.989999771118164
2022-06-01,4101.22998046875,25.690000534057617,27.719999313354492
2022-06-02,4176.81982421875,24.719999313354492,27.059999465942383
2022-06-03,4108.5400390625,24.790000915527344,27.329999923706055
2022-06-06,4121.43017578125,25.06999969482422,27.219999313354492
2022-06-07,4160.68017578125,24.020000457763672,26.520000457763672
2022-06-08,4115.77001953125,23.959999084472656,26.540000915527344
2022-06-09,4017.820068359375,26.09000015258789,28.010000228881836
2022-06-10,3900.860107421875,27.75,29.719999313354492
2022-06-13,3749.6298828125,34.02000045776367,34.2400016784668
2022-06-14,3735.47998046875,32.689998626708984,33.279998779296875
2022-06-15,3789.989990234375,29.6200008392334,30.780000686645508
2022-06-16,3666.77001953125,32.95000076293945,33.4900016784668
2022-06-17,3674.840087890625,31.1299991607666,32.36000061035156
2022-06-21,3764.7900390625,30.190000534057617,31.25
2022-06-22,3759.889892578125,28.950000762939453,30.239999771118164
2022-06-23,3795.72998046875,29.049999237060547,30.190000534057617
2022-06-24,3911.739990234375,27.229999542236328,28.950000762939453
2022-06-27,3900.110107421875,26.950000762939453,28.18000030517578
2022-06-28,3821.550048828125,28.360000610351562,29.149999618530273
2022-06-29,3818.830078125,28.15999984741211,29.0
2022-06-30,3785.3798828125,28.709999084472656,29.709999084472656
2022-07-01,3825.330078125,26.700000762939453,28.520000457763672
2022-07-05,3831.389892578125,27.540000915527344,28.899999618530273
2022-07-06,3845.080078125,26.729999542236328,28.389999389648438
2022-07-07,3902.6201171875,26.079999923706055,28.030000686645508
2022-07-08,3899.3798828125,24.639999389648438,27.299999237060547
2022-07-11,3854.429931640625,26.170000076293945,28.25
2022-07-12,3818.800048828125,27.290000915527344,28.81999969482422
2022-07-13,3801.780029296875,26.81999969482422,28.559999465942383
2022-07-14,3790.3798828125,26.399999618530273,28.610000610351562
2022-07-15,3863.159912109375,24.229999542236328,27.079999923706055
2022-07-18,3830.85009765625,25.299999237060547,27.81999969482422
2022-07-19,3936.68994140625,24.5,27.309999465942383
2022-07-20,3959.89990234375,23.8799991607666,26.700000762939453
2022-07-21,3998.949951171875,23.110000610351562,26.219999313354492
2022-07-22,3961.6298828125,23.030000686645508,25.969999313354492
2022-07-25,3966.840087890625,23.360000610351562,25.799999237060547
2022-07-26,3921.050048828125,24.690000534057617,26.420000076293945
2022-07-27,4023.610107421875,23.239999771118164,25.309999465942383
2022-07-28,4072.429931640625,22.329999923706055,24.329999923706055
2022-07-29,4130.2900390625,21.329999923706055,23.790000915527344
2022-08-01,4118.6298828125,22.84000015258789,24.860000610351562
2022-08-02,4091.18994140625,23.93000030517578,25.65999984741211
2022-08-03,4155.169921875,21.950000762939453,24.3700008392334
2022-08-04,4151.93994140625,21.440000534057617,24.31999969482422
2022-08-05,4145.18994140625,21.149999618530273,24.18000030517578
2022-08-08,4140.06005859375,21.290000915527344,24.479999542236328
2022-08-09,4122.47021484375,21.770000457763672,24.690000534057617
2022-08-10,4210.240234375,19.739999771118164,23.459999084472656
2022-08-11,4207.27001953125,20.200000762939453,23.709999084472656
2022-08-12,4280.14990234375,19.530000686645508,23.309999465942383
2022-08-15,4297.14013671875,19.950000762939453,23.31999969482422
2022-08-16,4305.2001953125,19.690000534057617,23.31999969482422
2022-08-17,4274.0400390625,19.899999618530273,23.600000381469727
2022-08-18,4283.740234375,19.559999465942383,23.389999389648438
2022-08-19,4228.47998046875,20.600000381469727,24.31999969482422
2022-08-22,4137.990234375,23.799999237060547,26.0
2022-08-23,4128.72998046875,24.110000610351562,25.920000076293945
2022-08-24,4140.77001953125,22.81999969482422,24.889999389648438
2022-08-25,4199.1201171875,21.780000686645508,24.1299991607666
2022-08-26,4057.659912109375,25.559999465942383,26.559999465942383
2022-08-29,4030.610107421875,26.209999084472656,26.81999969482422
2022-08-30,3986.159912109375,26.209999084472656,26.90999984741211
2022-08-31,3955.0,25.8700008392334,26.649999618530273
2022-09-01,3966.85009765625,25.559999465942383,26.43000030517578
2022-09-02,3924.260009765625,25.469999313354492,26.479999542236328
2022-09-06,3908.18994140625,26.90999984741211,27.59000015258789
2022-09-07,3979.8701171875,24.639999389648438,26.100000381469727
2022-09-08,4006.179931640625,23.610000610351562,25.520000457763672
2022-09-09,4067.360107421875,22.790000915527344,25.139999389648438
2022-09-12,4110.41015625,23.8700008392334,25.3700008392334
2022-09-13,3932.68994140625,27.270000457763672,27.950000762939453
2022-09-14,3946.010009765625,26.15999984741211,27.459999084472656
2022-09-15,3901.35009765625,26.270000457763672,27.600000381469727
2022-09-16,3873.330078125,26.299999237060547,27.6299991607666
2022-09-19,3899.889892578125,25.760000228881836,27.010000228881836
2022-09-20,3855.929931640625,27.15999984741211,27.8799991607666
2022-09-21,3789.929931640625,27.989999771118164,28.760000228881836
2022-09-22,3757.989990234375,27.350000381469727,28.219999313354492
2022-09-23,3693.22998046875,29.920000076293945,30.31999969482422
2022-09-26,3655.0400390625,32.2599983215332,31.770000457763672
2022-09-27,3647.2900390625,32.599998474121094,32.119998931884766
2022-09-28,3719.0400390625,30.18000030517578,30.579999923706055
2022-09-29,3640.469970703125,31.84000015258789,31.739999771118164
2022-09-30,3585.6201171875,31.6200008392334,31.860000610351562
2022-10-03,3678.429931640625,30.100000381469727,30.690000534057617
2022-10-04,3790.929931640625,29.06999969482422,29.670000076293945
2022-10-05,3783.280029296875,28.549999237060547,29.43000030517578
2022-10-06,3744.52001953125,30.520000457763672,30.790000915527344
2022-10-07,3639.659912109375,31.360000610351562,32.099998474121094
2022-10-10,3612.389892578125,32.45000076293945,32.72999954223633
2022-10-11,3588.840087890625,33.630001068115234,33.36000061035156
2022-10-12,3577.030029296875,33.56999969482422,33.130001068115234
2022-10-13,3669.909912109375,31.940000534057617,31.799999237060547
2022-10-14,3583.070068359375,32.02000045776367,32.45000076293945
2022-10-17,3677.949951171875,31.3700008392334,31.739999771118164
2022-10-18,3719.97998046875,30.5,30.979999542236328
2022-10-19,3695.159912109375,30.760000228881836,31.350000381469727
2022-10-20,3665.780029296875,29.979999542236328,30.809999465942383
2022-10-21,3752.75,29.690000534057617,30.469999313354492
2022-10-24,3797.340087890625,29.850000381469727,30.329999923706055
2022-10-25,3859.110107421875,28.459999084472656,29.290000915527344
2022-10-26,3830.60009765625,27.280000686645508,28.459999084472656
2022-10-27,3807.300048828125,27.389999389648438,28.280000686645508
2022-10-28,3901.06005859375,25.75,26.899999618530273
2022-10-31,3871.97998046875,25.8799991607666,26.920000076293945
2022-11-01,3856.10009765625,25.809999465942383,26.690000534057617
2022-11-02,3759.68994140625,25.860000610351562,27.219999313354492
2022-11-03,3719.889892578125,25.299999237060547,26.700000762939453
2022-11-04,3770.550048828125,24.549999237060547,26.389999389648438
2022-11-07,3806.800048828125,24.350000381469727,26.260000228881836
2022-11-08,3828.110107421875,25.540000915527344,27.100000381469727
2022-11-09,3748.570068359375,26.09000015258789,27.90999984741211
2022-11-10,3956.3701171875,23.530000686645508,26.18000030517578
2022-11-11,3992.929931640625,22.520000457763672,25.739999771118164
2022-11-14,3957.25,23.729999542236328,26.1299991607666
2022-11-15,3991.72998046875,24.540000915527344,26.59000015258789
2022-11-16,3958.7900390625,24.110000610351562,26.030000686645508
2022-11-17,3946.56005859375,23.93000030517578,25.829999923706055
2022-11-18,3965.340087890625,23.1200008392334,25.329999923706055
2022-11-21,3949.93994140625,22.360000610351562,24.719999313354492
2022-11-22,4003.580078125,21.290000915527344,23.829999923706055
2022-11-23,4027.260009765625,20.350000381469727,23.3799991607666
2022-11-25,4026.1201171875,20.5,23.59000015258789
2022-11-28,3963.93994140625,22.209999084472656,24.899999618530273
2022-11-29,3957.6298828125,21.889999389648438,24.649999618530273
2022-11-30,4080.110107421875,20.579999923706055,23.530000686645508
2022-12-01,4076.570068359375,19.84000015258789,23.309999465942383
2022-12-02,4071.699951171875,19.059999465942383,22.959999084472656
2022-12-05,3998.840087890625,20.75,23.889999389648438
2022-12-06,3941.260009765625,22.170000076293945,24.719999313354492
2022-12-07,3933.919921875,22.68000030517578,25.18000030517578
2022-12-08,3963.510009765625,22.290000915527344,24.729999542236328
2022-12-09,3934.3798828125,22.829999923706055,25.209999084472656
2022-12-12,3990.56005859375,25.0,25.670000076293945
2022-12-13,4019.64990234375,22.549999237060547,24.290000915527344
2022-12-14,3995.320068359375,21.139999389648438,23.459999084472656
2022-12-15,3895.75,22.829999923706055,25.079999923706055
2022-12-16,3852.360107421875,22.6200008392334,25.149999618530273
2022-12-19,3817.659912109375,22.420000076293945,25.079999923706055
2022-12-20,3821.6201171875,21.479999542236328,24.399999618530273
2022-12-21,3878.43994140625,20.06999969482422,23.350000381469727
2022-12-22,3822.389892578125,21.969999313354492,24.780000686645508
2022-12-23,3844.820068359375,20.8700008392334,24.1299991607666
2022-12-27,3829.25,21.649999618530273,24.43000030517578
2022-12-28,3783.219970703125,22.139999389648438,24.579999923706055
2022-12-29,3849.280029296875,21.440000534057617,23.950000762939453
2022-12-30,3839.5,21.670000076293945,24.290000915527344
2023-01-03,3824.139892578125,22.899999618530273,24.579999923706055
2023-01-04,3852.969970703125,22.010000228881836,23.809999465942383
2023-01-05,3808.10009765625,22.459999084472656,24.06999969482422
2023-01-06,3895.080078125,21.1299991607666,23.18000030517578
2023-01-09,3892.090087890625,21.969999313354492,23.739999771118164
2023-01-10,3919.25,20.579999923706055,22.739999771118164
2023-01-11,3969.610107421875,21.09000015258789,22.739999771118164
2023-01-12,3983.169921875,18.829999923706055,21.579999923706055
2023-01-13,3999.090087890625,18.350000381469727,21.139999389648438
2023-01-17,3990.969970703125,19.360000610351562,21.450000762939453
2023-01-18,3928.860107421875,20.34000015258789,22.270000457763672
2023-01-19,3898.85009765625,20.520000457763672,22.450000762939453
2023-01-20,3972.610107421875,19.850000381469727,21.719999313354492
2023-01-23,4019.81005859375,19.809999465942383,21.600000381469727
2023-01-24,4016.949951171875,19.200000762939453,20.90999984741211
2023-01-25,4016.219970703125,19.079999923706055,20.940000534057617
2023-01-26,4060.429931640625,18.729999542236328,20.700000762939453
2023-01-27,4070.56005859375,18.510000228881836,20.469999313354492
2023-01-30,4017.77001953125,19.940000534057617,21.3700008392334
2023-01-31,4076.60009765625,19.399999618530273,20.809999465942383
2023-02-01,4119.2099609375,17.8700008392334,19.969999313354492
2023-02-02,4179.759765625,18.729999542236328,20.84000015258789
2023-02-03,4136.47998046875,18.329999923706055,20.780000686645508
2023-02-06,4111.080078125,19.43000030517578,21.43000030517578
2023-02-07,4164.0,18.65999984741211,20.780000686645508
2023-02-08,4117.85986328125,19.6299991607666,21.81999969482422
2023-02-09,4081.5,20.709999084472656,22.5
2023-02-10,4090.4599609375,20.530000686645508,22.549999237060547
2023-02-13,4137.2900390625,20.34000015258789,21.969999313354492
2023-02-14,4136.1298828125,18.90999984741211,21.139999389648438
2023-02-15,4147.60009765625,18.229999542236328,20.68000030517578
2023-02-16,4090.409912109375,20.170000076293945,21.8799991607666
2023-02-17,4079.090087890625,20.020000457763672,21.770000457763672
2023-02-21,3997.340087890625,22.8700008392334,23.3799991607666
2023-02-22,3991.050048828125,22.290000915527344,22.68000030517578
2023-02-23,4012.320068359375,21.139999389648438,21.739999771118164
2023-02-24,3970.0400390625,21.670000076293945,22.43000030517578
2023-02-27,3982.239990234375,20.950000762939453,21.59000015258789
2023-02-28,3970.14990234375,20.700000762939453,21.31999969482422
2023-03-01,3951.389892578125,20.579999923706055,21.360000610351562
2023-03-02,3981.35009765625,19.59000015258789,20.6299991607666
2023-03-03,4045.639892578125,18.489999771118164,19.979999542236328
2023-03-06,4048.419921875,18.610000610351562,19.989999771118164
2023-03-07,3986.3701171875,19.59000015258789,20.59000015258789
2023-03-08,3992.010009765625,19.110000610351562,20.190000534057617
2023-03-09,3918.320068359375,22.610000610351562,22.8700008392334
2023-03-10,3861.590087890625,24.799999237060547,25.389999389648438
2023-03-13,3855.760009765625,26.520000457763672,26.639999389648438
2023-03-14,3919.2900390625,23.729999542236328,24.8700008392334
2023-03-15,3891.929931640625,26.139999389648438,27.200000762939453
2023-03-16,3960.280029296875,22.989999771118164,24.559999465942383
2023-03-17,3916.639892578125,25.510000228881836,27.420000076293945
2023-03-20,3951.570068359375,24.149999618530273,25.850000381469727
2023-03-21,4002.8701171875,21.3799991607666,23.56999969482422
2023-03-22,3936.969970703125,22.260000228881836,24.3799991607666
2023-03-23,3948.719970703125,22.610000610351562,24.530000686645508
2023-03-24,3970.989990234375,21.739999771118164,23.959999084472656
2023-03-27,3977.530029296875,20.600000381469727,22.8700008392334
2023-03-28,3971.27001953125,19.969999313354492,22.3799991607666
2023-03-29,4027.81005859375,19.1200008392334,21.489999771118164
2023-03-30,4050.830078125,19.020000457763672,21.450000762939453
2023-03-31,4109.31005859375,18.700000762939453,21.229999542236328
2023-04-03,4124.509765625,18.549999237060547,20.829999923706055
2023-04-04,4100.60009765625,19.0,21.34000015258789
2023-04-05,4090.3798828125,19.079999923706055,21.479999542236328
2023-04-06,4105.02001953125,18.399999618530273,21.0
2023-04-10,4109.10986328125,18.969999313354492,21.06999969482422
2023-04-11,4108.93994140625,19.100000381469727,21.010000228881836
2023-04-12,4091.949951171875,19.09000015258789,21.049999237060547
2023-04-13,4146.22021484375,17.799999237060547,20.260000228881836
2023-04-14,4137.64013671875,17.06999969482422,20.030000686645508
2023-04-17,4151.31982421875,16.950000762939453,19.649999618530273
2023-04-18,4154.8701171875,16.829999923706055,19.81999969482422
2023-04-19,4154.52001953125,16.459999084472656,20.020000457763672
2023-04-20,4129.7900390625,17.170000076293945,20.549999237060547
2023-04-21,4133.52001953125,16.770000457763672,20.389999389648438
2023-04-24,4137.0400390625,16.889999389648438,20.399999618530273
2023-04-25,4071.6298828125,18.760000228881836,21.649999618530273
2023-04-26,4055.989990234375,18.84000015258789,21.540000915527344
2023-04-27,4135.35009765625,17.030000686645508,20.3700008392334
2023-04-28,4169.47998046875,15.779999732971191,19.540000915527344
2023-05-01,4167.8701171875,16.079999923706055,19.670000076293945
2023-05-02,4119.580078125,17.780000686645508,20.75
2023-05-03,4090.75,18.34000015258789,21.290000915527344
2023-05-04,4061.219970703125,20.09000015258789,22.770000457763672
2023-05-05,4136.25,17.190000534057617,20.780000686645508
2023-05-08,4138.1201171875,16.979999542236328,20.709999084472656
2023-05-09,4119.169921875,17.709999084472656,21.170000076293945
2023-05-10,4137.64013671875,16.940000534057617,20.690000534057617
2023-05-11,4130.6201171875,16.93000030517578,20.6200008392334
2023-05-12,4124.080078125,17.030000686645508,20.65999984741211
2023-05-15,4136.27978515625,17.1200008392334,20.309999465942383
2023-05-16,4109.89990234375,17.989999771118164,20.899999618530273
2023-05-17,4158.77001953125,16.8700008392334,20.049999237060547
2023-05-18,4198.0498046875,16.049999237060547,19.329999923706055
2023-05-19,4191.97998046875,16.809999465942383,20.040000915527344
2023-05-22,4192.6298828125,17.209999084472656,20.360000610351562
2023-05-23,4145.580078125,18.530000686645508,21.059999465942383
2023-05-24,4115.240234375,20.030000686645508,22.020000457763672
2023-05-25,4151.27978515625,19.139999389648438,21.3799991607666
2023-05-26,4205.4501953125,17.950000762939453,20.440000534057617
2023-05-30,4205.52001953125,17.459999084472656,20.1299991607666
2023-05-31,4179.830078125,17.940000534057617,20.209999084472656
2023-06-01,4221.02001953125,15.649999618530273,18.75
2023-06-02,4282.3701171875,14.600000381469727,17.920000076293945
2023-06-05,4273.7900390625,14.729999542236328,17.899999618530273
2023-06-06,4283.85009765625,13.960000038146973,17.040000915527344
2023-06-07,4267.52001953125,13.9399995803833,17.139999389648438
2023-06-08,4293.93017578125,13.649999618530273,16.860000610351562
2023-06-09,4298.85986328125,13.829999923706055,16.959999084472656
2023-06-12,4338.93017578125,15.010000228881836,17.280000686645508
2023-06-13,4369.009765625,14.609999656677246,17.229999542236328
2023-06-14,4372.58984375,13.880000114440918,16.860000610351562
2023-06-15,4425.83984375,14.5,17.18000030517578
2023-06-16,4409.58984375,13.539999961853027,16.75
2023-06-20,4388.7099609375,13.880000114440918,17.299999237060547
2023-06-21,4365.68994140625,13.199999809265137,16.889999389648438
2023-06-22,4381.89013671875,12.90999984741211,16.559999465942383
2023-06-23,4348.330078125,13.4399995803833,16.8700008392334
2023-06-26,4328.81982421875,14.25,17.049999237060547
2023-06-27,4378.41015625,13.739999771118164,16.440000534057617
2023-06-28,4376.85986328125,13.430000305175781,15.899999618530273
2023-06-29,4396.43994140625,13.539999961853027,16.100000381469727
2023-06-30,4450.3798828125,13.59000015258789,16.020000457763672
2023-07-03,4455.58984375,13.569999694824219,16.06999969482422
2023-07-05,4446.81982421875,14.180000305175781,16.510000228881836
2023-07-06,4411.58984375,15.4399995803833,17.520000457763672
2023-07-07,4398.9501953125,14.829999923706055,17.239999771118164
2023-07-10,4409.52978515625,15.069999694824219,17.25
2023-07-11,4439.259765625,14.84000015258789,16.969999313354492
2023-07-12,4472.16015625,13.539999961853027,16.110000610351562
2023-07-13,4510.0400390625,13.609999656677246,16.1200008392334
2023-07-14,4505.419921875,13.34000015258789,16.040000915527344
2023-07-17,4522.7900390625,13.479999542236328,16.270000457763672
2023-07-18,4554.97998046875,13.300000190734863,16.1299991607666
2023-07-19,4565.72021484375,13.760000228881836,16.559999465942383
2023-07-20,4534.8701171875,13.989999771118164,16.65999984741211
2023-07-21,4536.33984375,13.600000381469727,16.399999618530273
2023-07-24,4554.64013671875,13.90999984741211,16.260000228881836
2023-07-25,4567.4599609375,13.859999656677246,16.219999313354492
2023-07-26,4566.75,13.1899995803833,15.789999961853027
2023-07-27,4537.41015625,14.40999984741211,16.6299991607666
2023-07-28,4582.22998046875,13.329999923706055,15.920000076293945
2023-07-31,4588.9599609375,13.630000114440918,16.010000228881836
2023-08-01,4576.72998046875,13.930000305175781,16.34000015258789
2023-08-02,4513.39013671875,16.09000015258789,17.959999084472656
2023-08-03,4501.89013671875,15.920000076293945,17.719999313354492
2023-08-04,4478.02978515625,17.100000381469727,18.610000610351562
2023-08-07,4518.43994140625,15.770000457763672,17.719999313354492
2023-08-08,4499.3798828125,15.989999771118164,18.1299991607666
2023-08-09,4467.7099609375,15.960000038146973,18.049999237060547
2023-08-10,4468.830078125,15.850000381469727,18.15999984741211
2023-08-11,4464.0498046875,14.84000015258789,17.559999465942383
2023-08-14,4489.72021484375,14.819999694824219,17.40999984741211
2023-08-15,4437.85986328125,16.459999084472656,18.59000015258789
2023-08-16,4404.330078125,16.780000686645508,18.969999313354492
2023-08-17,4370.35986328125,17.889999389648438,19.829999923706055
2023-08-18,4369.7099609375,17.299999237060547,19.239999771118164
2023-08-21,4399.77001953125,17.1299991607666,18.770000457763672
2023-08-22,4387.5498046875,16.969999313354492,18.719999313354492
2023-08-23,4436.009765625,15.979999542236328,17.940000534057617
2023-08-24,4376.31005859375,17.200000762939453,18.75
2023-08-25,4405.7099609375,15.680000305175781,17.719999313354492
2023-08-28,4433.31005859375,15.079999923706055,17.1200008392334
2023-08-29,4497.6298828125,14.449999809265137,16.559999465942383
2023-08-30,4514.8701171875,13.880000114440918,16.18000030517578
2023-08-31,4507.66015625,13.569999694824219,15.920000076293945
2023-09-01,4515.77001953125,13.09000015258789,15.739999771118164
2023-09-05,4496.830078125,14.010000228881836,16.239999771118164
2023-09-06,4465.47998046875,14.449999809265137,16.610000610351562
2023-09-07,4451.14013671875,14.399999618530273,16.579999923706055
2023-09-08,4457.490234375,13.84000015258789,16.139999389648438
2023-09-11,4487.4599609375,13.800000190734863,16.020000457763672
2023-09-12,4461.89990234375,14.229999542236328,16.25
2023-09-13,4467.43994140625,13.479999542236328,15.920000076293945
2023-09-14,4505.10009765625,12.819999694824219,15.34000015258789
2023-09-15,4450.31982421875,13.789999961853027,16.020000457763672
2023-09-18,4453.52978515625,14.0,16.1299991607666
2023-09-19,4443.9501953125,14.109999656677246,16.1299991607666
2023-09-20,4402.2001953125,15.140000343322754,16.809999465942383
2023-09-21,4330.0,17.540000915527344,18.239999771118164
2023-09-22,4320.06005859375,17.200000762939453,18.09000015258789
2023-09-25,4337.43994140625,16.899999618530273,18.020000457763672
2023-09-26,4273.52978515625,18.940000534057617,19.719999313354492
2023-09-27,4274.509765625,18.219999313354492,19.110000610351562
2023-09-28,4299.7001953125,17.34000015258789,18.3799991607666
2023-09-29,4288.0498046875,17.520000457763672,18.510000228881836
2023-10-02,4288.39013671875,17.610000610351562,18.6200008392334
2023-10-03,4229.4501953125,19.780000686645508,20.40999984741211
2023-10-04,4263.75,18.579999923706055,19.520000457763672
2023-10-05,4258.18994140625,18.489999771118164,19.5
2023-10-06,4308.5,17.450000762939453,18.729999542236328
2023-10-09,4335.66015625,17.700000762939453,18.809999465942383
2023-10-10,4358.240234375,17.030000686645508,18.270000457763672
2023-10-11,4376.9501953125,16.09000015258789,17.6299991607666
2023-10-12,4349.60986328125,16.690000534057617,18.09000015258789
2023-10-13,4327.77978515625,19.31999969482422,20.56999969482422
2023-10-16,4373.6298828125,17.209999084472656,18.790000915527344
2023-10-17,4373.2001953125,17.8799991607666,19.260000228881836
2023-10-18,4314.60009765625,19.219999313354492,20.469999313354492
2023-10-19,4278.0,21.399999618530273,22.190000534057617
2023-10-20,4224.16015625,21.709999084472656,22.440000534057617
2023-10-23,4217.0400390625,20.3700008392334,21.329999923706055
2023-10-24,4247.68017578125,18.969999313354492,20.209999084472656
2023-10-25,4186.77001953125,20.190000534057617,21.329999923706055
2023-10-26,4137.22998046875,20.68000030517578,21.56999969482422
2023-10-27,4117.3701171875,21.270000457763672,22.270000457763672
2023-10-30,4166.81982421875,19.75,20.799999237060547
2023-10-31,4193.7998046875,18.139999389648438,19.489999771118164
2023-11-01,4237.85986328125,16.8700008392334,18.549999237060547
2023-11-02,4317.77978515625,15.65999984741211,17.799999237060547
2023-11-03,4358.33984375,14.90999984741211,17.219999313354492
2023-11-06,4365.97998046875,14.890000343322754,17.030000686645508
2023-11-07,4378.3798828125,14.8100004196167,16.920000076293945
2023-11-08,4382.77978515625,14.449999809265137,16.639999389648438
2023-11-09,4347.35009765625,15.289999961853027,17.299999237060547
2023-11-10,4415.240234375,14.170000076293945,16.520000457763672
2023-11-13,4411.5498046875,14.760000228881836,16.610000610351562
2023-11-14,4495.7001953125,14.15999984741211,16.290000915527344
2023-11-15,4502.8798828125,14.180000305175781,16.280000686645508
2023-11-16,4508.240234375,14.319999694824219,16.139999389648438
2023-11-17,4514.02001953125,13.800000190734863,15.850000381469727
2023-11-20,4547.3798828125,13.40999984741211,15.6899995803833
2023-11-21,4538.18994140625,13.350000381469727,15.5
2023-11-22,4556.6201171875,12.850000381469727,15.479999542236328
2023-11-24,4559.33984375,12.460000038146973,15.119999885559082
2023-11-27,4550.43017578125,12.6899995803833,15.34000015258789
2023-11-28,4554.89013671875,12.6899995803833,15.239999771118164
2023-11-29,4550.580078125,12.979999542236328,15.510000228881836
2023-11-30,4567.7998046875,12.920000076293945,15.4399995803833
2023-12-01,4594.6298828125,12.630000114440918,15.359999656677246
2023-12-04,4569.77978515625,13.079999923706055,15.680000305175781
2023-12-05,4567.18017578125,12.850000381469727,15.569999694824219
2023-12-06,4549.33984375,12.970000267028809,15.739999771118164
2023-12-07,4585.58984375,13.0600004196167,15.649999618530273
2023-12-08,4604.3701171875,12.350000381469727,15.15999984741211
2023-12-11,4622.43994140625,12.630000114440918,15.1899995803833
2023-12-12,4643.7001953125,12.069999694824219,14.829999923706055
2023-12-13,4707.08984375,12.1899995803833,14.65999984741211
2023-12-14,4719.5498046875,12.479999542236328,14.789999961853027
2023-12-15,4719.18994140625,12.279999732971191,15.130000114440918
2023-12-18,4740.56005859375,12.5600004196167,15.470000267028809
2023-12-19,4768.3701171875,12.529999732971191,15.640000343322754
2023-12-20,4698.35009765625,13.670000076293945,16.579999923706055
2023-12-21,4746.75,13.649999618530273,16.299999237060547
2023-12-22,4754.6298828125,13.029999732971191,15.989999771118164
2023-12-26,4774.75,12.989999771118164,15.880000114440918
2023-12-27,4781.580078125,12.430000305175781,15.270000457763672
2023-12-28,4783.35009765625,12.470000267028809,15.229999542236328
2023-12-29,4769.830078125,12.449999809265137,15.260000228881836
2024-01-02,4742.830078125,13.199999809265137,15.479999542236328
2024-01-03,4704.81005859375,14.039999961853027,16.040000915527344
2024-01-04,4688.68017578125,14.130000114440918,16.040000915527344
2024-01-05,4697.240234375,13.350000381469727,15.510000228881836
2024-01-08,4763.5400390625,13.079999923706055,15.140000343322754
2024-01-09,4756.5,12.760000228881836,14.899999618530273
2024-01-10,4783.4501953125,12.6899995803833,14.729999542236328
2024-01-11,4780.240234375,12.4399995803833,14.5600004196167
2024-01-12,4783.830078125,12.699999809265137,14.9399995803833
2024-01-16,4765.97998046875,13.84000015258789,15.739999771118164
2024-01-17,4739.2099609375,14.789999961853027,16.3799991607666
2024-01-18,4780.93994140625,14.130000114440918,15.84000015258789
2024-01-19,4839.81005859375,13.300000190734863,15.260000228881836
2024-01-22,4850.43017578125,13.1899995803833,14.970000267028809
2024-01-23,4864.60009765625,12.550000190734863,14.520000457763672
2024-01-24,4868.5498046875,13.140000343322754,14.970000267028809
2024-01-25,4894.16015625,13.449999809265137,15.100000381469727
2024-01-26,4890.97021484375,13.260000228881836,15.029999732971191
2024-01-29,4927.93017578125,13.600000381469727,15.220000267028809
2024-01-30,4924.97021484375,13.3100004196167,15.140000343322754
2024-01-31,4845.64990234375,14.350000381469727,15.960000038146973
2024-02-01,4906.18994140625,13.880000114440918,15.5
2024-02-02,4958.60986328125,13.850000381469727,15.609999656677246
2024-02-05,4942.81005859375,13.670000076293945,15.329999923706055
2024-02-06,4954.22998046875,13.0600004196167,14.989999771118164
2024-02-07,4995.06005859375,12.829999923706055,14.850000381469727
2024-02-08,4997.91015625,12.789999961853027,14.930000305175781
2024-02-09,5026.60986328125,12.930000305175781,15.079999923706055
2024-02-12,5021.83984375,13.930000305175781,15.670000076293945
2024-02-13,4953.169921875,15.850000381469727,16.81999969482422
2024-02-14,5000.6201171875,14.380000114440918,15.930000305175781
2024-02-15,5029.72998046875,14.010000228881836,15.760000228881836
2024-02-16,5005.56982421875,14.239999771118164,15.859999656677246
2024-02-20,4975.509765625,15.420000076293945,16.40999984741211
2024-02-21,4981.7998046875,15.34000015258789,16.229999542236328
2024-02-22,5087.02978515625,14.539999961853027,15.770000457763672
2024-02-23,5088.7998046875,13.75,15.25
2024-02-26,5069.52978515625,13.739999771118164,15.220000267028809
2024-02-27,5078.18017578125,13.430000305175781,14.890000343322754
2024-02-28,5069.759765625,13.84000015258789,15.220000267028809
2024-02-29,5096.27001953125,13.399999618530273,14.930000305175781
2024-03-01,5137.080078125,13.109999656677246,14.930000305175781
2024-03-04,5130.9501953125,13.489999771118164,15.229999542236328
2024-03-05,5078.64990234375,14.460000038146973,15.90999984741211
2024-03-06,5104.759765625,14.5,15.970000267028809
2024-03-07,5157.35986328125,14.4399995803833,15.90999984741211
2024-03-08,5123.68994140625,14.739999771118164,16.299999237060547
2024-03-11,5117.93994140625,15.220000267028809,16.459999084472656
2024-03-12,5175.27001953125,13.84000015258789,15.65999984741211
2024-03-13,5165.31005859375,13.75,15.600000381469727
2024-03-14,5150.47998046875,14.399999618530273,16.1200008392334
2024-03-15,5117.08984375,14.40999984741211,16.40999984741211
2024-03-18,5149.419921875,14.329999923706055,16.219999313354492
2024-03-19,5178.509765625,13.819999694824219,15.770000457763672
2024-03-20,5224.6201171875,13.039999961853027,15.279999732971191
2024-03-21,5241.52978515625,12.920000076293945,15.180000305175781
2024-03-22,5234.18017578125,13.0600004196167,15.300000190734863
2024-03-25,5218.18994140625,13.1899995803833,15.380000114440918
2024-03-26,5203.580078125,13.239999771118164,15.289999961853027
2024-03-27,5248.490234375,12.779999732971191,15.010000228881836
2024-03-28,5254.35009765625,13.010000228881836,15.1899995803833
2024-04-01,5243.77001953125,13.649999618530273,15.520000457763672
2024-04-02,5205.81005859375,14.609999656677246,16.09000015258789
2024-04-03,5211.490234375,14.329999923706055,15.90999984741211
2024-04-04,5147.2099609375,16.350000381469727,17.15999984741211
2024-04-05,5204.33984375,16.030000686645508,17.18000030517578
2024-04-08,5202.39013671875,15.1899995803833,16.559999465942383
2024-04-09,5209.91015625,14.979999542236328,16.420000076293945
2024-04-10,5160.64013671875,15.800000190734863,17.040000915527344
2024-04-11,5199.06005859375,14.90999984741211,16.489999771118164
2024-04-12,5123.41015625,17.309999465942383,18.200000762939453
2024-04-15,5061.81982421875,19.229999542236328,19.549999237060547
2024-04-16,5051.41015625,18.399999618530273,18.84000015258789
2024-04-17,5022.2099609375,18.209999084472656,18.770000457763672
2024-04-18,5011.1201171875,18.0,18.65999984741211
2024-04-19,4967.22998046875,18.709999084472656,19.25
2024-04-22,5010.60009765625,16.940000534057617,17.6299991607666
2024-04-23,5070.5498046875,15.6899995803833,16.68000030517578
2024-04-24,5071.6298828125,15.970000267028809,16.84000015258789
2024-04-25,5048.419921875,15.369999885559082,16.3700008392334
2024-04-26,5099.9599609375,15.029999732971191,16.270000457763672
2024-04-29,5116.169921875,14.670000076293945,16.0
2024-04-30,5035.68994140625,15.649999618530273,16.59000015258789
2024-05-01,5018.39013671875,15.390000343322754,16.56999969482422
2024-05-02,5064.2001953125,14.680000305175781,16.049999237060547
2024-05-03,5127.7900390625,13.489999771118164,15.270000457763672
2024-05-06,5180.740234375,13.489999771118164,15.020000457763672
2024-05-07,5187.7001953125,13.229999542236328,14.949999809265137
2024-05-08,5187.669921875,13.0,14.899999618530273
2024-05-09,5214.080078125,12.6899995803833,14.710000038146973
2024-05-10,5222.68017578125,12.550000190734863,14.65999984741211
2024-05-13,5221.419921875,13.600000381469727,14.890000343322754
2024-05-14,5246.68017578125,13.420000076293945,14.699999809265137
2024-05-15,5308.14990234375,12.449999809265137,14.079999923706055
2024-05-16,5297.10009765625,12.420000076293945,14.220000267028809
2024-05-17,5303.27001953125,11.989999771118164,13.989999771118164
2024-05-20,5308.1298828125,12.149999618530273,14.109999656677246
2024-05-21,5321.41015625,11.859999656677246,13.949999809265137
2024-05-22,5307.009765625,12.289999961853027,14.3100004196167
2024-05-23,5267.83984375,12.770000457763672,14.670000076293945
2024-05-24,5304.72021484375,11.930000305175781,14.170000076293945
2024-05-28,5306.0400390625,12.920000076293945,14.720000267028809
2024-05-29,5266.9501953125,14.279999732971191,15.449999809265137
2024-05-30,5235.47998046875,14.470000267028809,15.59000015258789
2024-05-31,5277.509765625,12.920000076293945,14.65999984741211
2024-06-03,5283.39990234375,13.109999656677246,14.800000190734863
2024-06-04,5291.33984375,13.15999984741211,14.880000114440918
2024-06-05,5354.02978515625,12.630000114440918,14.539999961853027
2024-06-06,5352.9599609375,12.579999923706055,14.539999961853027
2024-06-07,5346.990234375,12.220000267028809,14.40999984741211
2024-06-10,5360.7900390625,12.739999771118164,14.600000381469727
2024-06-11,5375.31982421875,12.850000381469727,14.489999771118164
2024-06-12,5421.02978515625,12.039999961853027,14.119999885559082
2024-06-13,5433.740234375,11.9399995803833,14.170000076293945
2024-06-14,5431.60009765625,12.65999984741211,14.84000015258789
2024-06-17,5473.22998046875,12.75,14.789999961853027
2024-06-18,5487.02978515625,12.300000190734863,14.6899995803833
2024-06-20,5473.169921875,13.279999732971191,15.40999984741211
2024-06-21,5464.6201171875,13.199999809265137,15.170000076293945
2024-06-24,5447.8701171875,13.329999923706055,15.229999542236328
2024-06-25,5469.2998046875,12.84000015258789,14.859999656677246
2024-06-26,5477.89990234375,12.550000190734863,14.710000038146973
2024-06-27,5482.8701171875,12.239999771118164,14.420000076293945
2024-06-28,5460.47998046875,12.4399995803833,14.520000457763672
2024-07-01,5475.08984375,12.220000267028809,14.1899995803833
2024-07-02,5509.009765625,12.029999732971191,14.010000228881836
2024-07-03,5537.02001953125,12.09000015258789,14.020000457763672
2024-07-05,5567.18994140625,12.479999542236328,14.350000381469727
2024-07-08,5572.85009765625,12.369999885559082,14.289999961853027
2024-07-09,5576.97998046875,12.510000228881836,14.390000343322754
2024-07-10,5633.91015625,12.850000381469727,14.5
2024-07-11,5584.5400390625,12.920000076293945,14.670000076293945
2024-07-12,5615.35009765625,12.460000038146973,14.369999885559082
2024-07-15,5631.22021484375,13.119999885559082,14.869999885559082
2024-07-16,5667.2001953125,13.1899995803833,14.90999984741211
2024-07-17,5588.27001953125,14.479999542236328,15.789999961853027
2024-07-18,5544.58984375,15.930000305175781,16.559999465942383
2024-07-19,5505.0,16.520000457763672,17.15999984741211
2024-07-22,5564.41015625,14.90999984741211,16.09000015258789
2024-07-23,5555.740234375,14.720000267028809,16.010000228881836
2024-07-24,5427.1298828125,18.040000915527344,18.43000030517578
2024-07-25,5399.22021484375,18.459999084472656,18.690000534057617
2024-07-26,5459.10009765625,16.389999389648438,17.239999771118164
2024-07-29,5463.5400390625,16.600000381469727,17.15999984741211
2024-07-30,5436.43994140625,17.690000534057617,18.010000228881836
2024-07-31,5522.2998046875,16.360000610351562,16.969999313354492
2024-08-01,5446.68017578125,18.59000015258789,19.139999389648438
2024-08-02,5346.56005859375,23.389999389648438,23.34000015258789
2024-08-05,5186.330078125,38.56999969482422,33.709999084472656
2024-08-06,5240.02978515625,27.709999084472656,26.760000228881836
2024-08-07,5199.5,27.850000381469727,27.010000228881836
2024-08-08,5319.31005859375,23.790000915527344,24.1299991607666
2024-08-09,5344.16015625,20.3700008392334,21.18000030517578
2024-08-12,5344.39013671875,20.709999084472656,21.6299991607666
2024-08-13,5434.43017578125,18.1200008392334,19.860000610351562
2024-08-14,5455.2099609375,16.190000534057617,18.450000762939453
2024-08-15,5543.22021484375,15.229999542236328,17.8799991607666
2024-08-16,5554.25,14.800000190734863,17.809999465942383
2024-08-19,5608.25,14.649999618530273,17.59000015258789
2024-08-20,5597.1201171875,15.880000114440918,18.280000686645508
2024-08-21,5620.85009765625,16.270000457763672,18.579999923706055
2024-08-22,5570.64013671875,17.549999237060547,19.360000610351562
2024-08-23,5634.60986328125,15.859999656677246,18.190000534057617
2024-08-26,5616.83984375,16.149999618530273,18.25
2024-08-27,5625.7998046875,15.430000305175781,17.729999542236328
2024-08-28,5592.18017578125,17.110000610351562,18.899999618530273
2024-08-29,5591.9599609375,15.649999618530273,18.0
2024-08-30,5648.39990234375,15.0,17.43000030517578
2024-09-03,5528.93017578125,20.719999313354492,21.700000762939453
2024-09-04,5520.06982421875,21.31999969482422,22.06999969482422
2024-09-05,5503.41015625,19.899999618530273,20.93000030517578
2024-09-06,5408.419921875,22.3799991607666,22.739999771118164
2024-09-09,5471.0498046875,19.450000762939453,20.8799991607666
2024-09-10,5495.52001953125,19.079999923706055,20.549999237060547
2024-09-11,5554.1298828125,17.690000534057617,19.59000015258789
2024-09-12,5595.759765625,17.06999969482422,19.479999542236328
2024-09-13,5626.02001953125,16.559999465942383,19.280000686645508
2024-09-16,5633.08984375,17.139999389648438,19.809999465942383
2024-09-17,5634.580078125,17.610000610351562,20.1299991607666
2024-09-18,5618.259765625,18.229999542236328,20.350000381469727
2024-09-19,5713.64013671875,16.329999923706055,19.06999969482422
2024-09-20,5702.5498046875,16.149999618530273,18.940000534057617
2024-09-23,5718.56982421875,15.890000343322754,18.700000762939453
2024-09-24,5732.93017578125,15.390000343322754,18.469999313354492
2024-09-25,5722.259765625,15.40999984741211,18.56999969482422
2024-09-26,5745.3701171875,15.369999885559082,18.450000762939453
2024-09-27,5738.169921875,16.959999084472656,19.540000915527344
2024-09-30,5762.47998046875,16.729999542236328,19.219999313354492
2024-10-01,5708.75,19.260000228881836,20.889999389648438
2024-10-02,5709.5400390625,18.899999618530273,20.59000015258789
2024-10-03,5699.93994140625,20.489999771118164,21.6299991607666
2024-10-04,5751.06982421875,19.209999084472656,20.649999618530273
2024-10-07,5695.93994140625,22.639999389648438,22.59000015258789
2024-10-08,5751.1298828125,21.420000076293945,21.520000457763672
2024-10-09,5792.0400390625,20.860000610351562,20.90999984741211
2024-10-10,5780.0498046875,20.93000030517578,21.020000457763672
2024-10-11,5815.02978515625,20.459999084472656,20.770000457763672
2024-10-14,5859.85009765625,19.700000762939453,20.1200008392334
2024-10-15,5815.259765625,20.639999389648438,20.799999237060547
2024-10-16,5842.47021484375,19.579999923706055,20.31999969482422
2024-10-17,5841.47021484375,19.110000610351562,19.809999465942383
2024-10-18,5864.669921875,18.030000686645508,19.190000534057617
2024-10-21,5853.97998046875,18.3700008392334,19.239999771118164
2024-10-22,5851.2001953125,18.200000762939453,19.170000076293945
2024-10-23,5797.419921875,19.239999771118164,20.040000915527344
2024-10-24,5809.85986328125,19.079999923706055,19.850000381469727
2024-10-25,5808.1201171875,20.329999923706055,20.940000534057617
2024-10-28,5823.52001953125,19.799999237060547,20.170000076293945
2024-10-29,5832.919921875,19.34000015258789,19.959999084472656
2024-10-30,5813.669921875,20.350000381469727,20.760000228881836
2024-10-31,5705.4501953125,23.15999984741211,22.639999389648438
2024-11-01,5728.7998046875,21.8799991607666,21.90999984741211
2024-11-04,5712.68994140625,21.979999542236328,21.56999969482422
2024-11-05,5782.759765625,20.489999771118164,20.190000534057617
2024-11-06,5929.0400390625,16.270000457763672,17.670000076293945
2024-11-07,5973.10009765625,15.199999809265137,16.950000762939453
2024-11-08,5995.5400390625,14.9399995803833,16.829999923706055
2024-11-11,6001.35009765625,14.970000267028809,16.799999237060547
2024-11-12,5983.990234375,14.710000038146973,16.709999084472656
2024-11-13,5985.3798828125,14.020000457763672,16.510000228881836
2024-11-14,5949.169921875,14.3100004196167,16.68000030517578
2024-11-15,5870.6201171875,16.139999389648438,17.809999465942383
2024-11-18,5893.6201171875,15.579999923706055,17.190000534057617
2024-11-19,5916.97998046875,16.350000381469727,17.690000534057617
2024-11-20,5917.10986328125,17.15999984741211,18.260000228881836
2024-11-21,5948.7099609375,16.8700008392334,18.18000030517578
2024-11-22,5969.33984375,15.239999771118164,17.299999237060547
2024-11-25,5987.3701171875,14.600000381469727,16.8700008392334
2024-11-26,6021.6298828125,14.100000381469727,16.530000686645508
2024-11-27,5998.740234375,14.100000381469727,16.600000381469727
2024-11-29,6032.3798828125,13.510000228881836,16.260000228881836
2024-12-02,6047.14990234375,13.34000015258789,16.34000015258789
2024-12-03,6049.8798828125,13.300000190734863,16.239999771118164
2024-12-04,6086.490234375,13.449999809265137,16.389999389648438
2024-12-05,6075.10986328125,13.539999961853027,16.579999923706055
2024-12-06,6090.27001953125,12.770000457763672,16.31999969482422
2024-12-09,6052.85009765625,14.1899995803833,17.09000015258789
2024-12-10,6034.91015625,14.180000305175781,16.979999542236328
2024-12-11,6084.18994140625,13.579999923706055,16.8799991607666
2024-12-12,6051.25,13.920000076293945,17.350000381469727
2024-12-13,6051.08984375,13.8100004196167,17.149999618530273
2024-12-16,6074.080078125,14.6899995803833,17.56999969482422
2024-12-17,6050.60986328125,15.869999885559082,18.1299991607666
2024-12-18,5872.16015625,27.6200008392334,24.239999771118164
2024-12-19,5867.080078125,24.09000015258789,24.139999389648438
2024-12-20,5930.85009765625,18.360000610351562,20.100000381469727
2024-12-23,5974.06982421875,16.780000686645508,18.649999618530273
2024-12-24,6040.0400390625,14.270000457763672,17.200000762939453
2024-12-26,6037.58984375,14.729999542236328,17.360000610351562
2024-12-27,5970.83984375,15.949999809265137,18.06999969482422
2024-12-30,5906.93994140625,17.399999618530273,18.940000534057617
2024-12-31,5881.6298828125,17.350000381469727,18.979999542236328
2025-01-02,5868.5498046875,17.93000030517578,19.329999923706055
2025-01-03,5942.47021484375,16.1299991607666,18.139999389648438
2025-01-06,5975.3798828125,16.040000915527344,18.030000686645508
2025-01-07,5909.02978515625,17.81999969482422,19.190000534057617
2025-01-08,5918.25,17.700000762939453,19.34000015258789
2025-01-10,5827.0400390625,19.540000915527344,20.969999313354492
2025-01-13,5836.22021484375,19.190000534057617,20.43000030517578
2025-01-14,5842.91015625,18.709999084472656,19.989999771118164
2025-01-15,5949.91015625,16.1200008392334,18.229999542236328
2025-01-16,5937.33984375,16.600000381469727,18.350000381469727
2025-01-17,5996.66015625,15.970000267028809,18.190000534057617
2025-01-21,6049.240234375,15.0600004196167,17.5
2025-01-22,6086.3701171875,15.100000381469727,17.809999465942383
2025-01-23,6118.7099609375,15.020000457763672,17.520000457763672
2025-01-24,6101.240234375,14.850000381469727,17.549999237060547
2025-01-27,6012.27978515625,17.899999618530273,18.969999313354492
2025-01-28,6067.7001953125,16.40999984741211,18.1299991607666
2025-01-29,6039.31005859375,16.559999465942383,18.149999618530273
2025-01-30,6071.169921875,15.84000015258789,17.90999984741211
2025-01-31,6040.52978515625,16.43000030517578,18.43000030517578
2025-02-03,5994.56982421875,18.6200008392334,19.549999237060547
2025-02-04,6037.8798828125,17.209999084472656,18.639999389648438
2025-02-05,6061.47998046875,15.770000457763672,17.959999084472656
2025-02-06,6083.56982421875,15.5,17.940000534057617
2025-02-07,6025.990234375,16.540000915527344,18.6299991607666
2025-02-10,6066.43994140625,15.8100004196167,18.229999542236328
2025-02-11,6068.5,16.020000457763672,18.280000686645508
2025-02-12,6051.97021484375,15.890000343322754,18.309999465942383
2025-02-13,6115.06982421875,15.100000381469727,17.84000015258789
2025-02-14,6114.6298828125,14.770000457763672,17.809999465942383
2025-02-18,6129.580078125,15.350000381469727,17.81999969482422
2025-02-19,6144.14990234375,15.270000457763672,17.93000030517578
2025-02-20,6117.52001953125,15.65999984741211,18.010000228881836
2025-02-21,6013.1298828125,18.209999084472656,19.479999542236328
2025-02-24,5983.25,18.979999542236328,19.860000610351562
2025-02-25,5955.25,19.43000030517578,20.030000686645508
2025-02-26,5956.06005859375,19.100000381469727,19.75
2025-02-27,5861.56982421875,21.1299991607666,21.219999313354492
2025-02-28,5954.5,19.6299991607666,20.18000030517578
2025-03-03,5849.72021484375,22.780000686645508,22.18000030517578
2025-03-04,5778.14990234375,23.510000228881836,22.780000686645508
2025-03-05,5842.6298828125,21.93000030517578,21.719999313354492
2025-03-06,5738.52001953125,24.8700008392334,23.700000762939453
2025-03-07,5770.2001953125,23.3700008392334,22.59000015258789
2025-03-10,5614.56005859375,27.860000610351562,25.719999313354492
2025-03-11,5572.06982421875,26.920000076293945,25.34000015258789
2025-03-12,5599.2998046875,24.229999542236328,23.670000076293945
2025-03-13,5521.52001953125,24.65999984741211,24.059999465942383
2025-03-14,5638.93994140625,21.770000457763672,22.170000076293945
2025-03-17,5675.1201171875,20.510000228881836,21.299999237060547
2025-03-18,5614.66015625,21.700000762939453,21.969999313354492
2025-03-19,5675.2900390625,19.899999618530273,20.829999923706055
2025-03-20,5662.89013671875,19.799999237060547,20.709999084472656
2025-03-21,5667.56005859375,19.280000686645508,20.350000381469727
2025-03-24,5767.56982421875,17.479999542236328,19.040000915527344
2025-03-25,5776.64990234375,17.149999618530273,19.049999237060547
2025-03-26,5712.2001953125,18.329999923706055,19.84000015258789
2025-03-27,5693.31005859375,18.690000534057617,19.889999389648438
2025-03-28,5580.93994140625,21.649999618530273,22.010000228881836
2025-03-31,5611.85009765625,22.280000686645508,21.969999313354492
2025-04-01,5633.06982421875,21.770000457763672,21.81999969482422
2025-04-02,5670.97021484375,21.510000228881836,21.450000762939453
2025-04-03,5396.52001953125,30.020000457763672,27.3799991607666
2025-04-04,5074.080078125,45.310001373291016,36.709999084472656
2025-04-07,5062.25,46.97999954223633,36.880001068115234
2025-04-08,4982.77001953125,52.33000183105469,41.5
2025-04-09,5456.89990234375,33.619998931884766,29.920000076293945
2025-04-10,5268.0498046875,40.720001220703125,35.709999084472656
2025-04-11,5363.35986328125,37.560001373291016,33.90999984741211
2025-04-14,5405.97021484375,30.889999389648438,29.6299991607666
2025-04-15,5396.6298828125,30.1200008392334,29.0
2025-04-16,5275.7001953125,32.63999938964844,30.940000534057617
2025-04-17,5282.7001953125,29.649999618530273,29.350000381469727
2025-04-21,5158.2001953125,33.81999969482422,31.829999923706055
2025-04-22,5287.759765625,30.56999969482422,29.450000762939453
2025-04-23,5375.85986328125,28.450000762939453,28.020000457763672
2025-04-24,5484.77001953125,26.469999313354492,26.440000534057617
2025-04-25,5525.2099609375,24.84000015258789,25.3700008392334
2025-04-28,5528.75,25.149999618530273,25.729999542236328
2025-04-29,5560.830078125,24.170000076293945,25.219999313354492
2025-04-30,5569.06005859375,24.700000762939453,25.540000915527344
2025-05-01,5604.14013671875,24.600000381469727,25.489999771118164
2025-05-02,5686.669921875,22.68000030517578,24.0
2025-05-05,5650.3798828125,23.639999389648438,24.549999237060547
2025-05-06,5606.91015625,24.760000228881836,25.40999984741211
2025-05-07,5631.27978515625,23.549999237060547,24.700000762939453
2025-05-08,5663.93994140625,22.479999542236328,23.760000228881836
2025-05-09,5659.91015625,21.899999618530273,23.3799991607666
2025-05-12,5844.18994140625,18.389999389648438,20.219999313354492
2025-05-13,5886.5498046875,18.219999313354492,20.09000015258789
2025-05-14,5892.580078125,18.6200008392334,20.579999923706055
2025-05-15,5916.93017578125,17.829999923706055,20.25
2025-05-16,5958.3798828125,17.239999771118164,20.079999923706055
2025-05-19,5963.60009765625,18.139999389648438,20.690000534057617
2025-05-20,5940.4599609375,18.09000015258789,20.719999313354492
2025-05-21,5844.60986328125,20.8700008392334,22.65999984741211
2025-05-22,5842.009765625,20.280000686645508,22.31999969482422
2025-05-23,5802.81982421875,22.290000915527344,23.799999237060547
2025-05-27,5921.5400390625,18.959999084472656,21.290000915527344
2025-05-28,5888.5498046875,19.309999465942383,21.670000076293945
2025-05-29,5912.169921875,19.18000030517578,21.6200008392334
2025-05-30,5911.68994140625,18.56999969482422,21.3799991607666
2025-06-02,5935.93994140625,18.360000610351562,21.09000015258789
2025-06-03,5970.3701171875,17.690000534057617,20.719999313354492
2025-06-04,5970.81005859375,17.610000610351562,20.65999984741211
2025-06-05,5939.2998046875,18.479999542236328,21.110000610351562
2025-06-06,6000.35986328125,16.770000457763672,20.020000457763672
2025-06-09,6005.8798828125,17.15999984741211,20.09000015258789
2025-06-10,6038.81005859375,16.950000762939453,19.940000534057617
2025-06-11,6022.240234375,17.260000228881836,20.299999237060547
2025-06-12,6045.259765625,18.020000457763672,20.649999618530273
2025-06-13,5976.97021484375,20.81999969482422,22.6200008392334
2025-06-16,6033.10986328125,19.110000610351562,21.229999542236328
2025-06-17,5982.72021484375,21.600000381469727,22.90999984741211
2025-06-18,5980.8701171875,20.139999389648438,21.969999313354492
2025-06-20,5967.83984375,20.6200008392334,22.479999542236328
2025-06-23,6025.169921875,19.829999923706055,21.81999969482422
2025-06-24,6092.18017578125,17.479999542236328,20.049999237060547
2025-06-25,6092.16015625,16.760000228881836,19.670000076293945
2025-06-26,6141.02001953125,16.59000015258789,19.450000762939453
2025-06-27,6173.06982421875,16.31999969482422,19.450000762939453
2025-06-30,6204.9501953125,16.729999542236328,19.440000534057617
2025-07-01,6198.009765625,16.829999923706055,19.510000228881836
2025-07-02,6227.419921875,16.639999389648438,19.350000381469727
2025-07-03,6279.35009765625,16.3799991607666,19.209999084472656
2025-07-07,6229.97998046875,17.790000915527344,20.209999084472656
2025-07-08,6225.52001953125,16.809999465942383,19.579999923706055
2025-07-09,6263.259765625,15.9399995803833,19.020000457763672
2025-07-10,6280.4599609375,15.779999732971191,18.920000076293945
2025-07-11,6259.75,16.399999618530273,19.3700008392334
2025-07-14,6268.56005859375,17.200000762939453,19.84000015258789
2025-07-15,6243.759765625,17.3799991607666,20.059999465942383
2025-07-16,6263.7001953125,17.15999984741211,20.09000015258789
2025-07-17,6297.35986328125,16.520000457763672,19.690000534057617
2025-07-18,6296.7900390625,16.40999984741211,19.579999923706055
2025-07-21,6305.60009765625,16.649999618530273,19.510000228881836
2025-07-22,6309.6201171875,16.5,19.530000686645508
2025-07-23,6358.91015625,15.369999885559082,18.559999465942383
2025-07-24,6363.35009765625,15.390000343322754,18.559999465942383
2025-07-25,6388.64013671875,14.930000305175781,18.31999969482422
2025-07-28,6389.77001953125,15.029999732971191,18.15999984741211
2025-07-29,6370.85986328125,15.979999542236328,18.770000457763672
2025-07-30,6362.89990234375,15.479999542236328,18.350000381469727
2025-07-31,6339.39013671875,16.719999313354492,19.139999389648438
2025-08-01,6238.009765625,20.3799991607666,21.239999771118164
2025-08-04,6329.93994140625,17.520000457763672,19.610000610351562
2025-08-05,6299.18994140625,17.850000381469727,20.030000686645508
2025-08-06,6345.06005859375,16.770000457763672,19.469999313354492
2025-08-07,6340.0,16.56999969482422,19.350000381469727
2025-08-08,6389.4501953125,15.149999618530273,18.700000762939453
2025-08-11,6373.4501953125,16.25,19.25
2025-08-12,6445.759765625,14.729999542236328,18.34000015258789
2025-08-13,6466.580078125,14.489999771118164,18.329999923706055
2025-08-14,6468.5400390625,14.829999923706055,18.489999771118164
2025-08-15,6449.7998046875,15.09000015258789,18.639999389648438
2025-08-18,6449.14990234375,14.989999771118164,18.450000762939453
2025-08-19,6411.3701171875,15.569999694824219,18.899999618530273
2025-08-20,6395.77978515625,15.6899995803833,19.100000381469727
2025-08-21,6370.169921875,16.600000381469727,19.40999984741211
2025-08-22,6466.91015625,14.220000267028809,17.760000228881836
2025-08-25,6439.31982421875,14.789999961853027,18.020000457763672
2025-08-26,6465.93994140625,14.619999885559082,17.899999618530273
2025-08-27,6481.39990234375,14.850000381469727,17.940000534057617
2025-08-28,6501.85986328125,14.430000305175781,17.719999313354492
2025-08-29,6460.259765625,15.359999656677246,18.350000381469727
2025-09-02,6415.5400390625,17.170000076293945,19.3799991607666
2025-09-03,6448.259765625,16.350000381469727,18.93000030517578
2025-09-04,6502.080078125,15.300000190734863,18.389999389648438
2025-09-05,6481.5,15.180000305175781,18.420000076293945
2025-09-08,6495.14990234375,15.109999656677246,18.290000915527344
2025-09-09,6512.60986328125,15.039999961853027,18.270000457763672
2025-09-10,6532.0400390625,15.350000381469727,18.440000534057617
2025-09-11,6587.47021484375,14.710000038146973,18.030000686645508
2025-09-12,6584.2900390625,14.760000228881836,18.059999465942383
2025-09-15,6615.27978515625,15.6899995803833,18.530000686645508
2025-09-16,6606.759765625,16.360000610351562,18.90999984741211
2025-09-17,6600.35009765625,15.720000267028809,18.440000534057617
2025-09-18,6631.9599609375,15.699999809265137,18.520000457763672
2025-09-19,6664.35986328125,15.449999809265137,18.479999542236328
2025-09-22,6693.75,16.100000381469727,18.950000762939453
2025-09-23,6656.919921875,16.639999389648438,19.440000534057617
2025-09-24,6637.97021484375,16.18000030517578,19.139999389648438
2025-09-25,6604.72021484375,16.739999771118164,19.459999084472656
2025-09-26,6643.7001953125,15.289999961853027,18.40999984741211
2025-09-29,6661.2099609375,16.1200008392334,18.760000228881836
2025-09-30,6688.4599609375,16.280000686645508,18.770000457763672
2025-10-01,6711.2001953125,16.290000915527344,18.760000228881836
2025-10-02,6715.35009765625,16.6299991607666,18.889999389648438
2025-10-03,6715.7900390625,16.649999618530273,19.079999923706055
2025-10-06,6740.27978515625,16.3700008392334,19.1200008392334
2025-10-07,6714.58984375,17.239999771118164,19.709999084472656
2025-10-08,6753.72021484375,16.299999237060547,19.260000228881836
2025-10-09,6735.10986328125,16.43000030517578,19.3799991607666
2025-10-10,6552.509765625,21.65999984741211,22.809999465942383
2025-10-13,6654.72021484375,19.030000686645508,20.93000030517578
2025-10-14,6644.31005859375,20.809999465942383,22.030000686645508
2025-10-15,6671.06005859375,20.639999389648438,21.940000534057617
2025-10-16,6629.06982421875,25.309999465942383,24.8700008392334
2025-10-17,6664.009765625,20.780000686645508,22.09000015258789
2025-10-20,6735.1298828125,18.229999542236328,20.309999465942383
2025-10-21,6735.35009765625,17.8700008392334,19.989999771118164
2025-10-22,6699.39990234375,18.600000381469727,20.309999465942383
2025-10-23,6738.43994140625,17.299999237060547,19.649999618530273
2025-10-24,6791.68994140625,16.3700008392334,19.200000762939453
2025-10-27,6875.16015625,15.789999961853027,18.989999771118164
2025-10-28,6890.89013671875,16.420000076293945,19.549999237060547
2025-10-29,6890.58984375,16.920000076293945,19.829999923706055
2025-10-30,6822.33984375,16.90999984741211,19.979999542236328
2025-10-31,6840.2001953125,17.440000534057617,20.489999771118164
2025-11-03,6851.97021484375,17.170000076293945,20.3799991607666
2025-11-04,6771.5498046875,19.0,21.290000915527344
2025-11-05,6796.2900390625,18.010000228881836,20.600000381469727
2025-11-06,6720.31982421875,19.5,21.350000381469727
2025-11-07,6728.7998046875,19.079999923706055,21.190000534057617
2025-11-10,6832.43017578125,17.600000381469727,20.239999771118164
2025-11-11,6846.60986328125,17.280000686645508,20.190000534057617
2025-11-12,6850.919921875,17.510000228881836,20.34000015258789
2025-11-13,6737.490234375,20.0,21.850000381469727
2025-11-14,6734.10986328125,19.829999923706055,21.579999923706055
2025-11-17,6672.41015625,22.3799991607666,23.18000030517578
2025-11-18,6617.31982421875,24.690000534057617,24.540000915527344
2025-11-19,6642.16015625,23.65999984741211,23.989999771118164
2025-11-20,6538.759765625,26.420000076293945,25.760000228881836
2025-11-21,6602.990234375,23.43000030517578,23.959999084472656
2025-11-24,6705.1201171875,20.520000457763672,21.850000381469727
2025-11-25,6765.8798828125,18.559999465942383,20.729999542236328
2025-11-26,6812.60986328125,17.190000534057617,20.020000457763672
2025-11-28,6849.08984375,16.350000381469727,19.639999389648438
2025-12-01,6812.6298828125,17.239999771118164,20.219999313354492
2025-12-02,6829.3701171875,16.59000015258789,19.84000015258789
2025-12-03,6849.72021484375,16.079999923706055,19.709999084472656
2025-12-04,6857.1201171875,15.779999732971191,19.489999771118164
2025-12-05,6870.39990234375,15.40999984741211,19.270000457763672
2025-12-08,6846.509765625,16.65999984741211,19.90999984741211
2025-12-09,6840.509765625,16.93000030517578,20.079999923706055
2025-12-10,6886.68017578125,15.770000457763672,19.350000381469727
2025-12-11,6901.0,14.850000381469727,19.049999237060547
2025-12-12,6827.41015625,15.739999771118164,19.25
2025-12-15,6816.509765625,16.5,19.68000030517578
2025-12-16,6800.259765625,16.479999542236328,19.670000076293945
2025-12-17,6721.43017578125,17.6200008392334,20.079999923706055
2025-12-18,6774.759765625,16.8700008392334,19.59000015258789
2025-12-19,6834.5,14.90999984741211,18.25
2025-12-22,6878.490234375,14.079999923706055,17.790000915527344
2025-12-23,6909.7900390625,14.0,17.84000015258789
2025-12-24,6932.0498046875,13.470000267028809,17.770000457763672
2025-12-26,6929.93994140625,13.600000381469727,17.770000457763672
2025-12-29,6905.740234375,14.199999809265137,17.81999969482422
2025-12-30,6896.240234375,14.329999923706055,17.770000457763672
2025-12-31,6845.5,14.949999809265137,18.18000030517578
2026-01-02,6858.47021484375,14.510000228881836,18.020000457763672
2026-01-05,6902.0498046875,14.899999618530273,18.31999969482422
2026-01-06,6944.81982421875,14.75,18.149999618530273
2026-01-07,6920.93017578125,15.380000114440918,18.59000015258789
2026-01-08,6921.4599609375,15.449999809265137,18.389999389648438
2026-01-09,6966.27978515625,14.489999771118164,17.8799991607666
2026-01-12,6977.27001953125,15.119999885559082,18.229999542236328
2026-01-13,6963.740234375,15.979999542236328,18.850000381469727
2026-01-14,6926.60009765625,16.75,19.3700008392334
2026-01-15,6944.47021484375,15.84000015258789,18.899999618530273
2026-01-16,6940.009765625,15.859999656677246,18.989999771118164
2026-01-20,6796.85986328125,20.09000015258789,21.280000686645508
2026-01-21,6875.6201171875,16.899999618530273,19.360000610351562
2026-01-22,6913.35009765625,15.640000343322754,18.75
2026-01-23,6915.60986328125,16.09000015258789,19.149999618530273
2026-01-26,6950.22998046875,16.149999618530273,19.06999969482422
2026-01-27,6978.60009765625,16.350000381469727,19.219999313354492
2026-01-28,6978.02978515625,16.350000381469727,19.299999237060547
2026-01-29,6969.009765625,16.8799991607666,19.670000076293945
2026-01-30,6939.02978515625,17.440000534057617,20.06999969482422
2026-02-02,6976.43994140625,16.34000015258789,19.3700008392334
2026-02-03,6917.81005859375,18.0,20.350000381469727
2026-02-04,6882.72021484375,18.639999389648438,20.6200008392334
2026-02-05,6798.39990234375,21.770000457763672,22.450000762939453
2026-02-06,6932.2998046875,20.3700008392334,20.3700008392334
2026-02-09,6964.81982421875,17.360000610351562,20.09000015258789
2026-02-10,6941.81005859375,17.790000915527344,20.43000030517578
2026-02-11,6941.47021484375,17.649999618530273,20.3700008392334
2026-02-12,6832.759765625,20.81999969482422,22.170000076293945
2026-02-13,6836.169921875,20.600000381469727,22.170000076293945
2026-02-17,6843.22021484375,20.290000915527344,21.600000381469727
2026-02-18,6881.31005859375,19.6200008392334,21.389999389648438
2026-02-19,6861.89013671875,20.229999542236328,21.8799991607666
2026-02-20,6909.509765625,19.09000015258789,21.09000015258789
2026-02-23,6837.75,21.010000228881836,22.139999389648438
2026-02-24,6890.06982421875,19.549999237060547,21.34000015258789
2026-02-25,6946.1298828125,17.93000030517578,20.360000610351562
2026-02-26,6908.85986328125,18.6299991607666,20.809999465942383
2026-02-27,6878.8798828125,19.860000610351562,21.559999465942383
2026-03-02,6881.6201171875,21.440000534057617,22.440000534057617
2026-03-03,6816.6298828125,23.56999969482422,23.540000915527344
2026-03-04,6869.5,21.149999618530273,22.290000915527344
2026-03-05,6830.7099609375,23.75,23.860000610351562
2026-03-06,6740.02001953125,29.489999771118164,27.559999465942383
2026-03-09,6795.990234375,25.5,25.34000015258789
2026-03-10,6781.47998046875,24.93000030517578,25.510000228881836
2026-03-11,6775.7998046875,24.229999542236328,24.969999313354492
2026-03-12,6672.6201171875,27.290000915527344,26.950000762939453
2026-03-13,6632.18994140625,27.190000534057617,27.280000686645508
2026-03-16,6699.3798828125,23.510000228881836,24.920000076293945
2026-03-17,6716.08984375,22.3700008392334,24.329999923706055
2026-03-18,6624.7001953125,25.09000015258789,26.559999465942383
2026-03-19,6606.490234375,24.059999465942383,25.540000915527344
2026-03-20,6506.47998046875,26.780000686645508,27.43000030517578
2026-03-23,6581.0,26.149999618530273,26.100000381469727
2026-03-24,6556.3701171875,26.950000762939453,26.559999465942383
2026-03-25,6591.89990234375,25.329999923706055,25.6299991607666
2026-03-26,6477.16015625,27.440000534057617,27.15999984741211
2026-03-27,6368.85009765625,31.049999237060547,29.270000457763672
2026-03-30,6343.72021484375,30.610000610351562,29.1299991607666
2026-03-31,6528.52001953125,25.25,25.549999237060547
2026-04-01,6575.31982421875,24.540000915527344,24.860000610351562
2026-04-02,6582.68994140625,23.8700008392334,24.719999313354492
2026-04-06,6611.830078125,24.170000076293945,24.770000457763672
2026-04-07,6616.85009765625,25.780000686645508,25.56999969482422
2026-04-08,6782.81005859375,21.040000915527344,22.68000030517578
2026-04-09,6824.66015625,19.489999771118164,21.809999465942383
2026-04-10,6816.89013671875,19.229999542236328,21.860000610351562
2026-04-13,6886.240234375,19.1200008392334,21.34000015258789
2026-04-14,6967.3798828125,18.360000610351562,20.81999969482422
2026-04-15,7022.9501953125,18.170000076293945,20.780000686645508
2026-04-16,7041.27978515625,17.940000534057617,20.770000457763672
2026-04-17,7126.06005859375,17.479999542236328,20.510000228881836
2026-04-20,7109.14013671875,18.8700008392334,21.239999771118164
2026-04-21,7064.009765625,19.5,21.510000228881836
2026-04-22,7137.89990234375,18.920000076293945,21.239999771118164
2026-04-23,7108.39990234375,19.309999465942383,21.479999542236328
2026-04-24,7165.080078125,18.709999084472656,21.299999237060547
2026-04-27,7173.91015625,18.020000457763672,20.770000457763672
2026-04-28,7138.7998046875,17.829999923706055,20.489999771118164
2026-04-29,7135.9501953125,18.809999465942383,21.190000534057617
2026-04-30,7209.009765625,16.889999389648438,20.079999923706055
2026-05-01,7230.1201171875,16.989999771118164,20.3700008392334
2026-05-04,7200.75,18.290000915527344,21.049999237060547
2026-05-05,7259.22021484375,17.3799991607666,20.81999969482422
2026-05-06,7365.1201171875,17.389999389648438,20.56999969482422
2026-05-07,7337.10986328125,17.079999923706055,20.350000381469727
2026-05-08,7398.93017578125,17.190000534057617,20.5
2026-05-11,7412.83984375,18.3799991607666,21.239999771118164
2026-05-12,7400.9599609375,17.989999771118164,21.040000915527344
2026-05-13,7444.25,17.8700008392334,21.18000030517578
2026-05-14,7501.240234375,17.260000228881836,20.850000381469727
2026-05-15,7408.5,18.43000030517578,21.360000610351562
2026-05-18,7403.0498046875,17.81999969482422,20.920000076293945
2026-05-19,7353.60986328125,18.059999465942383,21.1200008392334
2026-05-20,7432.97021484375,17.440000534057617,20.760000228881836
2026-05-21,7445.72021484375,16.760000228881836,20.0
2026-05-22,7473.47021484375,16.700000762939453,20.030000686645508
