date,spx,vix,vix3m,rv_30,vrp,slope,log_ret,rv_daily,iv_daily,regime,regime_label
2006-08-29,1304.280029296875,12.279999732971191,13.380000114440918,0.1064107479965217,0.0163892493331902,0.0895765802434246,0.0019186056427523,3.6810476124012182e-06,5.984063231816371e-05,2,calm
2006-08-30,1305.3699951171875,12.220000267028809,13.31999969482422,0.0940346010967965,0.0281654015734915,0.0900163178198413,0.0008353349096587,6.977844112946311e-07,5.925730417705721e-05,2,calm
2006-08-31,1303.8199462890625,12.3100004196167,13.300000190734863,0.0897698319310665,0.0333301722651004,0.080422399461542,-0.0011881457810914,1.411690397125441e-06,6.013337711546164e-05,2,calm
2006-09-01,1311.010009765625,11.960000038146973,13.1899995803833,0.0867428168972656,0.032857183484204,0.1028427707619722,0.0054994639948373,3.0244104230512412e-05,5.6762540044633175e-05,2,calm
2006-09-05,1313.25,12.630000114440918,13.359999656677246,0.0748247582584714,0.0514752428859377,0.0577988547602354,0.0017071408854651,2.91433000282658e-06,6.330035828999111e-05,2,calm
2006-09-06,1300.260009765625,13.739999771118164,14.31999969482422,0.080116867887335,0.0572831298238466,0.042212513345541,-0.0099407288712594,9.881809049189058e-05,7.491571178981238e-05,2,calm
2006-09-07,1294.02001953125,13.880000114440918,14.470000267028809,0.0817043368641328,0.0570956642802763,0.0425072152538419,-0.0048105849773983,2.3141727824770336e-05,7.645015999082537e-05,2,calm
2006-09-08,1298.9200439453125,13.15999984741211,14.1899995803833,0.0808930015298976,0.0507069969442234,0.0782674578202019,0.0037795167856356,1.4284747132901908e-05,6.872444285074871e-05,2,calm
2006-09-11,1299.5400390625,12.989999771118164,14.199999809265137,0.0736637072976759,0.0562362904135056,0.093148580405465,0.0004772019651234,2.2772171551770845e-07,6.696035478319442e-05,2,calm
2006-09-12,1313.0,11.920000076293944,13.520000457763672,0.0786039866960537,0.0405960140668857,0.1342282190628295,0.0103042095666237,0.0001061767347929,5.6383492785257e-05,2,calm
2006-09-13,1318.0699462890625,11.18000030517578,13.34000015258789,0.0772982499634038,0.0345017530883539,0.1932021277684706,0.0038539093735431,1.4852617459483375e-05,4.960016143798831e-05,2,calm
2006-09-14,1316.280029296875,11.550000190734863,13.550000190734863,0.0767445481990612,0.0387554537082874,0.1731601703006336,-0.0013589062077688,1.8466260815127496e-06,5.293750174840293e-05,2,calm
2006-09-15,1319.6600341796875,11.760000228881836,13.40999984741211,0.0767963964442695,0.0408036058445488,0.1403060872803366,0.0025645550763112,6.5769427394338585e-06,5.4880002136230486e-05,2,calm
2006-09-18,1321.1800537109375,11.779999732971191,13.399999618530272,0.0766231844625816,0.0411768128671302,0.1375212158133452,0.00115116375738,1.3251779963054234e-06,5.5066822900318e-05,2,calm
2006-09-19,1317.6400146484375,11.979999542236328,13.550000190734863,0.0765681517206329,0.0432318437017303,0.1310518120608759,-0.0026830485553758,7.198749550504619e-06,5.695253533015184e-05,2,calm
2006-09-20,1325.1800537109375,11.390000343322754,13.279999732971191,0.0765075699240818,0.0373924335091456,0.1659349721404026,0.0057060710344428,3.2559246650107624e-05,5.148099516702081e-05,2,calm
2006-09-21,1318.030029296875,12.25,13.609999656677246,0.0772497899578507,0.0452502100421492,0.111020380136918,-0.0054101199899028,2.926939830514688e-05,5.95486111111111e-05,2,calm
2006-09-22,1314.780029296875,12.59000015258789,14.09000015258789,0.0773700621246699,0.0485299394012089,0.1191421748864453,-0.0024688462733385,6.095201921377745e-06,6.290004120720758e-05,2,calm
2006-09-25,1326.3699951171875,12.119999885559082,13.460000038146973,0.0788906785200055,0.0423093203355853,0.1105610697393235,0.0087765103142458,7.702713329606411e-05,5.829142747061594e-05,2,calm
2006-09-26,1336.3499755859375,11.529999732971191,13.100000381469728,0.0807456406999597,0.0345543566297521,0.1361665815142183,0.0074961147332164,5.619173609354541e-05,5.2754322953299896e-05,2,calm
2006-09-27,1336.5899658203125,11.579999923706056,13.220000267028809,0.072573180135848,0.0432268191012125,0.1416235193547296,0.0001795702412181,3.224547153113734e-08,5.321285644167947e-05,2,calm
2006-09-28,1338.8800048828125,11.720000267028809,13.289999961853027,0.0700670521186053,0.0471329505516827,0.1339590152775855,0.0017118783965645,2.9305276446244908e-06,5.450730407109339e-05,2,calm
2006-09-29,1335.8499755859375,11.979999542236328,13.449999809265137,0.0707213334657908,0.0490786619565724,0.1227045344906917,-0.0022656721352538,5.133270224465813e-06,5.695253533015184e-05,2,calm
2006-10-02,1331.3199462890625,12.56999969482422,13.59000015258789,0.0713276129912061,0.054372383957036,0.0811456231127564,-0.0033968841772354,1.1538822113552307e-05,6.270035409836549e-05,2,calm
2006-10-03,1334.1099853515625,12.239999771118164,13.5,0.0701775626842368,0.0522224350269447,0.1029411970950331,0.002093500975871,4.382746335973242e-06,5.945142634800504e-05,2,calm
2006-10-04,1350.199951171875,11.859999656677246,13.239999771118164,0.0771562025235709,0.0414437940432014,0.1163575172334824,0.0119883015774316,0.0001437193747114,5.58172983557081e-05,2,calm
2006-10-05,1353.219970703125,11.979999542236328,13.279999732971191,0.075207254426495,0.0445927409958682,0.1085142103847017,0.0022342224846966,4.991750111124222e-06,5.695253533015184e-05,2,calm
2006-10-06,1349.5899658203125,11.5600004196167,13.079999923706056,0.0761311018760479,0.039468902320119,0.1314878416016317,-0.0026860986533592,7.215125975578511e-06,5.302921019902312e-05,2,calm
2006-10-09,1350.6600341796875,11.68000030517578,13.0600004196167,0.0758927210826302,0.0409072819691275,0.118150691642482,0.0007925698845589,6.281670219097493e-07,5.413587584480409e-05,2,calm
2006-10-10,1353.4200439453125,11.520000457763672,13.050000190734863,0.0750875765749041,0.0401124280027326,0.1328124715429224,0.0020413675958842,4.167181661526053e-06,5.266286132812509e-05,2,calm
2006-10-11,1349.949951171875,11.619999885559082,13.100000381469728,0.075886060966874,0.0403139378887167,0.1273666532260415,-0.0025672362166977,6.590701792324786e-06,5.358111005571154e-05,2,calm
2006-10-12,1362.8299560546875,11.09000015258789,12.420000076293944,0.0796353770074685,0.0312646245184103,0.1199278544099652,0.0094958692612728,9.017153302718722e-05,4.880480293031724e-05,2,calm
2006-10-13,1365.6199951171875,10.75,12.199999809265137,0.0792600606998685,0.0282399393001314,0.1348837031874545,0.0020451465739917,4.182624509110342e-06,4.585813492063491e-05,2,calm
2006-10-16,1369.06005859375,11.09000015258789,12.350000381469728,0.0784334999506847,0.0324665015751941,0.1136158892286229,0.0025158813634742,6.329659035077047e-06,4.880480293031724e-05,2,calm
2006-10-17,1364.050048828125,11.729999542236328,12.630000114440918,0.0798109602759588,0.0374890351464044,0.0767263944865427,-0.0036661643184791,1.3440760810089354e-05,5.460035288129543e-05,2,calm
2006-10-18,1365.800048828125,11.34000015258789,12.470000267028809,0.0724026391854205,0.0409973623404583,0.0996472750648986,0.0012821218580672,1.6438364589339266e-06,5.103000137329103e-05,2,calm
2006-10-19,1366.9599609375,10.899999618530272,12.3100004196167,0.0698341200912721,0.0391658760940306,0.1293578761864716,0.0008488942862782,7.206215092758333e-07,4.714682209680955e-05,2,calm
2006-10-20,1368.5999755859375,10.630000114440918,12.0600004196167,0.0696075624042745,0.0366924387401346,0.1345249567056088,0.0011990341158502,1.4376828109729062e-06,4.4840040648021405e-05,2,calm
2006-10-23,1377.02001953125,11.079999923706056,12.210000038146973,0.0706373825940976,0.0401626166429629,0.1019855705976351,0.0061334564554516,3.761928809092102e-05,4.87168247259231e-05,2,calm
2006-10-24,1377.3800048828125,10.779999732971191,11.510000228881836,0.0661460758105566,0.0416539215191553,0.0677180439696951,0.0002613893046917,6.832436860724428e-08,4.611444215986467e-05,2,calm
2006-10-25,1382.219970703125,10.65999984741211,11.359999656677246,0.0660509154687566,0.0405490830053644,0.0656660243231685,0.0035077336032666,1.230419503148607e-05,4.509349077255008e-05,2,calm
2006-10-26,1389.0799560546875,10.5600004196167,11.229999542236328,0.0661394103416511,0.0394605938545158,0.0634468840905546,0.0049507448087947,2.450987416180853e-05,4.425143208821622e-05,2,calm
2006-10-27,1377.3399658203125,10.800000190734863,11.369999885559082,0.0724744327847952,0.0355255691225533,0.0527777485886724,-0.0084875478368515,7.203846828284301e-05,4.628571592058456e-05,2,calm
2006-10-30,1377.9300537109375,11.199999809265137,12.039999961853027,0.0725285102742973,0.0394714878183539,0.0750000149011614,0.0004283339893832,1.834700064609355e-07,4.977777608235678e-05,2,calm
2006-10-31,1377.93994140625,11.100000381469728,11.399999618530272,0.0716253401726363,0.0393746636420609,0.0270269573649168,7.175734218364178e-06,5.1491161572602557e-11,4.889286050342385e-05,2,calm
2006-11-01,1367.81005859375,11.510000228881836,12.079999923706056,0.0748996570496221,0.0402003452391962,0.0495221271493922,-0.0073786242533497,5.444409587212175e-05,5.257147034478568e-05,2,calm
2006-11-02,1367.3399658203125,11.420000076293944,12.119999885559082,0.0725002035424741,0.0416997972204652,0.0612959548676557,-0.0003437418597665,1.1815846615577317e-07,5.175254037402923e-05,2,calm
2006-11-03,1364.300048828125,11.15999984741211,12.079999923706056,0.0723959287348467,0.0392040697392743,0.0824372839491826,-0.002225709266821,4.953781740413063e-06,4.9422855791364405e-05,2,calm
2006-11-06,1379.780029296875,11.15999984741211,11.399999618530272,0.0749833252260245,0.0366166732480965,0.0215053561289981,0.0112825750269327,0.0001272964992383,4.9422855791364405e-05,2,calm
2006-11-07,1382.8399658203125,11.09000015258789,11.350000381469728,0.0727293026168482,0.0381706989090307,0.0234445649508098,0.0022152433415975,4.907303062492174e-06,4.880480293031724e-05,2,calm
2006-11-08,1385.719970703125,10.75,11.1899995803833,0.0727198641094947,0.0347801358905052,0.0409301935240279,0.0020805082697789,4.328514660618629e-06,4.585813492063491e-05,2,calm
2006-11-09,1378.3299560546875,11.010000228881836,11.369999885559082,0.0751289867351217,0.0349710155536966,0.0326975158213786,-0.0053472494729516,2.859307692598218e-05,4.810321628570559e-05,2,calm
2006-11-10,1380.9000244140625,10.789999961853027,11.489999771118164,0.0745353866643232,0.033364612954207,0.0648748667043481,0.0018628886470654,3.47035411136547e-06,4.62000393558684e-05,2,calm
2006-11-13,1384.4200439453125,10.859999656677246,11.380000114440918,0.0733972772384277,0.0352027193283447,0.0478821799450012,0.0025458329201797,6.481265257471155e-06,4.680142561231346e-05,2,calm
2006-11-14,1393.219970703125,10.5,11.170000076293944,0.0748104874960705,0.0301895125039294,0.0638095310756136,0.0063362827100395,4.0148478581545686e-05,4.374999999999999e-05,2,calm
2006-11-15,1396.5699462890625,10.3100004196167,11.119999885559082,0.0679117461153418,0.0351882580808251,0.0785644454874325,0.0024015981817582,5.767673826624497e-06,4.218099549702243e-05,2,calm
2006-11-16,1399.760009765625,10.15999984741211,11.029999732971191,0.0679186068077778,0.0336813916663432,0.0856299112820048,0.0022816083299046,5.205736571090152e-06,4.096253845214845e-05,2,calm
2006-11-17,1401.199951171875,10.050000190734863,11.0600004196167,0.0669527628467136,0.033547239060635,0.1004975333048211,0.0010281771629614,1.0571482784354129e-06,4.008035866419476e-05,2,calm
2006-11-20,1400.5,9.970000267028809,11.18000030517578,0.067134144732906,0.032565857937382,0.1213640928524836,-0.0004996617758049,2.496618902005256e-07,3.944480370022005e-05,2,calm
2006-11-21,1402.81005859375,9.899999618530272,11.1899995803833,0.0671013838798572,0.0318986123054454,0.1303030314706758,0.001648093909236,2.716213533661044e-06,3.8892854145595046e-05,2,calm
2006-11-22,1406.0899658203125,10.140000343322754,11.520000457763672,0.066211463549333,0.0351885398838944,0.1360946812343705,0.0023353687840492,5.453947357511729e-06,4.080143133435936e-05,2,calm
2006-11-24,1400.949951171875,10.729999542236328,12.279999732971191,0.0630664726879366,0.0442335227344266,0.1444548235657999,-0.0036622353406025,1.341196768995822e-05,4.568765483190151e-05,2,calm
2006-11-27,1381.9599609375,12.300000190734863,13.270000457763672,0.0757565351962791,0.0472434667110695,0.0788618091046432,-0.0136477899701755,0.00018626217107,6.003571614764987e-05,2,calm
2006-11-28,1386.719970703125,11.619999885559082,12.630000114440918,0.0760275282149245,0.0401724706406662,0.0869191255446592,0.0034384721766224,1.182309090940702e-05,5.358111005571154e-05,2,calm
2006-11-29,1399.47998046875,10.829999923706056,12.199999809265137,0.0790540547505765,0.029245944486484,0.1265004520046443,0.0091594998198744,8.389643695027934e-05,4.654321362994967e-05,2,calm
2006-11-30,1400.6300048828125,10.90999984741211,12.3100004196167,0.0790436879552238,0.0300563105188972,0.1283226940224637,0.0008214137907016,6.747206155548945e-07,4.723337169465566e-05,2,calm
2006-12-01,1396.7099609375,11.65999984741211,12.59000015258789,0.0797452701330501,0.0368547283410709,0.0797598899953837,-0.0028026958176261,7.855103846138887e-06,5.395063350859144e-05,2,calm
2006-12-04,1409.1199951171875,11.229999542236328,12.399999618530272,0.0831533090661699,0.0291466863561933,0.1041852292062472,0.0088459495397561,7.825082325991127e-05,5.004479750739212e-05,2,calm
2006-12-05,1414.760009765625,11.270000457763672,12.4399995803833,0.0822256427199621,0.0304743618576745,0.1038153571514401,0.0039945196949665,1.595618759347554e-05,5.040194853888626e-05,2,calm
2006-12-06,1412.9000244140625,11.329999923706056,12.510000228881836,0.0824589727343984,0.0308410265026621,0.104148306542071,-0.0013155652358048,1.7307118896582897e-06,5.09400389964997e-05,2,calm
2006-12-07,1407.2900390625,12.670000076293944,13.479999542236328,0.0832123248469152,0.0434876759160242,0.0639305020572118,-0.0039784501220787,1.5828065373868037e-05,6.370194521162245e-05,2,calm
2006-12-08,1409.8399658203125,12.06999969482422,13.3100004196167,0.0822777698844623,0.0384222270637798,0.102734114013624,0.0018103015833673,3.2771918227425107e-06,5.781146533057809e-05,2,calm
2006-12-11,1413.0400390625,10.710000038146973,13.25,0.0778613015117579,0.0292386988697117,0.2371615268726454,0.0022672409790369,5.140381657024397e-06,4.551750032424927e-05,2,calm
2006-12-12,1411.56005859375,10.649999618530272,13.170000076293944,0.0780485969384084,0.0284513992468942,0.2366197697677888,-0.0010479222212118,1.0981409817096544e-06,4.500892534710116e-05,2,calm
2006-12-13,1413.2099609375,10.18000030517578,13.0600004196167,0.0780181567759052,0.0237818462758525,0.2829076648432566,0.0011681676879644,1.3646157472041289e-06,4.112397071959482e-05,2,calm
2006-12-14,1425.489990234375,9.970000267028809,13.010000228881836,0.07716900937913,0.022530993291158,0.3049147322399207,0.00865192243674,7.485576185136612e-05,3.944480370022005e-05,2,calm
2006-12-15,1427.0899658203125,10.050000190734863,13.130000114440918,0.0770017846561922,0.0234982172511563,0.3064676482837801,0.0011217745187634,1.258378070947004e-06,4.008035866419476e-05,2,calm
2006-12-18,1422.47998046875,10.600000381469728,13.1899995803833,0.0774720945374168,0.0285279092772804,0.2443395382740976,-0.0032355684964717,1.0468903495360228e-05,4.4587304796491416e-05,2,calm
2006-12-19,1425.550048828125,10.300000190734863,12.630000114440918,0.0716436936689536,0.0313563082383949,0.2262135806368192,0.0021559249845943,4.648012539198165e-06,4.209920790838818e-05,2,calm
2006-12-20,1423.530029296875,10.260000228881836,12.529999732971191,0.0719201789416071,0.0306798233472112,0.2212475100828284,-0.0014180155098076,2.0107679860549165e-06,4.177285900660925e-05,2,calm
2006-12-21,1418.300048828125,10.529999732971191,13.100000381469728,0.0730739299609005,0.0322260673688113,0.2440646451729181,-0.003680717164277,1.3547678843403605e-05,4.400035491125928e-05,2,calm
2006-12-22,1410.760009765625,11.359999656677246,13.300000190734863,0.0730617026412998,0.0405382939254726,0.1707747000606036,-0.0053304325532686,2.84135112049465e-05,5.121015563480442e-05,2,calm
2006-12-26,1416.9000244140625,11.260000228881836,13.130000114440918,0.0737329803617122,0.0388670219271061,0.1660745868159525,0.0043428306262871,1.8860177848617244e-05,5.031254172794405e-05,2,calm
2006-12-27,1426.8399658203125,10.640000343322754,12.59000015258789,0.075715993976318,0.0306840094569095,0.1832706528518939,0.0069907810992623,4.887102037780346e-05,4.4924447343614414e-05,2,calm
2006-12-28,1424.72998046875,10.989999771118164,13.100000381469728,0.0743103538641394,0.0355896438470422,0.1919927801906482,-0.0014798765426649,2.1900345815301014e-06,4.79286091147529e-05,2,calm
2006-12-29,1418.300048828125,11.5600004196167,13.289999961853027,0.0756672441688002,0.0399327600273667,0.1496539342075292,-0.0045233026296158,2.0460266679089467e-05,5.302921019902312e-05,2,calm
2007-01-03,1416.5999755859375,12.039999961853027,13.380000114440918,0.0756334705854428,0.0447665290330874,0.1112956940891598,-0.0011993886425253,1.43853311581881e-06,5.752444407992893e-05,2,calm
2007-01-04,1418.3399658203125,11.510000228881836,13.130000114440918,0.0756500950797805,0.0394499072090378,0.1407471636268125,0.0012275324972152,1.5068360317196295e-06,5.257147034478568e-05,2,calm
2007-01-05,1409.7099609375,12.140000343322754,13.40999984741211,0.0779411182736889,0.0434588851595385,0.1046128062745797,-0.0061031678324701,3.724865759129813e-05,5.848397156185579e-05,2,calm
2007-01-08,1412.8399658203125,12.0,13.279999732971191,0.0780493490647068,0.0419506509352931,0.1066666444142659,0.0022178570774974,4.918890016205436e-06,5.714285714285714e-05,2,calm
2007-01-09,1412.1099853515625,11.90999984741211,13.260000228881836,0.0778205901555365,0.0412794083185844,0.1133501594261619,-0.0005168094993646,2.670920586335367e-07,5.6288927129109705e-05,2,calm
2007-01-10,1414.8499755859375,11.470000267028809,13.020000457763672,0.0771310855492555,0.0375689171210325,0.1351351486181242,0.001938471807337,3.7576729478404073e-06,5.220670878001625e-05,2,calm
2007-01-11,1423.8199462890625,10.869999885559082,12.380000114440918,0.0666935387385377,0.0420064601170531,0.1389144659410611,0.0063198616292233,3.994065101252932e-05,4.688765774287876e-05,2,calm
2007-01-12,1430.72998046875,10.149999618530272,12.06999969482422,0.0672617796616541,0.0342382165236485,0.1891625762023394,0.004841427093058,2.3439416297396685e-05,4.088194137149391e-05,2,calm
2007-01-16,1431.9000244140625,10.739999771118164,12.220000267028809,0.0627037022035649,0.0446962955076167,0.1378026561872597,0.0008174608723255,6.68242277783291e-07,4.577285519191199e-05,2,calm
2007-01-17,1430.6199951171875,10.59000015258789,12.079999923706056,0.0628868177656653,0.0430131837602135,0.1406987487865194,-0.0008943374184001,7.998394179506637e-07,4.450321556817918e-05,2,calm
2007-01-18,1426.3699951171875,10.850000381469728,12.100000381469728,0.062972367004755,0.0455276368099422,0.115207369221371,-0.0029751613757577,8.851585211800967e-06,4.671528106265605e-05,2,calm
2007-01-19,1430.5,10.399999618530272,11.609999656677246,0.0584842243575558,0.0455157718277469,0.1163461617816839,0.0028912815542454,8.35950902592012e-06,4.292063177199595e-05,2,calm
2007-01-22,1422.949951171875,10.770000457763672,12.170000076293944,0.0598425301405581,0.0478574744370785,0.1299906740042027,-0.0052918863667834,2.8004061318948608e-05,4.602893248421813e-05,2,calm
2007-01-23,1427.989990234375,10.34000015258789,11.539999961853027,0.0604291421705331,0.0429708593553457,0.1160541384484217,0.003535707111787,1.2501224780341422e-05,4.242682664901492e-05,2,calm
2007-01-24,1440.1300048828125,9.890000343322754,11.229999542236328,0.0633675750141798,0.0355324284190477,0.1354903086346479,0.008465536428398,7.166530702053474e-05,3.881432809163658e-05,2,calm
2007-01-25,1423.9000244140625,11.220000267028809,12.119999885559082,0.0723104697867439,0.0398895328835441,0.0802138678351925,-0.011333787730707,0.0001284547443247,4.995571666354227e-05,2,calm
2007-01-26,1422.1800537109375,11.130000114440918,12.09000015258789,0.0722032733611276,0.0390967277832814,0.0862533718127634,-0.0012086595354295,1.4608578725848889e-06,4.9157501010894776e-05,2,calm
2007-01-29,1420.6199951171875,11.449999809265137,12.170000076293944,0.0722109589007699,0.0422890391918814,0.0628821204386567,-0.0010975508115664,1.2046177839700665e-06,5.202479985403637e-05,2,calm
2007-01-30,1428.8199462890625,10.960000038146973,11.600000381469728,0.073941316907089,0.0356586834743807,0.0583941917057658,0.0057554986076455,3.312576422261006e-05,4.766730191911969e-05,2,calm
2007-01-31,1438.239990234375,10.420000076293944,11.329999923706056,0.0721392062024719,0.0320607945604674,0.0873320384596168,0.0065712458415971,4.318127191070756e-05,4.308587364681182e-05,2,calm
2007-02-01,1445.93994140625,10.3100004196167,11.289999961853027,0.0735796207244352,0.0295203834717317,0.0950532979971267,0.0053394515238318,2.8509742575350288e-05,4.218099549702243e-05,2,calm
2007-02-02,1448.3900146484375,10.079999923706056,11.239999771118164,0.0728244076933317,0.0279755915437288,0.1150793508126949,0.0016930162521957,2.866304030198841e-06,4.0319999389648455e-05,2,calm
2007-02-05,1446.989990234375,10.550000190734863,11.420000076293944,0.0728077178911768,0.0326922840161718,0.082464442637937,-0.000967074802488,9.352336736073882e-07,4.416766032718478e-05,2,calm
2007-02-06,1448.0,10.649999618530272,11.399999618530272,0.0725818719741227,0.0339181242111799,0.0704225377337151,0.000697763937016,4.868745118001627e-07,4.500892534710116e-05,2,calm
2007-02-07,1450.02001953125,10.31999969482422,11.3100004196167,0.0714823446359274,0.0317176523123147,0.0959303056267523,0.0013940689469243,1.9434282287788923e-06,4.226285464332223e-05,2,calm
2007-02-08,1448.31005859375,10.4399995803833,11.420000076293944,0.069402805305043,0.0349971904987899,0.0938697830747098,-0.0011799630061502,1.3923126958830797e-06,4.325142509460457e-05,2,calm
2007-02-09,1438.06005859375,11.100000381469728,12.149999618530272,0.0723009534997208,0.0386990503149764,0.0945945226104141,-0.0071023761133711,5.044374645578573e-05,4.889286050342385e-05,2,calm
2007-02-12,1433.3699951171875,11.609999656677246,12.369999885559082,0.0703782352074094,0.045721761359363,0.0654608312968155,-0.0032667120978962,1.0671407930541446e-05,5.348892540795467e-05,2,calm
2007-02-13,1444.260009765625,10.34000015258789,11.449999809265137,0.0733771901640946,0.0300228113617842,0.1073500619242675,0.0075687747329175,5.7286350957651565e-05,4.242682664901492e-05,2,calm
2007-02-14,1455.300048828125,10.229999542236328,11.260000228881836,0.0746451883503691,0.0276548070719941,0.1006843336006977,0.0076150120631249,5.798840872153882e-05,4.152892485482361e-05,2,calm
2007-02-15,1456.81005859375,10.220000267028809,11.260000228881836,0.0743904229451804,0.0278095797251076,0.1017612460547791,0.0010370554994532,1.0754841089461903e-06,4.144777994367814e-05,2,calm
2007-02-16,1455.5400390625,10.020000457763672,11.199999809265137,0.0745668814507074,0.0256331231269292,0.1177644009574052,-0.0008721613605295,7.606654388006914e-07,3.984143221173976e-05,2,calm
2007-02-20,1459.6800537109375,10.239999771118164,11.359999656677246,0.0717588922202435,0.030641105490938,0.1093749912688506,0.0028402777834071,8.067177886916319e-06,4.161015687003969e-05,2,calm
2007-02-21,1457.6300048828125,10.199999809265137,11.380000114440918,0.0720629743918381,0.0299370237008131,0.1156863065922738,-0.0014054379715543,1.9752558918868297e-06,4.128571274167017e-05,2,calm
2007-02-22,1456.3800048828125,10.18000030517578,11.34000015258789,0.0721337713486455,0.0296662317031122,0.1139489010449574,-0.0008579243533695,7.360341961045728e-07,4.112397071959482e-05,2,calm
2007-02-23,1451.18994140625,10.579999923706056,12.0,0.073287767823217,0.0325122314138435,0.1342155091241752,-0.0035700389567874,1.2745178152980264e-05,4.441920570857943e-05,2,calm
2007-02-26,1449.3699951171875,11.149999618530272,12.18000030517578,0.0716406008746947,0.0398593953106079,0.0923767463573489,-0.0012548932397342,1.5747570431307682e-06,4.933432202112111e-05,2,calm
2007-02-27,1399.0400390625,18.309999465942383,17.059999465942383,0.1254164420068041,0.0576835526526197,-0.0682687076165714,-0.0353426608431007,0.0012491036754704,0.0001330381271598,2,calm
2007-02-28,1406.8199462890625,15.420000076293944,14.470000267028809,0.1266711457679436,0.0275288549949958,-0.061608288233774,0.005545484952734,3.075240336099943e-05,9.435571521940684e-05,2,calm
2007-03-01,1403.1700439453125,15.81999969482422,14.579999923706056,0.1268029709270518,0.0313970260211903,-0.0783817822401002,-0.0025978059773005,6.748595895698316e-06,9.931444061279304e-05,2,calm
2007-03-02,1387.1700439453125,18.61000061035156,16.469999313354492,0.1304941859494131,0.0556058201541025,-0.1149920057394689,-0.0114682618297496,0.0001315210293956,0.0001374333820306,2,calm
2007-03-05,1374.1199951171875,19.6299991607666,17.360000610351562,0.1322462126413121,0.0640537789663539,-0.1156392586583477,-0.0094522095148414,8.934426471245872e-05,0.0001529114551792,2,calm
2007-03-06,1395.4100341796875,15.960000038146973,15.34000015258789,0.1402052476990262,0.0193947526824435,-0.0388471105311517,0.015374780717887,0.0002363838821231,0.0001010800004831,2,calm
2007-03-07,1391.969970703125,15.239999771118164,15.029999732971191,0.1397261741082763,0.0126738236029053,-0.013779530269085,-0.002468314486799,6.09257640574194e-06,9.2165711517334e-05,2,calm
2007-03-08,1401.8900146484375,14.289999961853027,14.300000190734863,0.1389897101228601,0.00391028949567,0.0006998060817726,0.0071013477307829,5.042913959349636e-05,8.103337258323791e-05,2,calm
2007-03-09,1402.8399658203125,14.09000015258789,14.260000228881836,0.1354672314610741,0.0054327700648048,0.0120652998192282,0.0006773922729208,4.588602914128725e-07,7.878099376981221e-05,2,calm
2007-03-12,1406.5999755859375,13.989999771118164,14.149999618530272,0.135757511858832,0.0041424858523496,0.0114367298091327,0.0026766986224967,7.164715515675754e-06,7.766670380789137e-05,2,calm
2007-03-13,1377.949951171875,18.1299991607666,16.3799991607666,0.1478690864336413,0.0334309051740246,-0.0965251009932205,-0.020578575507406,0.000423477769914,0.0001304352657021,2,calm
2007-03-14,1387.1700439453125,17.270000457763672,16.15999984741211,0.1482557711566331,0.0244442334210035,-0.0642733399495982,0.0066688801649587,4.4473962654580384e-05,0.000118354331671,2,calm
2007-03-15,1392.280029296875,16.43000030517578,16.020000457763672,0.1472073409228897,0.017092662128868,-0.0249543420448355,0.0036769799595125,1.352018162265724e-05,0.0001071209960428,2,calm
2007-03-16,1386.949951171875,16.790000915527344,16.549999237060547,0.1461269884575767,0.0217730206976966,-0.014294321940438,-0.0038356557012156,1.4712254658268234e-05,0.0001118667185489,2,calm
2007-03-19,1402.06005859375,14.59000015258789,15.130000114440918,0.1501493735345111,-0.0042493720086322,0.0370116488146331,0.0108355690427273,0.0001174095564797,8.447147002083914e-05,2,calm
2007-03-20,1410.93994140625,13.270000457763672,14.289999961853027,0.1516734697570239,-0.0189734651793871,0.0768650692466706,0.0063134819115044,3.98600538468942e-05,6.987813974168575e-05,2,calm
2007-03-21,1435.0400390625,12.1899995803833,13.109999656677246,0.1601692755716686,-0.0382692797678356,0.0754717069699043,0.0169366432029802,0.000286849882985,5.896670228958137e-05,2,calm
2007-03-22,1434.5400390625,12.93000030517578,13.359999656677246,0.1600887538145707,-0.0307887507628129,0.033255942873361,-0.0003484830473082,1.2144043426121336e-07,6.63432174173991e-05,2,calm
2007-03-23,1436.1099853515625,12.949999809265137,13.449999809265137,0.1601229113561218,-0.0306229132634704,0.0386100391787089,0.00109379160276,1.1963800702683786e-06,6.654860915078059e-05,2,calm
2007-03-26,1437.5,13.15999984741211,13.579999923706056,0.1588389901340951,-0.027238991659974,0.0319148997844813,0.0009674345258655,9.359295618367188e-07,6.872444285074871e-05,2,calm
2007-03-27,1428.6099853515625,13.479999542236328,14.119999885559082,0.1595880540593665,-0.0247880586370032,0.0474777718884534,-0.0062035603687589,3.848416124883691e-05,7.2107296689957e-05,2,calm
2007-03-28,1417.22998046875,14.979999542236328,15.130000114440918,0.1594558876385161,-0.0096558922161528,0.010013389638742,-0.0079976848154938,6.396296240798047e-05,8.904777233547642e-05,2,calm
2007-03-29,1422.530029296875,15.140000343322754,15.239999771118164,0.1581028179127266,-0.006702814479499,0.0066049818710547,0.0037327485166896,1.3933411488848838e-05,9.09601628554814e-05,2,calm
2007-03-30,1420.8599853515625,14.640000343322754,15.100000381469728,0.1580143913073796,-0.0116143878741521,0.0314207668961414,-0.0011746852375143,1.3798854072342305e-06,8.505143256051204e-05,2,calm
2007-04-02,1424.550048828125,14.529999732971191,15.039999961853027,0.1583258820315945,-0.0130258847018826,0.0350998099280451,0.0025936968668173,6.727263436938325e-06,8.377813184132654e-05,2,calm
2007-04-03,1437.77001953125,13.460000038146973,14.239999771118164,0.160643562125811,-0.0260435617443413,0.057949459937637,0.0092373070725104,8.532784195185134e-05,7.18934924709986e-05,2,calm
2007-04-04,1439.3699951171875,13.239999771118164,14.25,0.1606865300708168,-0.0282865323596351,0.0762840065212884,0.0011121987409165,1.2369860392964396e-06,6.95625372774639e-05,2,calm
2007-04-05,1443.760009765625,13.229999542236328,14.0600004196167,0.1609920638988647,-0.0286920684765014,0.0627362740815388,0.0030453139703924,9.273937178267547e-06,6.945749519348154e-05,2,calm
2007-04-09,1444.6099853515625,13.140000343322754,14.029999732971191,0.1607067544009077,-0.0293067509676802,0.0677320674577228,0.0005885503670995,3.463915346130462e-07,6.851571786608021e-05,2,calm
2007-04-10,1448.3900146484375,12.68000030517578,13.5,0.1608669251240174,-0.0340669220722596,0.0646687440921834,0.0026132260269691,6.828950268028865e-06,6.380254275367375e-05,2,calm
2007-04-11,1438.8699951171875,13.489999771118164,14.1899995803833,0.1231814040388493,0.0117185936723322,0.0518902758444683,-0.0065945249124668,4.348775882114639e-05,7.221432294633655e-05,2,calm
2007-04-12,1447.800048828125,12.710000038146973,13.539999961853027,0.1234038916521344,0.0036961087293352,0.0653029048949603,0.0061871166861128,3.828041288757553e-05,6.410480197210161e-05,2,calm
2007-04-13,1452.8499755859375,12.199999809265137,13.3100004196167,0.123139728758111,-0.0011397306654596,0.0909836580086326,0.0034819311653259,1.2123844640067903e-05,5.90634902166942e-05,2,calm
2007-04-16,1468.3299560546875,11.979999542236328,13.170000076293944,0.1200449783520576,-0.0002449829296943,0.0993322687419298,0.0105985428731568,0.0001123291110341,5.695253533015184e-05,2,calm
2007-04-17,1471.47998046875,12.140000343322754,13.09000015258789,0.1151236202418946,0.0062763831913329,0.0782536888302195,0.0021430131114731,4.592505195945649e-06,5.848397156185579e-05,2,calm
2007-04-18,1472.5,12.420000076293944,13.18000030517578,0.1082742964694497,0.0159257042934897,0.061191644461617,0.0006929527910064,4.801835705636189e-07,6.121285789489745e-05,2,calm
2007-04-19,1470.72998046875,12.539999961853027,13.300000190734863,0.1079030331542129,0.0174969664643173,0.0606060790425657,-0.0012027736577713,1.4466644718285755e-06,6.240142819177536e-05,2,calm
2007-04-20,1484.3499755859375,12.06999969482422,12.579999923706056,0.1089699531123211,0.011730043835921,0.0422535411579613,0.009218086660297,8.497312167674648e-05,5.781146533057809e-05,2,calm
2007-04-23,1480.9300537109375,13.039999961853027,13.079999923706056,0.1096034777183396,0.0207965219001906,0.003067481746169,-0.0023066444703703,5.320608712690242e-06,6.74768250020345e-05,2,calm
2007-04-24,1480.4100341796875,13.119999885559082,13.100000381469728,0.1097456230926517,0.021454375762939,-0.0015243524591312,-0.0003512055496236,1.233453380864488e-07,6.830730039566283e-05,2,calm
2007-04-25,1495.4200439453125,13.210000038146973,13.050000190734863,0.0898196128079432,0.0422803875735265,-0.0121120247501947,0.0100880337027083,0.0001017684239869,6.924765913009645e-05,2,calm
2007-04-26,1494.25,12.789999961853027,12.600000381469728,0.0895739786833173,0.0383260209352128,-0.0148553229827978,-0.0007827245066179,6.126576532603889e-07,6.491432500960335e-05,2,calm
2007-04-27,1494.0699462890625,12.449999809265137,12.489999771118164,0.0898083757380202,0.0346916223546311,0.0032128483908296,-0.0001205049756328,1.4521449152282396e-08,6.150892668678649e-05,2,calm
2007-04-30,1482.3699951171875,14.220000267028809,14.010000228881836,0.0929228767570967,0.0492771259131913,-0.0147679348947615,-0.0078617487090628,6.180709276445118e-05,8.024143158503946e-05,2,calm
2007-05-01,1486.300048828125,13.510000228881836,13.390000343322754,0.0892833007385114,0.0458167015503068,-0.0088823007791328,0.0026476879873137,7.01025167816577e-06,7.242861356523304e-05,2,calm
2007-05-02,1495.9200439453125,13.079999923706056,13.25,0.0893428981594267,0.0414571010776338,0.0129969478047042,0.0064515885385027,4.162299467013982e-05,6.789142777942479e-05,2,calm
2007-05-03,1502.3900146484375,13.09000015258789,13.220000267028809,0.0776714232131645,0.0532285783127143,0.0099312538522176,0.0043157516194131,1.862571204046735e-05,6.799527936299644e-05,2,calm
2007-05-04,1505.6199951171875,12.90999984741211,13.260000228881836,0.077483855978865,0.051616142495256,0.0271107967162281,0.0021475870756333,4.612130247427315e-06,6.613813335721456e-05,2,calm
2007-05-07,1509.47998046875,13.149999618530272,13.329999923706056,0.0775152086037233,0.0539847875815793,0.0136882365321241,0.002560437459192,6.555839982433764e-06,6.862003570132791e-05,2,calm
2007-05-08,1507.719970703125,13.210000038146973,13.420000076293944,0.077926785832797,0.0541732145486726,0.0158970505329709,-0.0011666511956337,1.3610750122737157e-06,6.924765913009645e-05,2,calm
2007-05-09,1512.5799560546875,12.880000114440918,13.239999771118164,0.0744455517490858,0.0543544493953232,0.02795028365517,0.0032182165109129,1.0356917511112712e-05,6.583111228095161e-05,2,calm
2007-05-10,1491.469970703125,13.600000381469728,14.09000015258789,0.083021577360933,0.0529784264537642,0.0360293939245617,-0.0140545818846562,0.0001975312719525,7.33968295142765e-05,2,calm
2007-05-11,1505.8499755859375,12.949999809265137,13.4399995803833,0.0859546527365513,0.0435453453561,0.0378378207208614,0.0095953154624876,9.207007882465506e-05,6.654860915078059e-05,2,calm
2007-05-14,1503.1500244140625,13.960000038146973,14.239999771118164,0.0861656924290413,0.0534343079524284,0.0200572874073113,-0.0017945841784523,3.2205323735516005e-06,7.733396867661249e-05,2,calm
2007-05-15,1501.18994140625,14.010000228881836,14.239999771118164,0.0866234045477603,0.053476597741058,0.0164168121683667,-0.0013048345448343,1.7025931893931929e-06,7.788893111637663e-05,2,calm
2007-05-16,1514.1400146484375,13.5,14.039999961853027,0.0861557442608001,0.0488442557391998,0.0399999971742983,0.0085895428045731,7.378024559159432e-05,7.232142857142858e-05,2,calm
2007-05-17,1512.75,13.510000228881836,14.170000076293944,0.0864816819331481,0.0486183203556702,0.0488526895803563,-0.0009184441716888,8.435396965092339e-07,7.242861356523304e-05,2,calm
2007-05-18,1522.75,12.760000228881836,13.5,0.087578632005999,0.0400213702828193,0.0579937114298163,0.0065887242141631,4.341128677029932e-05,6.461016104804146e-05,2,calm
2007-05-21,1525.0999755859375,13.300000190734863,13.609999656677246,0.0875099047459873,0.0454900971613612,0.0233082301877211,0.0015420549373724,2.3779334298747108e-06,7.01944464577569e-05,2,calm
2007-05-22,1524.1199951171875,13.0600004196167,13.520000457763672,0.0877578166547072,0.0428421875414597,0.0352220538566011,-0.0006427745534309,4.131591265383205e-07,6.768397260332871e-05,2,calm
2007-05-23,1522.280029296875,13.239999771118164,13.600000381469728,0.0846686569681394,0.0477313407430421,0.0271903788953888,-0.0012079608910859,1.4591695143931784e-06,6.95625372774639e-05,2,calm
2007-05-24,1507.510009765625,14.079999923706056,14.369999885559082,0.0900493244474721,0.0507506747895884,0.0205965883113935,-0.0097499406529562,9.506134273616854e-05,7.866920549665181e-05,2,calm
2007-05-25,1515.72998046875,13.34000015258789,14.140000343322754,0.0906288275661771,0.0427711739597017,0.0599700286045099,0.0054378686345307,2.9570415286413683e-05,7.061730320279563e-05,2,calm
2007-05-29,1518.1099853515625,13.529999732971191,14.079999923706056,0.0863532983778198,0.048946698951892,0.0406504214035254,0.0015689722581672,2.4616739468985264e-06,7.264321141833351e-05,2,calm
2007-05-30,1530.22998046875,12.829999923706056,13.449999809265137,0.0885691071653655,0.039730892071695,0.0483242314299241,0.0079519076731304,6.323283564199013e-05,6.532099128662596e-05,2,calm
2007-05-31,1530.6199951171875,13.050000190734863,13.470000267028809,0.0886045093317719,0.0418954925755767,0.0321839134218659,0.0002548407492421,6.494380747432273e-08,6.75803591183254e-05,2,calm
2007-06-01,1536.3399658203125,12.779999732971191,13.489999771118164,0.0885517893093757,0.0392482080203361,0.0555555597012447,0.0037300632600247,1.3913371923786752e-05,6.481285443442213e-05,2,calm
2007-06-04,1539.1800537109375,13.289999961853027,14.079999923706056,0.0854593700746814,0.0474406295438488,0.0594431876689696,0.0018468998282521,3.4110389755979198e-06,7.008892816906884e-05,2,calm
2007-06-05,1530.949951171875,13.630000114440918,14.260000228881836,0.0869962050385792,0.0493037961058299,0.046221578074195,-0.0053614161226655,2.8744782840378084e-05,7.372099330145216e-05,2,calm
2007-06-06,1517.3800048828125,14.869999885559082,15.260000228881836,0.0916486076582814,0.0570513911973093,0.0262273265853552,-0.0089032592423672,7.926802513679733e-05,8.77448002367171e-05,2,calm
2007-06-07,1490.719970703125,17.059999465942383,16.450000762939453,0.102072861319479,0.0685271333399448,-0.0357560798416609,-0.0177259615455292,0.0003142097127135,0.0001154934848325,2,calm
2007-06-08,1507.6700439453125,14.84000015258789,15.130000114440918,0.1072570144875836,0.0411429870382953,0.019541776204258,0.0113062368277967,0.0001278309912062,8.739111290825739e-05,2,calm
2007-06-11,1509.1199951171875,14.710000038146973,15.100000381469728,0.1072661560156177,0.0398338443658519,0.026512599749244,0.0009612543562845,9.240099374760392e-07,8.586670679455712e-05,2,calm
2007-06-12,1493.0,16.670000076293945,16.020000457763672,0.1094779991608855,0.0572220016020539,-0.0389921784976248,-0.01073917769417,0.0001153299375469,0.0001102733740252,2,calm
2007-06-13,1515.6700439453125,14.729999542236328,15.079999923706056,0.1174814215597818,0.0298185738625813,0.0237610585435626,0.0150700958615303,0.0002271077892757,8.61003517913819e-05,2,calm
2007-06-14,1522.969970703125,13.640000343322754,14.460000038146973,0.1168703689910622,0.0195296344421652,0.0601172781660256,0.0048047420992171,2.308554663999004e-05,7.382921006581143e-05,2,calm
2007-06-15,1532.9100341796875,13.9399995803833,15.010000228881836,0.1176455476974002,0.0217544481064327,0.0767575811124317,0.006505555530853,4.232225276501219e-05,7.711253504011373e-05,2,calm
2007-06-18,1531.050048828125,13.420000076293944,14.5600004196167,0.1176821889666752,0.0165178117962641,0.0849478641461809,-0.0012141056212539,1.474052459560442e-06,7.146682620941646e-05,2,calm
2007-06-19,1533.699951171875,12.850000381469728,14.289999961853027,0.1175839263369707,0.0109160774777264,0.1120622208276228,0.0017292784103802,2.9904038206071944e-06,6.552480547768736e-05,2,calm
2007-06-20,1512.8399658203125,14.670000076293944,15.470000267028809,0.1245546107829538,0.0221453899799856,0.054533073386116,-0.0136944283818011,0.0001875373687042,8.540035803113661e-05,2,calm
2007-06-21,1522.18994140625,14.210000038146973,15.289999961853027,0.1254808632984926,0.0166191370829771,0.0760028093460082,0.0061613924415659,3.796275681898656e-05,8.012861154132419e-05,2,calm
2007-06-22,1502.56005859375,15.75,16.260000228881836,0.1244534316674376,0.0330465683325623,0.0323809669131324,-0.0129796898274327,0.0001684723480163,9.84375e-05,2,calm
2007-06-25,1497.739990234375,16.649999618530273,16.479999542236328,0.1215967057873999,0.0449032903979027,-0.0102102150263563,-0.0032130603124341,1.032375657133951e-05,0.0001100089235305,2,calm
2007-06-26,1492.8900146484375,18.88999938964844,18.059999465942383,0.1218361513497625,0.0670638425467218,-0.0439385892283771,-0.0032434502628662,1.0519969607687113e-05,0.0001416000305321,2,calm
2007-06-27,1506.3399658203125,15.529999732971191,16.040000915527344,0.1246533760608903,0.0306466212688216,0.0328397418754223,0.008968996323785,8.044289505607034e-05,9.570670305797036e-05,2,calm
2007-06-28,1505.7099609375,15.539999961853027,16.010000228881836,0.122037815416313,0.0333621842022172,0.0302445475020943,-0.0004183230074661,1.7499413857549754e-07,9.582999952952064e-05,2,calm
2007-06-29,1503.3499755859375,16.229999542236328,16.399999618530273,0.1220862551116327,0.0402137403107305,0.0104744350640025,-0.00156858679138,2.460464522092004e-06,0.0001045289226749,2,calm
2007-07-02,1519.4300537109375,15.399999618530272,16.100000381469727,0.124584644941666,0.0294153512436367,0.0454545961220134,0.0106393648577494,0.0001131960845763,9.411110644870338e-05,2,calm
2007-07-03,1524.8699951171875,14.920000076293944,15.609999656677246,0.124952118228633,0.0242478825343063,0.0462466204326384,0.0035738574444796,1.2772457033462303e-05,8.833587391929019e-05,2,calm
2007-07-05,1525.4000244140625,15.479999542236328,16.110000610351562,0.1249411605506738,0.0298588348716894,0.0406977446217818,0.0003475294310442,1.2077670544194162e-07,9.509142294747496e-05,2,calm
2007-07-06,1530.43994140625,14.720000267028809,15.529999732971191,0.1252361250382805,0.0219638776320075,0.0550271366337331,0.0032985507214163,1.0880436861756188e-05,8.598349518306676e-05,2,calm
2007-07-09,1531.8499755859375,15.15999984741211,16.079999923706055,0.1216526875000109,0.0299473109741101,0.0606860214745314,0.000920901885555,8.480602828187996e-07,9.120063308473616e-05,2,calm
2007-07-10,1510.1199951171875,17.56999969482422,17.3799991607666,0.1280096456971627,0.0476903512510794,-0.0108139178917338,-0.0142870247254699,0.0002041190755061,0.0001225019401889,2,calm
2007-07-11,1518.760009765625,16.639999389648438,17.040000915527344,0.1290420110292453,0.037357982867239,0.0240385541196439,0.0057051042426577,3.254821441959112e-05,0.0001098768173363,2,calm
2007-07-12,1547.699951171875,15.539999961853027,16.350000381469727,0.1384238171648817,0.0169761824536484,0.0521235792538646,0.0188757075105624,0.0003562923340243,9.582999952952064e-05,2,calm
2007-07-13,1552.5,15.149999618530272,16.31999969482422,0.1386466242251103,0.0128533719601923,0.0772277297527384,0.003096608437751,9.58898381675086e-06,9.108035255613784e-05,2,calm
2007-07-16,1549.52001953125,15.59000015258789,16.450000762939453,0.1384603882553949,0.0174396132704839,0.0551636049989906,-0.0019213166689402,3.691457742347663e-06,9.644766061813111e-05,2,calm
2007-07-17,1549.3699951171875,15.630000114440918,16.5,0.1383844075891811,0.017915593555228,0.0556621803703807,-9.682461363302838e-05,9.375005805185224e-09,9.694321570532662e-05,2,calm
2007-07-18,1546.1700439453125,16.0,17.049999237060547,0.137556790742969,0.0224432092570309,0.0656249523162841,-0.0020674598107695,4.274390069147388e-06,0.0001015873015873,2,calm
2007-07-19,1553.0799560546875,15.229999542236328,16.399999618530273,0.1351944664098774,0.0171055290124858,0.0768220690387588,0.0044590940123054,1.988351941057797e-05,9.20447960541741e-05,2,calm
2007-07-20,1534.0999755859375,16.950000762939453,17.440000534057617,0.129535001183824,0.0399650064455705,0.0289085397677108,-0.0122961537901263,0.0001511953980304,0.0001140089388347,2,calm
2007-07-23,1541.5699462890625,16.809999465942383,17.190000534057617,0.1263671525421557,0.041732842117268,0.0226056561682306,0.0048574688316341,2.359500345029733e-05,0.0001121333658908,2,calm
2007-07-24,1511.0400390625,18.549999237060547,18.32999992370605,0.1399297552706309,0.0455702370999745,-0.011859801746782,-0.0200031614596107,0.0004001264683792,0.0001365485998789,2,calm
2007-07-25,1518.0899658203125,18.100000381469727,18.06999969482422,0.1366984148227366,0.0443015889919606,-0.0016574964648189,0.0046547619122067,2.1666808459330317e-05,0.0001300039737338,2,calm
2007-07-26,1482.6600341796875,20.739999771118164,19.01000022888184,0.1466252899492886,0.060774707761893,-0.083413672195188,-0.0236151483184279,0.0005576752301013,0.000170693488296,2,calm
2007-07-27,1458.949951171875,24.170000076293945,21.14999961853028,0.1521935629256565,0.0895064378372829,-0.1249483015403752,-0.0161208294826874,0.0002598811432098,0.000231820993527,0,stressed
2007-07-30,1473.9100341796875,20.8700008392334,19.32999992370605,0.1542319823178847,0.0544680260744492,-0.0737901702731275,0.0102017913107261,0.0001040765459476,0.0001728400535831,0,stressed
2007-07-31,1455.27001953125,23.520000457763672,21.350000381469727,0.1577406260517393,0.0774593785258973,-0.0922619062100253,-0.0127272929087878,0.000161983984786,0.0002195200085449,0,stressed
2007-08-01,1465.81005859375,23.670000076293945,21.600000381469727,0.1595660069189153,0.0771339938440241,-0.0874524583080745,0.0072165668337128,5.207883686544495e-05,0.0002223289300046,0,stressed
2007-08-02,1472.199951171875,21.21999931335449,20.479999542236328,0.1561251147057108,0.056074878427834,-0.0348727518880008,0.0043498168025946,1.8920906216134832e-05,0.0001786858614518,0,stressed
2007-08-03,1433.06005859375,25.15999984741211,22.6200008392334,0.1717985985619136,0.0798013999122074,-0.1009538562632371,-0.026945788416662,0.0007260755133955,0.0002512006318737,0,stressed
2007-08-06,1467.6700439453125,22.940000534057617,21.31999969482422,0.1841036597168873,0.0452963456236888,-0.0706190410426661,0.0238640801648673,0.0005694943221152,0.00020882683512,0,stressed
2007-08-07,1476.7099609375,21.559999465942383,20.61000061035156,0.1850244823035044,0.0305755123559194,-0.0440630277886372,0.0061404746545445,3.770542898310363e-05,0.0001844577686394,0,stressed
2007-08-08,1497.489990234375,21.450000762939453,20.38999938964844,0.1894587393061071,0.0250412683232874,-0.0494173116824519,0.0139737527890708,0.00019526576701,0.0001825803701309,0,stressed
2007-08-09,1453.0899658203125,26.479999542236328,24.440000534057617,0.2066277853824355,0.0581722100399277,-0.0770392388007732,-0.0300980667075809,0.0009058936195339,0.0002782501491098,0,stressed
2007-08-10,1453.6400146484375,28.299999237060547,25.39999961853028,0.2066668687414584,0.076333123629147,-0.1024734875163016,0.0003784657249806,1.4323630498510624e-07,0.0003178134749276,0,stressed
2007-08-13,1452.9200439453125,26.56999969482422,23.540000915527344,0.2066724296895311,0.059027567258711,-0.1140383445276106,-0.0004954108659971,2.454319261480763e-07,0.0002801447951519,0,stressed
2007-08-14,1426.5400390625,27.68000030517578,24.540000915527344,0.209360736377404,0.0674392666743538,-0.1134392830574247,-0.0183233954989881,0.0003357468226123,0.0003040406416248,0,stressed
2007-08-15,1406.699951171875,30.670000076293945,26.479999542236328,0.2114083358335819,0.0952916649293575,-0.1366156023356594,-0.014005458249531,0.0001961528607793,0.0003732733748729,0,stressed
2007-08-16,1411.27001953125,30.82999992370605,27.059999465942383,0.2119357226361283,0.0963642766009321,-0.1222835052576438,0.003243520983883,1.05204283728897e-05,0.0003771781330538,0,stressed
2007-08-17,1445.93994140625,29.989999771118164,26.15999984741211,0.2252951255557138,0.0746048721554678,-0.1277092348428269,0.0242695665225197,0.000589011859191,0.0003569047961395,0,stressed
2007-08-20,1445.550048828125,26.32999992370605,23.229999542236328,0.2251923015313182,0.0381076977057422,-0.1177364371611204,-0.0002696828152993,7.272882086776431e-08,0.0002751067047549,0,stressed
2007-08-21,1447.1199951171875,25.25,22.600000381469727,0.2222521774893765,0.0302478225106234,-0.104950479941793,0.001085465275582,1.1782348644944672e-06,0.0002530009920634,0,stressed
2007-08-22,1464.0699462890625,22.88999938964844,21.239999771118164,0.2245616690084618,0.0043383248880225,-0.0720838646800688,0.011644820880578,0.0001356018533407,0.0002079174889119,0,stressed
2007-08-23,1462.5,22.6200008392334,21.170000076293945,0.2163395483505059,0.009860460041828,-0.0641025954528034,-0.0010728917937874,1.1510968011763705e-06,0.0002030414436376,0,stressed
2007-08-24,1479.3699951171875,20.71999931335449,20.290000915527344,0.219355480219402,-0.0121554870858571,-0.0207528191156841,0.0114690180502615,0.0001315383750372,0.0001703644331529,0,stressed
2007-08-27,1466.7900390625,22.71999931335449,21.420000076293945,0.2202743759441564,0.0069256171893885,-0.0572182780083282,-0.0085399519130986,7.293077867803654e-05,0.0002048406225392,0,stressed
2007-08-28,1432.3599853515625,26.299999237060547,25.030000686645508,0.2291493237065461,0.0338506686640593,-0.0482889196675498,-0.0237529428961658,0.0005642022962285,0.0002744801428053,0,stressed
2007-08-29,1463.760009765625,23.809999465942383,23.170000076293945,0.2397406866490062,-0.0016406919895824,-0.0268794373794038,0.0216850509809045,0.0004702414360444,0.0002249666962572,0,stressed
2007-08-30,1457.6400146484375,25.059999465942383,23.40999984741211,0.2390800245057279,0.0115199701536959,-0.0658419654307133,-0.0041897747783128,1.7554212692986218e-05,0.0002492077671559,0,stressed
2007-08-31,1473.989990234375,23.3799991607666,22.440000534057617,0.2400601429623096,-0.0062601513546436,-0.0402052463836856,0.0111543032908534,0.0001244184819043,0.000216914428872,0,stressed
2007-09-04,1489.4200439453125,22.780000686645508,22.01000022888184,0.2418386404792941,-0.0140386336128391,-0.0338015994097432,0.0104138090770479,0.0001084474194932,0.000205923980668,0,stressed
2007-09-05,1472.2900390625,24.57999992370605,23.229999542236328,0.2373169237315456,0.0084830755055148,-0.05492271707323,-0.0115677736314107,0.0001338133867875,0.0002397525381942,0,stressed
2007-09-06,1478.550048828125,23.989999771118164,23.1299991607666,0.2372366498078291,0.0026633479033525,-0.0358482958964812,0.0042428725177974,1.800196720228102e-05,0.0002283809877056,0,stressed
2007-09-07,1453.550048828125,26.229999542236328,24.520000457763672,0.2324867299828849,0.0298132654394783,-0.0651924938740149,-0.0170530370794874,0.0002908060736343,0.000273020982534,0,stressed
2007-09-10,1451.699951171875,27.3799991607666,25.26000022888184,0.2278433620272366,0.0459566295804293,-0.0774287434939937,-0.0012736238921536,1.6221178186647129e-06,0.0002974858547791,0,stressed
2007-09-11,1471.489990234375,25.270000457763672,23.600000381469727,0.2293638129387281,0.0233361916389086,-0.0660862701243392,0.0135402363950209,0.000183338001633,0.0002534019536251,0,stressed
2007-09-12,1471.56005859375,24.959999084472656,23.46999931335449,0.2261970013790272,0.0234029894656992,-0.0596955058401857,4.761615210455319e-05,2.267297941243945e-09,0.0002472228390066,0,stressed
2007-09-13,1483.949951171875,24.76000022888184,23.420000076293945,0.2265291713247953,0.021070830964023,-0.0541195533199075,0.00838431615381,7.029675736703964e-05,0.0002432768298945,0,stressed
2007-09-14,1484.25,24.920000076293945,23.479999542236328,0.2262210737334135,0.0229789270295258,-0.0577849329714677,0.0002021756176019,4.0874980352738964e-08,0.00024643111262,0,stressed
2007-09-17,1476.6500244140625,26.479999542236328,24.31999969482422,0.2117895548300361,0.0530104405923271,-0.0815709926265991,-0.0051335689917121,2.6353530592668445e-05,0.0002782501491098,0,stressed
2007-09-18,1519.780029296875,20.350000381469727,20.6299991607666,0.2168315335564769,-0.0133315297417796,0.0137591535158808,0.0287895816408063,0.0008288400110526,0.0001643343315578,0,stressed
2007-09-19,1529.030029296875,20.030000686645508,20.280000686645508,0.2168171699533366,-0.0165171630868815,0.0124812776550068,0.0060679597642346,3.6820135700370425e-05,0.0001592067172646,0,stressed
2007-09-20,1518.75,20.450000762939453,20.51000022888184,0.2144805375194154,-0.0099805298900209,0.0029339591053277,-0.0067459384752551,4.5507685911928096e-05,0.0001659533853985,0,stressed
2007-09-21,1525.75,19.0,20.01000022888184,0.194117725091988,-0.004117725091988,0.0531579067832547,0.0045984643357457,2.1145874247125544e-05,0.0001432539682539,0,stressed
2007-09-24,1517.72998046875,19.3700008392334,19.59000015258789,0.1951210946875051,-0.0014210862951711,0.0113577338060249,-0.0052703077703663,2.7776143994384e-05,0.0001488876716317,0,stressed
2007-09-25,1517.2099609375,18.600000381469727,19.450000762939453,0.1951084452142253,-0.009108441399528,0.0456989443030625,-0.0003426885186387,1.1743542080684941e-07,0.0001372857199169,0,stressed
2007-09-26,1525.4200439453125,17.6299991607666,19.01000022888184,0.186131467730045,-0.009831476122379,0.0782757307888171,0.0053967146323151,2.912452882264398e-05,0.0001233400279399,0,stressed
2007-09-27,1531.3800048828125,17.0,18.229999542236328,0.1796790295127274,-0.0096790295127274,0.0723529142491957,0.0038994820691835,1.520596040788424e-05,0.0001146825396825,0,stressed
2007-09-28,1526.75,18.0,18.6299991607666,0.1804714753663564,-0.0004714753663564,0.0349999533759223,-0.0030279997338536,9.168782388218046e-06,0.0001285714285714,0,stressed
2007-10-01,1547.0400390625,17.84000015258789,18.61000061035156,0.1715663577552598,0.006833643770619,0.0431614602678112,0.0132021598818247,0.0001742970255452,0.0001262958751763,0,stressed
2007-10-02,1546.6300048828125,18.489999771118164,19.21999931335449,0.1715657701435054,0.0133342275676762,0.0394807761640214,-0.0002650794533767,7.026711660250985e-08,0.0001356667029904,0,stressed
2007-10-03,1539.5899658203125,18.799999237060547,19.530000686645508,0.1726769758246981,0.0153230165459073,0.0388298659154147,-0.0045622485372649,2.0814111715776e-05,0.0001402539568704,0,stressed
2007-10-04,1542.8399658203125,18.440000534057617,19.43000030517578,0.1702747417281024,0.0141252636124737,0.0536876216076941,0.0021087267359828,4.446728447048759e-06,0.0001349339760698,0,stressed
2007-10-05,1557.5899658203125,16.90999984741211,18.34000015258789,0.1715117637561894,-0.0024117652820683,0.0845653647592804,0.0095148812294747,9.053296481101174e-05,0.0001134714662061,0,stressed
2007-10-08,1552.5799560546875,17.459999084472656,18.600000381469727,0.1698147177990799,0.0047852730456465,0.0652921739274823,-0.0032216979939063,1.03793379639402e-05,0.0001209728444562,0,stressed
2007-10-09,1565.1500244140625,16.1200008392334,17.6299991607666,0.1679996090298764,-0.0067996006375424,0.0936723475756973,0.0080636466591908,6.502239744427984e-05,0.0001031168361336,0,stressed
2007-10-10,1562.469970703125,16.670000076293945,18.31999969482422,0.1495904284668976,0.0171095722960418,0.0989801806225965,-0.0017137979492955,2.937103411009593e-06,0.0001102733740252,0,stressed
2007-10-11,1554.4100341796875,18.8799991607666,19.57999992370605,0.1402400936786661,0.0485598979289998,0.0370763132444454,-0.0051718092939994,2.674761137349884e-05,0.0001414501461549,0,stressed
2007-10-12,1561.800048828125,17.729999542236328,19.14999961853028,0.1391983041060882,0.038101691316275,0.0800902488977075,0.0047429591107058,2.2495661125827228e-05,0.0001247432078443,0,stressed
2007-10-15,1548.7099609375,19.25,20.38999938964844,0.1399363717480397,0.0525636282519602,0.0592207475142047,-0.0084167323854276,7.084138404790705e-05,0.0001470486111111,0,stressed
2007-10-16,1538.530029296875,20.020000457763672,21.200000762939453,0.1393599416969489,0.0608400628806877,0.058941072836898,-0.0065948669805359,4.3492270490963046e-05,0.0001590477850511,0,stressed
2007-10-17,1541.239990234375,18.540000915527344,20.36000061035156,0.1341021809630511,0.0512978281922222,0.098166105984383,0.0017598467546105,3.097060599713212e-06,0.0001364014420427,0,stressed
2007-10-18,1540.0799560546875,18.5,20.229999542236328,0.1340041805709584,0.0509958194290416,0.0935134887695312,-0.000752946305293,5.669281386544875e-07,0.0001358134920634,0,stressed
2007-10-19,1500.6300048828125,22.959999084472656,23.21999931335449,0.1465218259896217,0.0830781648551048,0.0113240522321128,-0.0259493114071029,0.0006733667625028,0.0002091910944281,0,stressed
2007-10-22,1506.3299560546875,21.63999938964844,21.520000457763672,0.146555411377305,0.0698445825191793,-0.0055452373044969,0.0037911765191724,1.4373019399524782e-05,0.0001858291958666,0,stressed
2007-10-23,1519.5899658203125,20.40999984741211,21.01000022888184,0.1436956067122255,0.0604043917618955,0.0293973731482319,0.0087643394319839,7.681364567902838e-05,0.0001653047991156,0,stressed
2007-10-24,1515.8800048828125,20.799999237060547,21.290000915527344,0.1440311283000936,0.0639688640705118,0.0235577738673053,-0.0024444075023621,5.975128037604257e-06,0.0001716825270879,0,stressed
2007-10-25,1514.4000244140625,21.170000076293945,21.3799991607666,0.1424006189316041,0.0692993818313353,0.0099196544032048,-0.0009767946012353,9.541276930024734e-07,0.0001778448028691,0,stressed
2007-10-26,1535.280029296875,19.559999465942383,20.38999938964844,0.1472939673914834,0.0483060272679403,0.0424335350903891,0.0136934568760324,0.0001875107612157,0.0001518228488522,0,stressed
2007-10-29,1540.97998046875,19.8700008392334,20.39999961853028,0.146253594308701,0.0524464140836329,0.0266733143891163,0.0037057710835717,1.3732739323836567e-05,0.0001566733862504,0,stressed
2007-10-30,1531.02001953125,21.06999969482422,21.290000915527344,0.1227360275336869,0.0879639694145552,0.0104414439435026,-0.0064843722893348,4.204708398669366e-05,0.0001761686060078,0,stressed
2007-10-31,1549.3800048828125,18.530000686645508,19.520000457763672,0.126269916078853,0.059030090787602,0.0534268610055504,0.0119206613567549,0.0001421021671824,0.0001362543354948,0,stressed
2007-11-01,1508.43994140625,23.209999084472656,22.6299991607666,0.1477066934361234,0.0843932974086031,-0.0249892264792923,-0.0267788886898088,0.0007171088794611,0.0002137714513893,0,stressed
2007-11-02,1509.6500244140625,23.01000022888184,23.13999938964844,0.1470372331523664,0.0830627691364519,0.0056496809853755,0.000801886680887,6.430222489840777e-07,0.0002101032184655,0,stressed
2007-11-05,1502.1700439453125,24.309999465942383,24.030000686645508,0.1469517298426873,0.0961482648167364,-0.0115178439098341,-0.0049670934370716,2.467201721260048e-05,0.0002345143150929,0,stressed
2007-11-06,1520.27001953125,21.38999938964844,22.170000076293945,0.1512280891110492,0.0626719047854351,0.036465671290434,0.0119772048944517,0.0001434534370836,0.0001815603467814,0,stressed
2007-11-07,1475.6199951171875,26.489999771118164,25.239999771118164,0.1732648861681242,0.0916351115430574,-0.0471876183767606,-0.0298097263615747,0.0008886197857519,0.0002784603523308,0,stressed
2007-11-08,1474.77001953125,26.15999984741211,25.36000061035156,0.1726256348271642,0.0889743636469568,-0.0305810107693747,-0.0005761784748674,3.319816349006027e-07,0.0002715657111176,0,stressed
2007-11-09,1453.699951171875,28.5,27.030000686645508,0.1767314675538496,0.1082685324461503,-0.0515789232755962,-0.0143900618120115,0.0002070738789535,0.0003223214285714,0,stressed
2007-11-12,1439.1800537109375,31.09000015258789,27.350000381469727,0.1725645796820057,0.1383354218438732,-0.1202959071329194,-0.0100384525923685,0.0001007705304492,0.0003835667101142,0,stressed
2007-11-13,1481.050048828125,24.100000381469727,24.65999984741211,0.1946626065435039,0.0463373972711933,0.0232364919949528,0.0286777843877612,0.0008224153173909,0.0002304801660265,0,stressed
2007-11-14,1470.5799560546875,25.940000534057617,25.64999961853028,0.1951527902031088,0.0642472151374672,-0.0111796803992577,-0.0070944777433505,5.033161445089699e-05,0.0002670173125821,0,stressed
2007-11-15,1451.1500244140625,28.059999465942383,27.440000534057617,0.1977499617209459,0.0828500329384779,-0.0220954719773706,-0.013300488548972,0.0001769029956413,0.0003124458611224,0,stressed
2007-11-16,1458.739990234375,25.489999771118164,26.440000534057617,0.1959513101408698,0.0589486875703118,0.0372695477234121,0.0052166803519847,2.7213753894784035e-05,0.0002578333683855,0,stressed
2007-11-19,1433.27001953125,26.01000022888184,25.65999984741211,0.2009879890019928,0.0591120132868255,-0.0134563774851906,-0.0176144820806181,0.0003102699789684,0.0002684603618676,0,stressed
2007-11-20,1439.699951171875,24.8799991607666,26.09000015258789,0.199587952822472,0.049212038785194,0.0486334820191371,0.0044761639989671,2.0036044145649707e-05,0.0002456406183491,0,stressed
2007-11-21,1416.77001953125,26.84000015258789,27.420000076293945,0.2032142602627383,0.0651857412631405,0.021609535037582,-0.0160550780643188,0.0002577655316513,0.0002858673048376,0,stressed
2007-11-23,1440.699951171875,25.61000061035156,25.96999931335449,0.2111997714695827,0.0449002346339328,0.0140569580016885,0.0167494261229775,0.000280543275449,0.0002602667187548,0,stressed
2007-11-26,1407.219970703125,28.90999984741211,28.440000534057617,0.2184931651239112,0.0706068333502098,-0.0162573267324511,-0.0235129665512975,0.0005528595960424,0.0003316619409434,0,stressed
2007-11-27,1428.22998046875,26.280000686645508,26.59000015258789,0.2242291672721252,0.0385708395943298,0.011796021987926,0.0148197955564901,0.0002196263403361,0.0002740628714643,0,stressed
2007-11-28,1469.02001953125,24.11000061035156,24.25,0.2409814459267684,0.0001185601767471,0.0058066937413652,0.0281596233998319,0.0007929643900203,0.0002306714799329,0,stressed
2007-11-29,1469.719970703125,23.96999931335449,24.5,0.2408573529866672,-0.0011573598531223,0.0221110013278235,0.0004763614252619,2.2692020747762698e-07,0.0002280003440802,0,stressed
2007-11-30,1481.1400146484375,22.8700008392334,23.93000030517578,0.2423650734831468,-0.0136650650908128,0.0463489036748943,0.0077401849067429,5.991046239057136e-05,0.0002075543406295,0,stressed
2007-12-03,1472.4200439453125,23.61000061035156,24.299999237060547,0.2313638371841424,0.0047361689193731,0.0292248457802438,-0.0059047358888436,3.486590591699802e-05,0.0002212032257225,0,stressed
2007-12-04,1462.7900390625,23.790000915527344,24.64999961853028,0.2315893092657538,0.0063106998895196,0.0361495867972676,-0.0065617377722414,4.305640259166075e-05,0.0002245889458574,0,stressed
2007-12-05,1485.010009765625,22.530000686645508,23.32999992370605,0.2345993209785464,-0.0092993141120913,0.0355081763284071,0.0150759150455685,0.0002272832144612,0.0002014289408493,0,stressed
2007-12-06,1507.3399658203125,20.959999084472656,22.100000381469727,0.2388824352697255,-0.0292824444249989,0.0543893772324442,0.0149249725092903,0.000222754804403,0.0001743339530242,0,stressed
2007-12-07,1504.6600341796875,20.850000381469727,22.18000030517578,0.2389167846044993,-0.030416780789802,0.0637889639986808,-0.0017795035510103,3.166632888058551e-06,0.0001725089348838,0,stressed
2007-12-10,1515.9599609375,20.739999771118164,21.93000030517578,0.2364399878144217,-0.02903999010324,0.0573770755636541,0.0074818941071707,5.59787394309168e-05,0.000170693488296,0,stressed
2007-12-11,1477.6500244140625,23.59000015258789,24.1200008392334,0.2470098986635002,-0.0111098971376213,0.0224671760583844,-0.0255958713704251,0.0006551486312113,0.0002208286139678,0,stressed
2007-12-12,1486.5899658203125,22.46999931335449,23.290000915527344,0.2474339977780152,-0.0227340046444703,0.0364931743315856,0.0060318790254932,3.638356457818524e-05,0.0002003574877548,0,stressed
2007-12-13,1488.4100341796875,22.559999465942383,23.520000457763672,0.2445120326059507,-0.0189120379465269,0.0425532364604241,0.001223575520302,1.4971370538825074e-06,0.0002019657047235,0,stressed
2007-12-14,1467.949951171875,23.270000457763672,24.209999084472656,0.235524871707937,-0.0028248671303002,0.040395299020949,-0.013841622651711,0.0001915905176323,0.0002148781433747,0,stressed
2007-12-17,1445.9000244140625,24.520000457763672,25.530000686645508,0.239023206529588,0.0061767980480487,0.0411908731658299,-0.0151348544669958,0.0002290638197371,0.0002385835009717,0,stressed
2007-12-18,1454.97998046875,22.63999938964844,24.670000076293945,0.2397964931419927,-0.0133964992455083,0.0896643437001888,0.0062601594638196,3.918959651245045e-05,0.0002034006239536,0,stressed
2007-12-19,1453.0,21.68000030517578,23.809999465942383,0.23658766989656,-0.0197876668448022,0.0982471923793329,-0.0013617568126454,1.8543816167862511e-06,0.0001865168306477,0,stressed
2007-12-20,1460.1199951171875,20.57999992370605,22.8700008392334,0.2214058528510329,-0.0156058536139724,0.1112731255596119,0.0048882361912445,2.389485306139319e-05,0.0001680699987538,0,stressed
2007-12-21,1484.4599609375,18.46999931335449,21.5,0.2267434831925345,-0.0420434900589896,0.1640498537785385,0.0165324226656183,0.0002733209991946,0.0001353733629505,0,stressed
2007-12-24,1496.449951171875,18.600000381469727,21.13999938964844,0.2234830096151968,-0.0374830058004995,0.1365590836605139,0.0080445603851145,6.471495178975476e-05,0.0001372857199169,0,stressed
2007-12-26,1497.6600341796875,18.65999984741211,20.93000030517578,0.2210395230776212,-0.0344395246035001,0.121650615022834,0.000808309033147,6.533634930671603e-07,0.0001381728548831,0,stressed
2007-12-27,1476.27001953125,20.26000022888184,22.049999237060547,0.2096822951250318,-0.0070822928362134,0.0883513814391254,-0.0143852633546597,0.0002069358017829,0.0001628839719342,0,stressed
2007-12-28,1478.489990234375,20.739999771118164,22.559999465942383,0.2086710632267497,-0.001271065515568,0.0877531202945667,0.0015026405620078,2.2579286585913057e-06,0.000170693488296,0,stressed
2007-12-31,1468.3599853515625,22.5,23.309999465942383,0.2058766682850174,0.0191233317149825,0.0359999762641059,-0.0068751683110741,4.72679393055986e-05,0.0002008928571428,0,stressed
2008-01-02,1447.1600341796875,23.170000076293945,23.600000381469727,0.2097819341383048,0.0219180666246346,0.0185584939041812,-0.014543083003997,0.0002115012632611,0.0002130352791807,0,stressed
2008-01-03,1447.1600341796875,22.489999771118164,22.809999465942383,0.2032333077655786,0.0216666899456029,0.0142285325958591,0.0,0.0,0.0002007143213114,0,stressed
2008-01-04,1411.6300048828125,23.940000534057617,23.690000534057617,0.2154386679582755,0.0239613373823006,-0.0104427733677091,-0.0248579702239552,0.000617918683655,0.000227430010147,0,stressed
2008-01-07,1416.1800537109375,23.790000915527344,23.21999931335449,0.2106564981591083,0.027243510996165,-0.023959713334892,0.0032180752317446,1.0356008197168291e-05,0.0002245889458574,0,stressed
2008-01-08,1390.18994140625,25.43000030517578,25.489999771118164,0.2110706359559763,0.0432293670957814,0.0023593969808239,-0.0185227574625863,0.0003430925440177,0.0002566209982227,0,stressed
2008-01-09,1409.1300048828125,24.1200008392334,24.5,0.2042211598568333,0.0369788485355006,0.0157545251884277,0.0135321098418891,0.0001831179967729,0.0002308628732081,0,stressed
2008-01-10,1420.3299560546875,23.450000762939453,23.950000762939453,0.2008333754401466,0.0336666321892478,0.0213219609267648,0.0079167118971259,6.26743272620958e-05,0.0002182152919769,0,stressed
2008-01-11,1401.02001953125,23.68000030517578,24.5,0.1855531782929334,0.0512468247588243,0.0346283650446148,-0.0136886513285662,0.000187379175195,0.0002225168311321,0,stressed
2008-01-14,1416.25,22.89999961853028,23.670000076293945,0.1889355897119475,0.0400644064733551,0.0336244746982701,0.0108119766488798,0.0001168988390559,0.0002080991994161,0,stressed
2008-01-15,1380.949951171875,23.34000015258789,24.38999938964844,0.1992212895386728,0.034178711987206,0.0449871135473891,-0.0252409005948043,0.0006371030628367,0.0002161728599693,0,stressed
2008-01-16,1373.199951171875,24.3799991607666,24.36000061035156,0.199179790238168,0.0446202013694979,-0.0008202851149898,-0.0056278857217874,3.167309769749944e-05,0.0002358668091583,0,stressed
2008-01-17,1333.25,28.459999084472656,26.440000534057617,0.2139912777053201,0.0706087131394063,-0.0709767609064021,-0.0295241765449126,0.0008716770006551,0.000321417280908,0,stressed
2008-01-18,1325.18994140625,27.18000030517578,25.989999771118164,0.2070549691593905,0.0647450338923673,-0.0437822119461496,-0.0060637693295888,3.6769298482461817e-05,0.0002931557208687,0,stressed
2008-01-22,1310.5,31.01000022888184,27.38999938964844,0.2002477202314415,0.1098522820573768,-0.11673656280279,-0.0111470573876617,0.0001242568884038,0.0003815952834108,0,stressed
2008-01-23,1338.5999755859375,29.020000457763672,26.25,0.2137611300215398,0.0764388745560969,-0.0954514270871632,0.0212155296645757,0.0004500986989484,0.0003341906454637,0,stressed
2008-01-24,1352.0699462890625,27.780000686645508,26.0,0.2150536979650485,0.0627463089014065,-0.0640748971435841,0.010012438257546,0.0001002489198611,0.0003062414437103,0,stressed
2008-01-25,1330.6099853515625,29.07999992370605,26.86000061035156,0.2082998026341417,0.0825001966029187,-0.0763411045109648,-0.0159992390082664,0.0002559756488436,0.0003355739664931,0,stressed
2008-01-28,1353.9599609375,27.780000686645508,25.96999931335449,0.2153021012290842,0.0624979056373708,-0.0651548354410635,0.0173961304104812,0.0003026253532584,0.0003062414437103,0,stressed
2008-01-29,1362.300048828125,27.31999969482422,25.64999961853028,0.2166307490510192,0.0565692478972229,-0.0611273826847927,0.0061408805266339,3.771041364239178e-05,0.0002961834854465,0,stressed
2008-01-30,1355.81005859375,27.6200008392334,26.07999992370605,0.2142507259501784,0.0619492824421555,-0.0557567294979883,-0.0047753787088497,2.280424181293512e-05,0.0003027239866504,0,stressed
2008-01-31,1378.550048828125,26.200000762939453,25.209999084472656,0.2179154622447434,0.044084545384651,-0.0377863225052717,0.0166331526297908,0.0002766617664059,0.0002723968412611,0,stressed
2008-02-01,1395.4200439453125,24.020000457763672,24.11000061035156,0.220420533629315,0.0197794709483216,0.0037468838831265,0.0121632191673806,0.0001479439005137,0.0002289525484091,0,stressed
2008-02-04,1380.8199462890625,25.989999771118164,25.36000061035156,0.2220009731761116,0.03789902453507,-0.0242400602660528,-0.0105179900194495,0.0001106281140492,0.000268047654009,0,stressed
2008-02-05,1336.6400146484375,28.239999771118164,26.989999771118164,0.2382356439770926,0.044164353734089,-0.0442634564494016,-0.0325184734153441,0.0010574511132644,0.0003164672964574,0,stressed
2008-02-06,1326.449951171875,28.96999931335449,27.61000061035156,0.2312631876462348,0.05843680548731,-0.0469450719792044,-0.0076528493892379,5.8566103774359306e-05,0.0003330400238951,0,stressed
2008-02-07,1336.9100341796875,27.65999984741211,26.739999771118164,0.2311797369420379,0.0454202615320831,-0.0332610296951979,0.0078548426395879,6.169855289268903e-05,0.0003036014252217,0,stressed
2008-02-08,1331.2900390625,28.01000022888184,27.059999465942383,0.2307756282285019,0.0493243740603163,-0.033916485368675,-0.0042125802217774,1.774583212491037e-05,0.0003113333781039,0,stressed
2008-02-11,1339.1300048828125,27.600000381469727,26.670000076293945,0.2302646224606837,0.0457353813540135,-0.0336956627652864,0.0058717267068636,3.447717452009589e-05,0.0003022857226417,0,stressed
2008-02-12,1348.8599853515625,26.32999992370605,26.11000061035156,0.2318881673120776,0.0314118319249828,-0.0083554619822242,0.0072396273807119,5.241220461155456e-05,0.0002751067047549,0,stressed
2008-02-13,1367.2099609375,24.8799991607666,25.290000915527344,0.2364557951597769,0.0123441964478891,0.0164791707632882,0.0135123580384071,0.0001825838197581,0.0002456406183491,0,stressed
2008-02-14,1348.8599853515625,25.540000915527344,25.46999931335449,0.2360134971084795,0.0193865120467938,-0.0027408613807173,-0.0135123580384071,0.0001825838197581,0.0002588458915734,0,stressed
2008-02-15,1349.989990234375,25.020000457763672,25.440000534057617,0.2360982541500609,0.0141017504275757,0.0167865734855979,0.0008373973796748,7.012343714862326e-07,0.0002484128662327,0,stressed
2008-02-19,1348.780029296875,25.59000015258789,25.46999931335449,0.2262263932885901,0.0296736082372887,-0.0046893645376264,-0.0008966759003646,8.040276702947196e-07,0.0002598603602418,0,stressed
2008-02-20,1360.030029296875,24.39999961853028,24.670000076293945,0.2276283756765409,0.0163716205087618,0.0110655927042974,0.0083062779882611,6.899425401827203e-05,0.0002362539608667,0,stressed
2008-02-21,1342.530029296875,25.1200008392334,25.09000015258789,0.2245270309834155,0.0266729774089184,-0.0011942948106375,-0.012950864527483,0.0001677248920092,0.0002504025564139,0,stressed
2008-02-22,1353.1099853515625,24.059999465942383,24.39999961853028,0.2218837706391109,0.0187162240203129,0.0141313449765106,0.0078497205291126,6.161811238517256e-05,0.0002297157040877,0,stressed
2008-02-25,1371.800048828125,23.030000686645508,23.93000030517578,0.2246100256118845,0.0056899812545705,0.0390794438426638,0.0137181458061125,0.0001881875243577,0.0002104686236614,0,stressed
2008-02-26,1381.2900390625,21.89999961853028,23.11000061035156,0.2225449013286238,-0.003544905143321,0.0552511878035587,0.0068940917430715,4.7528500961887e-05,0.0001903214219411,0,stressed
2008-02-27,1380.02001953125,22.690000534057617,23.690000534057617,0.2199579900743861,0.00694201526619,0.0440722774994651,-0.0009198674497638,8.461561251350341e-07,0.0002043000492998,0,stressed
2008-02-28,1367.6800537109375,23.530000686645508,24.290000915527344,0.2090786733356255,0.0262213335308295,0.032299201304876,-0.0089820929904342,8.06779944888082e-05,0.000219706719172,0,stressed
2008-02-29,1330.6300048828125,26.540000915527344,26.38999938964844,0.2230078185709223,0.042392190584351,-0.0056519035683658,-0.02746339501937,0.0007542380659899,0.0002795125589667,0,stressed
2008-03-03,1331.3399658203125,26.280000686645508,26.07999992370605,0.2060267992248442,0.0567732076416108,-0.0076103789084407,0.0005334101903081,2.8452643112452405e-07,0.0002740628714643,0,stressed
2008-03-04,1326.75,25.520000457763672,25.76000022888184,0.2055027191195584,0.0496972854580783,0.0094043795773191,-0.0034535854252285,1.192725228935104e-05,0.0002584406441921,0,stressed
2008-03-05,1333.699951171875,24.600000381469727,24.90999984741211,0.2032240732697957,0.0427759305449015,0.0126016041111891,0.005224655309318,2.7297023101185227e-05,0.0002401428645905,0,stressed
2008-03-06,1304.3399658203125,27.549999237060547,27.0,0.2039339176433561,0.0715660747272493,-0.0199636752192966,-0.0222598585247644,0.0004955013015425,0.0003011914515722,0,stressed
2008-03-07,1293.3699951171875,27.489999771118164,27.11000061035156,0.2023903374489071,0.0725096602622744,-0.013823178025845,-0.0084459282050164,7.133370324429186e-05,0.0002998809870698,0,stressed
2008-03-10,1273.3699951171875,29.3799991607666,28.32999992370605,0.2021350652821792,0.0916649263254867,-0.0357385727383782,-0.0155842857926626,0.0002428699636673,0.0003425334724947,0,stressed
2008-03-11,1320.6500244140625,26.36000061035156,26.09000015258789,0.2239615728767377,0.0396384332267778,-0.0102428092379345,0.0364571326133297,0.0013291225183859,0.0002757339810229,0,stressed
2008-03-12,1308.77001953125,27.21999931335449,27.3700008392334,0.2241760709780775,0.0480239221554673,0.0055107101272158,-0.0090362783594618,8.16543265896779e-05,0.0002940191915154,0,stressed
2008-03-13,1315.47998046875,27.290000915527344,27.18000030517578,0.2246893874184448,0.0482106217368286,-0.0040308027358465,0.0051138234240504,2.6151190012366583e-05,0.000295533392845,0,stressed
2008-03-14,1288.1400146484375,31.15999984741211,29.36000061035156,0.2254895447014266,0.0861104537726945,-0.0577663429356545,-0.0210022743914945,0.0004410955296156,0.0003852958692423,0,stressed
2008-03-17,1276.5999755859375,32.2400016784668,29.57999992370605,0.2220413211764888,0.1003586956081791,-0.0825062536065985,-0.0089990540836312,8.098297440012004e-05,0.0004124673445347,0,stressed
2008-03-18,1330.739990234375,25.790000915527344,26.01000022888184,0.2554031614687748,0.0024968476864986,0.0085304112270132,0.0415348964290097,0.0017251476213685,0.0002639381536598,0,stressed
2008-03-19,1298.4200439453125,29.84000015258789,28.780000686645508,0.2478840122581029,0.050515989267776,-0.0355227701247331,-0.0245869966260836,0.000604520403091,0.0003533434956771,0,stressed
2008-03-20,1329.510009765625,26.6200008392334,27.290000915527344,0.2569925664756372,0.0092074419166967,0.0251690479027513,0.0236622861241418,0.0005599037846207,0.0002812001764606,0,stressed
2008-03-24,1349.8800048828125,25.729999542236328,25.959999084472656,0.25979342078757,-0.0024934253652067,0.0089389641013704,0.0152052425852151,0.0002311994020752,0.0002627114589061,0,stressed
2008-03-25,1352.989990234375,25.71999931335449,26.18000030517578,0.259491256429849,-0.002291263296304,0.0178849535031849,0.002301247732709,5.29574112729852e-06,0.000262507287571,0,stressed
2008-03-26,1341.1300048828125,26.07999992370605,26.61000061035156,0.2603551325646203,0.0004448666724401,0.0203221122774525,-0.0088044051386296,7.751754984512826e-05,0.0002699073000081,0,stressed
2008-03-27,1325.760009765625,25.8799991607666,26.280000686645508,0.2615303191870567,-0.0027303275793906,0.015456010001936,-0.011526658548939,0.0001328638573038,0.0002657834748259,0,stressed
2008-03-28,1315.219970703125,25.709999084472656,26.239999771118164,0.258874940674394,-0.0017749498296674,0.020614574310335,-0.0079819575314157,6.371164603332494e-05,0.0002623031956045,0,stressed
2008-03-31,1322.699951171875,25.61000061035156,25.63999938964844,0.2569695759627249,-0.0008695698592093,0.0011713697220591,0.005671135392827,3.216177664377608e-05,0.0002602667187548,0,stressed
2008-04-01,1370.1800537109375,22.68000030517578,23.61000061035156,0.2772768486989137,-0.0504768456471559,0.0410053039092571,0.0352670921363933,0.0012437677877568,0.0002041200054931,0,stressed
2008-04-02,1367.530029296875,23.43000030517578,24.299999237060547,0.2773385233501658,-0.043038520298408,0.0371318361311578,-0.001935942931411,3.747875033680356e-06,0.0002178432199605,0,stressed
2008-04-03,1369.31005859375,23.209999084472656,24.1200008392334,0.2763578056278336,-0.044257814783107,0.0392073154095696,0.0013007917822774,1.6920592608404952e-06,0.0002137714513893,0,stressed
2008-04-04,1370.4000244140625,22.450000762939453,23.520000457763672,0.2735192454241499,-0.0490192377947554,0.0476614547198848,0.0007956797214259,6.331062190884297e-07,0.0002000010056571,0,stressed
2008-04-07,1372.5400390625,22.420000076293945,23.200000762939453,0.2726937827140727,-0.0484937819511333,0.0347903962529532,0.0015603804918229,2.4347872792617587e-06,0.0001994668267543,0,stressed
2008-04-08,1365.5400390625,22.36000061035156,23.06999969482422,0.2701973601524437,-0.0465973540489281,0.031753088778717,-0.0051130829272386,2.614361702081922e-05,0.0001984006457519,0,stressed
2008-04-09,1354.489990234375,22.809999465942383,23.549999237060547,0.2703000652023784,-0.0422000705429546,0.0324419021676461,-0.0081249908997769,6.601547712145829e-05,0.000206466696681,0,stressed
2008-04-10,1360.550048828125,21.979999542236328,23.059999465942383,0.270703995027287,-0.0509039996049237,0.0491355753502518,0.0044640731409255,1.992794900753333e-05,0.000191714436459,0,stressed
2008-04-11,1332.8299560546875,23.459999084472656,24.190000534057617,0.2759114373258945,-0.0413114464811679,0.0311168575478812,-0.0205845974395006,0.0004237256517462,0.0002184014115251,0,stressed
2008-04-14,1328.3199462890625,23.81999969482422,24.40999984741211,0.2643198620141807,-0.0261198650659384,0.0247691083185064,-0.0033895227619906,1.1488864554052997e-05,0.0002251557085164,0,stressed
2008-04-15,1334.4300537109375,22.780000686645508,23.700000762939453,0.2646598868955089,-0.0368598800290538,0.0403863059070618,0.0045893291868171,2.106194238497197e-05,0.000205923980668,0,stressed
2008-04-16,1364.7099609375,20.530000686645508,21.81999969482422,0.2721893772481457,-0.0668893703816906,0.0628348253791261,0.0224376485954643,0.0005034480744935,0.0001672543365847,0,stressed
2008-04-17,1365.56005859375,20.3700008392334,21.75,0.2718865500108602,-0.0681865416185262,0.0677466423127813,0.0006227205936699,3.8778093778069873e-07,0.0001646575135676,0,stressed
2008-04-18,1390.3299560546875,20.1299991607666,21.3700008392334,0.267217943651883,-0.0659179520442169,0.061599688532703,0.0179764536061541,0.0003231528842542,0.0001608003437351,0,stressed
2008-04-21,1388.1700439453125,20.5,21.459999084472656,0.2655897952290706,-0.0605897952290706,0.0468292236328125,-0.0015547328014771,2.417194083989011e-06,0.0001667658730158,0,stressed
2008-04-22,1375.93994140625,20.8700008392334,21.799999237060547,0.2623334581854079,-0.0536334497930738,0.0445614930728152,-0.0088492733031711,7.830963799421848e-05,0.0001728400535831,0,stressed
2008-04-23,1379.9300537109375,20.26000022888184,21.57999992370605,0.2419132997460508,-0.0393132974572325,0.0651529950598161,0.0028957208430831,8.385199201066419e-06,0.0001628839719342,0,stressed
2008-04-24,1388.8199462890625,20.059999465942383,21.18000030517578,0.2402257725836618,-0.0396257779242379,0.0558325458151144,0.0064216149002844,4.123713792755556e-05,0.0001596839597514,0,stressed
2008-04-25,1397.8399658203125,19.59000015258789,20.57999992370605,0.240412247253137,-0.044512245727258,0.0505359756716172,0.0064737365287359,4.190926464349045e-05,0.0001522889309438,0,stressed
2008-04-28,1396.3699951171875,19.63999938964844,20.40999984741211,0.2305592758977804,-0.034159282001296,0.0392057271737752,-0.0010521548912095,1.1070299150962316e-06,0.0001530672920735,0,stressed
2008-04-29,1390.93994140625,20.239999771118164,20.81999969482422,0.2287788294046015,-0.0263788316934199,0.0286561230368043,-0.0038962732556066,1.5180945282355406e-05,0.0001625625360058,0,stressed
2008-04-30,1385.5899658203125,20.790000915527344,21.25,0.1978298084840563,0.010070200671217,0.0221259771147532,-0.0038537184080868,1.4851145568827734e-05,0.0001715175151062,0,stressed
2008-05-01,1409.3399658203125,18.8799991607666,19.780000686645508,0.1868681528568724,0.0019318387507936,0.0476695744642375,0.0169954684034422,0.0002888459462524,0.0001414501461549,0,stressed
2008-05-02,1413.9000244140625,18.18000030517578,19.530000686645508,0.1760521658874233,0.0057478371643344,0.0742574454789962,0.0032303754374388,1.0435325466808133e-05,0.0001311557186889,0,stressed
2008-05-05,1407.489990234375,18.89999961853028,20.020000457763672,0.1724988430078929,0.0165011531774098,0.0592593048592077,-0.0045438916104296,2.064695096733252e-05,0.0001417499942779,0,stressed
2008-05-06,1418.260009765625,18.209999084472656,19.75,0.1734293013959701,0.0086706894487564,0.084568972704698,0.0076228057559777,5.810716759336683e-05,0.0001315889153398,0,stressed
2008-05-07,1392.5699462890625,19.729999542236328,20.959999084472656,0.1803896012311944,0.0169103941911688,0.0623415900037528,-0.0182798527423704,0.0003341530162827,0.0001544733658478,0,stressed
2008-05-08,1397.6800537109375,19.39999961853028,20.8799991607666,0.1763644662257273,0.0176355299595754,0.0762886376978417,0.0036628353266756,1.3416362630342844e-05,0.0001493492004757,0,stressed
2008-05-09,1388.280029296875,19.40999984741211,20.8700008392334,0.1758075664131798,0.0182924320609412,0.0752190109891189,-0.0067481656630263,4.553773981564755e-05,0.0001495032119351,0,stressed
2008-05-12,1403.5799560546875,17.790000915527344,20.239999771118164,0.1774795095973529,0.0004204995579205,0.1377177475832746,0.010960492292485,0.0001201323912936,0.0001255889414978,0,stressed
2008-05-13,1403.0400390625,17.979999542236328,20.14999961853028,0.1467991390151109,0.0330008564072523,0.1206896624883922,-0.0003847453519088,1.4802898581543013e-07,0.0001282858664836,0,stressed
2008-05-14,1408.6600341796875,17.65999984741211,20.0,0.1468489895626145,0.0297510089115065,0.1325028410422548,0.0039975832806234,1.5980672085520303e-05,0.0001237601565915,0,stressed
2008-05-15,1423.5699462890625,16.299999237060547,19.280000686645508,0.14943275174751,0.0135672406230954,0.1828221833783569,0.0105288411960375,0.0001108564969313,0.0001054325298127,0,stressed
2008-05-16,1425.3499755859375,16.469999313354492,19.56999969482422,0.149425353156388,0.0152746399771568,0.1882210389016914,0.0012496171021445,1.5615429019720792e-06,0.0001076432053102,0,stressed
2008-05-19,1426.6300048828125,17.010000228881836,19.84000015258789,0.1494280676576345,0.0206719346311838,0.1663727152043716,0.0008976426143178,8.057622630392954e-07,0.0001148175030899,0,stressed
2008-05-20,1413.4000244140625,17.579999923706055,20.809999465942383,0.151475653542396,0.0243243456946645,0.1837314878415203,-0.0093168565354589,8.68038157023237e-05,0.0001226414275069,0,stressed
2008-05-21,1390.7099609375,18.59000015258789,22.11000061035156,0.15744581252816,0.0284541889977189,0.1893491354960346,-0.0161837865360712,0.0002619149466451,0.0001371381371719,0,stressed
2008-05-22,1394.3499755859375,18.049999237060547,21.520000457763672,0.1571708746110145,0.0233291177595909,0.192243843067786,0.0026139593430798,6.8327834472746655e-06,0.0001292866954197,0,stressed
2008-05-23,1375.9300537109375,19.549999237060547,22.51000022888184,0.14979468921201,0.0457053031585953,0.1514067062575673,-0.013298434194715,0.0001768483520311,0.0001516676468924,0,stressed
2008-05-27,1385.3499755859375,19.63999938964844,22.15999984741211,0.1500821136496388,0.0463178802468455,0.1283095995966208,0.0068228925121217,4.655186223196743e-05,0.0001530672920735,0,stressed
2008-05-28,1390.8399658203125,19.06999969482422,21.65999984741211,0.1499762564753606,0.0407237404728816,0.1358154270600665,0.0039550589164796,1.564249103282532e-05,0.0001443114636351,0,stressed
2008-05-29,1398.260009765625,18.13999938964844,20.799999237060547,0.1367105977774563,0.0446893961190281,0.1466372622333179,0.005320756886204,2.831045384208805e-05,0.000130579197562,0,stressed
2008-05-30,1400.3800048828125,17.829999923706055,20.530000686645508,0.1367244609655879,0.0415755382714726,0.1514302173018879,0.001515018374346,2.295280674606031e-06,0.0001261543243172,0,stressed
2008-06-02,1385.6700439453125,19.82999992370605,21.71999931335449,0.1305176023399677,0.0677823968970928,0.0953101057448321,-0.0105598229547777,0.0001115098608362,0.0001560432130849,0,stressed
2008-06-03,1377.6500244140625,20.239999771118164,22.11000061035156,0.1315033485468058,0.0708966491643758,0.0923913468567241,-0.005804642134554,3.369387031024025e-05,0.0001625625360058,0,stressed
2008-06-04,1377.199951171875,20.799999237060547,22.59000015258789,0.1289577224969188,0.0790422698736866,0.086057739480009,-0.0003267497324213,1.0676538763739874e-07,0.0001716825270879,0,stressed
2008-06-05,1404.050048828125,18.6299991607666,21.07999992370605,0.1403929215529814,0.0459070700546846,0.1315083667904274,0.0193085352541535,0.0003728195336608,0.0001377289161627,0,stressed
2008-06-06,1360.6800537109375,23.559999465942383,24.200000762939453,0.1669496463043773,0.0686503483550465,0.0271647415748984,-0.0313763380185377,0.0009844745874535,0.0002202672916012,0,stressed
2008-06-09,1361.760009765625,23.1200008392334,23.850000381469727,0.165640487020467,0.0655595213718669,0.0315743735180821,0.0007933736546294,6.294417558600309e-07,0.000212116840796,0,stressed
2008-06-10,1358.43994140625,23.18000030517578,23.84000015258789,0.1657025384236342,0.0660974646281236,0.0284728144401594,-0.0024410485020095,5.958717789163257e-06,0.0002132192119634,0,stressed
2008-06-11,1335.489990234375,24.1200008392334,24.31999969482422,0.1720129819663042,0.0691870264260297,0.0082918262285258,-0.0170386810206492,0.0002903166509234,0.0002308628732081,0,stressed
2008-06-12,1339.8699951171875,23.32999992370605,23.700000762939453,0.1723538502412768,0.0609461489957836,0.015859444511075,0.0032743322917701,1.072125195692902e-05,0.0002159876573175,0,stressed
2008-06-13,1360.030029296875,21.21999931335449,22.600000381469727,0.1705656305771883,0.0416343625563565,0.0650330401870821,0.0149341891825909,0.0002230300065414,0.0001786858614518,0,stressed
2008-06-16,1360.1400146484375,20.950000762939453,22.43000030517578,0.1701004350580131,0.0393995725713814,0.0706443669851529,8.086652661084205e-05,6.539395126102024e-09,0.0001741676714155,0,stressed
2008-06-17,1350.9300537109375,21.1299991607666,22.479999542236328,0.1705985993477252,0.0407013922599407,0.0638902240931631,-0.0067943624734685,4.616336142087812e-05,0.000177173358942,0,stressed
2008-06-18,1337.81005859375,22.239999771118164,23.549999237060547,0.1700766535545405,0.052323344156641,0.0589028542906554,-0.0097592914913047,9.524377041225248e-05,0.0001962768213568,0,stressed
2008-06-19,1342.8299560546875,21.57999992370605,22.84000015258789,0.1635508481215913,0.0522491511154691,0.0583874065494182,0.0037453020931321,1.4027287768819914e-05,0.0001848001574234,0,stressed
2008-06-20,1317.9300537109375,22.8700008392334,23.56999969482422,0.1704695268494933,0.0582304815428406,0.0306077319590638,-0.0187169298745104,0.0003503234639273,0.0002075543406295,0,stressed
2008-06-23,1318.0,22.63999938964844,23.299999237060547,0.1699478165468223,0.0564521773496621,0.0291519375090563,5.3071430313939166e-05,2.816576715567301e-09,0.0002034006239536,0,stressed
2008-06-24,1314.2900390625,22.420000076293945,23.209999084472656,0.165643316477146,0.0585566842857934,0.0352363517167881,-0.0028188104950155,7.945692606809976e-06,0.0001994668267543,0,stressed
2008-06-25,1321.969970703125,21.13999938964844,22.31999969482422,0.1672026952029429,0.0441972986935414,0.0558183698791204,0.0058264005356176,3.3946943201445424e-05,0.0001773411008707,0,stressed
2008-06-26,1283.1500244140625,23.93000030517578,24.309999465942383,0.1845014087129305,0.0547985943388272,0.0158796137033233,-0.0298050148105824,0.000888338907859,0.0002272400454784,0,stressed
2008-06-27,1278.3800048828125,23.440000534057617,23.93000030517578,0.1799127573006146,0.0544872480399615,0.0209044266191977,-0.0037243561390026,1.3870828650126745e-05,0.0002180292162843,0,stressed
2008-06-30,1280.0,23.950000762939453,23.770000457763672,0.1799166887669413,0.0595833188624531,-0.00751567012283,0.0012664227601932,1.6038266075354276e-06,0.0002276200541844,0,stressed
2008-07-01,1284.9100341796875,23.64999961853028,23.670000076293945,0.1807499039617072,0.0557500922235955,0.0008456853313434,0.0038286256531538,1.4658374391987724e-05,0.0002219533658557,0,stressed
2008-07-02,1261.52001953125,25.920000076293945,25.020000457763672,0.1851391272993185,0.0740608734636208,-0.0347222074028232,-0.0183713449871704,0.0003375063166376,0.0002666057158551,0,stressed
2008-07-03,1262.9000244140625,24.780000686645508,24.420000076293945,0.1818303632220608,0.0659696436443942,-0.0145278692645708,0.0010933244042243,1.195358252872542e-06,0.000243670013504,0,stressed
2008-07-07,1252.31005859375,25.780000686645508,24.75,0.1815696901582642,0.0762303167081908,-0.0399534778592564,-0.0084207903501973,7.090971012197761e-05,0.0002637335061124,0,stressed
2008-07-08,1273.699951171875,23.14999961853028,23.059999465942383,0.1885213421794599,0.0429786540058427,-0.003887695640213,0.0169361196263839,0.0002868321479991,0.0002126676517214,0,stressed
2008-07-09,1244.68994140625,25.229999542236328,24.36000061035156,0.1953318372246824,0.0569681581976808,-0.034482716911205,-0.0230395564248072,0.0005308211602518,0.0002526003479766,0,stressed
2008-07-10,1253.3900146484375,25.59000015258789,24.38999938964844,0.1965306338028474,0.0593693677230314,-0.0468933472365804,0.0069654363115264,4.8517303009930965e-05,0.0002598603602418,0,stressed
2008-07-11,1239.489990234375,27.489999771118164,25.520000457763672,0.1959269979480969,0.0789729997630847,-0.0716623983178142,-0.011151895352082,0.0001243647699437,0.0002998809870698,0,stressed
2008-07-14,1228.300048828125,28.479999542236328,25.8799991607666,0.1957311093192643,0.0890688861030989,-0.0912921496931164,-0.009068857497041,8.224417630163839e-05,0.0003218691960022,0,stressed
2008-07-15,1214.9100341796875,28.540000915527344,25.96999931335449,0.1958447993882164,0.0895552097670569,-0.0900491072084945,-0.0109611112071844,0.0001201459588962,0.0003232268461342,0,stressed
2008-07-16,1245.3599853515625,25.100000381469727,24.559999465942383,0.2131784742836044,0.0378215295310928,-0.0215139803713311,0.024754604874713,0.0006127904625031,0.000250003975853,0,stressed
2008-07-17,1260.3199462890625,25.01000022888184,24.3700008392334,0.2176167274737637,0.0324832748150546,-0.0255897394558742,0.0119409813729267,0.0001425870361485,0.0002482143299399,0,stressed
2008-07-18,1260.6800537109375,24.049999237060547,23.799999237060547,0.2074510027878305,0.0330489895827749,-0.0103950107247718,0.0002856861755844,8.161659092006336e-08,0.0002295247870248,0,stressed
2008-07-21,1260.0,23.049999237060547,23.18000030517578,0.1900852441028334,0.040414748267772,0.0056399597578387,-0.0005395795681692,2.911461103857482e-07,0.0002108343114398,0,stressed
2008-07-22,1277.0,21.18000030517578,22.059999465942383,0.1954562007738574,0.0163438022779004,0.0415485905612359,0.0134018560870155,0.000179609746577,0.0001780128622727,0,stressed
2008-07-23,1282.18994140625,21.309999465942383,22.200000762939453,0.1962751812093213,0.0168248134501024,0.041764491755125,0.0040559306967179,1.6450573816579308e-05,0.0001802047925549,0,stressed
2008-07-24,1252.5400390625,23.440000534057617,23.76000022888184,0.2013286254279777,0.0330713799125984,0.0136518638026169,-0.0233959869658119,0.0005473722061044,0.0002180292162843,0,stressed
2008-07-25,1257.760009765625,22.90999984741211,23.290000915527344,0.2015514310101575,0.0275485674639635,0.0165866901198674,0.0041588480463002,1.7296017072215022e-05,0.000208280989289,0,stressed
2008-07-28,1234.3699951171875,24.229999542236328,23.989999771118164,0.2004570590997683,0.0418429363225948,-0.0099050670925441,-0.0187716543170863,0.0003523750058001,0.000232973364213,0,stressed
2008-07-29,1263.199951171875,22.030000686645508,22.21999931335449,0.2143678946910286,0.0059321121754264,0.0086245402082151,0.0230874307944618,0.000533029460689,0.0001925876707355,0,stressed
2008-07-30,1284.260009765625,21.209999084472656,21.440000534057617,0.2208387443695333,-0.0087387535248068,0.0108440103495025,0.0165345392799297,0.0002733909891995,0.0001785174845886,0,stressed
2008-07-31,1267.3800048828125,22.940000534057617,22.670000076293945,0.2221666553591298,0.0072333499814463,-0.0117698540312943,-0.013230903287162,0.0001750568017942,0.00020882683512,0,stressed
2008-08-01,1260.31005859375,22.56999969482422,22.75,0.2217886082967604,0.0039113886514817,0.007975201932194,-0.0055940123576434,3.129297425746738e-05,0.0002021447961207,0,stressed
2008-08-04,1249.010009765625,23.489999771118164,23.09000015258789,0.217210347121753,0.0176896505894286,-0.0170285067019067,-0.0090065236049024,8.111746744566428e-05,0.0002189603528758,0,stressed
2008-08-05,1284.8800048828125,21.13999938964844,21.5,0.2340826957109446,-0.0226827018144601,0.0170293576511567,0.0283140872375076,0.0008016875360931,0.0001773411008707,0,stressed
2008-08-06,1289.18994140625,20.229999542236328,21.18000030517578,0.2343139397863514,-0.0320139443639881,0.0469599992306492,0.0033487361579261,1.1214033855401872e-05,0.0001624019370947,0,stressed
2008-08-07,1266.0699462890625,21.14999961853028,21.86000061035156,0.2387901742377549,-0.0272901780524521,0.0335697874528198,-0.0180964967014885,0.0003274831928669,0.0001775089221681,0,stressed
2008-08-08,1296.3199462890625,20.65999984741211,21.64999961853028,0.2337873967545415,-0.0271873982804204,0.0479186727216832,0.0236118675696423,0.0005575202901263,0.0001693792038472,0,stressed
2008-08-11,1305.3199462890625,20.1200008392334,21.440000534057617,0.2342140218649297,-0.0330140134725957,0.0656063439247109,0.0069187406968781,4.7868972830637895e-05,0.0001606406483217,0,stressed
2008-08-12,1289.5899658203125,21.170000076293945,22.200000762939453,0.2371273585808176,-0.0254273578178781,0.0486537875736192,-0.0121238684022478,0.000146988185035,0.0001778448028691,0,stressed
2008-08-13,1285.8299560546875,21.549999237060547,22.540000915527344,0.2370486979322073,-0.0215487055616018,0.0459397546875196,-0.0029199218388871,8.525943545210136e-06,0.0001842866933005,0,stressed
2008-08-14,1292.9300537109375,20.34000015258789,21.65999984741211,0.230971247935852,-0.0275712464099731,0.0648967396716697,0.0055066121473704,3.03227773415676e-05,0.000164172859606,0,stressed
2008-08-15,1298.199951171875,19.57999992370605,21.3799991607666,0.2311626450628518,-0.0353626458257913,0.0919305027617105,0.0040676498031485,1.6545774921054048e-05,0.0001521334908779,0,stressed
2008-08-18,1278.5999755859375,20.979999542236328,22.11000061035156,0.2343633426509777,-0.0245633472286144,0.0538608719147178,-0.0152129417489374,0.0002314335966565,0.0001746668177746,0,stressed
2008-08-19,1266.68994140625,21.280000686645508,22.420000076293945,0.2308916833536056,-0.0180916764871505,0.0535713981608965,-0.0093585575662945,8.758259972164954e-05,0.0001796977893744,0,stressed
2008-08-20,1274.5400390625,20.420000076293945,22.459999084472656,0.2210794964545694,-0.0168794956916299,0.0999020078627224,0.0061782071568333,3.8170243672746405e-05,0.0001654668266332,0,stressed
2008-08-21,1277.719970703125,19.81999969482422,22.07999992370605,0.2203726917150553,-0.0221726947668131,0.1140262494288538,0.00249185684366,6.209350529295619e-06,0.0001558858682154,0,stressed
2008-08-22,1292.199951171875,18.809999465942383,21.479999542236328,0.2195258714510947,-0.0314258767916708,0.1419457816109075,0.0112689376647928,0.0001269889560929,0.0001404032063129,0,stressed
2008-08-25,1266.8399658203125,20.96999931335449,22.809999465942383,0.2260898532592714,-0.0163898601257264,0.0877444069068763,-0.0198205705279157,0.000392855016052,0.0001745003457151,0,stressed
2008-08-26,1271.510009765625,20.489999771118164,22.520000457763672,0.2233072510503854,-0.0184072533392038,0.0990727530171528,0.0036795944289534,1.3539415161584949e-05,0.0001666032105636,0,stressed
2008-08-27,1281.6600341796875,19.76000022888184,21.940000534057617,0.2131947621141177,-0.0155947598252993,0.1103239008059028,0.0079509611276483,6.321778285337552e-05,0.0001549434956529,0,stressed
2008-08-28,1300.6800537109375,19.43000030517578,21.540000915527344,0.2145925962179217,-0.0202925931661639,0.1085949859604221,0.0147311065442301,0.0002170055000174,0.0001498114729599,0,stressed
2008-08-29,1282.8299560546875,20.64999961853028,22.520000457763672,0.218880231237529,-0.0123802350522262,0.0905569430401029,-0.0138187052787808,0.0001909566155818,0.0001692152715259,0,stressed
2008-09-02,1277.5799560546875,21.989999771118164,23.11000061035156,0.2192816084586105,0.000618389252571,0.0509322806225952,-0.0041009116023289,1.6817475970116353e-05,0.0001918889245768,0,stressed
2008-09-03,1274.97998046875,21.43000030517578,22.799999237060547,0.21590419837131,-0.0016041953195521,0.0639290206427987,-0.0020371521529357,4.149988894210963e-06,0.0001822400448729,0,stressed
2008-09-04,1236.8299560546875,24.030000686645508,24.350000381469727,0.2326286702403829,0.0076713366260721,0.0133166743936905,-0.0303788577228469,0.0009228749965449,0.000229143227381,0,stressed
2008-09-05,1242.31005859375,23.059999465942383,23.729999542236328,0.2233511756324533,0.0072488190269704,0.0290546440507718,0.0044209777845679,1.9545044571643004e-05,0.0002110172918131,0,stressed
2008-09-08,1267.7900390625,22.63999938964844,23.14999961853028,0.2309080265066452,-0.0045080326101608,0.0225265124836982,0.0203026610131648,0.0004121980442154,0.0002034006239536,0,stressed
2008-09-09,1224.510009765625,25.46999931335449,25.14999961853028,0.2464550214153883,0.0082449717181565,-0.0125637889065991,-0.0347344860183873,0.0012064845189615,0.0002574289146913,0,stressed
2008-09-10,1232.0400390625,24.520000457763672,24.540000915527344,0.2372188037052361,0.0079812008724006,0.0008156793389185,0.0061305918718019,3.758415669860445e-05,0.0002385835009717,0,stressed
2008-09-11,1249.050048828125,24.38999938964844,24.36000061035156,0.2355583654592223,0.008341628437262,-0.001229962281574,0.0137119376377289,0.0001880172337809,0.0002360603453281,0,stressed
2008-09-12,1251.699951171875,25.65999984741211,25.020000457763672,0.2327757386942327,0.0238242597798883,-0.0249415196201953,0.0021192868823826,4.491376889839179e-06,0.0002612839651465,0,stressed
2008-09-15,1192.699951171875,31.700000762939453,27.93000030517578,0.2708036656424143,0.0461963419869801,-0.1189274563731616,-0.0482829846790581,0.0023312466095181,0.0003987658922104,0,stressed
2008-09-16,1213.5999755859375,30.299999237060547,26.8799991607666,0.2754869267800562,0.0275130655905492,-0.1128712924887098,0.0173715252717916,0.0003017698902684,0.0003643214102245,0,stressed
2008-09-17,1156.3900146484375,36.220001220703125,30.239999771118164,0.2936199758855609,0.0685800363214703,-0.1651021879636721,-0.0482880326718848,0.002331734099321,0.000520590670011,1,crisis
2008-09-18,1206.510009765625,33.099998474121094,28.57999992370605,0.3220269608238361,0.0089730239173748,-0.1365558537396598,0.0424288063170986,0.0018002036054938,0.0004347658329312,1,crisis
2008-09-19,1255.0799560546875,32.06999969482422,28.040000915527344,0.3400615090460787,-0.0193615120978365,-0.1256625761660757,0.0394673779777459,0.0015576739244382,0.0004081289208039,1,crisis
2008-09-22,1207.0899658203125,33.849998474121094,29.729999542236328,0.3500771236412376,-0.0115771389000267,-0.1217134155865494,-0.0389868045010176,0.0015199709252005,0.0004546914272611,1,crisis
2008-09-23,1188.219970703125,35.720001220703125,31.26000022888184,0.3510121776688452,0.006187834538186,-0.1248600458959752,-0.0157561117321934,0.0002482550569173,0.0005063168600027,1,crisis
2008-09-24,1185.8699951171875,35.189998626708984,30.559999465942383,0.3499841091450053,0.0019158771220845,-0.1315714504533245,-0.0019796860163376,3.919156723282864e-06,0.0004914031759316,1,crisis
2008-09-25,1209.1800537109375,32.81999969482422,29.100000381469727,0.355878717586072,-0.0276787206378297,-0.1133455011561485,0.0194658100360842,0.0003789177603609,0.0004274414206223,1,crisis
2008-09-26,1213.27001953125,34.7400016784668,29.739999771118164,0.3555391664872164,-0.0081391497025484,-0.1439263576791312,0.0033767215693916,1.1402248557195022e-05,0.0004789157605634,1,crisis
2008-09-29,1106.4200439453125,46.720001220703125,36.27000045776367,0.4403262077562096,0.0268738044508216,-0.2236729556913779,-0.0921895923455359,0.008498920936836,0.0008661740135168,1,crisis
2008-09-30,1166.3599853515625,39.38999938964844,33.029998779296875,0.4701267118985358,-0.0762267180020513,-0.1614623180731236,0.0527581580038249,0.0027834232359565,0.0006157031952049,1,crisis
2008-10-01,1161.06005859375,39.810001373291016,33.439998626708984,0.4697736974605495,-0.0716736837276393,-0.1600101111992359,-0.0045543441395915,2.0742050541831837e-05,0.0006289032576751,1,crisis
2008-10-02,1114.280029296875,45.2599983215332,36.4900016784668,0.4816823545144597,-0.0290823712991277,-0.1937692657600902,-0.0411249487185538,0.0016912614071036,0.0008128839079623,1,crisis
2008-10-03,1099.22998046875,45.13999938964844,37.29999923706055,0.4819162451057738,-0.0305162512092894,-0.173681884328642,-0.0135985657923452,0.0001849209916087,0.0008085791844831,1,crisis
2008-10-06,1056.8900146484375,52.04999923706055,39.130001068115234,0.4892856572415797,0.0312143351290257,-0.2482228310917253,-0.0392792697065414,0.0015428610286792,0.0010750803256261,1,crisis
2008-10-07,996.22998046875,53.68000030517578,40.54999923706055,0.5111985010857095,0.0256015019660482,-0.2445976340065193,-0.059107791181964,0.0034937309784106,0.0011434692193506,1,crisis
2008-10-08,984.9400024414062,57.52999877929688,42.220001220703125,0.5100689542815204,0.0652310335114484,-0.2661219865018198,-0.0113974069255172,0.0001299008846258,0.0013133733172801,1,crisis
2008-10-09,909.9199829101562,63.91999816894531,48.0099983215332,0.5468664740954899,0.0923335075939632,-0.2489048858443455,-0.0792240633131358,0.0062764522078437,0.0016213357801261,1,crisis
2008-10-10,899.219970703125,69.94999694824219,50.90999984741211,0.5412190607589003,0.1582809087235216,-0.2721943950178906,-0.0118289764721505,0.0001399246843786,0.0019416674893091,1,crisis
2008-10-13,1003.3499755859376,54.9900016784668,42.380001068115234,0.6461901185148771,-0.0962901017302091,-0.2293144249037082,0.1095719675953384,0.0120060160827139,0.0011999604303959,1,crisis
2008-10-14,998.010009765625,55.130001068115234,42.9900016784668,0.6461320885676723,-0.09483207788652,-0.220206768627648,-0.0053363498135369,2.847662933243601e-05,0.0012060781816549,1,crisis
2008-10-15,907.8400268554688,69.25,49.45000076293945,0.6925526238860026,-5.26238860025785e-05,-0.2859205666001523,-0.094695124884235,0.0089671666768408,0.0019030009920634,1,crisis
2008-10-16,946.4299926757812,67.61000061035156,48.7400016784668,0.7066354580239862,-0.0305354519204705,-0.2791007064270849,0.041628822290941,0.0017329588453307,0.0018139334057665,1,crisis
2008-10-17,940.5499877929688,70.33000183105469,51.130001068115234,0.7055614169176145,-0.0022613986070676,-0.2729987240589202,-0.0062322059327272,3.8840390787921175e-05,0.0019628210942683,1,crisis
2008-10-20,985.4000244140624,52.970001220703125,43.619998931884766,0.7191158707244484,-0.1894158585174171,-0.1765150476372642,0.0465828773252313,0.0021699644598975,0.0011134210433814,1,crisis
2008-10-21,955.0499877929688,53.11000061035156,43.790000915527344,0.7180866281738421,-0.1869866220703264,-0.1754848350163204,-0.0312839925360698,0.0009786881889968,0.0011193143511236,1,crisis
2008-10-22,896.780029296875,69.6500015258789,49.83000183105469,0.7337784539457264,-0.0372784386869373,-0.2845656749549384,-0.0629530796878518,0.003963090242185,0.0019250486954583,1,crisis
2008-10-23,908.1099853515624,67.80000305175781,49.7599983215332,0.7334530962242358,-0.0554530657066576,-0.2660767539560884,0.0125548978458181,0.0001576254599189,0.0018241430213564,1,crisis
2008-10-24,876.77001953125,79.12999725341797,55.29999923706055,0.7357676723690233,0.0555323001651564,-0.3011499917034068,-0.0351207779512551,0.0012334690439013,0.0024847446290975,1,crisis
2008-10-27,848.9199829101562,80.05999755859375,62.84000015258789,0.7303267613708092,0.0702732142151283,-0.2150886576458238,-0.0322797893201295,0.0010419847985519,0.0025434933369373,1,crisis
2008-10-28,940.510009765625,66.95999908447266,54.380001068115234,0.797895434924777,-0.1282954440800504,-0.1878733301726492,0.1024573584739365,0.0104975103054567,0.0017792228084891,1,crisis
2008-10-29,930.0900268554688,69.95999908447266,57.81999969482422,0.7890119862858156,-0.089411995441089,-0.1735277236780705,-0.0111409071775164,0.000124119812738,0.0019422228063092,1,crisis
2008-10-30,954.0900268554688,62.900001525878906,53.75,0.7812265607847724,-0.1522265455259833,-0.1454690191400763,0.025476650236373,0.0006490597072664,0.0015700040444268,1,crisis
2008-10-31,968.75,59.88999938964844,53.56999969482422,0.7715805811654728,-0.1726805872689883,-0.1055267951115822,0.0152485458986004,0.0002325181520217,0.0014233381059095,1,crisis
2008-11-03,966.2999877929688,53.68000030517578,51.20000076293945,0.7663340988241573,-0.2295340957723994,-0.0461996931471181,-0.002532248295049,6.412281427778978e-06,0.0011434692193506,1,crisis
2008-11-04,1005.75,47.72999954223633,46.2599983215332,0.778017807037863,-0.3007178116154997,-0.0307982659711177,0.04001447845739,0.0016011584862169,0.0009040289112309,1,crisis
2008-11-05,952.77001953125,54.560001373291016,49.720001220703125,0.7905075443345264,-0.2449075306016163,-0.0887096779832054,-0.0541152589311638,0.0029284612491869,0.0011812673610529,1,crisis
2008-11-06,904.8800048828124,63.68000030517578,56.13999938964844,0.7963995153511582,-0.1595995122994004,-0.118404536422631,-0.0515712082795199,0.0026595895234096,0.0016091835074869,1,crisis
2008-11-07,930.989990234375,56.09999847412109,52.61000061035156,0.8032513654689081,-0.2422513807276972,-0.0622103022940269,0.0284461819721001,0.0008091852687898,0.0012488927892049,1,crisis
2008-11-10,919.2100219726562,59.97999954223633,54.04999923706055,0.7636296648248659,-0.1638296694025026,-0.0988662946054214,-0.0127338961868571,0.0001621521120976,0.0014276191845582,1,crisis
2008-11-11,898.9500122070312,61.43999862670898,55.630001068115234,0.7440224628380727,-0.1296224765709829,-0.0945637644605682,-0.0222872002529425,0.0004967192951147,0.0014979656473214,1,crisis
2008-11-12,852.2999877929688,66.45999908447266,59.09999847412109,0.7550000780645852,-0.0904000872198587,-0.1107433149524541,-0.0532888659457208,0.002839703233781,0.0017527505866302,1,crisis
2008-11-13,911.2899780273438,59.83000183105469,54.09999847412109,0.7811629517654377,-0.1828629334548908,-0.0957714053413157,0.0669225907896874,0.0044786331580039,0.0014204877456761,1,crisis
2008-11-14,873.2899780273438,66.30999755859375,59.290000915527344,0.78787818219652,-0.1247782066105824,-0.1058663384335567,-0.0425934906208672,0.0018142054432699,0.0017448475302463,1,crisis
2008-11-17,850.75,69.1500015258789,62.5099983215332,0.7842112224486357,-0.0927112071898467,-0.0960231823257549,-0.0261493499935986,0.0006837885050877,0.0018975090123131,1,crisis
2008-11-18,859.1199951171875,67.63999938964844,61.38999938964844,0.7698998357649425,-0.093499841868458,-0.0924009470194716,0.0097902904854413,9.584978778932264e-05,0.0018155434592982,1,crisis
2008-11-19,806.5800170898438,74.26000213623047,66.48999786376953,0.7880430967986509,-0.0454430754363461,-0.104632427268273,-0.0631054959842071,0.0039823036234127,0.0021883126655845,1,crisis
2008-11-20,752.4400024414062,80.86000061035156,69.23999786376953,0.7807195434971819,0.0278804626063338,-0.1437052023110479,-0.069481845412777,0.004827726841965,0.0025945792455182,1,crisis
2008-11-21,800.030029296875,72.66999816894531,64.3499984741211,0.8046698525917744,-0.0779698709023212,-0.1144901596871055,0.0613280011150674,0.0037611237207697,0.0020956066007438,1,crisis
2008-11-24,851.8099975585938,64.69999694824219,59.5,0.7573201632579781,-0.1103201937755562,-0.0803708994360851,0.0627142308145564,0.0039330747466614,0.0016611466686914,1,crisis
2008-11-25,857.3900146484375,60.900001525878906,57.9900016784668,0.7581171275703298,-0.1491171123115406,-0.0477832475287464,0.0065294136139663,4.263324214224867e-05,0.0014717500737508,1,crisis
2008-11-26,887.6799926757812,54.91999816894531,53.72999954223633,0.7168186168007294,-0.1676186351112762,-0.0216678562706484,0.034718401422382,0.0012053673973256,0.0011969072217765,1,crisis
2008-11-28,896.239990234375,55.27999877929688,54.18000030517578,0.7062977563726038,-0.153497768579635,-0.0198986703764737,0.0095969139188068,9.21007567649883e-05,0.0012126501051742,1,crisis
2008-12-01,816.2100219726562,68.51000213623047,62.38999938964844,0.7547065006478992,-0.0696064792855946,-0.0893300621187042,-0.0935365216382091,0.0087490808801751,0.0018625477748834,1,crisis
2008-12-02,848.8099975585938,62.97999954223633,59.650001525878906,0.7506186869968849,-0.1208186915745216,-0.052873897119104,0.0391636639764224,0.0015337925760581,0.0015740001358492,1,crisis
2008-12-03,870.739990234375,60.720001220703125,58.5,0.7513673188983361,-0.1441673066913048,-0.0365612841909198,0.0255080479198137,0.0006506605086795,0.0014630629159691,1,crisis
2008-12-04,845.219970703125,63.63999938964844,61.290000915527344,0.7343449621143386,-0.0979449682178542,-0.036926437722489,-0.0297464997738421,0.0008848542487951,0.0016071625088549,1,crisis
2008-12-05,876.0700073242188,59.93000030517578,58.060001373291016,0.7414190967478503,-0.1421190936960925,-0.0312030522670173,0.0358490909415383,0.0012851573213346,0.0014252400541977,1,crisis
2008-12-08,909.7000122070312,58.4900016784668,56.59999847412109,0.7424917194109861,-0.1575917026263181,-0.0323132697915705,0.0376688834667852,0.0014189447816342,0.0013575715461694,1,crisis
2008-12-09,888.6699829101562,58.90999984741211,57.77000045776367,0.7394459270860587,-0.1503459286119376,-0.0193515429061491,-0.0233889444763259,0.0005470427237166,0.0013771381277865,1,crisis
2008-12-10,899.239990234375,55.72999954223633,56.15999984741211,0.6758688778565579,-0.1185688824341946,0.0077157780137768,0.0118240075055095,0.0001398071534903,0.0012324733527689,1,crisis
2008-12-11,873.5900268554688,55.77999877929688,56.09000015258789,0.6800315749220225,-0.1222315871290536,0.0055575722494649,-0.0289387624957643,0.0008374519747862,0.0012346858189755,1,crisis
2008-12-12,879.72998046875,54.27999877929688,55.13999938964844,0.6756179312164634,-0.1328179434234946,0.0158437846295525,0.0070038312305121,4.905365190549757e-05,0.0011691739156668,1,crisis
2008-12-15,868.5700073242188,56.7599983215332,56.40999984741211,0.6740260920351455,-0.1064261088198135,-0.0061662876051973,-0.0127668304114841,0.0001629919587555,0.0012784513529604,1,crisis
2008-12-16,913.1799926757812,52.369998931884766,52.90999984741211,0.6917938650496955,-0.1680938757308478,0.010311264589287,0.0500848157885922,0.0025084887725772,0.0010883399952879,1,crisis
2008-12-17,904.4199829101562,49.84000015258789,51.56999969482422,0.6805380806823376,-0.1821380791564586,0.0347110661504783,-0.0096391700156119,9.291359858987276e-05,0.0009857244504801,1,crisis
2008-12-18,885.280029296875,47.34000015258789,49.79999923706055,0.6658555005926251,-0.1924554990667462,0.0519644925336608,-0.0213898231290449,0.0004575245334918,0.0008893157200186,1,crisis
2008-12-19,887.8800048828125,44.93000030517578,43.400001525878906,0.6494510511704394,-0.2001510481186816,-0.0340529438883761,0.0029325919817233,8.6000957312681e-06,0.000801073383898,1,crisis
2008-12-22,871.6300048828125,44.560001373291016,43.709999084472656,0.6454199649152124,-0.1998199511823022,-0.0190754547267102,-0.0184715766863371,0.0003411991452792,0.0007879340168205,1,crisis
2008-12-23,863.1599731445312,45.02000045776367,44.47999954223633,0.6450560037013073,-0.1948559991236706,-0.0119946892500357,-0.0097649849842311,9.535493174225955e-05,0.0008042858893718,1,crisis
2008-12-24,868.1500244140625,44.209999084472656,43.959999084472656,0.6425450598203017,-0.2004450689755751,-0.005654829341261,0.0057644963577892,3.3229418258966005e-05,0.0007756047694639,1,crisis
2008-12-26,872.7999877929688,43.380001068115234,46.11000061035156,0.623397546514369,-0.1895975358332166,0.0629322147306932,0.0053418816207162,2.8535699249746583e-05,0.0007467557510593,1,crisis
2008-12-29,869.4199829101562,43.900001525878906,46.540000915527344,0.5910671540126735,-0.1520671387538844,0.0601366582662227,-0.0038801175284807,1.5055312034823175e-05,0.0007647659261794,1,crisis
2008-12-30,890.6400146484375,41.630001068115234,44.40999984741211,0.5823891911114163,-0.1660891804302639,0.0667787342774319,0.0241140188632206,0.0005814859057357,0.0006877210273536,1,crisis
2008-12-31,903.25,40.0,43.18000030517578,0.5779501063167606,-0.1779501063167605,0.0795000076293945,0.0140590481602065,0.000197656835171,0.0006349206349206,1,crisis
2009-01-02,931.7999877929688,39.18999862670898,40.560001373291016,0.5837265387080869,-0.1918265524409971,0.0349579687315514,0.0311188162544623,0.0009683807250789,0.0006094666636354,1,crisis
2009-01-05,927.4500122070312,39.08000183105469,40.81999969482422,0.5500769280917437,-0.1592769097811968,0.0445239964750168,-0.0046792884475954,2.189574037580065e-05,0.0006060502155219,1,crisis
2009-01-06,934.7000122070312,38.560001373291016,40.310001373291016,0.5031703637598494,-0.1175703500269392,0.0453838158110688,0.0077867374137597,6.063327955084614e-05,0.0005900292483762,1,crisis
2009-01-07,906.6500244140624,43.38999938964844,43.810001373291016,0.4875024720105842,-0.0536024781140998,0.0096796955416131,-0.0304691202205724,0.0009283672870156,0.0007471000186641,1,crisis
2009-01-08,909.72998046875,42.560001373291016,43.16999816894531,0.4548204734702889,-0.0292204597373787,0.0143326310143661,0.0033913156919746,1.1501022122633515e-05,0.0007187911574978,1,crisis
2009-01-09,890.3499755859375,42.81999969482422,44.880001068115234,0.459740965830248,-0.0315409688820058,0.0481083929932866,-0.0215332142932029,0.0004636793177969,0.000727600148359,1,crisis
2009-01-12,870.260009765625,45.84000015258789,47.34999847412109,0.4535549517777692,0.0048450497481096,0.0329406264508476,-0.0228225876286688,0.0005208705060682,0.0008338514341227,1,crisis
2009-01-13,871.7899780273438,43.27000045776367,47.13999938964844,0.452582319324683,-0.0198823147470462,0.0894383843527414,0.0017565152157664,3.085345703219189e-06,0.000742973388736,1,crisis
2009-01-14,842.6199951171875,49.13999938964844,50.68000030517578,0.3725541135227443,0.11884588037374,0.0313390503592833,-0.0340324644901829,0.0011582086392755,0.0009582299761962,1,crisis
2009-01-15,843.739990234375,51.0,51.709999084472656,0.354636579429261,0.1553634205707389,0.0139215506759344,0.0013282991669522,1.764378676926009e-06,0.0010321428571428,1,crisis
2009-01-16,850.1199951171875,46.11000061035156,48.95000076293945,0.3470594153890314,0.1140405907144842,0.0615918480805727,0.0075331315563731,5.674807104562488e-05,0.0008437032366216,1,crisis
2009-01-20,805.219970703125,56.650001525878906,54.869998931884766,0.3712576396781571,0.1952423755806318,-0.0314210511217903,-0.0542620146239131,0.0029443662310457,0.0012735010606674,1,crisis
2009-01-21,840.239990234375,46.41999816894531,49.959999084472656,0.3776100466305643,0.0865899350588888,0.0762602553891435,0.0425720580691939,0.0018123801282468,0.0008550858055574,1,crisis
2009-01-22,827.5,47.290000915527344,50.130001068115234,0.3608251119044311,0.1120748972508423,0.0600549819751726,-0.0152784464408785,0.0002334309256467,0.0008874381692819,1,crisis
2009-01-23,831.9500122070312,47.27000045776367,49.36000061035156,0.3564114319093281,0.1162885726683086,0.044214092074218,0.0053632502830924,2.876445359909099e-05,0.0008866876759035,1,crisis
2009-01-26,836.5700073242188,45.68999862670898,47.470001220703125,0.3547239777781824,0.1021760084889074,0.0389582544866528,0.0055378501548502,3.066778433757515e-05,0.0008284031644875,1,crisis
2009-01-27,845.7100219726562,42.25,45.18000030517578,0.3475411495813444,0.0749588504186555,0.0693491196491309,0.0108663295344823,0.0001180771175519,0.0007083581349206,1,crisis
2009-01-28,874.0900268554688,39.65999984741211,42.20000076293945,0.3607191228561034,0.0358808756180176,0.0640444005370586,0.0330068386826407,0.0010894513998218,0.0006241728523399,1,crisis
2009-01-29,845.1400146484375,42.630001068115234,43.52999877929688,0.3719610028816539,0.0543390077994984,0.0211118388137877,-0.0336810644666738,0.0011344141036082,0.0007211575361378,1,crisis
2009-01-30,825.8800048828125,44.84000015258789,44.59999847412109,0.3441903894818543,0.1042096120440245,-0.0053524013748905,-0.0230528210106771,0.0005314325565503,0.0007978673070174,1,crisis
2009-02-02,825.4400024414062,45.52000045776367,43.90999984741211,0.3437559763825037,0.111444028195133,-0.0353690815940439,-0.0005329099748901,2.8399304133743565e-07,0.0008222501752677,1,crisis
2009-02-03,838.510009765625,43.060001373291016,42.2400016784668,0.3433690326575125,0.0872309810753976,-0.0190431878465485,0.0157099384429461,0.0002468021658811,0.0007357792532808,1,crisis
2009-02-04,832.22998046875,43.84999847412109,42.130001068115234,0.3434507776671565,0.0950492070740544,-0.0392245716273158,-0.0075176974397948,5.651577479629872e-05,0.0007630247484842,1,crisis
2009-02-05,845.8499755859375,43.72999954223633,42.59999847412109,0.3438544384773348,0.0934455569450284,-0.0258404088713478,0.0162331886007589,0.0002635164121478,0.0007588543095095,1,crisis
2009-02-06,868.5999755859375,43.369998931884766,43.380001068115234,0.3518209642783474,0.0818790250405002,0.0002306233912105,0.0265406819353971,0.0007044077975959,0.0007464114314887,1,crisis
2009-02-09,869.8900146484375,43.63999938964844,43.43000030517578,0.3514522014225237,0.0849477924739606,-0.0048120780799659,0.00148409171928,2.202528231235568e-06,0.0007557339471144,1,crisis
2009-02-10,827.1599731445312,46.66999816894531,46.060001373291016,0.3801078684511544,0.0865921132382986,-0.013070426817805,-0.0503686694941483,0.0025370028666107,0.0008643209242418,1,crisis
2009-02-11,833.739990234375,44.52999877929688,45.06999969482422,0.3810821616871209,0.0642178261058479,0.012126677079057,0.0079234772233905,6.278149130958828e-05,0.0007868733298746,1,crisis
2009-02-12,835.1900024414062,41.25,42.65999984741211,0.3735086400754883,0.0389913599245116,0.0341818144827178,0.0017376553579209,3.019446142911469e-06,0.0006752232142857,1,crisis
2009-02-13,826.8400268554688,42.93000030517578,42.470001220703125,0.3709479951969522,0.0583520078548055,-0.0107150962311359,-0.0100480083891146,0.0001009624725877,0.0007313432246834,1,crisis
2009-02-17,789.1699829101562,48.65999984741211,46.0,0.377292435637515,0.109307562836606,-0.0546650196414576,-0.0466294998181049,0.0021743102532866,0.0009396014226786,1,crisis
2009-02-18,788.4199829101562,48.459999084472656,46.970001220703125,0.3775208469612344,0.1070791438834921,-0.0307469643400581,-0.0009508174782455,9.040538769372708e-07,0.000931893456852,1,crisis
2009-02-19,778.9400024414062,47.08000183105469,45.630001068115234,0.3758742417269812,0.0949257765835656,-0.0307986556190618,-0.0120968968984951,0.0001463349145728,0.0008795740366714,1,crisis
2009-02-20,770.0499877929688,49.29999923706055,47.02999877929688,0.3691343788109212,0.1238656135596842,-0.0460446347442785,-0.0114785922636164,0.0001317580803543,0.0009644801288786,1,crisis
2009-02-23,743.3300170898438,52.619998931884766,50.43000030517578,0.3780238798348593,0.1481761094839883,-0.0416191309609086,-0.0353153174902249,0.0012471716494353,0.0010987556696791,1,crisis
2009-02-24,773.1400146484375,45.4900016784668,45.11000061035156,0.3979401440236328,0.0569598727610351,-0.0083535074542569,0.0393200492217266,0.001546066270799,0.0008211667669471,1,crisis
2009-02-25,764.9000244140625,44.66999816894531,44.400001525878906,0.394683986005074,0.0520159956843791,-0.0060442501485059,-0.0107150254379188,0.0001148117701352,0.0007918288636561,1,crisis
2009-02-26,752.8300170898438,44.65999984741211,44.18000030517578,0.3956466686833368,0.0509533297907842,-0.0107478626035898,-0.0159056768457637,0.0002529905559218,0.000791474439036,1,crisis
2009-02-27,735.0900268554688,46.34999847412109,45.209999084472656,0.3901908781247239,0.0733091066164868,-0.0245954568970468,-0.0238464841702928,0.000568654807284,0.0008525088724408,1,crisis
2009-03-02,700.8200073242188,52.650001525878906,48.66999816894531,0.4092205221856292,0.1172794930731598,-0.0755936038288111,-0.0477418887510726,0.0022792879415197,0.0011000089923313,1,crisis
2009-03-03,696.3300170898438,50.93000030517578,48.5099983215332,0.407148452385655,0.1021515506661027,-0.0475162373677944,-0.0064273780383512,4.1311188447879566e-05,0.0010293114805893,1,crisis
2009-03-04,712.8699951171875,47.560001373291016,44.720001220703125,0.3901402851535767,0.0854597285793334,-0.0597140469004021,0.0234753583099152,0.0005510924477789,0.0008976006867569,1,crisis
2009-03-05,682.5499877929688,50.16999816894531,46.70000076293945,0.3803422491060942,0.1213577325833589,-0.0691647903657638,-0.0434633021856973,0.0018890586368852,0.0009988209191555,1,crisis
2009-03-06,683.3800048828125,49.33000183105469,46.47999954223633,0.3801997539020104,0.1131002644085364,-0.0577742181842815,0.0012153143959864,1.476989081091849e-06,0.000965654397084,1,crisis
2009-03-09,676.530029296875,49.68000030517578,46.52999877929688,0.378686483437532,0.1181135196142257,-0.0634058274261066,-0.0100742451303065,0.0001014904149455,0.0009794057263183,1,crisis
2009-03-10,719.5999755859375,44.369998931884766,42.40999984741211,0.4266774668249979,0.0170225224938496,-0.0441739718651239,0.0617186323188922,0.0038091895753146,0.0007812288909585,1,crisis
2009-03-11,721.3599853515625,43.61000061035156,42.5,0.4246456648832314,0.0114543412202842,-0.0254528914197741,0.0024428307358472,5.967422003999894e-06,0.0007546952989027,1,crisis
2009-03-12,750.739990234375,41.18000030517578,40.70000076293945,0.4304983135149367,-0.0186983104631789,-0.0116561325565604,0.0399210748684525,0.0015936922186525,0.0006729335020374,1,crisis
2009-03-13,756.5499877929688,42.36000061035156,41.83000183105469,0.4232481013449463,0.0003519047585692,-0.0125117745906584,0.0077092350090428,5.943230442465135e-05,0.0007120514490908,1,crisis
2009-03-16,753.8900146484375,43.7400016784668,42.2400016784668,0.4192507336231086,0.0181492831615593,-0.0342935514960999,-0.0035221205609654,1.2405333245975547e-05,0.0007592014868382,1,crisis
2009-03-17,778.1199951171875,40.79999923706055,39.97999954223633,0.4311200648293182,-0.0231200724587127,-0.0200980321117107,0.0316342594529895,0.001000726371139,0.0006605714038667,1,crisis
2009-03-18,794.3499755859375,40.060001373291016,39.900001525878906,0.433110439036714,-0.0325104253038038,-0.0039940050406185,0.0206433917769149,0.0004261496240552,0.0006368268690587,1,crisis
2009-03-19,784.0399780273438,43.68000030517578,43.150001525878906,0.4340436366742138,0.0027563663775439,-0.0121336716024261,-0.0130641279992339,0.0001706714403803,0.0007571200105794,1,crisis
2009-03-20,768.5399780273438,45.88999938964844,46.27999877929688,0.4335182286333069,0.0253817652631774,0.0084985703821216,-0.0199674289511843,0.0003986982189205,0.0008356714460245,1,crisis
2009-03-23,822.9199829101562,43.22999954223633,42.33000183105469,0.4735481366811938,-0.0412481412588304,-0.0208188230560199,0.0683663873577364,0.004673962920348,0.0007416003414372,1,crisis
2009-03-24,806.1199951171875,42.93000030517578,43.63999938964844,0.4765418136288383,-0.0472418105770804,0.0165385296861285,-0.0206263610965985,0.0004254467720872,0.0007313432246834,1,crisis
2009-03-25,813.8800048828125,42.25,41.900001525878906,0.4554635699056228,-0.0329635699056228,-0.0082839875531619,0.0095803322450174,9.178276592492182e-05,0.0007083581349206,1,crisis
2009-03-26,832.8599853515625,40.36000061035156,40.68000030517578,0.4599945075780232,-0.0563945014745075,0.0079286345387751,0.0230526022398299,0.0005314224700278,0.0006464006544712,1,crisis
2009-03-27,815.9400024414062,41.040000915527344,42.09000015258789,0.4637587428329542,-0.0533587336776808,0.0255847761607452,-0.0205247173858956,0.0004212640237708,0.0006683657441057,1,crisis
2009-03-30,787.530029296875,45.540000915527344,44.9900016784668,0.4738974886119977,-0.0184974794567243,-0.012077277690019,-0.0354393234278207,0.0012559456450216,0.0008229728902326,1,crisis
2009-03-31,797.8699951171875,44.13999938964844,44.59000015258789,0.4558681818497951,-0.0144681879533107,0.0101948520426347,0.0130441683777569,0.0001701503286672,0.0007731506135389,1,crisis
2009-04-01,811.0800170898438,42.27999877929688,43.02999877929688,0.4582066829035839,-0.035406695110615,0.0177388841450783,0.016421043179743,0.0002696506591109,0.000709364403483,1,crisis
2009-04-02,834.3800048828125,42.040000915527344,42.2400016784668,0.4631581350592332,-0.0427581259039598,0.0047573919739279,0.028322225961306,0.0008021484834032,0.0007013339988006,1,crisis
2009-04-03,842.5,39.70000076293945,41.06999969482422,0.461749808338302,-0.0647498007089074,0.0345087885530642,0.0096847222944693,9.37938459209925e-05,0.0006254325637211,1,crisis
2009-04-06,835.47998046875,40.93000030517578,41.16999816894531,0.4487423343829701,-0.0394423313312123,0.005863617443931,-0.0083672756166808,7.001130124550137e-05,0.0006647876686435,1,crisis
2009-04-07,815.5499877929688,40.38999938964844,41.66999816894531,0.4428659259432612,-0.0389659320467768,0.0316909828828798,-0.0241436693176481,0.0005829167681199,0.0006473619248792,1,crisis
2009-04-08,825.1599731445312,38.84999847412109,40.20000076293945,0.4421373369440022,-0.0536373522027913,0.0347490950280895,0.0117145570868475,0.000137230847741,0.000598937452952,1,crisis
2009-04-09,856.5599975585938,36.52999877929688,38.52999877929688,0.4497183197359807,-0.0844183319430119,0.0547495227712267,0.0373470906207337,0.0013948051778332,0.0005295400042918,1,crisis
2009-04-13,858.72998046875,37.810001373291016,38.54999923706055,0.4417995122404456,-0.0636994985075354,0.0195714847101874,0.0025301658560268,6.401739259004066e-06,0.0005673000808921,1,crisis
2009-04-14,841.5,37.66999816894531,38.68999862670898,0.4198303363820223,-0.0431303546925691,0.0270772632690102,-0.0202685172249352,0.0004108127904974,0.0005631066516064,1,crisis
2009-04-15,852.0599975585938,36.16999816894531,37.970001220703125,0.418501808933428,-0.0568018272439749,0.0497650855095495,0.0124709303888175,0.0001555241047627,0.0005191542728339,1,crisis
2009-04-16,865.2999877929688,35.790000915527344,36.959999084472656,0.416346151800845,-0.0584461426455715,0.0326906437277489,0.0154193094857327,0.0002377551050168,0.000508303240291,1,crisis
2009-04-17,869.5999755859375,33.939998626708984,36.59000015258789,0.3886228761798017,-0.0492228899127118,0.0780790109930498,0.0049570542265394,2.4572386604852635e-05,0.0004571125026908,1,crisis
2009-04-20,832.3900146484375,39.18000030517578,39.40999984741211,0.4163594793230295,-0.0245594762712716,0.0058703302819,-0.043732209141657,0.0019125061164096,0.0006091557237752,1,crisis
2009-04-21,850.0800170898438,37.13999938964844,37.77999877929688,0.415309241811713,-0.0439092479152286,0.0172320786259038,0.021029384216146,0.0004422350005102,0.000547372839152,1,crisis
2009-04-22,843.5499877929688,38.09999847412109,38.5,0.3842998619520813,-0.0032998772108704,0.0104987281338241,-0.0077113202254782,5.946445961987026e-05,0.000576035668146,1,crisis
2009-04-23,851.9199829101562,37.150001525878906,37.97999954223633,0.3844236441918437,-0.0129236289330547,0.0223418030219794,0.0098734430657815,9.748487797323042e-05,0.0005476677037193,1,crisis
2009-04-24,866.22998046875,36.81999969482422,37.810001373291016,0.3720608539998251,-0.0038608570515829,0.0268876069166823,0.0166578340203316,0.0002774834342489,0.0005379811021931,1,crisis
2009-04-27,857.510009765625,38.31999969482422,38.630001068115234,0.3744169364476348,0.0087830605006073,0.0080898062567804,-0.0101175874990461,0.0001023655768008,0.000582707292306,1,crisis
2009-04-28,855.1599731445312,37.95000076293945,38.400001525878906,0.3742847419768953,0.0052152656524991,0.0118577273753023,-0.0027442976398493,7.531169536082519e-06,0.0005715089515504,1,crisis
2009-04-29,873.6400146484375,36.08000183105469,36.4900016784668,0.3688948616912291,-0.0080948433806822,0.0113636315577793,0.0213798537271641,0.0004570981453949,0.000516574020686,1,crisis
2009-04-30,872.8099975585938,36.5,36.72999954223633,0.3656522472151215,-0.0006522472151215,0.0063013573215432,-0.0009505192207446,9.03486789004937e-07,0.0005286706349206,1,crisis
2009-05-01,877.52001953125,35.29999923706055,35.84000015258789,0.3624432024141937,-0.0094432100435882,0.0152974766911725,0.0053818803258078,2.8964635841317524e-05,0.0004944801373557,1,crisis
2009-05-04,907.239990234375,34.529998779296875,34.79999923706055,0.3650234790894297,-0.0197234912964609,0.0078193011094328,0.0333072435877258,0.0011093724754121,0.0004731431808326,1,crisis
2009-05-05,903.7999877929688,33.36000061035156,34.18000030517578,0.3133371731703734,0.0202628329331422,0.0245803261337403,-0.0037989294772938,1.4431865173452406e-05,0.0004416228733026,1,crisis
2009-05-06,919.530029296875,32.45000076293945,33.36000061035156,0.3075668104833611,0.0169331971460334,0.0280431379358056,0.0172546183294192,0.0002977218536939,0.0004178581545693,1,crisis
2009-05-07,907.3900146484376,33.439998626708984,34.040000915527344,0.3113312536531576,0.0230687326139321,0.017942652914439,-0.0132903389857606,0.0001766331103564,0.0004437434556167,1,crisis
2009-05-08,929.22998046875,32.04999923706055,32.81999969482422,0.3117347474785554,0.0087652448920499,0.0240249758531442,0.0237839023791134,0.0005656740123792,0.000407620020276,1,crisis
2009-05-11,909.239990234375,32.869998931884766,33.38999938964844,0.3125775250008227,0.0161224643180248,0.0158199110027733,-0.0217471902027538,0.0004729402817147,0.000428744773723,1,crisis
2009-05-12,908.3499755859376,31.799999237060547,32.77000045776367,0.2903342623039233,0.0276657300666821,0.0305031837728052,-0.0009793349834761,9.590970098603008e-07,0.0004012856950305,1,crisis
2009-05-13,883.9199829101562,33.650001525878906,33.83000183105469,0.3035399058242223,0.0329601094345667,0.005349191590299,-0.0272631985366127,0.0007432819944467,0.0004493343661474,1,crisis
2009-05-14,893.0700073242188,31.3700008392334,32.25,0.3017736331820823,0.0119263752102516,0.028052251744476,0.010298431992772,0.0001060577015097,0.0003905067272434,1,crisis
2009-05-15,882.8800048828125,33.119998931884766,33.220001220703125,0.2949621916794377,0.0362377976394098,0.003019392875707,-0.0114756769040675,0.0001316911604065,0.0004352914004952,1,crisis
2009-05-18,909.7100219726562,30.239999771118164,31.229999542236328,0.305276362092862,-0.0028763643816803,0.0327380879170409,0.0299365949965333,0.0008961997199864,0.0003628799945068,1,crisis
2009-05-19,908.1300048828124,28.799999237060547,30.420000076293945,0.3038158476372404,-0.0158158552666349,0.0562500306301654,-0.0017383460198725,3.021846884806753e-06,0.0003291428397042,1,crisis
2009-05-20,903.469970703125,29.030000686645508,30.739999771118164,0.2940177623574069,-0.0037177554909518,0.0589045485368967,-0.0051446726880469,2.6467657067135807e-05,0.0003344210078835,1,crisis
2009-05-21,888.3300170898438,31.350000381469727,32.38999938964844,0.2986563543615103,0.014843649453187,0.0331738116594547,-0.0168995580303362,0.0002855950616207,0.0003900089380627,1,crisis
2009-05-22,887.0,32.630001068115234,33.040000915527344,0.2798529406073444,0.0464470700738079,0.0125651190312937,-0.0014983325081699,2.2450003050388875e-06,0.00042250673401,1,crisis
2009-05-26,910.3300170898438,30.6200008392334,31.530000686645508,0.2889396412859866,0.0172603671063473,0.0297191320206016,0.0259622076001571,0.0006740362234736,0.000372057321982,1,crisis
2009-05-27,893.0599975585938,32.36000061035156,32.470001220703125,0.2882118521413447,0.0353881539621708,0.003399277140816,-0.019153424774368,0.0003668536805873,0.0004155435077388,1,crisis
2009-05-28,906.8300170898438,31.670000076293945,32.04999923706055,0.2892218701556246,0.0274781306073148,0.0119987104468321,0.0153012551665524,0.0002341284096719,0.0003980114701716,1,crisis
2009-05-29,919.1400146484376,28.920000076293945,30.43000030517578,0.288499338053952,0.0007006627089874,0.0522130091596922,0.0134834458878511,0.0001818033130106,0.0003318914303225,1,crisis
2009-06-01,942.8699951171876,30.040000915527344,30.600000381469727,0.2963515026764706,0.0040485064788028,0.0186417925724138,0.0254899438614235,0.0006497372380585,0.0003580958948432,1,crisis
2009-06-02,944.739990234375,29.6299991607666,30.57999992370605,0.2617092203177922,0.0345907712898738,0.0320621258807646,0.0019813369747478,3.925696207502823e-06,0.0003483876389948,1,crisis
2009-06-03,931.760009765625,31.020000457763672,32.189998626708984,0.2617575629191358,0.0484424416585009,0.0377175419625916,-0.0138344657507098,0.0001913924426075,0.0003818414398411,1,crisis
2009-06-04,942.4600219726562,30.18000030517578,31.57999992370605,0.2607882470366042,0.0410117560151535,0.0463883235378951,0.0114182201421662,0.0001303757512149,0.0003614414358811,1,crisis
2009-06-05,940.0900268554688,29.6200008392334,31.600000381469727,0.2607104048732518,0.035489603519082,0.0668467078371485,-0.0025178574888166,6.339606333990314e-06,0.0003481525594111,1,crisis
2009-06-08,939.1400146484376,29.770000457763672,31.770000457763672,0.2578472140083618,0.0398527905692748,0.0671817255373411,-0.0010110654544457,1.022253353173522e-06,0.0003516876695457,1,crisis
2009-06-09,942.4299926757812,28.270000457763672,30.670000076293945,0.2549722611369152,0.0277277434407214,0.084895634229506,0.0034970597611731,1.2229426973216136e-05,0.0003171400499531,1,crisis
2009-06-10,939.1500244140624,28.459999084472656,30.61000061035156,0.2551302992630078,0.0294696915817187,0.0755446800787815,-0.0034864013799681,1.2154994582243545e-05,0.000321417280908,1,crisis
2009-06-11,944.8900146484376,28.11000061035156,29.93000030517578,0.2494073923763978,0.0316926137271177,0.0647456298579376,0.0060932972495425,3.712827137128294e-05,0.0003135603707595,1,crisis
2009-06-12,946.2100219726562,28.14999961853028,29.5,0.2492086702910146,0.032291325894288,0.0479573854267855,0.0013960208482195,1.9488742086637e-06,0.0003144533644933,1,crisis
2009-06-15,923.719970703125,30.809999465942383,31.34000015258789,0.2607829116179747,0.0473170830414491,0.017202229660256,-0.0240555912535969,0.0005786714705601,0.0003766889155124,1,crisis
2009-06-16,911.969970703125,32.68000030517578,32.790000915527344,0.2460620291995288,0.080737973852229,0.0033659917173911,-0.0128019010278859,0.0001638886699277,0.0004238025475977,1,crisis
2009-06-17,910.7100219726562,31.540000915527344,32.88999938964844,0.2458226044363066,0.0695774047189667,0.0428027404861767,-0.0013825234667824,1.9113711362041078e-06,0.0003947506578378,1,crisis
2009-06-18,918.3699951171876,30.030000686645508,31.51000022888184,0.24180076617334,0.058499240693115,0.0492840329136087,0.008375815004882,7.015427699600734e-05,0.000357857516365,1,crisis
2009-06-19,921.22998046875,27.989999771118164,30.63999938964844,0.2386437353113137,0.0412562623998678,0.0946766573847818,0.0031093582232429,9.668108560448308e-06,0.0003108889234869,1,crisis
2009-06-22,893.0399780273438,31.170000076293945,33.0099983215332,0.2450257685995785,0.0666742321633609,0.0590310632253944,-0.0310783643308239,0.0009658647294794,0.000385543216173,1,crisis
2009-06-23,895.0999755859375,30.57999992370605,32.41999816894531,0.2374026295059357,0.0683973697311248,0.0601699885490473,0.0023040684995177,5.308731650470125e-06,0.0003710858711642,1,crisis
2009-06-24,900.9400024414062,29.049999237060547,31.06999969482422,0.2382664537588195,0.0522335386117859,0.0695353015771048,0.0065032488243266,4.229224527110608e-05,0.0003348819268544,1,crisis
2009-06-25,920.260009765625,26.36000061035156,29.40999984741211,0.2318905926464521,0.0317094134570634,0.1157055829453515,0.0212175839982487,0.0004501858707227,0.0002757339810229,0,stressed
2009-06-26,918.9000244140624,25.93000030517578,29.280000686645508,0.2304459969929861,0.0288540060587717,0.1291939969935537,-0.0014789203486034,2.187205397513252e-06,0.0002668114745342,0,stressed
2009-06-29,927.22998046875,25.350000381469727,28.200000762939453,0.2284914411384649,0.0250085626762323,0.1124260488592738,0.0090242968412618,8.143793347920947e-05,0.0002550089362462,0,stressed
2009-06-30,919.3200073242188,26.350000381469727,28.76000022888184,0.2138277699720958,0.0496722338426014,0.0914610934543633,-0.0085673516331664,7.339951400632063e-05,0.0002755248095648,0,stressed
2009-07-01,923.3300170898438,26.21999931335449,28.959999084472656,0.2140393593065017,0.0481606338270431,0.1045003753956095,0.0043524446236517,1.8943774201954605e-05,0.000272812842854,0,stressed
2009-07-02,896.4199829101562,27.950000762939453,30.530000686645508,0.2307529829804677,0.0487470246489268,0.0923076870583498,-0.029577684825958,0.0008748394396637,0.0003100010089874,0,stressed
2009-07-06,898.719970703125,29.0,30.790000915527344,0.2253905164739988,0.0646094835260011,0.0617241695009428,0.002562462104257,6.566212035753483e-06,0.0003337301587301,0,stressed
2009-07-07,881.030029296875,30.850000381469727,32.09000015258789,0.2328981209359653,0.0756018828787319,0.0401944815489525,-0.0198797853628847,0.0003952058660743,0.0003776676680701,0,stressed
2009-07-08,879.5599975585938,31.299999237060547,32.41999816894531,0.2192700606852778,0.0937299316853277,0.0357827143509524,-0.0016699311679349,2.788670105640744e-06,0.0003887658540634,0,stressed
2009-07-09,882.6799926757812,29.780000686645508,31.670000076293945,0.2128458749828266,0.0849541318836284,0.0634653910701884,0.0035409460623174,1.2538299016241674e-05,0.0003519239844827,0,stressed
2009-07-10,879.1300048828125,29.020000457763672,31.709999084472656,0.2077759056980564,0.0824240988795803,0.0926946445305562,-0.004029938077684,1.624040090996777e-05,0.0003341906454637,0,stressed
2009-07-13,901.0499877929688,26.309999465942383,30.100000381469727,0.2168545933375563,0.0462454013218674,0.1440517290938528,0.0246279487772272,0.0006065358609737,0.0002746889174197,0,stressed
2009-07-14,905.8400268554688,25.020000457763672,29.57999992370605,0.2031592361794232,0.0470407683982134,0.1822541719629512,0.0053019832360996,2.8111026235881488e-05,0.0002484128662327,0,stressed
2009-07-15,932.6799926757812,25.88999938964844,29.11000061035156,0.221507526204333,0.0373924676921513,0.1243723946162225,0.0291994348751008,0.0008526069970252,0.0002659889160301,0,stressed
2009-07-16,940.739990234375,25.420000076293945,28.61000061035156,0.2192418593293507,0.0349581414335887,0.1254917594210602,0.0086046346917054,7.403973817770115e-05,0.0002564192078884,0,stressed
2009-07-17,940.3800048828124,24.34000015258789,28.64999961853028,0.2167038968094196,0.0266961047164592,0.1770747509828645,-0.0003827351332094,1.464861821928431e-07,0.0002350934950111,0,stressed
2009-07-20,951.1300048828124,24.39999961853028,27.59000015258789,0.2190665234136267,0.024933472771676,0.1307377288495942,0.0113667024627311,0.0001292019248762,0.0002362539608667,0,stressed
2009-07-21,954.5800170898438,23.8700008392334,27.440000534057617,0.2192205171402995,0.0194794912520344,0.1495600992588348,0.0036207145224277,1.3109573652918874e-05,0.0002261019603432,0,stressed
2009-07-22,954.0700073242188,23.46999931335449,27.21999931335449,0.2190598641927043,0.0156401289408406,0.1597784452369472,-0.0005344193762499,2.8560406971140694e-07,0.00021858764594,0,stressed
2009-07-23,976.2899780273438,23.43000030517578,26.959999084472656,0.2282441796811115,0.0060558233706463,0.1506614909653707,0.0230225992243129,0.0005300400750433,0.0002178432199605,0,stressed
2009-07-24,979.260009765625,23.09000015258789,26.3700008392334,0.2278571984755167,0.0030428030503621,0.1420528655249008,0.0030375434434772,9.226670171011363e-06,0.0002115667091454,0,stressed
2009-07-27,982.1799926757812,24.280000686645508,26.989999771118164,0.227915652876631,0.014884353989824,0.1116144566652838,0.00297738912597,8.864846007444899e-06,0.0002339358862474,0,stressed
2009-07-28,979.6199951171876,25.01000022888184,27.959999084472656,0.2153590695008741,0.0347409327879442,0.1179527720349288,-0.0026098471073494,6.811301923740182e-06,0.0002482143299399,0,stressed
2009-07-29,975.1500244140624,25.61000061035156,28.420000076293945,0.2117485628939226,0.0443514432095929,0.1097227410766474,-0.0045734060269343,2.0916042687199303e-05,0.0002602667187548,0,stressed
2009-07-30,986.75,25.39999961853028,28.190000534057617,0.2132438626955654,0.0407561334897373,0.1098425573790925,0.0118253841881571,0.0001398397111975,0.0002560158653259,0,stressed
2009-07-31,987.47998046875,25.920000076293945,28.39999961853028,0.2126168934002718,0.0465831073626676,0.0956789944034183,0.0007395090837835,5.468736849983924e-07,0.0002666057158551,0,stressed
2009-08-03,1002.6300048828124,25.559999465942383,27.709999084472656,0.2158345712226993,0.0397654234367244,0.0841157927798495,0.0152256078272812,0.0002318191337101,0.0002592514177376,0,stressed
2009-08-04,1005.6500244140624,24.88999938964844,27.21999931335449,0.190424874062653,0.0584751198338313,0.0936118915565372,0.0030075704221065,9.04547984392988e-06,0.0002458381228637,0,stressed
2009-08-05,1002.719970703125,24.89999961853028,27.170000076293945,0.1914179753746613,0.0575820208106414,0.0911646784152704,-0.0029178446171663,8.513817209926812e-06,0.0002460357067471,0,stressed
2009-08-06,997.0800170898438,25.670000076293945,27.979999542236328,0.1931471353516979,0.0635528654112415,0.0899882921338847,-0.0056405326541788,3.18156086228582e-05,0.0002614876602844,0,stressed
2009-08-07,1010.47998046875,24.76000022888184,27.11000061035156,0.1881134996091655,0.0594865026796528,0.0949111615406412,0.0133497005322519,0.0001782145043008,0.0002432768298945,0,stressed
2009-08-10,1007.0999755859376,24.989999771118164,27.059999465942383,0.1885885064552891,0.0613114912558925,0.0828331218000486,-0.0033505567248801,1.1226230366639627e-05,0.0002478174954605,0,stressed
2009-08-11,994.3499755859376,25.989999771118164,28.100000381469727,0.1930983661229514,0.0668016315882302,0.0811850953802753,-0.0127409356094296,0.0001623314402036,0.000268047654009,0,stressed
2009-08-12,1005.8099975585938,25.450000762939453,27.739999771118164,0.1919980647979924,0.0625019428314021,0.0899803119657831,0.0114592307928718,0.0001313139703643,0.0002570248169974,0,stressed
2009-08-13,1012.72998046875,24.709999084472656,27.280000686645508,0.1922885990050651,0.0548113918396613,0.1040065438038723,0.0068564507961441,4.701091751994507e-05,0.0002422952598232,0,stressed
2009-08-14,1004.0900268554688,24.270000457763672,27.11000061035156,0.1695820305176942,0.0731179740599425,0.1170168973638979,-0.0085679499772792,7.340976681315878e-05,0.0002337432231031,0,stressed
2009-08-17,979.72998046875,27.88999938964844,29.93000030517578,0.1884454045536782,0.0904545893428061,0.0731445306622882,-0.0245599608491733,0.0006031916769129,0.0003086714547438,0,stressed
2009-08-18,989.6699829101562,26.18000030517578,28.89999961853028,0.1766466826893933,0.0851533203623644,0.1038960764571401,0.0100945333938855,0.0001018996044402,0.0002719811174519,0,stressed
2009-08-19,996.4600219726562,26.26000022888184,28.479999542236328,0.1760455284192193,0.086554473869599,0.0845391962682788,0.0068374834470194,4.67511798882649e-05,0.000273645877786,0,stressed
2009-08-20,1007.3699951171876,25.09000015258789,28.290000915527344,0.1771061858980206,0.0737938156278582,0.1275408825619075,0.0108892279841134,0.0001185752860899,0.0002498048046257,0,stressed
2009-08-21,1026.1300048828125,25.01000022888184,27.770000457763672,0.1797682976536158,0.0703317046352026,0.1103558657986157,0.0184514797254203,0.0003404571040575,0.0002482143299399,0,stressed
2009-08-24,1025.5699462890625,25.13999938964844,28.15999984741211,0.1706456487524473,0.080754345144037,0.1201273083167684,-0.0005459459189837,2.980569464550478e-07,0.0002508014163934,0,stressed
2009-08-25,1028.0,24.920000076293945,28.15999984741211,0.1707101375469317,0.0784898632160077,0.1300160417816503,0.0023666638183675,5.60109762917009e-06,0.00024643111262,0,stressed
2009-08-26,1028.1199951171875,24.950000762939453,28.36000061035156,0.1536867229193357,0.0958132847100588,0.1366733363983417,0.0001167199556529,1.3623548047633065e-08,0.0002470248166947,0,stressed
2009-08-27,1030.97998046875,24.68000030517578,28.40999984741211,0.1528473343114001,0.0939526687403577,0.1511345014632795,0.0027779002715912,7.716729918906936e-06,0.0002417073075648,0,stressed
2009-08-28,1028.9300537109375,24.76000022888184,28.5,0.1532318917333855,0.0943681105554329,0.1510500701351188,-0.0019903077323771,3.96132486956038e-06,0.0002432768298945,0,stressed
2009-08-31,1020.6199951171876,26.01000022888184,29.170000076293945,0.1543832094965042,0.1057167927923141,0.1214917270128741,-0.008109198540382,6.57591009673347e-05,0.0002684603618676,0,stressed
2009-09-01,998.0399780273438,29.14999961853028,30.8799991607666,0.1701049189869242,0.1213950771983785,0.0593481840437687,-0.0223722263168064,0.0005005165103704,0.0003371914594286,0,stressed
2009-09-02,994.75,28.89999961853028,31.040000915527344,0.170578721031078,0.1184212751542247,0.0740484887627793,-0.003301884345751,1.090244023271558e-05,0.0003314325309329,0,stressed
2009-09-03,1003.239990234375,27.100000381469727,29.600000381469727,0.1594022231782511,0.1115977806364461,0.0922509212106666,0.0084985824509418,7.222590367545666e-05,0.0002914325478871,0,stressed
2009-09-04,1016.4000244140624,25.26000022888184,28.479999542236328,0.1631506608954407,0.0894493413933776,0.1274742392786203,0.0130322437081612,0.0001698393760689,0.0002532014331599,0,stressed
2009-09-08,1025.3900146484375,25.6200008392334,28.209999084472656,0.1645582655821911,0.0916417428101428,0.1010928243715372,0.0088060458298397,7.754644315723846e-05,0.0002604700170644,0,stressed
2009-09-09,1033.3699951171875,24.31999969482422,27.290000915527344,0.1650845668083525,0.0781154301398896,0.122121762252127,0.0077522590254427,6.009751999755799e-05,0.0002347072956969,0,stressed
2009-09-10,1044.1400146484375,23.549999237060547,26.51000022888184,0.1657657502917761,0.0697342420788293,0.1256900674189046,0.0103682927766581,0.0001075014951025,0.0002200803428831,0,stressed
2009-09-11,1042.72998046875,24.14999961853028,26.559999465942383,0.1635558101665236,0.0779441860187791,0.0997929559205009,-0.0013513389885911,1.8261170620866e-06,0.0002314374926884,0,stressed
2009-09-14,1049.3399658203125,23.86000061035156,26.40999984741211,0.1640285310889646,0.0745714750145509,0.1068733936223892,0.0063191074071065,3.993111842254861e-05,0.0002259125512404,0,stressed
2009-09-15,1052.6300048828125,23.420000076293945,26.32999992370605,0.1592465106200525,0.0749534901428869,0.1242527684855837,0.0031304364906445,9.799632621958984e-06,0.0002176573030054,0,stressed
2009-09-16,1068.760009765625,23.690000534057617,25.8700008392334,0.1640225262784492,0.0728774790621269,0.092021960997499,0.0152073080624423,0.000231262218506,0.0002227048116284,0,stressed
2009-09-17,1065.489990234375,23.64999961853028,25.940000534057617,0.1640614598587605,0.0724385363265422,0.0968287929160504,-0.0030643290055714,9.390112254386675e-06,0.0002219533658557,0,stressed
2009-09-18,1068.300048828125,23.920000076293945,26.540000915527344,0.1624472100522749,0.0767527907106645,0.1095318073109023,0.0026338675941077,6.93725850329114e-06,0.0002270501601785,0,stressed
2009-09-21,1064.6600341796875,24.059999465942383,26.229999542236328,0.1597820163014832,0.0808179783579405,0.0901911938678819,-0.0034131142078887,1.164934859609182e-05,0.0002297157040877,0,stressed
2009-09-22,1071.6600341796875,23.07999992370605,25.690000534057617,0.1596178300227684,0.0711821692142921,0.1130849488292575,0.006553348588268,4.294637771935512e-05,0.0002113834906659,0,stressed
2009-09-23,1060.8699951171875,23.489999771118164,26.09000015258789,0.1576729814303186,0.0772270162808629,0.1106854153598811,-0.0101195584531233,0.0001024054632861,0.0002189603528758,0,stressed
2009-09-24,1050.780029296875,24.950000762939453,27.1299991607666,0.1586623645474603,0.0908376430819341,0.0873746826118459,-0.0095565481917741,9.132761334170252e-05,0.0002470248166947,0,stressed
2009-09-25,1044.3800048828125,25.61000061035156,27.209999084472656,0.1592777948704999,0.0968222112330156,0.0624755344001974,-0.0061093608278183,3.7324289724481145e-05,0.0002602667187548,0,stressed
2009-09-28,1062.97998046875,24.8799991607666,26.270000457763672,0.1636239864579359,0.0851760051497301,0.0558682212171843,0.017652853549567,0.0003116232384424,0.0002456406183491,0,stressed
2009-09-29,1060.6099853515625,25.190000534057617,26.479999542236328,0.1438504728310339,0.1080495325095422,0.0512107574763483,-0.0022320656428964,4.982117034198593e-06,0.0002518000503594,0,stressed
2009-09-30,1057.0799560546875,25.61000061035156,26.65999984741211,0.1430695720230549,0.1130304340804606,0.0409995787597186,-0.0033338521352124,1.1114570059460556e-05,0.0002602667187548,0,stressed
2009-10-01,1029.8499755859375,28.270000457763672,28.32999992370605,0.1640850361092829,0.1186149684683537,0.0021223723017627,-0.0260972114932809,0.000681064447725,0.0003171400499531,0,stressed
2009-10-02,1025.2099609375,28.68000030517578,28.799999237060547,0.1621607704561677,0.1246392325955901,0.0041840631313769,-0.0045157053093635,2.03915944410138e-05,0.000326405721232,0,stressed
2009-10-05,1040.4599609375,26.84000015258789,27.61000061035156,0.158951932511993,0.1094480690138859,0.0286885414823451,0.0147654539603247,0.0002180186306544,0.0002858673048376,0,stressed
2009-10-06,1054.719970703125,25.700000762939453,26.729999542236328,0.163405897023898,0.0935941106054964,0.0400777723237339,0.0136124155690534,0.0001852978576246,0.0002620992219107,0,stressed
2009-10-07,1057.5799560546875,24.68000030517578,26.1200008392334,0.1634348843193357,0.0833651187324221,0.0583468604640019,0.0027079365605266,7.3329204158367506e-06,0.0002417073075648,0,stressed
2009-10-08,1065.47998046875,24.18000030517578,25.739999771118164,0.1644876753887559,0.0773123276630019,0.0645161061312502,0.0074421458766935,5.538553524998675e-05,0.0002320128629993,0,stressed
2009-10-09,1071.489990234375,23.1200008392334,25.07999992370605,0.1649328721077277,0.0662671362846062,0.0847750438290053,0.0056248105435726,3.16384936510859e-05,0.000212116840796,0,stressed
2009-10-12,1076.18994140625,23.01000022888184,25.170000076293945,0.1648665848953774,0.0652334173934409,0.0938722219003241,0.0043767775685664,1.915618188470621e-05,0.0002101032184655,0,stressed
2009-10-13,1073.18994140625,22.989999771118164,25.09000015258789,0.1628826215223608,0.0670173761888207,0.0913440801381786,-0.0027915046308135,7.792498103853576e-06,0.0002097381307444,0,stressed
2009-10-14,1092.02001953125,22.86000061035156,24.57999992370605,0.1523001977043063,0.0762998083992092,0.0752405628797592,0.0173937430582585,0.0003025422975767,0.0002073728682163,0,stressed
2009-10-15,1096.56005859375,21.71999931335449,24.21999931335449,0.1511478712427625,0.0660521218907823,0.1151012927731945,0.0041488503163932,1.721295894783614e-05,0.0001872057024492,0,stressed
2009-10-16,1087.6800537109375,21.43000030517578,24.39999961853028,0.1537894292031026,0.0605105738486552,0.1385907266010248,-0.0081310234683286,6.611354264251047e-05,0.0001822400448729,0,stressed
2009-10-19,1097.9100341796875,21.489999771118164,24.14999961853028,0.1520026737382498,0.0628973239729318,0.1237784958465687,0.0093613667395139,8.763518723167839e-05,0.0001832619405407,0,stressed
2009-10-20,1091.06005859375,20.89999961853028,23.71999931335449,0.1529013679679652,0.0560986282173375,0.1349282175260881,-0.0062586491870243,3.9170689646240254e-05,0.0001733372952597,0,stressed
2009-10-21,1081.4000244140625,22.21999931335449,24.549999237060547,0.1551199777179297,0.0670800154156151,0.1048604858554473,-0.008893233917182,7.908960950571647e-05,0.000195923956145,0,stressed
2009-10-22,1092.9100341796875,20.690000534057617,23.350000381469727,0.1552298999510417,0.0516701053895344,0.1285645132310899,0.0105873743585081,0.0001120924958071,0.0001698714770235,0,stressed
2009-10-23,1079.5999755859375,22.270000457763672,24.309999465942383,0.1601219369884309,0.0625780675892058,0.0916030070159938,-0.0122533153528997,0.0001501437371376,0.0001968067144399,0,stressed
2009-10-26,1066.949951171875,24.309999465942383,25.3700008392334,0.1636115677298861,0.0794884269295376,0.0436035128168574,-0.0117865144464385,0.0001389219227961,0.0002345143150929,0,stressed
2009-10-27,1063.4100341796875,24.82999992370605,25.459999084472656,0.1637978005832615,0.0845021986537989,0.025372499504727,-0.0033233071166753,1.1044370191745235e-05,0.0002446543238933,0,stressed
2009-10-28,1042.6300048828125,27.90999984741211,27.420000076293945,0.1675018846539035,0.1115981138202175,-0.0175564232818725,-0.0197343861452413,0.0003894459965294,0.0003091143220168,0,stressed
2009-10-29,1066.1099853515625,24.76000022888184,25.65999984741211,0.1801731540164694,0.0674268482723489,0.0363489341765209,0.0222701243339677,0.0004959584378503,0.0002432768298945,0,stressed
2009-10-30,1036.18994140625,30.690000534057617,29.06999969482422,0.1979236313110743,0.1089763740295018,-0.0527859501806014,-0.0284660280152507,0.000810314750965,0.0003737603701509,0,stressed
2009-11-02,1042.8800048828125,29.780000686645508,28.81999969482422,0.1989433717330206,0.0988566351334344,-0.0322364328302984,0.006435653191021,4.141763199509904e-05,0.0003519239844827,0,stressed
2009-11-03,1045.4100341796875,28.809999465942383,28.8700008392334,0.1979946909991272,0.0901053036602965,0.0020826579105614,0.0024230643133061,5.871240666417779e-06,0.0003293714560426,0,stressed
2009-11-04,1046.5,27.71999931335449,28.18000030517578,0.1960758425968507,0.0811241505366941,0.0165945527855652,0.0010420772415051,1.0859249772630509e-06,0.0003049199848937,0,stressed
2009-11-05,1066.6300048828125,25.43000030517578,26.61000061035156,0.2019790461800294,0.0523209568717283,0.046401898978177,0.019052887220614,0.0003630125114414,0.0002566209982227,0,stressed
2009-11-06,1069.300048828125,24.190000534057617,25.8799991607666,0.2010705715912309,0.0408294337493452,0.0698635216782901,0.0025001243195765,6.250621613337931e-06,0.0002322048118403,0,stressed
2009-11-09,1093.0799560546875,23.14999961853028,24.40999984741211,0.2045986589459564,0.0269013372393463,0.0544276565721095,0.0219950849152743,0.0004837837604301,0.0002126676517214,0,stressed
2009-11-10,1093.010009765625,22.84000015258789,24.709999084472656,0.2044038193320483,0.0239961821938305,0.0818738581169792,-6.399214138483759e-05,4.094994159017043e-09,0.0002070101614961,0,stressed
2009-11-11,1098.510009765625,23.040000915527344,24.96999931335449,0.204297433003544,0.0261025761517294,0.0837672882437457,0.0050193577956909,2.519395268116385e-05,0.0002106514453125,0,stressed
2009-11-12,1087.239990234375,24.239999771118164,26.06999969482422,0.1905770348024733,0.0518229629087083,0.0754950470703589,-0.010312359059078,0.0001063447493633,0.0002331657098824,0,stressed
2009-11-13,1093.47998046875,23.36000061035156,25.600000381469727,0.1899341826216633,0.0436658234818522,0.09589039865545,0.0057228872564277,3.275143854978292e-05,0.0002165435033792,0,stressed
2009-11-16,1109.300048828125,22.88999938964844,25.14999961853028,0.1897058700190408,0.0391941238774435,0.0987330838420151,0.0143639765684981,0.0002063238228603,0.0002079174889119,0,stressed
2009-11-17,1110.3199462890625,22.40999984741211,25.040000915527344,0.186574164687718,0.037525833786403,0.1173583706391209,0.0009189839116237,8.445314298232445e-07,0.0001992889258575,0,stressed
2009-11-18,1109.800048828125,21.6299991607666,24.71999931335449,0.1866539880231007,0.0296460035845652,0.1428571554543866,-0.0004683507842677,2.193524571242452e-07,0.0001856574855931,0,stressed
2009-11-19,1094.9000244140625,22.6299991607666,25.11000061035156,0.1907983669903679,0.035501624617298,0.1095891092158991,-0.0135168057116663,0.0001827040366469,0.0002032209769905,0,stressed
2009-11-20,1091.3800048828125,22.190000534057617,24.65999984741211,0.1906202948450822,0.0312797104954939,0.1113113679093198,-0.0032201022062016,1.0369058218385044e-05,0.0001953952871831,0,stressed
2009-11-23,1106.239990234375,21.15999984741211,24.11000061035156,0.1940032016144251,0.0175967968596959,0.1394140257189197,0.013523913934335,0.0001828962481033,0.0001776768228343,0,stressed
2009-11-24,1105.6500244140625,20.46999931335449,23.739999771118164,0.193738222028617,0.0109617711049278,0.1597459974329529,-0.0005334495209037,2.845683913524398e-07,0.0001662781237653,0,stressed
2009-11-25,1110.6300048828125,20.479999542236328,23.65999984741211,0.1877644445597802,0.017035550862583,0.1552734558717934,0.004494006880236,2.0196097839608805e-05,0.0001664406274801,0,stressed
2009-11-27,1091.489990234375,24.739999771118164,26.14999961853028,0.1944437069021136,0.0529562908090679,0.0569927186926722,-0.0173836999679342,0.0003021930245751,0.0002428839637598,0,stressed
2009-11-30,1095.6300048828125,24.51000022888184,26.239999771118164,0.1932595512883377,0.0518404510004807,0.0705834159967793,0.003785818430065,1.433242118542012e-05,0.0002383889330237,0,stressed
2009-12-01,1108.8599853515625,21.920000076293945,24.940000534057617,0.1944903211921827,0.0247096795707567,0.1377737430315862,0.0120029025884025,0.0001440696705466,0.0001906692076764,0,stressed
2009-12-02,1109.239990234375,21.1200008392334,24.799999237060547,0.1934852750149191,0.0177147333774148,0.1742423414581986,0.0003426399988394,1.1740216880467637e-07,0.0001770057283528,0,stressed
2009-12-03,1099.9200439453125,22.459999084472656,25.51000022888184,0.1932964335023008,0.0313035573424257,0.1357970288840194,-0.008437597492034,7.119305143757968e-05,0.0002001791900295,0,stressed
2009-12-04,1105.97998046875,21.25,24.76000022888184,0.1915577537790625,0.0209422462209374,0.1651764813591454,0.0054943122542924,3.0187467147668043e-05,0.0001791914682539,0,stressed
2009-12-07,1103.25,22.100000381469727,25.299999237060547,0.1880097617420285,0.0329902420726686,0.1447963258079369,-0.002471432926803,6.107980711686434e-06,0.0001938134987543,0,stressed
2009-12-08,1091.93994140625,23.690000534057617,26.1299991607666,0.1872002561329547,0.0496997492076214,0.1029969848755871,-0.0103044920695161,0.0001061825568107,0.0002227048116284,0,stressed
2009-12-09,1095.949951171875,22.65999984741211,25.799999237060547,0.1869674888436893,0.0396325096304317,0.1385701416942878,0.0036656453959778,1.3436956169053632e-05,0.0002037601559859,0,stressed
2009-12-10,1102.3499755859375,22.31999969482422,25.34000015258789,0.1767253896464073,0.0464746073018348,0.13530468185732,0.0058227200195837,3.390406842646144e-05,0.0001976914231654,0,stressed
2009-12-11,1106.4100341796875,21.59000015258789,25.1200008392334,0.1659500265756998,0.0499499749501791,0.1635016517692049,0.0036763280289124,1.351538777616762e-05,0.0001849714708685,0,stressed
2009-12-14,1114.1099853515625,21.14999961853028,24.559999465942383,0.1406842513759173,0.0708157448093854,0.1612293101142414,0.0069352962072166,4.8098333481834106e-05,0.0001775089221681,0,stressed
2009-12-15,1107.9300537109375,21.489999771118164,24.729999542236328,0.1419974444772256,0.0729025532339559,0.1507677899314179,-0.0055624088370161,3.094039207011489e-05,0.0001832619405407,0,stressed
2009-12-16,1109.1800537109375,20.540000915527344,24.25,0.1420148837104846,0.0633851254447887,0.1806231216702653,0.0011275940949076,1.271468442870693e-06,0.0001674173165118,0,stressed
2009-12-17,1096.0799560546875,22.51000022888184,24.780000686645508,0.147581504000987,0.0775184982878313,0.1008440886131624,-0.011880913538032,0.0001411561064981,0.0002010714723429,0,stressed
2009-12-18,1102.469970703125,21.68000030517578,24.520000457763672,0.1386496865099381,0.0781503165418196,0.1309963151573334,0.0058129520408809,3.3790411429582264e-05,0.0001865168306477,0,stressed
2009-12-21,1114.050048828125,20.489999771118164,23.530000686645508,0.141236252367934,0.0636637453432476,0.1483651024639053,0.0104489771202262,0.000109181122859,0.0001666032105636,0,stressed
2009-12-22,1118.02001953125,19.540000915527344,22.76000022888184,0.1272523466052795,0.0681476625499939,0.1647901311404618,0.0035572134993947,1.2653767880276e-05,0.0001515125538804,0,stressed
2009-12-23,1120.5899658203125,19.709999084472656,22.68000030517578,0.1273046610766054,0.0697953297681211,0.1506850004393385,0.0022960206868369,5.271710994383317e-06,0.0001541603428213,0,stressed
2009-12-24,1126.47998046875,19.46999931335449,22.43000030517578,0.1273700588828329,0.0673299342507119,0.1520288185008319,0.0052424074717247,2.7482836099594983e-05,0.0001504289179611,0,stressed
2009-12-28,1127.780029296875,19.93000030517578,22.489999771118164,0.1229044674813033,0.0763955355704544,0.1284495447437377,0.001153415281841,1.3303668123845276e-06,0.0001576209968905,0,stressed
2009-12-29,1126.199951171875,20.01000022888184,22.6299991607666,0.1223698925750964,0.0777301097137219,0.1309344778568834,-0.0014020340886091,1.9656995856219964e-06,0.0001588889322062,0,stressed
2009-12-30,1126.4200439453125,19.959999084472656,22.65999984741211,0.1156100991386433,0.0839898917060832,0.135270585510189,0.0001954104772354,3.818525461337012e-08,0.0001580958585127,0,stressed
2009-12-31,1115.0999755859375,21.68000030517578,23.88999938964844,0.1196137950937251,0.0971862079580326,0.1019372257086663,-0.0101004358639623,0.000102018804642,0.0001865168306477,0,stressed
2010-01-04,1132.989990234375,20.040000915527344,22.770000457763672,0.1280167927069175,0.0723832164483558,0.1362275158441273,0.0159160821671263,0.0002533216715507,0.0001593657288469,0,stressed
2010-01-05,1136.52001953125,19.350000381469727,22.38999938964844,0.1208530877287364,0.0726469160859608,0.1571058887983242,0.0031108319667597,9.67727552541414e-06,0.0001485803630011,2,calm
2010-01-06,1137.1400146484375,19.15999984741211,21.799999237060547,0.1201351746840063,0.0714648237901147,0.1377870256092416,0.0005453718878234,2.974304960280737e-07,0.0001456768230765,2,calm
2010-01-07,1141.68994140625,19.059999465942383,21.600000381469727,0.1148136900137184,0.0757863046457053,0.1332634305717573,0.0039932183546542,1.594579282794754e-05,0.0001441601506514,2,calm
2010-01-08,1144.97998046875,18.1299991607666,21.0,0.1148301578225732,0.0664698337850928,0.1583012119186465,0.0028775830750962,8.280484354080175e-06,0.0001304352657021,2,calm
2010-01-11,1146.97998046875,17.549999237060547,21.270000457763672,0.1144133156938536,0.0610866766767518,0.2119658907361974,0.0017452316285846,3.0458334374121605e-06,0.000122223203659,2,calm
2010-01-12,1136.219970703125,18.25,21.790000915527344,0.1052122370389026,0.0772877629610973,0.1939726529056079,-0.0094254464389445,8.883904057341269e-05,0.0001321676587301,2,calm
2010-01-13,1145.6800537109375,17.850000381469727,21.290000915527344,0.106919394202601,0.0715806096120962,0.192717112635399,0.0082914563333604,6.874824812802259e-05,0.0001264375054041,2,calm
2010-01-14,1148.4599609375,17.6299991607666,20.709999084472656,0.1022359302189466,0.0740640613887194,0.174702216127169,0.0024234864214141,5.873286434778923e-06,0.0001233400279399,2,calm
2010-01-15,1136.030029296875,17.90999984741211,21.479999542236328,0.1080364670187855,0.0710635314553355,0.1993299679084063,-0.0108821263012085,0.0001184206728354,0.0001272889264025,2,calm
2010-01-19,1150.22998046875,17.579999923706055,20.88999938964844,0.1094518616051512,0.0663481376319092,0.1882821092324898,0.012422151207737,0.0001543098406278,0.0001226414275069,2,calm
2010-01-20,1138.0400390625,18.68000030517578,21.39999961853028,0.1142220257322,0.0725779773195577,0.145610239235427,-0.0106543866018613,0.0001135159538619,0.0001384692108735,2,calm
2010-01-21,1116.47998046875,22.270000457763672,23.14999961853028,0.1279370456945753,0.0947629588830613,0.0395150041615658,-0.0191266572729878,0.0003658290184383,0.0001968067144399,0,stressed
2010-01-22,1091.760009765625,27.309999465942383,26.290000915527344,0.1408633841125736,0.1322366105468501,-0.0373489040776823,-0.0223897796301089,0.0005013022318848,0.0002959666947737,0,stressed
2010-01-25,1096.780029296875,25.40999984741211,25.190000534057617,0.1410973144847959,0.1130026839893251,-0.0086579816873512,0.004587559053796,2.104569807206573e-05,0.0002562174969228,0,stressed
2010-01-26,1092.1700439453125,24.549999237060547,25.170000076293945,0.1405106344430356,0.1049893579275698,0.0252546174542216,-0.0042120578477855,1.774143131309216e-05,0.0002391676438649,0,stressed
2010-01-27,1097.5,23.13999938964844,24.1299991607666,0.1408464962680961,0.0905534976283883,0.042783050874281,0.0048682828686118,2.370017808881921e-05,0.0002124839570448,0,stressed
2010-01-28,1084.530029296875,23.729999542236328,24.670000076293945,0.143028188486382,0.0942718069359812,0.0396123283687611,-0.0118881255342792,0.0001413275287187,0.0002234574913787,0,stressed
2010-01-29,1073.8699951171875,24.6200008392334,25.3799991607666,0.1447874074498232,0.1014126009425107,0.030869142795564,-0.0098777990499825,9.75709140718368e-05,0.0002405335084618,0,stressed
2010-02-01,1089.18994140625,22.59000015258789,23.63999938964844,0.1512698716493425,0.0746301298765363,0.0464807096046107,0.0141653055463696,0.000200655881222,0.0002025032170213,0,stressed
2010-02-02,1103.3199462890625,21.479999542236328,22.93000030517578,0.152259399224989,0.0625405961973742,0.0675046924506819,0.0128895204452028,0.0001661397373073,0.0001830914207676,0,stressed
2010-02-03,1097.280029296875,21.600000381469727,23.0,0.1521750576228517,0.0638249461918455,0.0648147960095088,-0.0054893503825385,3.0132967622275964e-05,0.0001851428636823,0,stressed
2010-02-04,1063.1099853515625,26.07999992370605,25.979999542236328,0.1740036975149774,0.086796301722083,-0.0038343704663444,-0.0316358560498069,0.0010008273880041,0.0002699073000081,0,stressed
2010-02-05,1066.18994140625,26.11000061035156,26.0,0.1738445137657639,0.0872554923377516,-0.0042129685093897,0.0028929303608266,8.369046072592338e-06,0.0002705286237589,0,stressed
2010-02-08,1056.739990234375,26.51000022888184,26.43000030517578,0.1747013690781617,0.0903986332106566,-0.0030177262548229,-0.0089028031003741,7.925990304403233e-05,0.000278880996879,0,stressed
2010-02-09,1070.52001953125,26.0,26.040000915527344,0.1788442351516206,0.0811557648483793,0.0015384967510516,0.0129558417735863,0.0001678538360622,0.0002682539682539,0,stressed
2010-02-10,1068.1300048828125,25.39999961853028,25.8700008392334,0.1786442370701657,0.075355759115137,0.018503985344954,-0.0022350694280074,4.995535348013431e-06,0.0002560158653259,0,stressed
2010-02-11,1078.469970703125,23.959999084472656,24.56999969482422,0.1817011955880232,0.0578987952567033,0.0254591249440771,0.0096338823351012,9.281168884657664e-05,0.0002278101413206,0,stressed
2010-02-12,1075.510009765625,22.729999542236328,24.459999084472656,0.1816707684630597,0.0456292269593035,0.076110848089622,-0.0027483661199411,7.553516329240266e-06,0.0002050209838055,0,stressed
2010-02-16,1094.8699951171875,22.25,23.56999969482422,0.1881649981681775,0.0343350018318224,0.0593258289808637,0.0178406535362614,0.0003182889186009,0.0001964533730158,0,stressed
2010-02-17,1099.510009765625,21.71999931335449,23.290000915527344,0.1821995579522217,0.0350004351813231,0.0722836856264329,0.0042290045967103,1.788447987899747e-05,0.0001872057024492,0,stressed
2010-02-18,1106.75,20.6299991607666,22.780000686645508,0.1831486602875666,0.0231513313200993,0.1042172376801499,0.0065631577337954,4.30750394386792e-05,0.0001688876449893,0,stressed
2010-02-19,1109.1700439453125,20.020000457763672,22.309999465942383,0.1833213760395473,0.0168786285380893,0.1143855622286291,0.002184234863591,4.770881939326418e-06,0.0001590477850511,0,stressed
2010-02-22,1108.010009765625,19.940000534057617,21.729999542236328,0.1827501392628515,0.0166498660777246,0.0897692557791753,-0.0010464051249203,1.0949636854595156e-06,0.0001577792148008,0,stressed
2010-02-23,1094.5999755859375,21.3700008392334,22.6200008392334,0.1851682807578314,0.0285317276345025,0.0584932124899645,-0.0121766449451987,0.0001482706821214,0.0001812210062971,0,stressed
2010-02-24,1105.239990234375,20.270000457763672,22.07999992370605,0.1877829691094817,0.0149170354681549,0.0892944955632265,0.0096735196971898,9.357698333192066e-05,0.0001630448089514,0,stressed
2010-02-25,1102.93994140625,20.100000381469727,22.06999969482422,0.1861994450220632,0.014800558792634,0.0980099142271978,-0.0020832085528651,4.33975787473053e-06,0.0001603214346567,0,stressed
2010-02-26,1104.489990234375,19.5,21.64999961853028,0.1842759585352109,0.010724041464789,0.1102563906938603,0.0014043925568579,1.9723184537579955e-06,0.0001508928571428,0,stressed
2010-03-01,1115.7099609375,19.26000022888184,21.440000534057617,0.1869229237937185,0.0056770784950998,0.1131879688094032,0.0101072574236037,0.0001021566526269,0.00014720143207,0,stressed
2010-03-02,1118.31005859375,19.059999465942383,21.18000030517578,0.1847405755813691,0.0058594190780547,0.1112277491414178,0.0023277310028862,5.418331621797917e-06,0.0001441601506514,0,stressed
2010-03-03,1118.7900390625,18.82999992370605,20.96999931335449,0.1806623750889658,0.0076376241480946,0.1136484013977229,0.0004291095214003,1.841349813564791e-07,0.0001407019433042,0,stressed
2010-03-04,1122.969970703125,18.71999931335449,21.030000686645508,0.1787297572382294,0.0084702358953153,0.1233975137831927,0.0037291560795713,1.3906605065804184e-05,0.0001390628469412,0,stressed
2010-03-05,1138.699951171875,17.420000076293945,20.229999542236328,0.1743152303222865,-0.000115229559347,0.16130880904911,0.0139102828016039,0.0001934959676205,0.000120419207404,0,stressed
2010-03-08,1138.5,17.790000915527344,20.26000022888184,0.1601043065244896,0.0177957026307837,0.1388420003508065,-0.0001756114321765,3.0839375111094253e-08,0.0001255889414978,0,stressed
2010-03-09,1140.449951171875,17.920000076293945,20.15999984741211,0.1598230603920797,0.0193769403708596,0.1249999866953918,0.0017112720239721,2.928451940029584e-06,0.0001274311121961,0,stressed
2010-03-10,1145.6099853515625,18.56999969482422,20.51000022888184,0.1592070851762391,0.026492911772003,0.1044696050586545,0.0045143549042129,2.0379400201191514e-05,0.000136843209788,0,stressed
2010-03-11,1150.239990234375,18.059999465942383,20.700000762939453,0.1590761365589009,0.0215238581005229,0.1461794781320783,0.0040333743135059,1.626810835284975e-05,0.0001294299923451,0,stressed
2010-03-12,1149.989990234375,17.579999923706055,20.270000457763672,0.1540154385716565,0.021784560665404,0.1530148205763209,-0.0002173695700926,4.724953000228396e-08,0.0001226414275069,0,stressed
2010-03-15,1150.510009765625,18.0,20.71999931335449,0.1499768377804152,0.0300231622195847,0.1511110729641382,0.0004520926234358,2.0438774016515245e-07,0.0001285714285714,0,stressed
2010-03-16,1159.4599609375,17.690000534057617,20.15999984741211,0.1466817119928851,0.030218293347691,0.1396268648267779,0.0077490149831599,6.004723320923754e-05,0.0001241809995614,0,stressed
2010-03-17,1166.2099609375,16.90999984741211,19.71999931335449,0.1435503076185135,0.0255496908556075,0.1661738315374626,0.0058047953325636,3.36956488529526e-05,0.0001134714662061,2,calm
2010-03-18,1165.8299560546875,16.6200008392334,19.479999542236328,0.1420289602130601,0.0241710481792738,0.1720817423938739,-0.000325899126689,1.0621024077671425e-07,0.0001096128682127,2,calm
2010-03-19,1159.9000244140625,16.969999313354492,19.950000762939453,0.1027900891953316,0.0669099039382132,0.1756040995970964,-0.0050994264516127,2.6004150135407355e-05,0.0001142781256727,2,calm
2010-03-22,1165.81005859375,16.8700008392334,20.11000061035156,0.102983630277567,0.0657163781147669,0.1920568826281926,0.00508235909918,2.5830374013018403e-05,0.0001129352890141,2,calm
2010-03-23,1174.1700439453125,16.350000381469727,19.68000030517578,0.0972394467236158,0.0662605570910813,0.2036697153524296,0.0071453777848001,5.105642368751581e-05,0.0001060803620928,2,calm
2010-03-24,1167.719970703125,17.549999237060547,20.07999992370605,0.0963792645370699,0.0791207278335354,0.1441595895515978,-0.0055084478872883,3.034299812697103e-05,0.000122223203659,2,calm
2010-03-25,1165.72998046875,18.39999961853028,20.57999992370605,0.0961462181013892,0.0878537780839134,0.1184782799115027,-0.0017056210833286,2.909143279895296e-06,0.0001343492007785,2,calm
2010-03-26,1166.5899658203125,17.770000457763672,20.059999465942383,0.0941808465378101,0.0835191580398266,0.1288688210009705,0.0007374506159884,5.438334110216901e-07,0.0001253067128051,2,calm
2010-03-29,1173.219970703125,17.59000015258789,19.850000381469727,0.093166823766941,0.0827331777589378,0.1284821039952827,0.005667146312798,3.21165473306606e-05,0.0001227809941936,2,calm
2010-03-30,1173.27001953125,17.1299991607666,19.540000915527344,0.0819699634634755,0.0893300281441904,0.1406889593013202,4.26584629303888e-05,1.819744459583356e-09,0.0001164432028761,2,calm
2010-03-31,1169.4300537109375,17.59000015258789,19.920000076293945,0.0833156750385126,0.0925843264873662,0.1324616204374085,-0.0032782423180327,1.074687269574074e-05,0.0001227809941936,2,calm
2010-04-01,1178.0999755859375,17.469999313354492,19.89999961853028,0.083735886272034,0.0909641068615108,0.1390956153798033,0.0073864540055243,5.455970277572599e-05,0.0001211114587335,2,calm
2010-04-05,1187.43994140625,17.020000457763672,19.350000381469727,0.0854161113430867,0.08478389323455,0.1368977591679925,0.0078967294430878,6.235833589733108e-05,0.0001149525458659,2,calm
2010-04-06,1189.43994140625,16.229999542236328,18.84000015258789,0.0848589283842085,0.0774410670381547,0.1608133508297025,0.001682878875349,2.8320813090960063e-06,0.0001045289226749,2,calm
2010-04-07,1182.449951171875,16.6200008392334,19.190000534057617,0.0771035174455885,0.0890964909467454,0.1546329461522915,-0.005894042967262,3.473974249993087e-05,0.0001096128682127,2,calm
2010-04-08,1186.43994140625,16.479999542236328,19.07999992370605,0.0741678142121715,0.0906321812101917,0.1577670178209789,0.0033686614308549,1.1347879835729568e-05,0.0001077739622667,2,calm
2010-04-09,1194.3699951171875,16.139999389648438,18.6200008392334,0.0739424006482388,0.0874575932482455,0.1536556098741575,0.0066616682968316,4.437782449701217e-05,0.0001033728493245,2,calm
2010-04-12,1196.47998046875,15.579999923706056,18.959999084472656,0.0738967835729727,0.0819032156640878,0.2169447482232458,0.0017650508571401,3.115404528291035e-06,9.632396731058758e-05,2,calm
2010-04-13,1197.300048828125,16.200000762939453,18.989999771118164,0.0706261985573715,0.0913738090720229,0.1722221528878787,0.0006851660398368,4.694525021457002e-07,0.000104142866952,2,calm
2010-04-14,1210.6500244140625,15.59000015258789,18.770000457763672,0.075026407106904,0.0808735944189748,0.203976925853199,0.0110883630999086,0.0001229517962354,9.644766061813111e-05,2,calm
2010-04-15,1211.6700439453125,15.890000343322754,18.89999961853028,0.0749299004719557,0.0839701029612718,0.1894272630694042,0.0008421839911768,7.092738749945186e-07,0.0001001952821074,2,calm
2010-04-16,1192.1300048828125,18.36000061035156,20.229999542236328,0.0927266263971705,0.090873379706345,0.101851790289726,-0.016257982418547,0.0002643219923217,0.0001337657231794,2,calm
2010-04-19,1197.52001953125,17.34000015258789,19.790000915527344,0.0859853626112093,0.0874146389146695,0.141291853597464,0.0045111407395297,2.035039077184545e-05,0.0001193157163856,2,calm
2010-04-20,1207.1700439453125,15.729999542236328,18.989999771118164,0.0877165509644694,0.0695834444578938,0.2072473187382154,0.0080260457370713,6.441741017356165e-05,9.8187653015379e-05,2,calm
2010-04-21,1205.93994140625,16.31999969482422,19.299999237060547,0.088137789873401,0.0750622070748411,0.1825980145809325,-0.0010195164357019,1.0394137626664505e-06,0.0001056914246186,2,calm
2010-04-22,1208.6700439453125,16.469999313354492,19.59000015258789,0.0877896514818198,0.076910341651725,0.1894353958292873,0.0022613206430901,5.113571050865859e-06,0.0001076432053102,2,calm
2010-04-23,1217.280029296875,16.6200008392334,19.38999938964844,0.0889136150310462,0.0772863933612877,0.1666665710314614,0.0070982676832182,5.0385404102620574e-05,0.0001096128682127,2,calm
2010-04-26,1212.050048828125,17.469999313354492,19.86000061035156,0.0905297952565164,0.0841701978770284,0.1368060326808422,-0.0043057043550931,1.853908999346776e-05,0.0001211114587335,2,calm
2010-04-27,1183.7099609375,22.809999465942383,22.71999931335449,0.1167215431124813,0.1113784515469424,-0.0039456446600217,-0.0236596401787016,0.0005597785733856,0.000206466696681,0,stressed
2010-04-28,1191.3599853515625,21.07999992370605,22.309999465942383,0.1161197023486671,0.0946802968883933,0.0583491246056933,0.0064419583781808,4.149882774621507e-05,0.0001763358717394,0,stressed
2010-04-29,1206.780029296875,18.440000534057617,20.959999084472656,0.1204274147474325,0.0639725905931436,0.1366593534398628,0.0128601802812895,0.0001653842368672,0.0001349339760698,0,stressed
2010-04-30,1186.68994140625,22.049999237060547,23.670000076293945,0.1311429448212993,0.0893570475493061,0.0734694283576473,-0.0167878101398662,0.0002818305692921,0.0001929374866485,0,stressed
2010-05-03,1202.260009765625,20.190000534057617,22.57999992370605,0.1347867282759344,0.0671132770646417,0.1183754000212555,0.0130352574532621,0.0001699179368728,0.0001617603657004,0,stressed
2010-05-04,1173.5999755859375,23.84000015258789,25.06999969482422,0.1528439342536913,0.0855560672721875,0.0515939401998203,-0.0241271999574182,0.0005821217777852,0.000225533971141,0,stressed
2010-05-05,1165.8699951171875,24.90999984741211,26.3700008392334,0.1526281576206974,0.0964718408534236,0.0586110397737705,-0.00660834180078,4.367018135593754e-05,0.0002462333699992,0,stressed
2010-05-06,1128.1500244140625,32.79999923706055,26.3700008392334,0.1791680234148066,0.1488319689557987,-0.1960365410789988,-0.0328884406439636,0.0010816495279915,0.0004269206150599,0,stressed
2010-05-07,1110.8800048828125,40.95000076293945,36.619998931884766,0.1838894258469995,0.225610581782395,-0.1057387484830872,-0.0154266461809074,0.0002379814123909,0.0006654375247955,1,crisis
2010-05-10,1159.72998046875,28.84000015258789,28.979999542236328,0.2248698205056057,0.0635301810202732,0.0048543477429862,0.0430347041456154,0.0018519857609006,0.0003300577812703,1,crisis
2010-05-11,1155.7900390625,28.31999969482422,28.8700008392334,0.2243505507184919,0.0588494462297502,0.0194209445740106,-0.0034030759184662,1.1580925706844762e-05,0.0003182628502836,1,crisis
2010-05-12,1171.6700439453125,25.520000457763672,26.64999961853028,0.2280693673985221,0.0271306371791145,0.044278963185631,0.0136459924018244,0.0001862131086306,0.0002584406441921,1,crisis
2010-05-13,1157.43994140625,26.68000030517578,27.61000061035156,0.2306285555115477,0.03617144754021,0.0348575822540512,-0.0122194998892251,0.0001493161775427,0.0002824692128111,1,crisis
2010-05-14,1135.6800537109375,31.239999771118164,30.799999237060547,0.2355561400028122,0.0768438577083694,-0.0140845242407589,-0.0189789813879498,0.0003602017345241,0.000387276819722,1,crisis
2010-05-17,1136.93994140625,30.84000015258789,30.51000022888184,0.2340896293757452,0.0743103721501337,-0.0107003865782523,0.0011087536210084,1.2293345920993205e-06,0.0003774228608776,1,crisis
2010-05-18,1120.800048828125,33.54999923706055,32.810001373291016,0.2367982277884978,0.0987017645821076,-0.0220565687212327,-0.0142976317849977,0.0002044222746593,0.0004466676384153,1,crisis
2010-05-19,1115.050048828125,35.31999969482422,34.18000030517578,0.2367004301798802,0.1164995667683619,-0.0322763136890823,-0.0051434688600155,2.6455271913950056e-05,0.000495040626366,1,crisis
2010-05-20,1071.5899658203125,45.790000915527344,40.83000183105469,0.2601111483769212,0.1977888607783522,-0.1083205718563487,-0.0397557958377662,0.0015805233026941,0.0008320334062872,1,crisis
2010-05-21,1087.68994140625,40.09999847412109,37.400001525878906,0.263953748365401,0.1370462363758098,-0.0673315972813477,0.0149126325857043,0.0002223866106362,0.0006380991577875,1,crisis
2010-05-24,1073.6500244140625,38.31999969482422,36.90999984741211,0.26504400396749,0.1181559929807521,-0.0367954034092164,-0.0129920463236877,0.0001687932676768,0.000582707292306,1,crisis
2010-05-25,1074.030029296875,34.61000061035156,34.900001525878906,0.2649990797368119,0.0811009263667036,0.0083791074953233,0.0003538747646525,1.2522734905790533e-07,0.0004753381516859,1,crisis
2010-05-26,1067.949951171875,35.02000045776367,33.95000076293945,0.2613417030459249,0.0888583015317117,-0.0305539600467654,-0.0056770786936516,3.222922249391375e-05,0.0004866668381197,1,crisis
2010-05-27,1103.06005859375,29.68000030517578,30.63999938964844,0.2817574047836906,0.0150425982680671,0.0323449822979027,0.032347311768677,0.0010463485786599,0.000349564451633,1,crisis
2010-05-28,1089.4100341796875,32.06999969482422,32.0,0.2804292529049005,0.0402707440433416,-0.002182715793275,-0.0124518923454058,0.0001550496229815,0.0004081289208039,1,crisis
2010-06-01,1070.7099609375,35.540000915527344,34.02000045776367,0.2824739394028955,0.0729260697523778,-0.0427687230896943,-0.0173143533245987,0.000299786831049,0.0005012268512205,1,crisis
2010-06-02,1098.3800048828125,30.170000076293945,30.59000015258789,0.2931450325178367,0.0085549682451027,0.013921116182693,0.0255144281083426,0.0006509860416957,0.0003612019462712,1,crisis
2010-06-03,1102.8299560546875,29.459999084472656,30.239999771118164,0.2938308958516131,0.0007690949931134,0.0264766025419403,0.0040431919834424,1.6347401414973233e-05,0.0003444014071655,1,crisis
2010-06-04,1064.8800048828125,35.47999954223633,34.369998931884766,0.3075952245023927,0.0472047709199705,-0.031285248722458,-0.0350174420898311,0.0012262212505146,0.0004995358601258,1,crisis
2010-06-07,1050.469970703125,36.56999969482422,35.29999923706055,0.3068307481518356,0.0588692487964065,-0.0347279318666063,-0.0136244661657156,0.0001856260783007,0.0005307003482854,1,crisis
2010-06-08,1062.0,33.70000076293945,33.650001525878906,0.3102451288458737,0.0267548787835207,-0.0014836568524809,0.0109162676435189,0.0001191648992649,0.0004506706553262,1,crisis
2010-06-09,1055.68994140625,33.72999954223633,33.79999923706055,0.3048946849886148,0.0324053104337485,0.0020752948643407,-0.005959396741888,3.551440952722545e-05,0.0004514733607616,1,crisis
2010-06-10,1086.8399658203125,30.56999969482422,31.46999931335449,0.3182782938061294,-0.0125782968578871,0.0294406158820684,0.0290798456661769,0.0008456374239686,0.0003708432068815,1,crisis
2010-06-11,1091.5999755859375,28.790000915527344,30.950000762939453,0.3155271850295011,-0.0276271758742276,0.0750260430261797,0.0043701157426175,1.9097911603873392e-05,0.0003289143463158,1,crisis
2010-06-14,1089.6300048828125,28.57999992370605,30.68000030517578,0.3129573923152847,-0.0271573930782242,0.0734779701566009,-0.0018062939317567,3.2626977679011628e-06,0.0003241334903329,1,crisis
2010-06-15,1115.22998046875,25.8700008392334,28.450000762939453,0.3187875382295532,-0.0600875298372192,0.0997294101279398,0.0232224505985004,0.0005392822117997,0.0002655781521515,1,crisis
2010-06-16,1114.6099853515625,25.920000076293945,28.780000686645508,0.3121456106701633,-0.0529456099072238,0.1103395293955757,-0.0005560893540954,3.0923536973826906e-07,0.0002666057158551,1,crisis
2010-06-17,1116.0400390625,25.049999237060547,28.209999084472656,0.3119092676454893,-0.0614092752748838,0.1261477023415237,0.0012821858123894,1.6440004574926758e-06,0.0002490089134034,1,crisis
2010-06-18,1117.510009765625,23.950000762939453,27.959999084472656,0.2973717229788684,-0.0578717153494739,0.1674320748973974,0.0013162641384549,1.7325512821824363e-06,0.0002276200541844,1,crisis
2010-06-21,1113.199951171875,24.8799991607666,27.540000915527344,0.2941368315287334,-0.0453368399210674,0.1069132574150288,-0.0038642979433988,1.4932798595356914e-05,0.0002456406183491,1,crisis
2010-06-22,1095.31005859375,27.049999237060547,29.09000015258789,0.2678795189468571,0.0026204734237483,0.0754159324608182,-0.0162012250869894,0.0002624796943192,0.0002903581185416,1,crisis
2010-06-23,1092.0400390625,26.90999984741211,29.26000022888184,0.267862117706137,0.001237880767984,0.0873281454773299,-0.0029899392610687,8.939736784880164e-06,0.000287360353884,1,crisis
2010-06-24,1073.68994140625,29.739999771118164,31.36000061035156,0.2671158119733816,0.0302841857378,0.0544721200975478,-0.0169462832049512,0.0002871765144624,0.0003509792009468,1,crisis
2010-06-25,1076.760009765625,28.530000686645508,30.700000762939453,0.2661221741319504,0.0191778327345046,0.0760602882603396,0.0028552819315454,8.152634908609693e-06,0.0003230003726904,1,crisis
2010-06-28,1074.5699462890625,29.0,30.959999084472656,0.2614441538954872,0.0285558461045127,0.0675861753266433,-0.0020360096106544,4.145335134677246e-06,0.0003337301587301,1,crisis
2010-06-29,1041.239990234375,34.130001068115234,34.380001068115234,0.2749834575245333,0.066316553156619,0.0073249338463558,-0.0315082303422089,0.0009927685792976,0.0004622448305196,1,crisis
2010-06-30,1030.7099609375,34.540000915527344,35.22999954223633,0.2737570281851641,0.0716429809701093,0.0199767981592263,-0.0101644539733352,0.000103316124576,0.0004734173266843,1,crisis
2010-07-01,1027.3699951171875,32.86000061035156,34.4900016784668,0.2736706887168801,0.0549293173866354,0.0496044138112934,-0.0032457133092441,1.0534654885804368e-05,0.0004284839841715,1,crisis
2010-07-02,1022.5800170898438,30.1200008392334,33.290000915527344,0.2503181350509321,0.0508818733414018,0.1052456835314824,-0.0046732717543015,2.1839468889552296e-05,0.0003600057343473,1,crisis
2010-07-06,1028.06005859375,29.64999961853028,32.0099983215332,0.2463512437527481,0.0501487524325546,0.0795952355266812,0.0053447258874577,2.8566094812060788e-05,0.0003488581259439,1,crisis
2010-07-07,1060.27001953125,26.84000015258789,29.71999931335449,0.2614719710549727,0.0069280304709061,0.1073025016540065,0.0308500230082638,0.0009517239196104,0.0002858673048376,1,crisis
2010-07-08,1070.25,25.709999084472656,28.82999992370605,0.2630041080142519,-0.0059041171695253,0.1213535958901567,0.0093686549516578,8.777169560322351e-05,0.0002623031956045,1,crisis
2010-07-09,1077.9599609375,24.979999542236328,28.170000076293945,0.263281636949025,-0.0134816415266617,0.1277021854489607,0.0071780637666294,5.152459943779872e-05,0.0002476191972738,1,crisis
2010-07-12,1078.75,24.43000030517578,28.38999938964844,0.2451751120975674,-0.0008751090458096,0.1620957443718773,0.0007326336059528,5.367520005714282e-07,0.0002368352836947,0,stressed
2010-07-13,1095.3399658203125,24.559999465942383,28.31999969482422,0.2468255386463585,-0.0012255439869347,0.1530944751890515,0.015261822735573,0.000232923233212,0.0002393625292726,0,stressed
2010-07-14,1095.1700439453125,24.88999938964844,28.82999992370605,0.2412027444459168,0.0076972494505675,0.1582965299587844,-0.0001551436647934,2.4069556725533043e-08,0.0002458381228637,0,stressed
2010-07-15,1096.47998046875,25.13999938964844,29.229999542236328,0.2295239678957542,0.0218760260007301,0.1626889519445243,0.0011953885564136,1.4289538008046069e-06,0.0002508014163934,0,stressed
2010-07-16,1064.8800048828125,26.25,30.600000381469727,0.2441635204239413,0.0183364795760586,0.1657143002464657,-0.0292429097007501,0.0008551477677662,0.0002734375,0,stressed
2010-07-19,1071.25,25.96999931335449,30.07999992370605,0.2227428006924224,0.0369571924411224,0.158259557913738,0.0059640695879085,3.5570126049416205e-05,0.0002676352636252,0,stressed
2010-07-20,1083.47998046875,23.93000030517578,28.21999931335449,0.221029715309285,0.0182702877424727,0.1792728354980768,0.0113518741689927,0.0001288650471486,0.0002272400454784,0,stressed
2010-07-21,1069.5899658203125,25.63999938964844,29.07999992370605,0.2225486095708891,0.0338513843255952,0.1341653906375064,-0.0129026995822862,0.0001664796565107,0.0002608768129766,0,stressed
2010-07-22,1093.6700439453125,24.6299991607666,27.89999961853028,0.2306064503042209,0.015693541303445,0.1327649439376553,0.0222636878224256,0.0004956717954544,0.0002407289121664,0,stressed
2010-07-23,1102.6600341796875,23.46999931335449,26.989999771118164,0.2161359610673093,0.0185640320662355,0.1499787200999527,0.0081864201843447,6.701747543464777e-05,0.00021858764594,0,stressed
2010-07-26,1115.010009765625,22.729999542236328,26.440000534057617,0.2180753366499435,0.0092246587724197,0.1632204604724015,0.0111379087167297,0.0001240530105822,0.0002050209838055,0,stressed
2010-07-27,1113.8399658203125,23.190000534057617,26.3700008392334,0.2180105867904948,0.0138894185500813,0.1371280824468083,-0.0010499083075197,1.1023074541990705e-06,0.0002134032241149,0,stressed
2010-07-28,1106.1300048828125,24.25,26.709999084472656,0.2082837645844083,0.0342162354155916,0.1014432612153672,-0.0069460326382801,4.8247369412052665e-05,0.0002333581349206,0,stressed
2010-07-29,1101.530029296875,24.1299991607666,27.1200008392334,0.2085891397975148,0.0327108518101511,0.1239122164300898,-0.0041672922205166,1.7366324451178522e-05,0.0002310543093248,0,stressed
2010-07-30,1101.5999755859375,23.5,27.13999938964844,0.2085339645861279,0.026466035413872,0.1548935910488698,6.349719619899018e-05,4.031893925133053e-09,0.0002191468253968,0,stressed
2010-08-02,1125.8599853515625,22.01000022888184,25.39999961853028,0.2182380973337224,0.0018619049550959,0.1540208702587849,0.0217835287811667,0.0004745221261599,0.0001922381389188,0,stressed
2010-08-03,1120.4599609375,22.6299991607666,26.01000022888184,0.2184096755533173,0.0078903160543486,0.1493593103606964,-0.0048078946413303,2.311585088213351e-05,0.0002032209769905,0,stressed
2010-08-04,1127.239990234375,22.209999084472656,25.959999084472656,0.2133337076984096,0.0087662831463169,0.1688428705349061,0.006032878060028,3.639561768716756e-05,0.0001957476425921,0,stressed
2010-08-05,1125.81005859375,22.100000381469727,26.15999984741211,0.2131152014089244,0.0078848024057728,0.1837103799032775,-0.0012693298432147,1.6111982508755626e-06,0.0001938134987543,0,stressed
2010-08-06,1121.6400146484375,21.739999771118164,26.1200008392334,0.2067801628833011,0.0106198348278805,0.2014719923748166,-0.0037109155663972,1.377089434092977e-05,0.0001875506309715,0,stressed
2010-08-09,1127.7900390625,22.13999938964844,26.030000686645508,0.2070722192614572,0.0143277746350272,0.175700153759527,0.0054680871074055,2.9899976614174543e-05,0.0001945157035609,0,stressed
2010-08-10,1121.06005859375,22.3700008392334,26.309999465942383,0.2079797947698339,0.0157202136225,0.1761286758558747,-0.0059852816039276,3.58235958783143e-05,0.0001985781498203,0,stressed
2010-08-11,1089.469970703125,25.38999938964844,28.690000534057617,0.2040933147284252,0.0498066791680592,0.1299724782882269,-0.0285834059979615,0.0008170110984443,0.0002558143130977,0,stressed
2010-08-12,1083.6099853515625,25.729999542236328,29.25,0.2021813877047308,0.0551186077176324,0.1368053058837221,-0.0053932664000713,2.9087322462139105e-05,0.0002627114589061,0,stressed
2010-08-13,1079.25,26.239999771118164,29.96999931335449,0.2023601429083285,0.0600398548028531,0.1421493740385569,-0.004031690712189,1.6254529998751352e-05,0.0002732292015826,0,stressed
2010-08-16,1079.3800048828125,26.100000381469727,29.799999237060547,0.2015353826860786,0.0594646211286186,0.1417624061882281,0.0001204512887115,1.4508512952264606e-08,0.0002703214364733,0,stressed
2010-08-17,1092.5400390625,24.32999992370605,28.56999969482422,0.203516595440052,0.0397834037970084,0.1742704391456616,0.0121184896013476,0.0001468577902179,0.0002349003556696,0,stressed
2010-08-18,1094.1600341796875,24.59000015258789,28.57999992370605,0.1842635471417701,0.0616364543841087,0.1622610714257456,0.0014816804859392,2.195377062413202e-06,0.000239947661708,0,stressed
2010-08-19,1075.6300048828125,26.440000534057617,29.6299991607666,0.1897496763452331,0.074650328995343,0.1206504751238532,-0.0170804358568971,0.0002917412890615,0.0002774101699368,0,stressed
2010-08-20,1071.68994140625,25.489999771118164,29.540000915527344,0.1888694226965269,0.0660305750146547,0.1588858839064446,-0.0036697539229193,1.3467093854781872e-05,0.0002578333683855,0,stressed
2010-08-23,1067.3599853515625,25.65999984741211,29.290000915527344,0.1891735757103425,0.0674264227637785,0.1414653581333256,-0.0040484907945532,1.6390277713582003e-05,0.0002612839651465,0,stressed
2010-08-24,1051.8699951171875,27.459999084472656,30.309999465942383,0.1875561556003815,0.087043835244345,0.1037873443732657,-0.0146187683619912,0.0002137083884215,0.0002992268054441,0,stressed
2010-08-25,1055.3299560546875,26.700000762939453,29.850000381469727,0.1880108160901979,0.0789891915391965,0.1179775104314822,0.0032839446916381,1.0784292737738164e-05,0.0002828928733099,0,stressed
2010-08-26,1047.219970703125,27.3700008392334,30.3700008392334,0.188781711946282,0.0849182964460519,0.1096090576548198,-0.0077144665808924,5.951299462770594e-05,0.0002972686293411,0,stressed
2010-08-27,1064.5899658203125,24.450000762939453,28.39999961853028,0.1765537449857297,0.0679462626436648,0.1615541403817912,0.016450710403283,0.0002706258727726,0.0002372232290903,0,stressed
2010-08-30,1048.9200439453125,27.209999084472656,30.01000022888184,0.1806775349319968,0.0914224559127297,0.1029033898794579,-0.0148286111130857,0.0002198877075431,0.0002938031945146,0,stressed
2010-08-31,1049.3299560546875,26.049999237060547,29.040000915527344,0.1770800462195744,0.083419946151031,0.1147793384275041,0.0003907180884926,1.5266062467531198e-07,0.0002692866905757,0,stressed
2010-09-01,1080.2900390625,23.88999938964844,27.290000915527344,0.1937171040627392,0.0451828898337452,0.1423190294158034,0.0290777363867501,0.0008455147533773,0.000226480980491,0,stressed
2010-09-02,1090.0999755859375,23.190000534057617,26.6200008392334,0.1842683180773909,0.0476316872631852,0.1479085910385542,0.0090398529867345,8.171894202177393e-05,0.0002134032241149,0,stressed
2010-09-03,1104.510009765625,21.309999465942383,25.309999465942383,0.1867440837463391,0.0263559109130847,0.1877053073789511,0.0131323937931609,0.0001724597667386,0.0001802047925549,0,stressed
2010-09-07,1091.8399658203125,23.799999237060547,26.770000457763672,0.1866150436781312,0.0513849486924742,0.124789971256736,-0.0115374914127683,0.0001331137080997,0.0002247777633666,0,stressed
2010-09-08,1098.8699951171875,23.25,26.299999237060547,0.1877451174002686,0.0447548825997313,0.1311827628843246,0.0064180594909031,4.119148762877221e-05,0.0002145089285714,0,stressed
2010-09-09,1104.1800537109375,22.809999465942383,26.100000381469727,0.1873046814300314,0.0407953132293923,0.1442350281699763,0.0048206520589967,2.323868627390933e-05,0.000206466696681,0,stressed
2010-09-10,1109.550048828125,21.989999771118164,25.59000015258789,0.1874095172123535,0.0324904804988281,0.1637107966775877,0.0048515450406903,2.353748928184681e-05,0.0001918889245768,0,stressed
2010-09-13,1121.9000244140625,21.209999084472656,24.75,0.1900148968001931,0.0220850940445334,0.1669024548953845,0.0110691266031444,0.0001225255637564,0.0001785174845886,0,stressed
2010-09-14,1121.0999755859375,21.559999465942383,24.739999771118164,0.1791034046345091,0.0364965900249147,0.1474953795893697,-0.0007133739296067,5.089023634425542e-07,0.0001844577686394,0,stressed
2010-09-15,1125.0699462890625,22.100000381469727,24.93000030517578,0.1788464646141465,0.0421535392005507,0.1280542929799646,0.0035348838022687,1.2495403495542123e-05,0.0001938134987543,0,stressed
2010-09-16,1124.6600341796875,21.71999931335449,24.959999084472656,0.1779727756844957,0.0392272174490491,0.1491712648962222,-0.0003644100558466,1.3279468880215134e-07,0.0001872057024492,0,stressed
2010-09-17,1125.5899658203125,22.01000022888184,25.1200008392334,0.1779543592236208,0.0421456430651976,0.141299435620658,0.0008265141149324,6.831255821825942e-07,0.0001922381389188,0,stressed
2010-09-20,1142.7099609375,21.5,24.59000015258789,0.1828328972183441,0.0321671027816558,0.1437209373296693,0.0150952878895575,0.0002278677164686,0.0001834325396825,0,stressed
2010-09-21,1139.780029296875,22.350000381469727,24.940000534057617,0.1824643866386103,0.0410356171760868,0.1158836737530996,-0.0025673131207138,6.591096659789522e-06,0.0001982232210522,0,stressed
2010-09-22,1134.280029296875,22.51000022888184,25.15999984741211,0.1821479200705793,0.042952082218239,0.1177254372094649,-0.0048371727944516,2.339824064338312e-05,0.0002010714723429,0,stressed
2010-09-23,1124.8299560546875,23.8700008392334,26.15999984741211,0.1625756659200367,0.0761243424722972,0.095936276818843,-0.0083662401778413,6.999397471332738e-05,0.0002261019603432,0,stressed
2010-09-24,1148.6700439453125,21.709999084472656,24.75,0.1712049064158793,0.0458950844288472,0.1400276851094665,0.0209729155478082,0.0004398631865754,0.0001870333572411,0,stressed
2010-09-27,1142.1600341796875,22.540000915527344,25.200000762939453,0.1717718820364315,0.0536281271188418,0.1180124107971836,-0.0056835531819335,3.230277677186728e-05,0.0002016077941555,0,stressed
2010-09-28,1147.699951171875,22.600000381469727,25.34000015258789,0.1718941469644262,0.054105856850271,0.1212389258791674,0.0048386607358485,2.341263771664277e-05,0.0002026825465247,0,stressed
2010-09-29,1144.72998046875,23.25,25.90999984741211,0.1696764809223655,0.0628235190776344,0.1144085955876176,-0.0025911128831447,6.713865973198564e-06,0.0002145089285714,0,stressed
2010-09-30,1141.199951171875,23.700000762939453,26.39999961853028,0.1702099097772657,0.0667900978521287,0.1139239986782156,-0.0030884867064552,9.53875013595086e-06,0.0002228928714933,0,stressed
2010-10-01,1146.239990234375,22.5,25.700000762939453,0.1610817445020372,0.0639182554979627,0.1422222561306423,0.0044067143598945,1.941913144970106e-05,0.0002008928571428,0,stressed
2010-10-04,1137.030029296875,23.530000686645508,26.31999969482422,0.1629485378540964,0.0723514690123586,0.1185719900876237,-0.0080673865197217,6.508272525858767e-05,0.000219706719172,0,stressed
2010-10-05,1160.75,21.76000022888184,25.07999992370605,0.1705601364603333,0.047039865828485,0.1525735137823026,0.020646722507164,0.0004262871502878,0.0001878958769686,0,stressed
2010-10-06,1159.969970703125,21.489999771118164,24.90999984741211,0.162799302759749,0.0521006949514326,0.1591437930534699,-0.0006722304595956,4.5189379080814e-07,0.0001832619405407,0,stressed
2010-10-07,1158.06005859375,21.559999465942383,24.88999938964844,0.163419530180072,0.0521804644793517,0.1544526904542066,-0.0016478755817934,2.715493933071234e-06,0.0001844577686394,0,stressed
2010-10-08,1165.1500244140625,20.709999084472656,24.059999465942383,0.1603546429807231,0.0467453478640033,0.161757630592142,0.006103613171284,3.7254093744672425e-05,0.0001702000246344,0,stressed
2010-10-11,1165.3199462890625,18.959999084472656,23.979999542236328,0.1558624166034144,0.0337375742413121,0.2647679694180373,0.0001458262731871,2.126530195164199e-08,0.0001426514147949,0,stressed
2010-10-12,1169.77001953125,18.93000030517578,23.3700008392334,0.1463957013483857,0.0429043017033721,0.2345483604056596,0.0038114836641496,1.452740772207969e-05,0.0001422003617277,0,stressed
2010-10-13,1178.0999755859375,19.06999969482422,22.979999542236328,0.1463943609133997,0.0443056360348425,0.205034080229866,0.0070957855615592,5.035017273563288e-05,0.0001443114636351,0,stressed
2010-10-14,1173.81005859375,19.8799991607666,23.559999465942383,0.1268225535951598,0.0719774380125062,0.185110687149238,-0.003648032184403,1.3308138818440292e-05,0.0001568310978698,0,stressed
2010-10-15,1176.18994140625,19.030000686645508,23.200000762939453,0.125429753252395,0.0648702536140599,0.2191276892186496,0.0020254328732751,4.102378324143536e-06,0.0001437067167197,0,stressed
2010-10-18,1184.7099609375,19.09000015258789,22.799999237060547,0.1222170397774754,0.0686829617484035,0.1943425382304001,0.0072176346907062,5.2094250528486025e-05,0.0001446143277086,0,stressed
2010-10-19,1165.9000244140625,20.6299991607666,23.59000015258789,0.127207528479307,0.079092463128359,0.1434804223090088,-0.0160046440290548,0.0002561486304967,0.0001688876449893,0,stressed
2010-10-20,1178.1700439453125,19.790000915527344,22.65999984741211,0.1289086681871491,0.0689913409681242,0.1450226780754188,0.0104690826136784,0.000109601690772,0.0001554143397764,0,stressed
2010-10-21,1180.260009765625,19.270000457763672,22.21999931335449,0.128697949498904,0.0640020550787326,0.1530876380650159,0.0017723369527991,3.1411782742574754e-06,0.0001473543323977,0,stressed
2010-10-22,1183.0799560546875,18.780000686645508,21.64999961853028,0.1284582104680058,0.0593417963984492,0.1528220887619898,0.0023864087842906,5.694946885739528e-06,0.00013995572452,0,stressed
2010-10-25,1185.6199951171875,19.850000381469727,21.90999984741211,0.1256401581714407,0.0728598456432565,0.1037783086324483,0.0021446701468816,4.59961003892523e-06,0.0001563581409302,0,stressed
2010-10-26,1185.6400146484375,20.21999931335449,22.200000762939453,0.1255289017225283,0.0766710914110165,0.0979229236806775,1.6885142218022246e-05,2.851080277228372e-10,0.0001622414175524,0,stressed
2010-10-27,1182.449951171875,20.709999084472656,22.600000381469727,0.1261060755663091,0.0809939152784174,0.0912603274045579,-0.0026942096392165,7.2587655800474465e-06,0.0001702000246344,0,stressed
2010-10-28,1183.780029296875,20.8799991607666,22.809999465942383,0.1259723442960001,0.0828276473116658,0.0924329685224432,0.0011242172367564,1.2638643954204036e-06,0.0001730057003784,0,stressed
2010-10-29,1183.260009765625,21.200000762939453,22.950000762939453,0.126102655260085,0.0858973523693095,0.0825471668406372,-0.0004393838135683,1.930581356258513e-07,0.0001783492191859,0,stressed
2010-11-01,1184.3800048828125,21.82999992370605,23.290000915527344,0.1195037126334201,0.0987962866036403,0.066880485429403,0.000946085717253,8.950781843901552e-07,0.0001891067050273,0,stressed
2010-11-02,1193.5699462890625,21.56999969482422,23.020000457763672,0.1204103423011589,0.0952896546470832,0.0672230312218031,0.0077293360646937,5.974263600097525e-05,0.0001846289233471,0,stressed
2010-11-03,1197.9599609375,19.559999465942383,21.64999961853028,0.119013387056954,0.0765866076024697,0.1068507264648434,0.0036713064436857,1.347849100344848e-05,0.0001518228488522,0,stressed
2010-11-04,1221.06005859375,18.520000457763672,20.56999969482422,0.1250528198031417,0.060147184774495,0.1106911007770076,0.0190993044096645,0.000364783428933,0.0001361073083157,0,stressed
2010-11-05,1225.8499755859375,18.26000022888184,20.65999984741211,0.1125878851795481,0.0700121171092703,0.131434807691524,0.0039150790536113,1.532784399602644e-05,0.0001323125429995,0,stressed
2010-11-08,1223.25,18.290000915527344,20.729999542236328,0.1108905172378513,0.072009491917422,0.1334061511521052,-0.0021232098228606,4.508019951891989e-06,0.0001327476720198,0,stressed
2010-11-09,1213.4000244140625,19.07999992370605,21.530000686645508,0.1145705085309371,0.0762294907061233,0.1284067490951842,-0.008084894540661,6.536551973361104e-05,0.0001444628559875,0,stressed
2010-11-10,1218.7099609375,18.46999931335449,21.280000686645508,0.1139971465402635,0.0707028465932813,0.1521386831486932,0.0043665335797252,1.9066615502868315e-05,0.0001353733629505,0,stressed
2010-11-11,1213.5400390625,18.63999938964844,21.46999931335449,0.1145045469657081,0.0718954469307762,0.1518240352130946,-0.0042511498908571,1.80722753945347e-05,0.0001378768163674,0,stressed
2010-11-12,1199.2099609375,20.61000061035156,22.93000030517578,0.1211269063186958,0.0849730997848197,0.1125666970460438,-0.0118787662447534,0.0001411050874974,0.0001685603671264,0,stressed
2010-11-15,1197.75,20.200000762939453,22.809999465942383,0.1180094821117269,0.0839905255176675,0.1292078517042159,-0.001218177309455,1.483955957271223e-06,0.0001619206471518,0,stressed
2010-11-16,1178.3399658203125,22.57999992370605,24.07999992370605,0.1151520257446058,0.1106479734924546,0.0664304696664412,-0.0163381574146881,0.0002669353877071,0.0002023239668867,0,stressed
2010-11-17,1178.5899658203125,21.76000022888184,23.82999992370605,0.1151022208059259,0.1024977814828925,0.0951286614453579,0.0002121403759877,4.500353912421532e-08,0.0001878958769686,0,stressed
2010-11-18,1196.68994140625,18.75,22.43000030517578,0.1224944921801927,0.0650055078198072,0.1962666829427083,0.0152405835436476,0.0002322753867509,0.0001395089285714,0,stressed
2010-11-19,1199.72998046875,18.040000915527344,21.39999961853028,0.1216602745081134,0.0587397346471599,0.1862526902707041,0.0025371519119104,6.437139824111083e-06,0.0001291435051715,0,stressed
2010-11-22,1197.8399658203125,18.3700008392334,21.32999992370605,0.121864519581654,0.0618354888106799,0.1611322236932558,-0.0015766088850612,2.4856955764542225e-06,0.0001339114804894,0,stressed
2010-11-23,1180.72998046875,20.6299991607666,22.59000015258789,0.129296607336638,0.0770033842710279,0.0950073229061855,-0.0143870315905499,0.0002069866779874,0.0001688876449893,0,stressed
2010-11-24,1198.3499755859375,19.559999465942383,21.809999465942383,0.1346395235150349,0.0609604711443889,0.1150306779873727,0.0148127155186171,0.0002194165410354,0.0001518228488522,0,stressed
2010-11-26,1189.4000244140625,22.21999931335449,21.809999465942383,0.1361404187114163,0.0860595744221285,-0.0184518388875777,-0.0074965914242338,5.619888298189711e-05,0.000195923956145,0,stressed
2010-11-29,1187.760009765625,21.530000686645508,23.350000381469727,0.1361535107834711,0.0791464960829839,0.084533192604732,-0.001379810265237,1.9038763680536288e-06,0.0001839448133202,0,stressed
2010-11-30,1180.550048828125,23.540000915527344,25.190000534057617,0.1357623496092845,0.0996376595459889,0.0700934390126513,-0.0060887156101638,3.707245778145309e-05,0.0002198935091678,0,stressed
2010-12-01,1206.0699462890625,21.36000061035156,23.989999771118164,0.1408947743134272,0.0727052317900883,0.1231272980157147,0.0213866222631297,0.0004573876118257,0.0001810514389183,0,stressed
2010-12-02,1221.530029296875,19.38999938964844,21.989999771118164,0.1423470948378133,0.0515528990586711,0.1340897608721824,0.0127371001606208,0.0001622337205016,0.0001491952683851,0,stressed
2010-12-03,1224.7099609375,18.010000228881836,21.0,0.1423959648290964,0.0377040374597218,0.1660188635824243,0.0025998540163515,6.759240906339044e-06,0.0001287143286683,0,stressed
2010-12-06,1223.1199951171875,18.020000457763672,21.040000915527344,0.1425369606098385,0.0376630439677982,0.1675915860736033,-0.0012990821033003,1.6876143111152997e-06,0.000128857308134,0,stressed
2010-12-07,1223.75,17.989999771118164,20.96999931335449,0.1425123670886574,0.0373876306225242,0.1656475586520312,0.000514947584458,2.651710147391365e-07,0.0001284286078431,0,stressed
2010-12-08,1228.280029296875,17.739999771118164,20.3799991607666,0.1426781096268225,0.0347218880843591,0.1488162020129517,0.0036949257526148,1.3652476317336218e-05,0.0001248839650314,2,calm
2010-12-09,1233.0,17.25,19.979999542236328,0.1423930969117955,0.0301069030882044,0.1582608430281929,0.0038353835670092,1.4710167106084646e-05,0.0001180803571428,2,calm
2010-12-10,1240.4000244140625,17.610000610351562,19.84000015258789,0.1430078843096445,0.0330921217938711,0.1266325647328758,0.0059837037443602,3.58047105002714e-05,0.0001230603656732,2,calm
2010-12-13,1240.4599609375,17.549999237060547,20.459999084472656,0.1429556873832229,0.0325443049873825,0.1658119643257321,4.83191504584528e-05,2.3347403010265992e-09,0.000122223203659,2,calm
2010-12-14,1241.5899658203125,17.610000610351562,20.38999938964844,0.1429570803456609,0.0331429257578547,0.1578647747270793,0.00091054168468,8.29086159539982e-07,0.0001230603656732,2,calm
2010-12-15,1235.22998046875,17.940000534057617,20.739999771118164,0.1430049068780698,0.0363950984625063,0.1560757610762038,-0.0051356170153353,2.6374562128202447e-05,0.0001277157218896,2,calm
2010-12-16,1242.8699951171875,17.389999389648438,20.81999969482422,0.1435697582266656,0.0303302356698187,0.1972398174560904,0.0061660457042739,3.802011962719507e-05,0.0001200047931634,2,calm
2010-12-17,1243.9100341796875,16.110000610351562,20.290000915527344,0.1331963807654243,0.0279036253380913,0.2594661791936805,0.000836454459893,6.996560634750083e-07,0.0001029889363752,2,calm
2010-12-20,1247.0799560546875,16.40999984741211,20.100000381469727,0.1329606740162767,0.0311393244578443,0.2248629231181582,0.0025451114605429,6.477592346587049e-06,0.0001068603551555,2,calm
2010-12-21,1254.5999755859375,16.489999771118164,19.90999984741211,0.1336164546368182,0.0312835430743634,0.2073984307922182,0.0060119938497866,3.61440700498719e-05,0.0001079047985918,2,calm
2010-12-22,1258.8399658203125,15.449999809265137,19.56999969482422,0.13106582949662,0.0234341685960313,0.266666662551567,0.0033738576255426,1.1382915277432117e-05,9.472321194694156e-05,2,calm
2010-12-23,1256.77001953125,16.469999313354492,20.440000534057617,0.1309720615270816,0.0337279316064633,0.2410444071776068,-0.0016456817776046,2.7082685131399934e-06,0.0001076432053102,2,calm
2010-12-27,1257.5400390625,17.670000076293945,21.040000915527344,0.1300246178894349,0.0466753828735045,0.1907187789860051,0.0006125096248109,3.751680404860758e-07,0.0001239003582127,2,calm
2010-12-28,1258.510009765625,17.520000457763672,21.18000030517578,0.1240083269647813,0.0511916776128553,0.2089040954214271,0.000771026595142,5.944820104162847e-07,0.0001218057206508,2,calm
2010-12-29,1259.780029296875,17.280000686645508,20.84000015258789,0.1237348410006821,0.0490651658657729,0.2060184794259675,0.0010086365106648,1.017347610646194e-06,0.0001184914379882,2,calm
2010-12-30,1257.8800048828125,17.520000457763672,21.01000022888184,0.1118618988235339,0.0633381057541027,0.1992008949732439,-0.0015093576964174,2.2781606557345315e-06,0.0001218057206508,2,calm
2010-12-31,1257.6400146484375,17.75,20.89999961853028,0.1119294899525805,0.0655705100474194,0.1774647672411423,-0.0001908076526839,3.640756032276952e-08,0.0001250248015873,2,calm
2011-01-03,1271.8699951171875,17.610000610351562,20.6200008392334,0.1084217405613454,0.0676782655421701,0.1709256175216989,0.0112512941477613,0.0001265916199994,0.0001230603656732,2,calm
2011-01-04,1270.199951171875,17.3799991607666,20.61000061035156,0.1088392104243522,0.0649607811833137,0.1858458921491966,-0.001313924652635,1.7263979928021474e-06,0.0001198668138207,2,calm
2011-01-05,1276.56005859375,17.020000457763672,20.049999237060547,0.1086800831248656,0.0615199214527711,0.1780257754290918,0.0049946760743084,2.4946789087269757e-05,0.0001149525458659,2,calm
2011-01-06,1273.8499755859375,17.399999618530273,20.350000381469727,0.0977562765839307,0.0762437196013719,0.1695402774490768,-0.0021252143706372,4.516536121162977e-06,0.0001201428518749,2,calm
2011-01-07,1271.5,17.139999389648438,20.290000915527344,0.091276941126005,0.0801230527704793,0.1837807256738482,-0.0018464857690818,3.409509695421972e-06,0.0001165791980464,2,calm
2011-01-10,1269.75,17.540000915527344,20.479999542236328,0.0873997802460498,0.0880002289092236,0.1676167886688273,-0.0013772751808198,1.896886923702448e-06,0.0001220839809986,2,calm
2011-01-11,1274.47998046875,16.889999389648438,20.13999938964844,0.0868430883756227,0.0820569055208616,0.192421558167247,0.0037182062584071,1.3825057780058452e-05,0.000113203206104,2,calm
2011-01-12,1285.9599609375,16.239999771118164,19.229999542236328,0.0850766024372783,0.0773233952739032,0.1841132889937408,0.0089672537988508,8.04116406930044e-05,0.0001046577748277,2,calm
2011-01-13,1283.760009765625,16.389999389648438,19.200000762939453,0.0654129913606964,0.0984870025357879,0.1714460938336429,-0.0017122112404593,2.93166733195537e-06,0.0001066000317431,2,calm
2011-01-14,1293.239990234375,15.460000038146973,18.3700008392334,0.0593772448265902,0.0952227555548794,0.188227735698972,0.0073574103473014,5.413148701857892e-05,9.484587348393032e-05,2,calm
2011-01-18,1295.02001953125,15.869999885559082,18.3799991607666,0.0593581556973023,0.0993418431582885,0.1581600058794893,0.0013754642661832,1.8919019475470376e-06,9.99432128443037e-05,2,calm
2011-01-19,1281.9200439453125,17.309999465942383,19.63999938964844,0.0683446127739416,0.1047553818854821,0.1346042747309356,-0.0101671657933855,0.0001033712602701,0.0001189032069487,2,calm
2011-01-20,1280.260009765625,17.989999771118164,19.89999961853028,0.068786458578225,0.1111135391329565,0.1061700873658987,-0.0012957984038339,1.6790935033784892e-06,0.0001284286078431,2,calm
2011-01-21,1283.3499755859375,18.46999931335449,19.96999931335449,0.0685313619574419,0.1161686311761029,0.0812127804961771,0.0024106376042604,5.811173659074527e-06,0.0001353733629505,2,calm
2011-01-24,1290.8399658203125,17.649999618530273,19.57999992370605,0.0693645713978484,0.1071354247874543,0.1093484615801079,0.0058193152345954,3.3864429799594555e-05,0.0001236200343389,2,calm
2011-01-25,1291.1800537109375,17.59000015258789,19.34000015258789,0.0681421541635982,0.1077578473622806,0.0994883447879069,0.0002634277736185,6.93941919136141e-08,0.0001227809941936,2,calm
2011-01-26,1296.6300048828125,16.639999389648438,18.81999969482422,0.0685251547356537,0.0978748391608306,0.131009638529911,0.00421202414848,1.7741147427378704e-05,0.0001098768173363,2,calm
2011-01-27,1299.5400390625,16.149999618530273,18.479999542236328,0.068538281791642,0.0929617143936606,0.1442724445041253,0.0022417910607998,5.025627160281965e-06,0.000103500987174,2,calm
2011-01-28,1276.3399658203125,20.040000915527344,20.59000015258789,0.0870653135727485,0.1133346955825249,0.0274450704557801,-0.0180138054241828,0.0003244971858603,0.0001593657288469,2,calm
2011-01-31,1286.1199951171875,19.530000686645508,20.14999961853028,0.087908266247971,0.107391740618484,0.0317459759388908,0.0076333499328811,5.8268031197816606e-05,0.000151357510643,2,calm
2011-02-01,1307.5899658203125,17.6299991607666,18.96999931335449,0.0985925744154943,0.0777074171921716,0.0760068188528274,0.0165557918378343,0.0002740942433777,0.0001233400279399,2,calm
2011-02-02,1304.030029296875,17.299999237060547,19.09000015258789,0.0993640012185196,0.0736359911520858,0.1034682655761483,-0.0027262302593629,7.432331427066055e-06,0.0001187658625405,2,calm
2011-02-03,1307.0999755859375,16.690000534057617,18.920000076293945,0.0984783524434693,0.0684216528971068,0.1336129101785102,0.0023514322901266,5.529233815050406e-06,0.0001105381419947,2,calm
2011-02-04,1310.8699951171875,15.93000030517578,18.32999992370605,0.0984012620370819,0.0608987410146758,0.150659106877135,0.0028801110627525,8.29503973378967e-06,0.0001007003610011,2,calm
2011-02-07,1319.050048828125,16.280000686645508,18.26000022888184,0.0989598823156683,0.0638401245507867,0.1216215883737969,0.0062207823459526,3.869813299571621e-05,0.0001051739771258,2,calm
2011-02-08,1324.5699462890625,15.8100004196167,17.850000381469727,0.0991857482408223,0.0589142559553446,0.1290322522270044,0.0041760203758396,1.7439146179428317e-05,9.918893383661912e-05,2,calm
2011-02-09,1320.8800048828125,15.869999885559082,17.860000610351562,0.1000185860071209,0.0586814128484698,0.1253938714015545,-0.0027896530778007,7.782164294482947e-06,9.99432128443037e-05,2,calm
2011-02-10,1321.8699951171875,16.09000015258789,18.100000381469727,0.1000350171994104,0.0608649843264684,0.1249223250354382,0.0007492122074986,5.613189318649267e-07,0.0001027333749643,2,calm
2011-02-11,1329.1500244140625,15.6899995803833,17.860000610351562,0.1001997549287878,0.0567002408750452,0.1383047219887337,0.0054922615018864,3.016493640510412e-05,9.768892334620168e-05,2,calm
2011-02-14,1332.3199462890625,15.949999809265137,17.940000534057617,0.1000245998189235,0.0594753982737278,0.1247649372156428,0.0023820846440688,5.674327251508539e-06,0.0001009533706014,2,calm
2011-02-15,1328.010009765625,16.3700008392334,18.270000457763672,0.0970543688063804,0.0666456395859535,0.1160659450900339,-0.0032401546915789,1.0498602425361217e-05,0.0001063400505859,2,calm
2011-02-16,1336.3199462890625,16.719999313354492,18.31999969482422,0.0976585631799073,0.0695414299536375,0.0956938066493689,0.0062379386988508,3.8911879210620514e-05,0.0001109358639041,2,calm
2011-02-17,1340.4300537109375,16.59000015258789,18.6299991607666,0.0972514605442722,0.0686485409816066,0.1229655810377126,0.0030709708803804,9.430862148144944e-06,0.000109217502009,2,calm
2011-02-18,1343.010009765625,16.43000030517578,18.89999961853028,0.0965996434253034,0.0677003596264543,0.1503347089151541,0.0019228727220244,3.6974395051058618e-06,0.0001071209960428,2,calm
2011-02-22,1315.43994140625,20.799999237060547,21.31999969482422,0.1162575072399407,0.0917424851306647,0.0250000229248642,-0.0207422049204545,0.0004302390649621,0.0001716825270879,2,calm
2011-02-23,1307.4000244140625,22.1299991607666,22.46999931335449,0.1179531294863949,0.1033468621212711,0.0153637670800575,-0.0061307150105086,3.758566654007582e-05,0.0001943400249426,2,calm
2011-02-24,1306.0999755859375,21.31999969482422,22.26000022888184,0.1177911453656282,0.0954088515826138,0.0440900819658933,-0.0009948719612429,9.89770219267302e-07,0.0001803739630902,2,calm
2011-02-25,1319.8800048828125,19.21999931335449,20.56999969482422,0.1187888980073032,0.0734110951262416,0.0702393563839369,0.0104952481653247,0.0001101502340517,0.0001465906244465,2,calm
2011-02-28,1327.219970703125,18.350000381469727,20.0,0.1192805436497454,0.0642194601649518,0.0899182334729803,0.005545679951233,3.0754566121508054e-05,0.000133620045238,2,calm
2011-03-01,1306.3299560546875,21.01000022888184,21.89999961853028,0.1274216774120651,0.0826783248767532,0.0423607510686735,-0.0158648617910586,0.0002516938396493,0.0001751667101657,2,calm
2011-03-02,1308.43994140625,20.700000762939453,21.68000030517578,0.1274404567365689,0.0795595508928255,0.0473429713099762,0.0016138978895201,2.604666397797685e-06,0.0001700357268197,2,calm
2011-03-03,1330.969970703125,18.600000381469727,20.440000534057617,0.1322798512568004,0.0537201525578968,0.0989247373575859,0.0170724345792385,0.0002914680224623,0.0001372857199169,2,calm
2011-03-04,1321.1500244140625,19.059999465942383,20.799999237060547,0.134469305960884,0.0561306886985397,0.0912906516197603,-0.0074053897893687,5.4839797932486505e-05,0.0001441601506514,2,calm
2011-03-07,1310.1300048828125,20.65999984741211,21.850000381469727,0.1371274279115115,0.0694725705626095,0.0575992518318763,-0.0083762152562698,7.016098201936701e-05,0.0001693792038472,0,stressed
2011-03-08,1321.8199462890625,19.81999969482422,21.450000762939453,0.1384051704396566,0.0597948265085855,0.082240216610139,0.0088831615301761,7.891055877120188e-05,0.0001558858682154,0,stressed
2011-03-09,1320.02001953125,20.21999931335449,21.81999969482422,0.138539155615307,0.0636608375182379,0.0791295962316376,-0.0013626313929708,1.8567643131095688e-06,0.0001622414175524,0,stressed
2011-03-10,1295.1099853515625,21.8799991607666,22.76000022888184,0.1494449829540553,0.0693550086536106,0.0402194287874189,-0.0190512804763306,0.0003629512877878,0.0001899739536806,0,stressed
2011-03-11,1304.280029296875,20.07999992370605,21.8700008392334,0.1507291299932162,0.0500708692438442,0.0891434722275126,0.0070555645245696,4.978099076036531e-05,0.0001600025384666,0,stressed
2011-03-14,1296.3900146484375,21.1299991607666,22.489999771118164,0.141960895393911,0.069339096213755,0.064363495710722,-0.0060676969567737,3.6816946359241685e-05,0.000177173358942,0,stressed
2011-03-15,1281.8699951171875,24.31999969482422,24.030000686645508,0.1442782025498535,0.0989217943983886,-0.011924301472768,-0.0112635443948455,0.0001268674323346,0.0002347072956969,0,stressed
2011-03-16,1256.8800048828125,29.39999961853028,26.90999984741211,0.14612500993462,0.1478749862506826,-0.0846938708648406,-0.0196874819493722,0.0003875969455068,0.000342999991099,0,stressed
2011-03-17,1273.719970703125,26.3700008392334,25.440000534057617,0.1520530823756649,0.111646926016669,-0.0352673597109683,0.0133092662318742,0.0001771365676309,0.0002759432318496,0,stressed
2011-03-18,1279.2099609375,24.440000534057617,24.34000015258789,0.1525067017022709,0.0918933036383052,-0.0040916685468305,0.0043009395825458,1.849808129270932e-05,0.0002370292167082,0,stressed
2011-03-21,1298.3800048828125,20.61000061035156,21.950000762939453,0.1587987569215169,0.0473012491819986,0.0650169875256998,0.0148746679301822,0.0002212557460331,0.0001685603671264,0,stressed
2011-03-22,1293.77001953125,20.209999084472656,21.700000762939453,0.1578251823516207,0.0442748084931058,0.0737259646692198,-0.0035568853410381,1.2651433329292224e-05,0.0001620809773787,0,stressed
2011-03-23,1297.5400390625,19.170000076293945,20.93000030517578,0.1575314567276461,0.0341685440352933,0.091810131553327,0.0029097422585029,8.46660001091768e-06,0.0001458289297321,0,stressed
2011-03-24,1309.6600341796875,18.0,20.07999992370605,0.1600054148147035,0.0199945851852964,0.1155555513170028,0.0092973934354753,8.644152469402068e-05,0.0001285714285714,0,stressed
2011-03-25,1313.800048828125,17.90999984741211,20.030000686645508,0.1602923328080565,0.0188076656660645,0.1183696737741584,0.0031561510021889,9.961289148618248e-06,0.0001272889264025,0,stressed
2011-03-28,1310.18994140625,19.440000534057617,20.86000061035156,0.1595254568543391,0.034874548486237,0.0730452694075905,-0.0027516184993913,7.571404366192952e-06,0.0001499657225254,0,stressed
2011-03-29,1319.43994140625,18.15999984741211,19.96999931335449,0.1608154603178799,0.0207845381562411,0.0996695749532351,0.0070352396073016,4.949459633214555e-05,0.000130867299388,0,stressed
2011-03-30,1328.260009765625,17.709999084472656,19.75,0.1618129391635716,0.0152870516811549,0.1151892163176861,0.0066624626262351,4.4388408245980616e-05,0.0001244619315761,0,stressed
2011-03-31,1325.8299560546875,17.739999771118164,19.84000015258789,0.160799424675853,0.0166005730353286,0.118376573199773,-0.0018311771049752,3.35320958978553e-06,0.0001248839650314,0,stressed
2011-04-01,1332.4100341796875,17.399999618530273,19.59000015258789,0.1612297804096684,0.0127702157756343,0.1258621024178275,0.004950712944456,2.450955865840491e-05,0.0001201428518749,0,stressed
2011-04-04,1332.8699951171875,17.5,19.38999938964844,0.1611140645742687,0.0138859354257312,0.107999965122768,0.0003451501808517,1.1912864734199933e-07,0.0001215277777777,0,stressed
2011-04-05,1332.6300048828125,17.25,19.39999961853028,0.1489537048391741,0.0235462951608258,0.1246376590452334,-0.0001800714575302,3.2425729817072444e-08,0.0001180803571428,2,calm
2011-04-06,1335.5400390625,16.899999618530273,19.3799991607666,0.1477139666032363,0.0212860295820663,0.1467455383559354,0.002181296758153,4.758055547128905e-06,0.0001133372964707,2,calm
2011-04-07,1333.510009765625,17.110000610351562,19.5,0.1477746083419465,0.023325397761569,0.1396843544355273,-0.0015211626992252,2.3139359575143835e-06,0.0001161714765421,2,calm
2011-04-08,1328.1700439453125,17.8700008392334,20.049999237060547,0.1453742017471137,0.0333258066452202,0.1219920702544671,-0.0040124830009741,1.6100019833106892e-05,0.0001267210039659,2,calm
2011-04-11,1324.4599609375,16.59000015258789,20.01000022888184,0.1447221724688395,0.0211778290570393,0.2061482848003747,-0.0027972882914021,7.824821785215672e-06,0.000109217502009,2,calm
2011-04-12,1314.1600341796875,17.09000015258789,20.32999992370605,0.1388449715368827,0.0320550299889962,0.1895845372843684,-0.0078070954457245,6.095073929865353e-05,0.0001159000417521,2,calm
2011-04-13,1314.4100341796875,16.920000076293945,19.989999771118164,0.1387802167547633,0.0304197840081761,0.1814420615237167,0.0001902174903101,3.61826936198747e-08,0.0001136057153102,2,calm
2011-04-14,1314.52001953125,16.270000457763672,19.959999084472656,0.1291838090932561,0.0335161954843806,0.2267976965512746,8.36730908616908e-05,7.001186134348763e-09,0.0001050448074982,2,calm
2011-04-15,1319.6800537109375,15.31999969482422,19.170000076293945,0.1280223877412745,0.0251776092069677,0.2513055129348616,0.003917728825568,1.534859915068653e-05,9.313586930532311e-05,2,calm
2011-04-18,1305.1400146484375,16.959999084472656,19.920000076293945,0.1297798238558858,0.0398201669888407,0.1745283697881358,-0.0110789977285779,0.0001227441906698,0.0001141434797402,2,calm
2011-04-19,1312.6199951171875,15.829999923706056,19.18000030517578,0.1281833888738933,0.0301166103631672,0.2116235248019784,0.0057148102180944,3.265905582883696e-05,9.944003872402131e-05,2,calm
2011-04-20,1330.3599853515625,15.06999969482422,18.479999542236328,0.1340796478156614,0.0166203491325807,0.2262773667197398,0.0134244351323473,0.0001802154586226,9.01209884134929e-05,2,calm
2011-04-21,1337.3800048828125,14.6899995803833,18.350000381469727,0.1215852615000448,0.0253147343037881,0.2491491426571522,0.0052629084996557,2.7698205875748227e-05,8.563336812367522e-05,2,calm
2011-04-25,1335.25,15.770000457763672,18.549999237060547,0.1204646533155288,0.0372353512621078,0.176284001179484,-0.0015939395500958,2.540643289359641e-06,9.86876644594708e-05,2,calm
2011-04-26,1347.239990234375,15.619999885559082,18.270000457763672,0.1209007112844452,0.0352992875711455,0.1696543272483986,0.0089395077901929,7.991479953092123e-05,9.681920493050228e-05,2,calm
2011-04-27,1355.6600341796875,15.350000381469728,17.899999618530273,0.115642979247329,0.0378570245673682,0.1661237246703174,0.0062303977998288,3.881785674411181e-05,9.350099671076222e-05,2,calm
2011-04-28,1360.47998046875,14.619999885559082,17.520000457763672,0.095942025219457,0.0502579736361337,0.1983584538238655,0.0035491184714345,1.259624192427789e-05,8.481920502132841e-05,2,calm
2011-04-29,1363.6099853515625,14.75,17.5,0.0904523598408708,0.0570476401591291,0.1864406779661017,0.0022980197420207,5.280894734717262e-06,8.633432539682539e-05,2,calm
2011-05-02,1361.219970703125,15.989999771118164,18.38999938964844,0.0909737395992445,0.0689262581119371,0.1500937869220774,-0.0017542491090454,3.0773899365867764e-06,0.0001014603542382,2,calm
2011-05-03,1356.6199951171875,16.700000762939453,19.11000061035156,0.0837489319055915,0.0832510757238029,0.1443113615156452,-0.0033850263710526,1.1458403532721945e-05,0.0001106706450326,2,calm
2011-05-04,1347.3199462890625,17.079999923706055,19.440000534057617,0.0860022363585434,0.0847977628785171,0.1381733384597981,-0.0068789142528323,4.731946129782023e-05,0.0001157644434102,2,calm
2011-05-05,1335.0999755859375,18.200000762939453,19.84000015258789,0.0910206307429203,0.0909793768864742,0.0901098527967074,-0.0091112171806945,8.301427851378315e-05,0.0001314444554646,2,calm
2011-05-06,1340.199951171875,18.39999961853028,19.90999984741211,0.087987948341723,0.0960120478435797,0.0820652315319148,0.0038126429958767,1.4536246614007826e-05,0.0001343492007785,2,calm
2011-05-09,1346.2900390625,17.15999984741211,19.200000762939453,0.0884024639947719,0.0831975344793491,0.1188811732906277,0.0045338701019314,2.0555978101187505e-05,0.0001168514264933,2,calm
2011-05-10,1357.1600341796875,15.90999984741211,18.3700008392334,0.0901368596633515,0.0689631388107696,0.1546197998374857,0.0080416160096633,6.466758804687406e-05,0.0001004476568034,2,calm
2011-05-11,1342.0799560546875,16.950000762939453,19.049999237060547,0.0951576772830142,0.0743423303463802,0.1238937097107784,-0.0111736896878856,0.0001248513412411,0.0001140089388347,2,calm
2011-05-12,1348.6500244140625,16.030000686645508,18.440000534057617,0.0943033174141077,0.0659966894523473,0.1503430907161385,0.0048834936721674,2.3848510446099925e-05,0.0001019686198467,2,calm
2011-05-13,1337.77001953125,17.06999969482422,19.06999969482422,0.0973552999128636,0.0733446970353785,0.1171646183805391,-0.0081000470454252,6.561076213810262e-05,0.000115628924437,2,calm
2011-05-16,1329.469970703125,18.239999771118164,19.8700008392334,0.0980996148546312,0.0843003828565504,0.0893640947680401,-0.0062237186380957,3.8734673686180245e-05,0.0001320228538295,2,calm
2011-05-17,1328.97998046875,17.549999237060547,19.450000762939453,0.0980949492048345,0.0774050431657709,0.1082621999131857,-0.00036862852333,1.3588698821248302e-07,0.000122223203659,2,calm
2011-05-18,1340.6800537109375,16.229999542236328,18.530000686645508,0.1013998607519266,0.0609001346704366,0.1417129518965016,0.0087652719837031,7.682999294829109e-05,0.0001045289226749,2,calm
2011-05-19,1343.5999755859375,15.520000457763672,18.170000076293945,0.1013988905607242,0.0538011140169124,0.170747393064969,0.0021755725891674,4.733116090736929e-06,9.558349770197802e-05,2,calm
2011-05-20,1333.27001953125,17.43000030517578,19.049999237060547,0.1038735881349195,0.0704264149168382,0.09294313846935,-0.007717974612614,5.956713212095457e-05,0.0001205575042215,2,calm
2011-05-23,1317.3699951171875,18.270000457763672,19.790000915527344,0.1090011865006792,0.0736988180769574,0.0831965199605543,-0.0119972648409886,0.0001439343636648,0.0001324575066375,2,calm
2011-05-24,1316.280029296875,17.81999969482422,19.170000076293945,0.1087538939153299,0.0694461030329122,0.0757575984617907,-0.0008277226453314,6.851247775945213e-07,0.0001260128528267,2,calm
2011-05-25,1320.469970703125,17.06999969482422,18.8700008392334,0.1067239840609229,0.0639760128873193,0.1054482235846176,0.0031781131566695,1.0100403236596235e-05,0.000115628924437,2,calm
2011-05-26,1325.68994140625,16.09000015258789,18.190000534057617,0.1072867624209288,0.05361323910495,0.1305158708237778,0.0039453227676992,1.5565571741325898e-05,0.0001027333749643,2,calm
2011-05-27,1331.0999755859375,15.979999542236328,18.1299991607666,0.1078432270862363,0.0519567683361269,0.1345431589561479,0.0040726153187659,1.658619553464682e-05,0.0001013334862578,2,calm
2011-05-31,1345.199951171875,15.449999809265137,17.559999465942383,0.1113590318799368,0.0431409662127145,0.1365695587524804,0.0105370148563678,0.0001110286820833,9.472321194694156e-05,2,calm
2011-06-01,1314.550048828125,18.299999237060547,19.36000061035156,0.126655693382794,0.0563442989878114,0.0579235747258575,-0.0230482257006404,0.0005312207079476,0.000132892846062,2,calm
2011-06-02,1312.93994140625,18.09000015258789,19.31999969482422,0.1256417663626929,0.0552582351631859,0.0679933406225189,-0.0012255861140475,1.5020613229461033e-06,0.0001298603593335,2,calm
2011-06-03,1300.1600341796875,17.950000762939453,19.46999931335449,0.1220595809921368,0.0574404266372576,0.0846795813821527,-0.0097814926651915,9.567759875919531e-05,0.0001278581457894,2,calm
2011-06-06,1286.1700439453125,18.489999771118164,19.959999084472656,0.1240405811269316,0.0608594165842499,0.0795023975960598,-0.0108185160137223,0.0001170402887391,0.0001356667029904,2,calm
2011-06-07,1284.93994140625,18.06999969482422,19.5,0.1240412699619631,0.056658726986279,0.0791367088725173,-0.0009568650426676,9.155907098794286e-07,0.0001295733686392,2,calm
2011-06-08,1279.56005859375,18.790000915527344,19.950000762939453,0.1204265343956568,0.0674734747596166,0.0617349542784497,-0.0041956644216076,1.7603599938744656e-05,0.0001401048152402,2,calm
2011-06-09,1289.0,17.770000457763672,19.26000022888184,0.1211107108126418,0.0565892937649948,0.0838491689777751,0.0073504093289916,5.4028517303727766e-05,0.0001253067128051,2,calm
2011-06-10,1270.97998046875,18.86000061035156,20.11000061035156,0.1252028934626727,0.0633971126408429,0.0662778345465122,-0.0140784828818463,0.0001982036802544,0.0001411506440565,2,calm
2011-06-13,1271.8299560546875,19.61000061035156,20.440000534057617,0.1247748086639695,0.071325197439546,0.0423253390042183,0.0006685325595012,4.4693578311326165e-07,0.0001526000491817,2,calm
2011-06-14,1287.8699951171875,18.26000022888184,19.43000030517578,0.1320019508329207,0.0505980514558976,0.0640744831121827,0.0125329134851073,0.0001570739204251,0.0001323125429995,2,calm
2011-06-15,1265.4200439453125,21.31999969482422,21.3799991607666,0.1396357754430303,0.0735642215052118,0.0028142339024961,-0.017585569507258,0.0003092522548946,0.0001803739630902,0,stressed
2011-06-16,1267.6400146484375,22.729999542236328,22.61000061035156,0.1394276429694023,0.0878723524529609,-0.0052793195909128,0.0017527979756827,3.0723007435575404e-06,0.0002050209838055,0,stressed
2011-06-17,1271.5,21.850000381469727,22.440000534057617,0.1385113447596102,0.079988659055087,0.0270022948415255,0.0030403902917997,9.243973126470433e-06,0.000189453379631,0,stressed
2011-06-20,1278.3599853515625,19.989999771118164,21.21999931335449,0.1391196751488266,0.060780322562355,0.0615307431875734,0.0053806890901587,2.895181508495321e-05,0.0001585714646227,0,stressed
2011-06-21,1295.52001953125,18.86000061035156,20.5,0.1447034542520111,0.0438965518515044,0.0869564865628003,0.0133341790614636,0.0001778003312431,0.0001411506440565,0,stressed
2011-06-22,1287.1400146484375,18.520000457763672,20.71999931335449,0.1426826729950774,0.0425173315825593,0.1187904320309326,-0.0064894598444077,4.211308907218035e-05,0.0001361073083157,0,stressed
2011-06-23,1283.5,19.290000915527344,20.93000030517578,0.1399247974401177,0.0529752117151557,0.0850181084402298,-0.0028319928581939,8.020183548861487e-06,0.0001476603711591,0,stressed
2011-06-24,1268.449951171875,21.100000381469727,21.920000076293945,0.1416646038799648,0.0693353999347324,0.0388625440757978,-0.0117950771768584,0.000139123845608,0.0001766706413087,0,stressed
2011-06-27,1280.0999755859375,20.559999465942383,21.5,0.1440532555249464,0.0615467391344773,0.0457198715211411,0.0091425366557308,8.3585976501382e-05,0.000167743483349,0,stressed
2011-06-28,1296.6700439453125,19.170000076293945,20.520000457763672,0.1491101121539628,0.0425898886089766,0.0704225548303031,0.0128612927359967,0.000165412850841,0.0001458289297321,0,stressed
2011-06-29,1307.4100341796875,17.270000457763672,19.420000076293945,0.1514169268393647,0.0212830777382719,0.1244933156654172,0.0082486335349131,6.803995519329419e-05,0.000118354331671,0,stressed
2011-06-30,1320.6400146484375,16.520000457763672,18.90999984741211,0.1521585004434111,0.0130415041342255,0.1446730825316196,0.0100683715951627,0.0001013721065782,0.0001082977837795,0,stressed
2011-07-01,1339.6700439453125,15.869999885559082,17.93000030517578,0.1579650252433562,0.0007349736122345,0.1298046902628649,0.0143068691060824,0.0002046865036185,9.99432128443037e-05,0,stressed
2011-07-05,1337.8800048828125,16.059999465942383,18.11000061035156,0.1563646402909045,0.0042353543685192,0.1276464017795585,-0.0013370725450782,1.7877629908018974e-06,0.0001023506281135,0,stressed
2011-07-06,1339.219970703125,16.34000015258789,18.40999984741211,0.1520951618723093,0.0113048396535696,0.1266829666764952,0.0010010578196052,1.002116758192882e-06,0.0001059506368994,0,stressed
2011-07-07,1353.219970703125,15.949999809265137,17.770000457763672,0.1546715175049172,0.0048284805877341,0.1141066250948367,0.0103995828920925,0.0001081513243295,0.0001009533706014,0,stressed
2011-07-08,1343.800048828125,15.949999809265137,17.959999084472656,0.1561812233374416,0.0033187747552097,0.1260187648428646,-0.0069854581069361,4.87966249637596e-05,0.0001009533706014,0,stressed
2011-07-11,1319.489990234375,18.38999938964844,19.979999542236328,0.1650331809520792,0.0188668129444051,0.0864600437933066,-0.0182561669365739,0.000333287631216,0.0001342032053774,0,stressed
2011-07-12,1313.6400146484375,19.8700008392334,20.93000030517578,0.164982587357352,0.0337174210349819,0.0533467247696039,-0.0044433698298372,1.974353544470761e-05,0.0001566733862504,0,stressed
2011-07-13,1317.719970703125,19.90999984741211,20.850000381469727,0.1620651771419381,0.0370348213321829,0.0472124832376529,0.0031010271091221,9.616369131510276e-06,0.0001573047991761,0,stressed
2011-07-14,1308.8699951171875,20.799999237060547,21.59000015258789,0.1488676107318816,0.0591323816387238,0.0379808146396348,-0.0067387823693347,4.5411187821257065e-05,0.0001716825270879,0,stressed
2011-07-15,1316.1400146484375,19.530000686645508,20.940000534057617,0.1497292105281362,0.0455707963383188,0.0721966102323928,0.005539055540283,3.068113627834075e-05,0.000151357510643,0,stressed
2011-07-18,1305.43994140625,20.950000762939453,21.84000015258789,0.1488739005950503,0.0606261070343442,0.0424820695578611,-0.0081631175393684,6.663648796154409e-05,0.0001741676714155,0,stressed
2011-07-19,1326.72998046875,19.209999084472656,20.5,0.1521381333307098,0.0399618575140167,0.0671525755860157,0.0161771496468435,0.0002617001706963,0.0001464381209624,0,stressed
2011-07-20,1325.8399658203125,19.09000015258789,20.3700008392334,0.1521078702672924,0.0387921312585864,0.0670508473763415,-0.0006710584073998,4.503193861419649e-07,0.0001446143277086,0,stressed
2011-07-21,1343.800048828125,17.559999465942383,19.200000762939453,0.1553911142360991,0.0202088804233247,0.0933941541500529,0.0134552627862652,0.0001810440966474,0.0001223625322396,0,stressed
2011-07-22,1345.02001953125,17.520000457763672,19.200000762939453,0.1544502397575286,0.020749764820108,0.0958904258721819,0.0009074395131127,8.234464699583341e-07,0.0001218057206508,0,stressed
2011-07-25,1337.4300537109375,19.350000381469727,20.26000022888184,0.1489389207422303,0.0445610830724669,0.0470284149598034,-0.0056589952232439,3.2024226936697804e-05,0.0001485803630011,0,stressed
2011-07-26,1331.93994140625,20.229999542236328,20.88999938964844,0.1498682805126546,0.0524317149097086,0.0326248078273141,-0.0041134200623285,1.6920224609166932e-05,0.0001624019370947,0,stressed
2011-07-27,1304.8900146484375,22.979999542236328,22.690000534057617,0.1591273344649582,0.070672660957405,-0.0126196263688214,-0.0205177248072914,0.0004209770312677,0.0002095557059369,0,stressed
2011-07-28,1300.6700439453125,23.739999771118164,22.950000762939453,0.150188738163047,0.0872112595481345,-0.0332771278768003,-0.0032392071555055,1.0492462996278597e-05,0.0002236458687034,0,stressed
2011-07-29,1292.280029296875,25.25,22.90999984741211,0.1516746150024951,0.1008253849975048,-0.0926732733698174,-0.0064714272871731,4.187937113316908e-05,0.0002530009920634,0,stressed
2011-08-01,1286.93994140625,23.65999984741211,22.3799991607666,0.1521151267540109,0.0844848717201101,-0.054099775777704,-0.0041408608662307,1.714672871348122e-05,0.0002221411082458,0,stressed
2011-08-02,1254.050048828125,24.790000915527344,23.600000381469727,0.1692541594355869,0.0786458497196865,-0.0480032468781497,-0.0258889091906239,0.0006702356190803,0.0002438667243618,0,stressed
2011-08-03,1260.3399658203125,23.3799991607666,23.1200008392334,0.1649445227125966,0.0688554688950693,-0.011120544519501,0.0050031459527175,2.5031469424193667e-05,0.000216914428872,0,stressed
2011-08-04,1200.0699462890625,31.65999984741211,28.559999465942383,0.2156490440309343,0.1009509544431867,-0.0979153631209862,-0.0490016550437416,0.0024011621970258,0.000397760154896,0,stressed
2011-08-05,1199.3800048828125,32.0,29.59000015258789,0.2157030218757759,0.1042969781242241,-0.0753124952316284,-0.0005750829892724,3.307204445505488e-07,0.0004063492063492,0,stressed
2011-08-08,1119.4599609375,48.0,38.09999847412109,0.2888756749058396,0.1911243250941603,-0.206250031789144,-0.0689583693926251,0.0047552567092897,0.0009142857142857,1,crisis
2011-08-09,1172.530029296875,35.060001373291016,31.06999969482422,0.3219555452537598,0.0286444684791503,-0.1138049492920559,0.046317441063388,0.0021453053466604,0.0004877792445615,1,crisis
2011-08-10,1120.760009765625,42.9900016784668,36.58000183105469,0.3406056929616488,0.0892943238230191,-0.1491044335228022,-0.0451567970274743,0.0020391363177805,0.0007333889858391,1,crisis
2011-08-11,1172.6400146484375,39.0,33.81999969482422,0.3687040072590239,0.0212959927409761,-0.1328205206455328,0.0452505943637715,0.0020476162902745,0.0006035714285714,1,crisis
2011-08-12,1178.81005859375,36.36000061035156,32.75,0.3674105823305099,-0.0038105762269942,-0.0992849436125644,0.0052478750672759,2.754019272173644e-05,0.0005246228747558,1,crisis
2011-08-15,1204.489990234375,31.8700008392334,30.07999992370605,0.3710919209529527,-0.0523919125606187,-0.0561657002946726,0.0215507279760336,0.0004644338762969,0.0004030543466241,1,crisis
2011-08-16,1192.760009765625,32.849998474121094,30.440000534057617,0.3714627610731866,-0.0429627763319756,-0.073363715434022,-0.0097862751776201,9.577118185210476e-05,0.0004282231745038,1,crisis
2011-08-17,1193.8900146484375,31.57999992370605,30.030000686645508,0.3714566814286499,-0.0556566821915894,-0.0490816732363894,0.0009469381398126,8.96691840631871e-07,0.0003957525377703,1,crisis
2011-08-18,1140.6500244140625,42.66999816894531,36.59999847412109,0.3879268210980056,0.0387731605914474,-0.1422545103187254,-0.0456185989323634,0.0020810565685518,0.0007225114062451,1,crisis
2011-08-19,1123.530029296875,43.04999923706055,37.900001525878906,0.3888775450850308,0.0416224472855746,-0.1196282880940948,-0.0151227561282079,0.0002286977529132,0.0007354374739329,1,crisis
2011-08-22,1123.8199462890625,42.43999862670898,38.2599983215332,0.3874932470897291,0.0369067391773605,-0.098491999067718,0.0002580078732242,6.656806264571233e-08,0.0007147434458075,1,crisis
2011-08-23,1162.3499755859375,36.27000045776367,34.790000915527344,0.403708206194161,-0.0410082016165242,-0.0408050599271368,0.033710248386474,0.0011363808462777,0.0005220289417484,1,crisis
2011-08-24,1177.5999755859375,35.900001525878906,34.79999923706055,0.4062618488858845,-0.0472618336270955,-0.0306407309767218,0.0130346513685468,0.0001699021362995,0.0005114325831579,1,crisis
2011-08-25,1159.27001953125,39.7599983215332,36.61000061035156,0.4076599814109878,-0.0100599981956557,-0.0792252978913147,-0.0156879347379614,0.0002461112963425,0.0006273243914794,1,crisis
2011-08-26,1176.800048828125,35.59000015258789,34.40999984741211,0.410508545483123,-0.0546085439572441,-0.0331553891575349,0.0150084182749156,0.0002252526191148,0.0005026381392306,1,crisis
2011-08-29,1210.0799560546875,32.279998779296875,31.979999542236328,0.4203057106873225,-0.0975057228943537,-0.0092936570137962,0.0278875050121643,0.0007777129358034,0.0004134913972981,1,crisis
2011-08-30,1212.9200439453125,32.88999938964844,32.470001220703125,0.4168540281535682,-0.0879540342570838,-0.0127697834216895,0.0023442750237692,5.495625387068279e-06,0.000429266690417,1,crisis
2011-08-31,1218.8900146484375,31.6200008392334,31.670000076293945,0.4174371756812066,-0.1012371672888726,0.0015812535020084,0.0049099087120705,2.410720356086633e-05,0.0003967557353464,1,crisis
2011-09-01,1204.4200439453125,31.81999969482422,31.989999771118164,0.4153259256722204,-0.0971259287239781,0.0053425543030912,-0.0119424607923037,0.0001426223697757,0.0004017906272137,1,crisis
2011-09-02,1173.969970703125,33.91999816894531,33.790000915527344,0.4198819240248017,-0.0806819423353485,-0.0038324664043462,-0.0256070172917527,0.0006557193345801,0.0004565739189608,1,crisis
2011-09-06,1165.239990234375,37.0,35.380001068115234,0.4199565389946673,-0.0499565389946673,-0.0437837549158044,-0.0074640764576097,5.5712437365043485e-05,0.0005432539682539,1,crisis
2011-09-07,1198.6199951171875,33.380001068115234,32.959999084472656,0.4306141280403049,-0.0968141173591526,-0.0125824436849334,0.0282438249591471,0.0007977136483229,0.0004421525679791,1,crisis
2011-09-08,1185.9000244140625,34.31999969482422,33.709999084472656,0.4281741757881002,-0.0849741788398579,-0.017773910716076,-0.0106688903873024,0.0001138252220962,0.0004674057059733,1,crisis
2011-09-09,1154.22998046875,38.52000045776367,36.63999938964844,0.4337332050662082,-0.0485332004885715,-0.0488058423098051,-0.0270685625109621,0.0007327070764098,0.0005888057282802,1,crisis
2011-09-12,1162.27001953125,38.59000015258789,37.060001373291016,0.434804909454026,-0.0489049079281471,-0.0396475453031132,0.0069415681820229,4.818536882567309e-05,0.0005909476634034,1,crisis
2011-09-13,1172.8699951171875,36.90999984741211,36.060001373291016,0.4363300905647773,-0.0672300920906562,-0.0230289481884321,0.0090787261803543,8.24232690578506e-05,0.0005406143209269,1,crisis
2011-09-14,1188.6800537109375,34.599998474121094,34.959999084472656,0.4333391367398233,-0.0873391519986123,0.0104046423765256,0.0133897605182303,0.0001792856867355,0.0004750634501623,1,crisis
2011-09-15,1209.1099853515625,31.96999931335449,33.52000045776367,0.4363715223620354,-0.1166715292284905,0.0484829896058745,0.0170410467181051,0.0002903972732486,0.0004055876413078,1,crisis
2011-09-16,1216.010009765625,30.979999542236328,32.95000076293945,0.4126555114269227,-0.1028555160045594,0.0635894528667549,0.0056904755619354,3.238151212098469e-05,0.0003808572903321,1,crisis
2011-09-19,1204.0899658203125,32.72999954223633,33.810001373291016,0.4137280930319101,-0.0864280976095468,0.032997306634881,-0.0098509486880803,9.704119005519212e-05,0.0004251003452519,1,crisis
2011-09-20,1202.0899658203125,32.86000061035156,33.619998931884766,0.3583417882358815,-0.0297417821323658,0.023128372106414,-0.0016623864527241,2.763528718200758e-06,0.0004284839841715,1,crisis
2011-09-21,1166.760009765625,37.31999969482422,36.18999862670898,0.3449082006167288,0.0282917963315133,-0.0302786998219605,-0.0298309950871474,0.0008898882678894,0.0005526914195324,1,crisis
2011-09-22,1129.56005859375,41.34999847412109,39.150001525878906,0.3321972934292866,0.0813026913119241,-0.0532042812436631,-0.0324024567592297,0.0010499192040337,0.000678500941988,1,crisis
2011-09-23,1136.4300537109375,41.25,39.54999923706055,0.3043258244356663,0.1081741755643336,-0.0412121397076231,0.0060635888294697,3.676710949287031e-05,0.0006752232142857,1,crisis
2011-09-26,1162.949951171875,39.02000045776367,38.02999877929688,0.3118184883183832,0.0783815162592534,-0.0253716470233872,0.0230680212969694,0.0005321336065574,0.0006041906490967,1,crisis
2011-09-27,1175.3800048828125,37.709999084472656,37.209999084472656,0.3066871261287123,0.0704128647160142,-0.0132590827933983,0.0106316653572946,0.0001130323082694,0.0005643031868852,1,crisis
2011-09-28,1151.06005859375,41.08000183105469,39.52000045776367,0.311175230020114,0.0996247882904328,-0.0379747152813348,-0.0209081958526954,0.0004371526538146,0.0006696692660474,1,crisis
2011-09-29,1160.4000244140625,38.84000015258789,38.18000030517578,0.3122852810106355,0.0761147205152433,-0.0169927869417923,0.0080814864353586,6.531042300488596e-05,0.0005986292110527,1,crisis
2011-09-30,1131.4200439453125,42.959999084472656,41.2400016784668,0.2919111504527786,0.1376888403919479,-0.0400371844194831,-0.0252912744788656,0.0006396485647653,0.0007323656830705,1,crisis
2011-10-03,1099.22998046875,45.45000076293945,43.380001068115234,0.3005742298678643,0.1539257777615302,-0.0455445469763803,-0.0288636029037849,0.0008331075725873,0.000819723241806,1,crisis
2011-10-04,1123.949951171875,40.81999969482422,40.45000076293945,0.3078645144565547,0.1003354824916873,-0.0090641581247164,0.0222393061311546,0.0004945867371952,0.0006612191964624,1,crisis
2011-10-05,1144.030029296875,37.810001373291016,38.310001373291016,0.2959011983347007,0.0821988153982094,0.0132240143305892,0.0177079189455107,0.0003135703933807,0.0005673000808921,1,crisis
2011-10-06,1164.969970703125,36.27000045776367,37.040000915527344,0.2982941336387385,0.0644058709388982,0.0212296787440169,0.0181381684664804,0.0003289931553184,0.0005220289417484,1,crisis
2011-10-07,1155.4599609375,36.20000076293945,37.310001373291016,0.2957281636792662,0.0662718439501283,0.0306629996397113,-0.0081968111876226,6.718771364553583e-05,0.0005200158949352,1,crisis
2011-10-10,1194.8900146484375,33.02000045776367,34.790000915527344,0.3085739749561706,0.021626029621466,0.0536038895586238,0.0335556439192883,0.001125981238838,0.0004326668373931,1,crisis
2011-10-11,1195.5400390625,32.86000061035156,34.060001373291016,0.2974684732443419,0.0311315328591736,0.0365185861427351,0.0005438556372526,2.957789541714892e-07,0.0004284839841715,1,crisis
2011-10-12,1207.25,31.26000022888184,32.970001220703125,0.2988331732025794,0.0137668290862389,0.0547025265291385,0.009747046937638,9.500492400451952e-05,0.0003877728628213,1,crisis
2011-10-13,1203.6600341796875,30.700000762939453,32.709999084472656,0.2985455028714043,0.0084545047579902,0.0654722564033171,-0.0029781023951361,8.869093875915573e-06,0.000374003986843,1,crisis
2011-10-14,1224.5799560546875,28.239999771118164,30.38999938964844,0.3007258955198103,-0.0183258978086287,0.0761331315848359,0.0172309488024781,0.0002969055966336,0.0003164672964574,1,crisis
2011-10-17,1200.8599853515625,33.38999938964844,33.599998474121094,0.2966377109936908,0.0372622829027936,0.0062892808718577,-0.0195599375994495,0.0003825911588943,0.0004424174838256,1,crisis
2011-10-18,1225.3800048828125,31.559999465942383,31.979999542236328,0.3007908337538491,0.0148091609055747,0.0133079874334973,0.0202130493803112,0.0004085673652508,0.0003952514151945,1,crisis
2011-10-19,1209.8800048828125,34.439998626708984,34.38999938964844,0.2926766821143954,0.0517233041526943,-0.001451778137464,-0.0127298187870266,0.0001620482863505,0.0004706799624633,1,crisis
2011-10-20,1215.3900146484375,34.779998779296875,34.20000076293945,0.2910335236895045,0.0567664641034642,-0.0166761942701007,0.0045438398210843,2.0646480319672303e-05,0.0004800191726539,1,crisis
2011-10-21,1238.25,31.31999969482422,31.96999931335449,0.283011472214609,0.0301885247336331,0.0207535001552916,0.0186340674924345,0.0003472284713126,0.000389262849557,1,crisis
2011-10-24,1254.18994140625,29.26000022888184,30.46999931335449,0.2843421194193935,0.0082578828694248,0.0413533518457832,0.0127908066803717,0.0001636047355346,0.0003397411164262,1,crisis
2011-10-25,1229.050048828125,32.220001220703125,32.36000061035156,0.2911030009970309,0.0310970112100003,0.0043451081422827,-0.020248346199382,0.00040999552381,0.0004119557455008,1,crisis
2011-10-26,1242.0,29.86000061035156,30.940000534057617,0.2901965791894537,0.0084034269140619,0.0361687843814596,0.0104814305440872,0.0001098603862505,0.0003538173160516,1,crisis
2011-10-27,1284.5899658203125,25.459999084472656,27.030000686645508,0.3017691853277927,-0.0471691944830661,0.0616654225698834,0.0337165911681343,0.0011368085199991,0.0002572268068973,1,crisis
2011-10-28,1285.0899658203125,24.530000686645508,26.520000457763672,0.3015997409595185,-0.0562997340930634,0.0811251412724806,0.0003891535285413,1.5144046877618898e-07,0.0002387781482884,1,crisis
2011-10-31,1253.300048828125,29.959999084472656,30.3700008392334,0.3098239642871658,-0.0102239734424393,0.0136849722059315,-0.0250486166129776,0.0006274331942239,0.0003561910893419,1,crisis
2011-11-01,1218.280029296875,34.77000045776367,34.02000045776367,0.3214948747254448,0.0262051298521918,-0.0215703189567412,-0.0283400596215946,0.0008031589793555,0.0004797432269178,1,crisis
2011-11-02,1237.9000244140625,32.7400016784668,32.880001068115234,0.3112576283029835,0.0161423884816844,0.0042760959826253,0.0159763633043972,0.000255244184434,0.0004253602023436,1,crisis
2011-11-03,1261.1500244140625,30.5,31.6200008392334,0.2970924776541877,0.0079075223458122,0.0367213389912589,0.0186076072009304,0.0003462430457441,0.0003691468253968,1,crisis
2011-11-04,1253.22998046875,30.15999984741211,31.229999542236328,0.2983861497877841,0.003213848686337,0.0354774436418318,-0.0062998195371895,3.9687726201155337e-05,0.0003609625360301,1,crisis
2011-11-07,1261.1199951171875,29.850000381469727,31.3799991607666,0.2926132694187122,0.005886734395985,0.0512562398574261,0.0062760082111665,3.938827906663054e-05,0.00035358036618,1,crisis
2011-11-08,1275.9200439453125,27.479999542236328,29.520000457763672,0.2928724485961441,-0.0180724531737808,0.0742358424130209,0.0116673103217251,0.0001361261301434,0.0002996628471592,1,crisis
2011-11-09,1229.0999755859375,36.15999984741211,35.4900016784668,0.3079376427619276,0.0536623557121934,-0.0185287105025599,-0.037385347098988,0.0013976641777118,0.0005188672972082,1,crisis
2011-11-10,1239.699951171875,32.810001373291016,33.75,0.3080252422217904,0.0200747715111197,0.0286497588346396,0.0085872010994817,7.374002272294043e-05,0.0004271810278235,1,crisis
2011-11-11,1263.8499755859375,30.040000915527344,31.600000381469727,0.3004540313193656,-5.40221640921712e-05,0.0519307396271095,0.0192932230045135,0.0003722284539018,0.0003580958948432,1,crisis
2011-11-14,1251.780029296875,31.1299991607666,32.720001220703125,0.2872113387718756,0.0240886528357904,0.0510761998972494,-0.0095960366875547,9.20839201088971e-05,0.0003845543046624,1,crisis
2011-11-15,1257.81005859375,31.21999931335449,32.52000045776367,0.2821660972534136,0.0300338958801313,0.0416400119475051,0.0048055982773004,2.3093774802792865e-05,0.0003867810940975,1,crisis
2011-11-16,1236.9100341796875,33.5099983215332,34.38999938964844,0.2850176691479578,0.0500823140673741,0.0262608508562578,-0.0167557983419549,0.0002807567780762,0.0004456031696464,1,crisis
2011-11-17,1216.1300048828125,34.5099983215332,35.31999969482422,0.2865319199041483,0.0585680633111837,0.0234714984841247,-0.0169426719877064,0.000287054134083,0.0004725952318064,1,crisis
2011-11-18,1215.6500244140625,32.0,34.20000076293945,0.2851423699404924,0.0348576300595075,0.0687500238418579,-0.0003947564904724,1.558326867701083e-07,0.0004063492063492,1,crisis
2011-11-21,1192.97998046875,32.90999984741211,34.779998779296875,0.2744945650916844,0.0546054333824366,0.0568216025692814,-0.0188245711049487,0.0003543644772852,0.0004297889245859,1,crisis
2011-11-22,1188.0400390625,31.96999931335449,34.2400016784668,0.2747427584545969,0.044957234678948,0.071004141816296,-0.0041494388570057,1.7217842828029548e-05,0.0004055876413078,1,crisis
2011-11-23,1161.7900390625,33.97999954223633,35.869998931884766,0.2803225013794429,0.0594774940429203,0.0556209362892784,-0.0223429704585962,0.0004992083289137,0.0004581906225755,1,crisis
2011-11-25,1158.6700439453125,34.470001220703125,36.45000076293945,0.2803085354001999,0.0643914768068313,0.0574412379494525,-0.0026891193002505,7.23136261097986e-06,0.0004715003905378,1,crisis
2011-11-28,1192.550048828125,32.130001068115234,33.939998626708984,0.288838769359867,0.0324612413212853,0.0563335667109557,0.0288210790386099,0.0008306545969498,0.0004096575272369,1,crisis
2011-11-29,1195.18994140625,30.63999938964844,33.209999084472656,0.2834479144463629,0.0229520794501214,0.0838772763060979,0.0022112069693969,4.8894362615098286e-06,0.0003725434772212,1,crisis
2011-11-30,1246.9599609375,27.799999237060547,30.57999992370605,0.303866862318794,-0.0258668699481885,0.1000000274438658,0.0424034383362276,0.0017980515827342,0.0003066825228494,1,crisis
2011-12-01,1244.5799560546875,27.40999984741211,30.030000686645508,0.3013557968330294,-0.0272557983589082,0.0955855838678803,-0.0019104695778526,3.649894007900476e-06,0.0002981381316012,1,crisis
2011-12-02,1244.280029296875,27.520000457763672,29.850000381469727,0.3011779537970797,-0.025977949219443,0.0846656934937927,-0.0002410153733272,5.808841018008876e-08,0.000300535883014,1,crisis
2011-12-05,1257.0799560546875,27.84000015258789,29.89999961853028,0.2978169423087909,-0.019416940782912,0.0739942332849052,0.0102344632992657,0.000104744239024,0.0003075657176571,1,crisis
2011-12-06,1258.469970703125,28.1299991607666,30.15999984741211,0.2955443989427424,-0.0142444073350764,0.0721649750163087,0.0011051379065262,1.2213297924413145e-06,0.0003140066876129,1,crisis
2011-12-07,1261.010009765625,28.670000076293945,30.6200008392334,0.2891912388301482,-0.0024912380672088,0.0680153734827447,0.0020163207826575,4.065549498576635e-06,0.0003261781366566,1,crisis
2011-12-08,1234.3499755859375,30.59000015258789,32.09000015258789,0.2946600808619763,0.0112399206639025,0.0490356323150623,-0.0213684989509298,0.0004566127474158,0.0003713286148156,1,crisis
2011-12-09,1255.18994140625,26.3799991607666,29.530000686645508,0.281491849265532,-0.0176918576578659,0.1194087045523381,0.0167424129070853,0.0002803083899513,0.0002761525221119,1,crisis
2011-12-12,1236.469970703125,25.670000076293945,30.170000076293945,0.2844693428313751,-0.0277693420684356,0.1753019083219916,-0.0150263869047789,0.0002257923034121,0.0002614876602844,1,crisis
2011-12-13,1225.72998046875,25.40999984741211,30.170000076293945,0.2764408171021768,-0.0223408186280557,0.1873278338239195,-0.0087239530203052,7.610735630049246e-05,0.0002562174969228,1,crisis
2011-12-14,1211.8199462890625,26.040000915527344,30.420000076293945,0.2659086528334334,-0.0055086436781599,0.1682027268345778,-0.0114132514971375,0.0001302623097369,0.0002690800189208,1,crisis
2011-12-15,1215.75,25.11000061035156,29.459999084472656,0.2617141379618197,-0.0106141318583041,0.1732376889042295,0.0032378528580816,1.048369113058778e-05,0.0002502032264491,1,crisis
2011-12-16,1219.6600341796875,24.290000915527344,29.030000686645508,0.2556275510019436,-0.0127275418466701,0.1951420169806633,0.0032109891019004,1.0310451012523468e-05,0.0002341286287604,1,crisis
2011-12-19,1205.3499755859375,24.920000076293945,28.739999771118164,0.257090587822,-0.0078905870590605,0.1532905169794976,-0.0118021984585577,0.0001392918884551,0.00024643111262,1,crisis
2011-12-20,1241.300048828125,23.21999931335449,26.8700008392334,0.2713405043635685,-0.0391405112300236,0.1571921461590952,0.029389295930944,0.0008637307153166,0.0002139557016318,1,crisis
2011-12-21,1243.719970703125,21.43000030517578,25.559999465942383,0.2689966190507069,-0.0546966159989491,0.1927204433949132,0.0019476081648543,3.793177563807286e-06,0.0001822400448729,1,crisis
2011-12-22,1254.0,21.15999984741211,25.280000686645508,0.2467295947550783,-0.0351295962809572,0.1947070353942974,0.0082315771698298,6.775886270286369e-05,0.0001776768228343,0,stressed
2011-12-23,1265.3299560546875,20.729999542236328,25.21999931335449,0.2468459772013954,-0.0395459817790321,0.216594301508305,0.0089944807831055,8.090068455765447e-05,0.0001705289210401,0,stressed
2011-12-27,1265.4300537109375,21.90999984741211,25.540000915527344,0.2404564343499433,-0.0213564358758222,0.1656778226104821,7.910481903918606e-05,6.257572395222373e-09,0.0001904952751244,0,stressed
2011-12-28,1249.6400146484375,23.520000457763672,26.75,0.2416377150460656,-0.0064377104684289,0.1373299098372314,-0.0125565062565023,0.0001576658493695,0.0002195200085449,0,stressed
2011-12-29,1263.02001953125,22.64999961853028,26.25,0.243248107210793,-0.0167481110254902,0.1589404168697872,0.0106501724632806,0.0001134261734976,0.0002035803502854,0,stressed
2011-12-30,1257.5999755859375,23.39999961853028,26.86000061035156,0.2383608948403707,-0.004360898655068,0.1478632926592586,-0.0043005707400646,1.8494908690300014e-05,0.0002172857072012,0,stressed
2012-01-03,1277.06005859375,22.96999931335449,26.049999237060547,0.2361311282665931,-0.0064311351330482,0.1340879414791877,0.0153554836701778,0.0002357908787451,0.0002093733604982,0,stressed
2012-01-04,1277.300048828125,22.21999931335449,25.309999465942383,0.2360937582213879,-0.013893765087843,0.1390639175551534,0.0001879063444372,3.5308794279786625e-08,0.000195923956145,0,stressed
2012-01-05,1281.06005859375,21.479999542236328,24.700000762939453,0.2279805222981473,-0.013180526875784,0.1499069501547989,0.0029393926694938,8.64002926547427e-06,0.0001830914207676,0,stressed
2012-01-06,1277.81005859375,20.6299991607666,24.09000015258789,0.227627796322108,-0.021327804714442,0.1677169720104204,-0.0025401850025391,6.4525398471247365e-06,0.0001688876449893,0,stressed
2012-01-09,1280.699951171875,21.06999969482422,24.1200008392334,0.2151913671461184,-0.0044913701978762,0.144755633060517,0.0022590443626086,5.103281432233859e-06,0.0001761686060078,0,stressed
2012-01-10,1292.0799560546875,20.690000534057617,23.68000030517578,0.2150228046623754,-0.0081227993217992,0.1445142433030078,0.0088465236130604,7.826098003643522e-05,0.0001698714770235,0,stressed
2012-01-11,1292.47998046875,21.049999237060547,24.11000061035156,0.2014500115572561,0.0090499808133493,0.1453682415296047,0.0003095493446321,9.582079676220803e-08,0.0001758343126508,0,stressed
2012-01-12,1295.5,20.46999931335449,24.040000915527344,0.2014478324437936,0.0032521606897512,0.1744016473827534,0.0023338827385691,5.447008637391214e-06,0.0001662781237653,0,stressed
2012-01-13,1289.0899658203125,20.90999984741211,24.670000076293945,0.1634994883109544,0.0456005101631666,0.1798182810291692,-0.0049602044478694,2.4603628164663384e-05,0.0001735032117534,0,stressed
2012-01-17,1293.6700439453125,22.200000762939453,25.0,0.1633891053497578,0.0586109022796367,0.126126087424954,0.0035466577681741,1.2578781324549886e-05,0.0001955714420136,0,stressed
2012-01-18,1308.0400390625,20.88999938964844,24.18000030517578,0.1657287459074257,0.0431712479890586,0.157491671213625,0.0110466891302222,0.0001220293407397,0.0001731714581347,0,stressed
2012-01-19,1314.5,19.8700008392334,23.64999961853028,0.1640494766312356,0.0346505317610983,0.1902364680243624,0.004926501717244,2.427041917000824e-05,0.0001566733862504,0,stressed
2012-01-20,1315.3800048828125,18.280000686645508,22.81999969482422,0.1640631999636617,0.0187368069027933,0.2483587985582197,0.0006692357932856,4.478765470146423e-07,0.0001326025496443,0,stressed
2012-01-23,1316.0,18.670000076293945,22.31999969482422,0.164079956660127,0.0226200441028124,0.1955007821968263,0.0004712319220408,2.2205952435031402e-07,0.0001383209931939,0,stressed
2012-01-24,1314.6500244140625,18.90999984741211,22.030000686645508,0.1494681029749447,0.0396318954991763,0.1649921134008036,-0.0010263438252235,1.053381647574605e-06,0.0001419000373925,0,stressed
2012-01-25,1326.06005859375,18.309999465942383,21.36000061035156,0.1443281918189979,0.0387718028404258,0.1665757090863027,0.008641694717196,7.467888758521368e-05,0.0001330381271598,0,stressed
2012-01-26,1318.4300537109375,18.56999969482422,21.68000030517578,0.13725377442113,0.0484462225271121,0.1674744567291712,-0.005770508287989,3.329876590175037e-05,0.000136843209788,0,stressed
2012-01-27,1316.3299560546875,18.530000686645508,21.39999961853028,0.1338638065485347,0.0514362003179203,0.1548839085555547,-0.0015941475452909,2.5413063961571463e-06,0.0001362543354948,2,calm
2012-01-30,1313.010009765625,19.39999961853028,21.920000076293945,0.128269041006243,0.0657309551790597,0.129896933366774,-0.0025253090863453,6.3771859815785e-06,0.0001493492004757,2,calm
2012-01-31,1312.4100341796875,19.440000534057617,22.09000015258789,0.1285743886776454,0.0658256166629307,0.1363168490601451,-0.0004570511280779,2.0889573367731426e-07,0.0001499657225254,2,calm
2012-02-01,1324.0899658203125,18.549999237060547,21.540000915527344,0.1298627503893273,0.0556372419812781,0.1611860809402704,0.0088602374742659,7.850380810038686e-05,0.0001365485998789,2,calm
2012-02-02,1325.5400390625,17.979999542236328,21.01000022888184,0.1224842190327306,0.0573157763896326,0.1685206209003409,0.0010945478306671,1.1980349536181058e-06,0.0001282858664836,2,calm
2012-02-03,1344.9000244140625,17.100000381469727,20.049999237060547,0.1003964512566175,0.0706035525580797,0.1725145491100434,0.0144997259481076,0.0002102420525702,0.0001160357194628,2,calm
2012-02-06,1344.3299560546875,17.760000228881836,20.38999938964844,0.1007797069187823,0.076820295370036,0.148085536423002,-0.0004239640135311,1.797454847694144e-07,0.0001251657175118,2,calm
2012-02-07,1347.050048828125,17.649999618530273,20.13999938964844,0.099357630757923,0.0771423654273796,0.1410764773334035,0.0020213375254701,4.085805391873802e-06,0.0001236200343389,2,calm
2012-02-08,1349.9599609375,18.15999984741211,20.68000030517578,0.0973619662915221,0.0842380321825989,0.1387665461970135,0.002157880933325,4.656450122407726e-06,0.000130867299388,2,calm
2012-02-09,1351.949951171875,18.6299991607666,21.34000015258789,0.0971869855502171,0.0891130060574488,0.1454643646752464,0.0014730251258786,2.169803021469843e-06,0.0001377289161627,2,calm
2012-02-10,1342.6400146484375,20.790000915527344,23.280000686645508,0.0909099096784476,0.1169900994768257,0.1197691034856313,-0.0069101226436161,4.7749794949817046e-05,0.0001715175151062,2,calm
2012-02-13,1351.77001953125,19.040000915527344,22.1200008392334,0.088514365901649,0.1018856432536244,0.1617646940969566,0.0067770233264973,4.592804516788964e-05,0.0001438577916124,2,calm
2012-02-14,1350.5,19.540000915527344,22.81999969482422,0.0868693103471164,0.108530698808157,0.167860728025373,-0.0009399650039259,8.835342086054674e-07,0.0001515125538804,2,calm
2012-02-15,1343.22998046875,21.13999938964844,24.1200008392334,0.0805146344282228,0.1308853594682616,0.1409650679102746,-0.0053977475362166,2.913567846473336e-05,0.0001773411008707,2,calm
2012-02-16,1358.0400390625,19.21999931335449,23.170000076293945,0.0847236267866758,0.107476366346869,0.2055151354867586,0.0109653658332769,0.0001202392478575,0.0001465906244465,2,calm
2012-02-17,1361.22998046875,17.780000686645508,22.38999938964844,0.084686532481178,0.093113474385277,0.2592800070286547,0.0023461758829402,5.504541273690679e-06,0.0001254477874671,2,calm
2012-02-21,1362.2099609375,18.190000534057617,22.350000381469727,0.0836811188107827,0.0982188865297934,0.2286970712080646,0.0007196637576957,5.179159241407482e-07,0.0001313000473924,2,calm
2012-02-22,1357.6600341796875,18.190000534057617,22.09000015258789,0.0851705761242922,0.0967294292162839,0.2144034911504374,-0.0033456974121455,1.1193691173637288e-05,0.0001313000473924,2,calm
2012-02-23,1363.4599609375,16.799999237060547,20.780000686645508,0.0829502659877578,0.0850497263828476,0.2369048589481562,0.0042629031806062,1.81723435272228e-05,0.0001119999898274,2,calm
2012-02-24,1365.739990234375,17.309999465942383,21.18000030517578,0.0828325469838176,0.0902674476756062,0.2235702460215362,0.0016708411755084,2.791710233774385e-06,0.0001189032069487,2,calm
2012-02-27,1367.5899658203125,18.190000534057617,21.8700008392334,0.0828302522646599,0.0990697530759162,0.2023089718049001,0.0013536425518792,1.8323481582580505e-06,0.0001313000473924,2,calm
2012-02-28,1372.1800537109375,17.959999084472656,21.600000381469727,0.0803982670935894,0.099201723751137,0.2026726883379431,0.0033507134923147,1.1227280907580276e-05,0.0001280006218707,2,calm
2012-02-29,1365.6800537109375,18.43000030517578,21.799999237060547,0.0826481839800572,0.1016518190717005,0.1828539813392381,-0.0047482427569533,2.2545809278960267e-05,0.0001347876631939,2,calm
2012-03-01,1374.0899658203125,17.260000228881836,21.030000686645508,0.0790244425026503,0.093575559786168,0.218424125595038,0.0061391565445329,3.768924307828164e-05,0.0001182173047226,2,calm
2012-03-02,1369.6300048828125,17.290000915527344,21.26000022888184,0.079622883333398,0.0932771258218753,0.2296124408986713,-0.0032510350278581,1.0569228752360453e-05,0.0001186286236741,2,calm
2012-03-05,1364.3299560546875,18.049999237060547,21.989999771118164,0.0810478929193507,0.0994520994512547,0.2182825872905271,-0.0038772005028211,1.5032683739076504e-05,0.0001292866954197,2,calm
2012-03-06,1343.3599853515625,20.8700008392334,23.89999961853028,0.0944232159713256,0.1142767924210083,0.1451844109944069,-0.0154895061275441,0.0002399248000752,0.0001728400535831,2,calm
2012-03-07,1352.6300048828125,19.06999969482422,22.71999931335449,0.0959439337709228,0.0947560631773193,0.1914000879360745,0.0068769217229941,4.729205238418849e-05,0.0001443114636351,2,calm
2012-03-08,1365.9100341796875,17.950000762939453,21.84000015258789,0.0967821280721148,0.0827178795572796,0.2167130487080502,0.0097700491747222,9.545386087649076e-05,0.0001278581457894,2,calm
2012-03-09,1370.8699951171875,17.110000610351562,21.21999931335449,0.0948940072554646,0.0762059988480509,0.2402103189006535,0.0036246730207315,1.3138254507218989e-05,0.0001161714765421,2,calm
2012-03-12,1371.0899658203125,15.640000343322754,20.809999465942383,0.0945646646022357,0.0618353388309917,0.3305625964916859,0.0001604477867881,2.5743492285206253e-08,9.706730584886344e-05,2,calm
2012-03-13,1395.949951171875,14.800000190734863,19.600000381469727,0.1052961927122065,0.042703809195142,0.3243243330320882,0.0179691330904342,0.0003228897440217,8.69206371610127e-05,2,calm
2012-03-14,1394.280029296875,15.3100004196167,20.75,0.1054704719402816,0.0476295322558853,0.3553232809460299,-0.0011969780885961,1.4327565445792725e-06,9.301433049550138e-05,2,calm
2012-03-15,1402.5999755859375,15.420000076293944,20.540000915527344,0.1041586051765881,0.0500413955863513,0.3320363692542825,0.0059494657015602,3.539614213404146e-05,9.435571521940684e-05,2,calm
2012-03-16,1404.1700439453125,14.470000267028809,20.3700008392334,0.1041569604429041,0.0405430422273839,0.4077401840584806,0.0011187724767004,1.2516518546224937e-06,8.308766179675153e-05,2,calm
2012-03-19,1409.75,15.039999961853027,19.940000534057617,0.0973546865867545,0.0530453130317757,0.3257979112122868,0.0039659715140711,1.5728930050423864e-05,8.976253922719802e-05,2,calm
2012-03-20,1405.52001953125,15.579999923706056,19.959999084472656,0.0980985601504886,0.0577014390865718,0.2811296009123932,-0.0030050287343903,9.03019769451177e-06,9.632396731058758e-05,2,calm
2012-03-21,1402.8900146484375,15.130000114440918,19.25,0.0985613088901545,0.0527386922542545,0.2723066658556548,-0.0018729499037742,3.5079413420478927e-06,9.084004105673896e-05,2,calm
2012-03-22,1392.780029296875,15.56999969482422,19.549999237060547,0.1016063492356734,0.0540936477125687,0.2556197572411872,-0.0072326342268978,5.231099786009414e-05,9.620035337175648e-05,2,calm
2012-03-23,1397.1099853515625,14.81999969482422,18.63999938964844,0.1017764460017167,0.0464235509465255,0.2577597687912455,0.0031040360075561,9.635039536205176e-06,8.715571069626588e-05,2,calm
2012-03-26,1416.510009765625,14.260000228881836,17.43000030517578,0.105251595448092,0.0373484068407263,0.2223001420346059,0.0137902999640882,0.0001901723730995,8.069349465385318e-05,2,calm
2012-03-27,1412.52001953125,15.59000015258789,18.56999969482422,0.1049716455090913,0.0509283560167875,0.1911481406715482,-0.0028207497542463,7.956629176080681e-06,9.644766061813111e-05,2,calm
2012-03-28,1405.5400390625,15.470000267028809,18.790000915527344,0.1064056500672933,0.0482943526029947,0.2146089587066425,-0.004953758683289,2.453972509226132e-05,9.49686143896315e-05,2,calm
2012-03-29,1403.280029296875,15.479999542236328,18.84000015258789,0.1048792470025026,0.0499207484198606,0.2170543094128643,-0.0016092239433873,2.589601699971249e-06,9.509142294747496e-05,2,calm
2012-03-30,1408.469970703125,15.5,18.61000061035156,0.1012037864573581,0.0537962135426419,0.2006452006678425,0.0036916136216213,1.362801113134038e-05,9.53373015873016e-05,2,calm
2012-04-02,1419.0400390625,15.640000343322754,18.459999084472656,0.1027819676011529,0.0536180358320746,0.1803068209236872,0.0074766261209824,5.58999381529564e-05,9.706730584886344e-05,2,calm
2012-04-03,1413.3800048828125,15.65999984741211,18.809999465942383,0.1039501104052102,0.0526498880689109,0.2011494028878184,-0.0039966118201412,1.5972906040892732e-05,9.73157123892648e-05,2,calm
2012-04-04,1398.9599609375,16.440000534057617,19.450000762939453,0.108424911999341,0.0559750933412351,0.1830900323054263,-0.010254926852538,0.0001051635247509,0.0001072514355396,2,calm
2012-04-05,1398.0799560546875,16.700000762939453,19.81999969482422,0.1080716675522386,0.0589283400771559,0.1868262748112353,-0.0006292401524213,3.959431694193055e-07,0.0001106706450326,2,calm
2012-04-09,1382.199951171875,18.809999465942383,21.209999084472656,0.1137089386548475,0.0743910560045763,0.1275916898815304,-0.0114234379995426,0.0001304949357293,0.0001404032063129,2,calm
2012-04-10,1358.5899658203125,20.38999938964844,22.6200008392334,0.1245880224764952,0.0793119714199891,0.1093674112965928,-0.0172290252771858,0.0002968393120019,0.0001649809821864,2,calm
2012-04-11,1368.7099609375,20.020000457763672,22.46999931335449,0.1261505928696572,0.0740494117079794,0.1223775624161246,0.0074212898001237,5.507554229742092e-05,0.0001590477850511,2,calm
2012-04-12,1387.5699462890625,17.200000762939453,20.25,0.1314311209025898,0.0405688867268046,0.1773255291727851,0.0136853152359757,0.000187287853108,0.0001173968358115,2,calm
2012-04-13,1370.260009765625,19.549999237060547,21.989999771118164,0.1355987329857743,0.059901259384831,0.1248082163313928,-0.0125534671250561,0.0001575895368598,0.0001516676468924,2,calm
2012-04-16,1369.5699462890625,19.549999237060547,22.040000915527344,0.1352761412018387,0.0602238511687667,0.1273658197257905,-0.0005037272401734,2.537411324927633e-07,0.0001516676468924,2,calm
2012-04-17,1390.780029296875,18.459999084472656,20.850000381469727,0.1418255628090642,0.0427744280356622,0.1294691991077823,0.0153679791579546,0.0002361747833993,0.0001352268119836,2,calm
2012-04-18,1385.1400146484375,18.63999938964844,21.1200008392334,0.1341946358995051,0.0522053579969792,0.1330472924243873,-0.004063533761746,1.6512306632849788e-05,0.0001378768163674,2,calm
2012-04-19,1376.9200439453125,18.36000061035156,21.229999542236328,0.1344806591629392,0.0491193469405763,0.1563180194158944,-0.0059520754772023,3.5427202486313366e-05,0.0001337657231794,2,calm
2012-04-20,1378.530029296875,17.440000534057617,20.479999542236328,0.1316613470708847,0.0427386582696914,0.1743118643971406,0.0011685826213373,1.3655853428916244e-06,0.0001206958804079,2,calm
2012-04-23,1366.93994140625,18.96999931335449,21.38999938964844,0.1336491962975389,0.0560507968360059,0.1275698557664323,-0.0084431131028874,7.128615886814944e-05,0.0001428019341066,2,calm
2012-04-24,1371.969970703125,18.100000381469727,20.51000022888184,0.1340946864620021,0.0469053173526951,0.1331491600342397,0.0036730196416289,1.3491073287791724e-05,0.0001300039737338,2,calm
2012-04-25,1390.68994140625,16.81999969482422,19.459999084472656,0.1294896509567129,0.0387103459915292,0.1569559713167418,0.0135523428987414,0.000183665998045,0.0001122668213229,2,calm
2012-04-26,1399.97998046875,16.239999771118164,18.549999237060547,0.1309183883003615,0.0314816094108201,0.1422413484297317,0.0066579521335077,4.432832661208104e-05,0.0001046577748277,2,calm
2012-04-27,1403.3599853515625,16.31999969482422,18.739999771118164,0.129951182780804,0.0332488141674381,0.1482843211732064,0.002411413929023,5.814917137086591e-06,0.0001056914246186,2,calm
2012-04-30,1397.9100341796875,17.149999618530273,19.31999969482422,0.1303928691527967,0.0411071270325059,0.1265306195079618,-0.0038910622753696,1.514036563080456e-05,0.0001167152725855,2,calm
2012-05-01,1405.8199462890625,16.600000381469727,19.1299991607666,0.1309419716031484,0.0350580322115488,0.1524095615154964,0.0056424357196841,3.1837080850767406e-05,0.0001093492113749,2,calm
2012-05-02,1402.31005859375,16.8799991607666,19.01000022888184,0.1308524957809186,0.0379474958267473,0.1261849036738047,-0.0024998055766587,6.249027921094249e-06,0.0001130691951061,2,calm
2012-05-03,1391.5699462890625,17.559999465942383,19.5,0.1326199313071333,0.0429800633522905,0.1104783936822007,-0.0076883511035068,5.911074269079487e-05,0.0001223625322396,2,calm
2012-05-04,1369.0999755859375,19.15999984741211,20.71999931335449,0.1391766018455076,0.0524233966286135,0.0814195969919636,-0.01627899572159,0.0002650057017035,0.0001456768230765,2,calm
2012-05-07,1369.5799560546875,18.940000534057617,20.450000762939453,0.1387729046509901,0.0506271006895859,0.0797254586221672,0.0003505195828976,1.2286397799473972e-07,0.0001423506429484,2,calm
2012-05-08,1363.719970703125,19.049999237060547,20.809999465942383,0.1321440845569934,0.058355907813612,0.0923884671584589,-0.0042878531349693,1.838568450706615e-05,0.0001440089170365,2,calm
2012-05-09,1354.5799560546875,20.07999992370605,21.530000686645508,0.133024737346075,0.0677752618909855,0.0722111936478453,-0.0067248275317819,4.522330533221251e-05,0.0001600025384666,2,calm
2012-05-10,1357.989990234375,18.82999992370605,20.8700008392334,0.1330500581374962,0.0552499410995642,0.1083378079550115,0.0025142474063852,6.321440020514969e-06,0.0001407019433042,2,calm
2012-05-11,1353.3900146484375,19.88999938964844,21.549999237060547,0.1332042499788502,0.0656957439176341,0.0834590195249597,-0.0033930913342817,1.1513068802777862e-05,0.0001569889189365,2,calm
2012-05-14,1338.3499755859375,21.8700008392334,22.96999931335449,0.1354043795568842,0.0832956288354496,0.0502971390905373,-0.0111750731023384,0.0001248822588426,0.0001898003717095,0,stressed
2012-05-15,1330.6600341796875,21.96999931335449,23.920000076293945,0.133021481092998,0.0866785120405468,0.0887574339501297,-0.0057624082765024,3.320534914510424e-05,0.0001915400277098,0,stressed
2012-05-16,1324.800048828125,22.270000457763672,24.920000076293945,0.1330774290811901,0.0896225754964466,0.1189941429752616,-0.0044135439289479,1.947937001275308e-05,0.0001968067144399,0,stressed
2012-05-17,1304.8599853515625,24.489999771118164,26.40999984741211,0.1363938587358449,0.1085061389753367,0.078399350520136,-0.0151657974056044,0.0002300014109478,0.0002380000352338,0,stressed
2012-05-18,1295.219970703125,25.100000381469727,27.65999984741211,0.1370786900254045,0.1139213137892927,0.1019920090452398,-0.0074152018267548,5.498521813150868e-05,0.000250003975853,0,stressed
2012-05-21,1315.989990234375,22.01000022888184,24.709999084472656,0.1443934359993207,0.0757065662894976,0.1226714596780348,0.0159086843958393,0.0002530862392064,0.0001922381389188,0,stressed
2012-05-22,1316.6300048828125,22.479999542236328,25.229999542236328,0.1366928971985951,0.0881070982237681,0.1223309633451366,0.0004862187951418,2.364087167492102e-07,0.0002005358648487,0,stressed
2012-05-23,1318.8599853515625,22.32999992370605,25.11000061035156,0.1346017061614861,0.0886982930755743,0.1244962246369823,0.0016922705145487,2.8637794944111417e-06,0.000197868609759,0,stressed
2012-05-24,1320.6800537109375,21.540000915527344,24.780000686645508,0.1272726017469195,0.0881274074083539,0.1504178102788554,0.001379080158588,1.901862083811347e-06,0.0001841157299368,0,stressed
2012-05-25,1317.8199462890625,21.76000022888184,24.93000030517578,0.1230275238932715,0.0945724783955468,0.1456801490326471,-0.0021679807027607,4.700140327542853e-06,0.0001878958769686,0,stressed
2012-05-29,1332.4200439453125,21.030000686645508,23.88999938964844,0.1281033761081003,0.0821966307583547,0.1359961297965669,0.0110180552788284,0.0001213975421273,0.0001755003686032,0,stressed
2012-05-30,1313.3199462890625,24.13999938964844,26.190000534057617,0.1242480454184516,0.1171519484780328,0.0849213420149564,-0.0144386293047972,0.0002084740162013,0.0002312458613223,0,stressed
2012-05-31,1310.3299560546875,24.059999465942383,26.21999931335449,0.1240868492713284,0.1165131453880954,0.0897755567480226,-0.0022792610600432,5.195030979829514e-06,0.0002297157040877,0,stressed
2012-06-01,1278.0400390625,26.65999984741211,28.46999931335449,0.1406553600228904,0.1259446384512306,0.0678919533496575,-0.0249512954143615,0.0006225671428547,0.0002820458697873,0,stressed
2012-06-04,1278.1800537109375,26.1200008392334,28.1200008392334,0.1404497191903632,0.1207502892019707,0.0765696759471734,0.0001095481949877,1.200080702508478e-08,0.0002707358904133,0,stressed
2012-06-05,1285.5,24.68000030517578,26.8700008392334,0.1412505793596503,0.1055494236921074,0.0887358390185408,0.005710514594359,3.260997693238742e-05,0.0002417073075648,0,stressed
2012-06-06,1315.1300048828125,22.15999984741211,24.709999084472656,0.1578646627953265,0.0637353356787946,0.1150721685297457,0.0227877760480482,0.000519282737216,0.0001948672989036,0,stressed
2012-06-07,1314.989990234375,21.71999931335449,24.46999931335449,0.1514480582271601,0.0657519349063847,0.126611422050514,-0.0001064701601673,1.1335895006066234e-08,0.0001872057024492,0,stressed
2012-06-08,1325.6600341796875,21.229999542236328,23.63999938964844,0.1521985568362009,0.0601014385861622,0.1135186010069149,0.0080814207999896,6.530936214650467e-05,0.0001788543176838,0,stressed
2012-06-11,1308.9300537109375,23.559999465942383,25.5,0.1548284164359335,0.0807715782234902,0.0823429786941219,-0.012700423815401,0.0001613007650908,0.0002202672916012,0,stressed
2012-06-12,1324.1800537109375,22.09000015258789,24.940000534057617,0.1598790444291094,0.0610209570967694,0.1290176714252237,0.0115833899012398,0.0001341749216041,0.0001936381375957,0,stressed
2012-06-13,1314.8800048828125,24.270000457763672,26.5,0.1589695309082023,0.0837304736694343,0.0918829625123875,-0.0070480300711041,4.967472788318872e-05,0.0002337432231031,0,stressed
2012-06-14,1329.0999755859375,21.68000030517578,25.0,0.1633557836553321,0.0534442193964256,0.1531365151333331,0.0107565926498697,0.0001157042854352,0.0001865168306477,0,stressed
2012-06-15,1342.8399658203125,21.11000061035156,23.670000076293945,0.1659979796111373,0.0451020264923782,0.1212695116970796,0.0102847456521467,0.0001057759931293,0.0001768381451464,0,stressed
2012-06-18,1344.780029296875,18.31999969482422,22.1299991607666,0.1598299952324699,0.0233700017157722,0.207969406627162,0.0014437039589353,2.0842811210456264e-06,0.0001331834876263,0,stressed
2012-06-19,1357.97998046875,18.3799991607666,21.920000076293945,0.1626214530109302,0.0211785385967357,0.1926007114888081,0.0097678344176127,9.541058920990016e-05,0.0001340572893451,0,stressed
2012-06-20,1355.68994140625,17.239999771118164,20.84000015258789,0.1622392639893823,0.0101607337217993,0.2088167302357357,-0.0016877805127717,2.84860305929198e-06,0.0001179434889318,0,stressed
2012-06-21,1325.510009765625,20.07999992370605,23.15999984741211,0.1738007161358189,0.0269992831012415,0.1533864509665596,-0.0225132081833758,0.000506844542708,0.0001600025384666,0,stressed
2012-06-22,1335.02001953125,18.11000061035156,21.51000022888184,0.1750654013737499,0.0060346047297656,0.1877415518466003,0.0071489892345043,5.110804707505909e-05,0.0001301476675027,0,stressed
2012-06-25,1313.719970703125,20.3799991607666,23.030000686645508,0.1806200952116701,0.0231798963959958,0.1300295208539756,-0.016083502390603,0.0002586790491485,0.0001648191927749,0,stressed
2012-06-26,1319.989990234375,19.71999931335449,22.46999931335449,0.1787079334890001,0.0184920596445447,0.1394523375128966,0.0047613681610202,2.2670626764777023e-05,0.0001543168146502,0,stressed
2012-06-27,1331.8499755859375,19.450000762939453,22.36000061035156,0.1799951979397823,0.0145048096896122,0.1496143821730278,0.0089447814196174,8.00091146447332e-05,0.0001501200514596,0,stressed
2012-06-28,1329.0400390625,19.709999084472656,22.25,0.1796247139029173,0.0174752769418092,0.1288686470578444,-0.0021120283457667,4.460663733322246e-06,0.0001541603428213,0,stressed
2012-06-29,1362.1600341796875,17.079999923706055,20.31999969482422,0.1870811244994155,-0.016281125262355,0.1896955377980553,0.0246147937349202,0.0006058880706126,0.0001157644434102,0,stressed
2012-07-02,1365.510009765625,16.799999237060547,19.790000915527344,0.1852025426431364,-0.0172025502725309,0.1779762984673772,0.0024562921587068,6.033371168924688e-06,0.0001119999898274,0,stressed
2012-07-03,1374.02001953125,16.65999984741211,19.31999969482422,0.1808473609863067,-0.0142473625121856,0.1596638578496327,0.0062127715684242,3.859853056142077e-05,0.0001101411090935,0,stressed
2012-07-05,1367.5799560546875,17.5,20.11000061035156,0.1817066870055292,-0.0067066870055292,0.1491428920200891,-0.0046980415663211,2.2071594558881745e-05,0.0001215277777777,0,stressed
2012-07-06,1354.6800537109375,17.100000381469727,20.040000915527344,0.1843434022074899,-0.0133433983927926,0.1719298519574025,-0.0094774186555819,8.982146437317333e-05,0.0001160357194628,0,stressed
2012-07-09,1352.4599609375,17.979999542236328,20.3700008392334,0.1844818987234585,-0.0046819033010952,0.1329255482672723,-0.0016401761705181,2.690177870335517e-06,0.0001282858664836,0,stressed
2012-07-10,1341.469970703125,18.71999931335449,20.8700008392334,0.1861272174517608,0.001072775681784,0.1148505130737446,-0.0081591217895906,6.657126837737358e-05,0.0001390628469412,0,stressed
2012-07-11,1341.449951171875,17.950000762939453,20.25,0.1834853363284979,-0.0039853286991034,0.1281336567856448,-1.4923688990578574e-05,2.2271649308751606e-10,0.0001278581457894,0,stressed
2012-07-12,1334.760009765625,18.32999992370605,20.690000534057617,0.1789127320585479,0.0043872671785125,0.1287507157760211,-0.004999574352459,2.499574370576661e-05,0.0001333289274615,0,stressed
2012-07-13,1356.780029296875,16.739999771118164,19.38999938964844,0.1844333163222536,-0.0170333186110719,0.1583034441316045,0.0163627592475732,0.000267739890194,0.0001112014255305,0,stressed
2012-07-16,1353.6400146484375,17.110000610351562,19.61000061035156,0.16747310435565,0.0036269017478655,0.1461133787737853,-0.0023169958916205,5.368469961786513e-06,0.0001161714765421,0,stressed
2012-07-17,1363.6700439453125,16.479999542236328,18.920000076293945,0.1681168133336158,-0.0033168179112525,0.1480582889461968,0.0073823558099117,5.449917730413792e-05,0.0001077739622667,0,stressed
2012-07-18,1372.780029296875,16.15999984741211,18.940000534057617,0.1683131661600964,-0.0067131676859752,0.1720297470850967,0.006658275330085,4.433263037121861e-05,0.0001036292043922,0,stressed
2012-07-19,1376.510009765625,15.449999809265137,18.61000061035156,0.156614548872482,-0.0021145507798306,0.2045307987118172,0.0027134152485113,7.3626223108540916e-06,9.472321194694156e-05,0,stressed
2012-07-20,1362.6600341796875,16.270000457763672,19.63999938964844,0.1601626835405345,0.0025373210371021,0.207129615062591,-0.010112620534169,0.000102265094068,0.0001050448074982,0,stressed
2012-07-23,1350.52001953125,18.6200008392334,21.18000030517578,0.1613932600060825,0.0248067483862514,0.137486538698125,-0.0089489790037072,8.008422520879313e-05,0.0001375811235131,0,stressed
2012-07-24,1338.31005859375,20.46999931335449,22.26000022888184,0.1591230758288717,0.0455769173046732,0.0874450891827615,-0.0090820501924241,8.248363569771099e-05,0.0001662781237653,0,stressed
2012-07-25,1337.8900146484375,19.34000015258789,21.8799991607666,0.1557789053227584,0.0376210962031204,0.1313339704311653,-0.0003139107221179,9.853994146061627e-08,0.0001484268277389,0,stressed
2012-07-26,1360.02001953125,17.530000686645508,20.239999771118164,0.1608568081232963,0.0144431987431587,0.1545920694992987,0.0164056628649511,0.0002691457740384,0.0001219448111403,0,stressed
2012-07-27,1385.969970703125,16.700000762939453,19.65999984741211,0.1667192754212363,0.0002807322081582,0.1772454460625815,0.0189008144904502,0.0003572407884024,0.0001106706450326,0,stressed
2012-07-30,1385.300048828125,18.030000686645508,20.1299991607666,0.1646389120993321,0.0156610947671229,0.1164724566913923,-0.0004834764446106,2.3374947249332327e-07,0.0001290003669684,0,stressed
2012-07-31,1379.3199462890625,18.93000030517578,20.780000686645508,0.1653629457546409,0.0239370572971168,0.0977284918988567,-0.0043261727662202,1.871577080318553e-05,0.0001422003617277,0,stressed
2012-08-01,1375.3199462890625,18.959999084472656,20.670000076293945,0.163489348076715,0.0261106427680114,0.0901899300839998,-0.0029041929017454,8.434336410548516e-06,0.0001426514147949,0,stressed
2012-08-02,1365.0,17.56999969482422,20.229999542236328,0.1650152890029687,0.0106847079452734,0.1513944162557779,-0.007531963624136,5.67304760353086e-05,0.0001225019401889,0,stressed
2012-08-03,1390.989990234375,15.640000343322754,18.68000030517578,0.1589250917317386,-0.002525088298511,0.1943733948286584,0.0188612881853024,0.000355748192009,9.706730584886344e-05,0,stressed
2012-08-06,1394.22998046875,15.949999809265137,18.739999771118164,0.1580761853462011,0.0014238127464502,0.1749216297941492,0.0023265607240576,5.412884802727787e-06,0.0001009533706014,0,stressed
2012-08-07,1401.3499755859375,15.989999771118164,18.809999465942383,0.1493432939590226,0.010556703752159,0.176360208579729,0.0050937627425929,2.5946418877827625e-05,0.0001014603542382,0,stressed
2012-08-08,1402.219970703125,15.31999969482422,18.57999992370605,0.1491968388586873,0.0040031580895548,0.2127937528604001,0.0006206338074531,3.85186322953847e-07,9.313586930532311e-05,0,stressed
2012-08-09,1402.800048828125,15.279999732971191,18.229999542236328,0.1477955340939745,0.0050044632357373,0.1930628181163921,0.000413599995173,1.710649560071214e-07,9.265015549190465e-05,0,stressed
2012-08-10,1405.8699951171875,14.739999771118164,18.13999938964844,0.1473489169873524,5.1080723829199925e-05,0.2306648352323791,0.0021860506671047,4.778817519149316e-06,8.621729890974744e-05,0,stressed
2012-08-13,1404.1099853515625,13.699999809265137,18.06999969482422,0.1308003440535905,0.0061996540390608,0.318978098277323,-0.0012526850781939,1.5692199051297945e-06,7.448015665629555e-05,2,calm
2012-08-14,1403.9300537109375,14.850000381469728,18.51000022888184,0.1307666737878421,0.017733330026855,0.2464646298581357,-0.0001281546120199,1.6423604581989484e-08,8.750893306732186e-05,2,calm
2012-08-15,1405.530029296875,14.630000114440918,18.86000061035156,0.1298071242749273,0.0164928768694818,0.2891319523460092,0.001138991629449,1.2973019319550423e-06,8.4935279106564e-05,2,calm
2012-08-16,1415.510009765625,14.289999961853027,18.549999237060547,0.1299935252495496,0.0129064743689806,0.2981105169054956,0.0070754203875054,5.006157365992799e-05,8.103337258323791e-05,2,calm
2012-08-17,1418.1600341796875,13.449999809265137,18.350000381469727,0.1260335132753481,0.0084664848173031,0.3643123153674089,0.0018703837394767,3.4983353328988526e-06,7.17867043131874e-05,2,calm
2012-08-20,1418.1300048828125,14.020000457763672,18.59000015258789,0.1257670987036061,0.0144329058740305,0.3259628777182778,-2.1175053652821643e-05,4.483828971998752e-10,7.800016382368792e-05,2,calm
2012-08-21,1413.1700439453125,15.020000457763672,18.799999237060547,0.1233345131429016,0.026865491434735,0.2516643584616561,-0.0035036668144446,1.2275681146640597e-05,8.952397371080195e-05,2,calm
2012-08-22,1413.489990234375,15.109999656677246,19.420000076293945,0.1233067311569365,0.0277932654098359,0.2852415961314778,0.0002263776234567,5.1246828401947256e-08,9.060003556539145e-05,2,calm
2012-08-23,1402.0799560546875,15.960000038146973,20.09000015258789,0.1250979287883956,0.034502071593074,0.2587719363765383,-0.0081049995977225,6.569101847908295e-05,0.0001010800004831,2,calm
2012-08-24,1411.1300048828125,15.18000030517578,19.239999771118164,0.1180555374507877,0.03374446560097,0.2674571399420911,0.0064339883432622,4.139620600123472e-05,9.144143224807012e-05,2,calm
2012-08-27,1410.43994140625,16.350000381469727,19.920000076293945,0.1176859428380579,0.0458140609766393,0.2183486000936292,-0.0004891344205224,2.392524813398285e-07,0.0001060803620928,2,calm
2012-08-28,1409.300048828125,16.489999771118164,19.81999969482422,0.1164375021179782,0.0484624955932033,0.2019405682187133,-0.0008085090427962,6.536868722833567e-07,0.0001079047985918,2,calm
2012-08-29,1410.489990234375,17.059999465942383,20.459999084472656,0.11523765111006,0.0553623435493637,0.1992965841129034,0.0008439929642994,7.123241237870202e-07,0.0001154934848325,2,calm
2012-08-30,1399.47998046875,17.829999923706055,20.920000076293945,0.1178250755416066,0.0604749236954539,0.1733034304997135,-0.0078364297296733,6.140963090810883e-05,0.0001261543243172,2,calm
2012-08-31,1406.5799560546875,17.469999313354492,20.6200008392334,0.1140371628003262,0.0606628303332186,0.1803091957462739,0.0050604697676451,2.560835426925071e-05,0.0001211114587335,2,calm
2012-09-04,1404.93994140625,17.979999542236328,20.68000030517578,0.1102716506179969,0.0695283448043663,0.1501668983137043,-0.001166639322688,1.3610473092421017e-06,0.0001282858664836,2,calm
2012-09-05,1403.43994140625,17.739999771118164,19.989999771118164,0.106070711065572,0.0713292866456096,0.1268320196747207,-0.0010682316532888,1.1411188650881258e-06,0.0001248839650314,2,calm
2012-09-06,1432.1199951171875,15.600000381469728,18.6200008392334,0.1188212017927669,0.0371788020219303,0.1935897681996816,0.0202295366120068,0.0004092341515365,9.657143329438715e-05,2,calm
2012-09-07,1437.9200439453125,14.380000114440918,17.59000015258789,0.1111974230888445,0.0326025780555646,0.2232267046314814,0.004041794988943,1.6336106732644984e-05,8.205730289338129e-05,2,calm
2012-09-10,1429.0799560546875,16.280000686645508,18.299999237060547,0.1010834390331025,0.0617165678333525,0.1240785298044885,-0.0061668056546528,3.8029491982258194e-05,0.0001051739771258,2,calm
2012-09-11,1433.56005859375,16.40999984741211,18.290000915527344,0.1011585983869116,0.0629414000872094,0.1145643562215946,0.0031300521014528,9.79722615780954e-06,0.0001068603551555,2,calm
2012-09-12,1436.56005859375,15.800000190734863,17.600000381469727,0.0998458006564338,0.0581542012509147,0.1139240613294666,0.0020905056025969,4.3702136744891865e-06,9.906349445524672e-05,2,calm
2012-09-13,1459.989990234375,14.050000190734863,16.450000762939453,0.10777430352569,0.0327256983816585,0.1708185437454475,0.0161781721538442,0.0002617332542394,7.833432752367051e-05,2,calm
2012-09-14,1465.77001953125,14.510000228881836,16.899999618530273,0.1040306101286792,0.0410693921601391,0.1647139456890701,0.0039511352928081,1.5611470102073964e-05,8.354766136593292e-05,2,calm
2012-09-17,1461.18994140625,14.59000015258789,17.1299991607666,0.0926469697206892,0.0532530318051896,0.1740917739283354,-0.0031295828602655,9.79428887926771e-06,8.447147002083914e-05,2,calm
2012-09-18,1459.3199462890625,14.18000030517578,16.6299991607666,0.0930042569489634,0.0487957461027943,0.1727784769296908,-0.0012805951321173,1.6399238924025944e-06,7.979063835507349e-05,2,calm
2012-09-19,1461.050048828125,13.880000114440918,16.489999771118164,0.0923873567487901,0.046412644395619,0.1880403195358601,0.0011848517443742,1.403873656146723e-06,7.645015999082537e-05,2,calm
2012-09-20,1460.260009765625,14.06999969482422,16.75,0.0925326965450021,0.04816730040324,0.1904762162974063,-0.0005408799928213,2.925511666344128e-07,7.855749659220383e-05,2,calm
2012-09-21,1460.1500244140625,13.979999542236328,16.790000915527344,0.0925866134642006,0.0472133819581626,0.2010015354293431,-7.532185571705149e-05,5.673381948660322e-09,7.755570920671745e-05,2,calm
2012-09-24,1456.8900146484375,14.149999618530272,16.59000015258789,0.093118912310174,0.0483810838751286,0.1724382049355176,-0.0022351500693799,4.995895832649182e-06,7.945336873190746e-05,2,calm
2012-09-25,1441.5899658203125,15.43000030517578,17.600000381469727,0.098960124172102,0.0553398788796557,0.1406351285402146,-0.0105573894185677,0.0001114584713352,9.447813865782722e-05,2,calm
2012-09-26,1433.3199462890625,16.809999465942383,18.5,0.1007832751815469,0.0673167194778768,0.1005354305621255,-0.0057532532117409,3.309992251840763e-05,0.0001121333658908,2,calm
2012-09-27,1447.1500244140625,14.84000015258789,17.06999969482422,0.1040430547046307,0.0443569468212481,0.1502695093872655,0.0096027277082347,9.221237943849847e-05,8.739111290825739e-05,2,calm
2012-09-28,1440.6700439453125,15.729999542236328,17.610000610351562,0.1035456541236064,0.0537543412987568,0.1195169181707398,-0.0044878082367668,2.0140422769992226e-05,9.8187653015379e-05,2,calm
2012-10-01,1444.489990234375,16.31999969482422,17.920000076293945,0.1036538575759407,0.0595461393723014,0.0980392408939294,0.0026479976679946,7.011891649705195e-06,0.0001056914246186,2,calm
2012-10-02,1445.75,15.710000038146973,17.739999771118164,0.1036386788110032,0.0534613215704664,0.1292170418868206,0.0008719067272658,7.602213410513838e-07,9.793813539626108e-05,2,calm
2012-10-03,1450.989990234375,15.43000030517578,17.579999923706055,0.1032171179947252,0.0510828850570325,0.1393389226187563,0.0036178572930336,1.3088891392756734e-05,9.447813865782722e-05,2,calm
2012-10-04,1461.4000244140625,14.550000190734863,17.059999465942383,0.1047741628396797,0.0407258390676688,0.1725085389899743,0.0071488217316973,5.110565215158847e-05,8.400893077396212e-05,2,calm
2012-10-05,1460.9300537109375,14.329999923706056,16.93000030517578,0.1011921250389132,0.0421078741981473,0.1814375712011383,-0.0003216410840751,1.034529869650209e-07,8.148765786246652e-05,2,calm
2012-10-08,1455.8800048828125,15.109999656677246,17.360000610351562,0.1009538590128894,0.0501461375538829,0.1489080744406251,-0.0034627238474289,1.199045644355284e-05,9.060003556539145e-05,2,calm
2012-10-09,1441.47998046875,16.3700008392334,18.010000228881836,0.1057982109682034,0.0579017974241305,0.1001832196439421,-0.0099401821351419,9.88072208797955e-05,0.0001063400505859,2,calm
2012-10-10,1432.56005859375,16.290000915527344,18.1299991607666,0.1076198584584481,0.0552801506968253,0.1129526176690023,-0.0062072555664811,3.853002166761113e-05,0.0001053032261221,2,calm
2012-10-11,1432.8399658203125,15.59000015258789,17.56999969482422,0.1076206530669642,0.0482793484589147,0.1270044594520196,0.0001953704369845,3.8169607647544744e-08,9.644766061813111e-05,2,calm
2012-10-12,1428.5899658203125,16.139999389648438,17.739999771118164,0.1052334590885941,0.0561665348078902,0.0991326172227679,-0.0029705449560165,8.824137335715314e-06,0.0001033728493245,2,calm
2012-10-15,1440.1300048828125,15.270000457763672,17.110000610351562,0.1066576293964571,0.0460423751811795,0.1204977143044148,0.0080454707526669,6.472959963201903e-05,9.25289341190884e-05,2,calm
2012-10-16,1454.9200439453125,15.220000267028809,16.969999313354492,0.1099009185225368,0.0422990841477512,0.1149802244167313,0.0102175558171705,0.0001043984468769,9.192397147950674e-05,2,calm
2012-10-17,1460.9100341796875,15.06999969482422,16.610000610351562,0.110010845911622,0.0406891510366201,0.1021898438429467,0.0041086061259548,1.688064429823334e-05,9.01209884134929e-05,2,calm
2012-10-18,1457.3399658203125,15.029999732971191,16.579999923706055,0.0947447733019313,0.0555552240277805,0.1031270936974563,-0.0024467198768949,5.986438155992875e-06,8.96432111004421e-05,2,calm
2012-10-19,1433.18994140625,17.059999465942383,18.1200008392334,0.1065182921428848,0.0640817025165389,0.0621337283982418,-0.0167101446000359,0.0002792289325541,0.0001154934848325,2,calm
2012-10-22,1433.8199462890625,16.6200008392334,17.8700008392334,0.1049634721067199,0.061236536285614,0.0752105858532349,0.0004394856785508,1.9314766165131118e-07,0.0001096128682127,2,calm
2012-10-23,1413.1099853515625,18.82999992370605,19.450000762939453,0.1127608279832526,0.0755391712538079,0.0329262263274282,-0.014549234970738,0.0002116802382337,0.0001407019433042,2,calm
2012-10-24,1408.75,18.32999992370605,19.270000457763672,0.1127346938041294,0.070565305432931,0.0512820806312129,-0.0030901524835878,9.54904237182405e-06,0.0001333289274615,2,calm
2012-10-25,1412.969970703125,18.1200008392334,19.11000061035156,0.1015518091604234,0.0796481992319105,0.0546357464274844,0.0029910649483947,8.946469525515437e-06,0.0001302914406404,2,calm
2012-10-26,1411.93994140625,17.809999465942383,19.020000457763672,0.1004322068966517,0.077667787762772,0.0679394176364319,-0.0007292475686444,5.318020163737784e-07,0.0001258714607051,2,calm
2012-10-31,1412.1600341796875,18.600000381469727,19.309999465942383,0.1003484809206341,0.0856515228940631,0.0381719930059783,0.0001558675512805,2.4294693542189563e-08,0.0001372857199169,2,calm
2012-11-01,1427.5899658203125,16.690000534057617,17.729999542236328,0.10620371319467,0.0606962921459061,0.06231270071301,0.0108672126009859,0.000118096309715,0.0001105381419947,2,calm
2012-11-02,1414.199951171875,17.59000015258789,18.549999237060547,0.1089542553657419,0.066945746160137,0.0545764113783375,-0.0094237182428925,8.880646552142515e-05,0.0001227809941936,2,calm
2012-11-05,1417.260009765625,18.420000076293945,18.96999931335449,0.1093526035848827,0.0748473971780567,0.0298588075343375,0.0021614713450575,4.671958375505077e-06,0.0001346414296867,2,calm
2012-11-06,1428.3900146484375,17.579999923706055,18.239999771118164,0.1122869574444749,0.0635130417925856,0.0375426535993393,0.0078225091227271,6.119164897514885e-05,0.0001226414275069,2,calm
2012-11-07,1394.530029296875,19.07999992370605,19.809999465942383,0.1309655354577077,0.0598344637793527,0.0382599342324598,-0.0239904841792047,0.0005755433311526,0.0001444628559875,2,calm
2012-11-08,1377.510009765625,18.489999771118164,19.82999992370605,0.1320957760400847,0.0528042216710968,0.0724716154232192,-0.0122799333135091,0.0001507967621842,0.0001356667029904,2,calm
2012-11-09,1379.8499755859375,18.61000061035156,20.06999969482422,0.1317834286373679,0.0543165774661477,0.0784523931536334,0.0016972512798215,2.880661906856026e-06,0.0001374333820306,2,calm
2012-11-12,1380.030029296875,16.68000030517578,19.14999961853028,0.1277932513584005,0.0390067516933572,0.148081490897099,0.0001304793765485,1.7024867704501657e-08,0.0001104057183256,2,calm
2012-11-13,1374.530029296875,16.649999618530273,18.96999931335449,0.1277035960530744,0.0387964001322282,0.1393393242028798,-0.0039933834747453,1.594711157636906e-05,0.0001100089235305,2,calm
2012-11-14,1355.489990234375,17.920000076293945,19.8700008392334,0.1319332658308861,0.0472667349320533,0.1088170063971749,-0.0139488704443276,0.0001945709866726,0.0001274311121961,2,calm
2012-11-15,1353.3299560546875,17.989999771118164,19.790000915527344,0.131640590222862,0.0482594074883196,0.1000556513235186,-0.0015948159570167,2.5434379367551752e-06,0.0001284286078431,2,calm
2012-11-16,1359.8800048828125,16.40999984741211,18.93000030517578,0.1321513516468666,0.0319486468272545,0.1535649287748824,0.0048282747351757,2.3312236918336e-05,0.0001068603551555,2,calm
2012-11-19,1386.8900146484375,15.239999771118164,17.59000015258789,0.1442428580249032,0.0081571396862784,0.1541995024122829,0.0196673767395475,0.0003868057078152,9.2165711517334e-05,2,calm
2012-11-20,1387.81005859375,15.079999923706056,17.280000686645508,0.1443554611669845,0.0064445380700759,0.1458886454953495,0.0006631664358276,4.397897216084037e-07,9.024063400752964e-05,2,calm
2012-11-21,1391.030029296875,15.3100004196167,17.579999923706055,0.1447177727469536,0.0083822314492133,0.1482690687049757,0.0023174936609716,5.3707768686436085e-06,9.301433049550138e-05,2,calm
2012-11-23,1409.1500244140625,15.140000343322754,17.579999923706055,0.1482987336701268,0.0031012697631007,0.1611624521170782,0.0129422020689683,0.000167500594394,9.09601628554814e-05,2,calm
2012-11-26,1406.2900390625,15.5,17.309999465942383,0.147456399864275,0.0075436001357249,0.1167741590930569,-0.0020316442693263,4.127578437086577e-06,9.53373015873016e-05,2,calm
2012-11-27,1398.93994140625,15.920000076293944,17.6200008392334,0.1480366275396777,0.0111633732232617,0.1067839670095782,-0.0052402936852277,2.7460677907437875e-05,0.0001005739692179,2,calm
2012-11-28,1409.9300537109375,15.510000228881836,17.200000762939453,0.1499542283179432,0.0051457739708751,0.1089619928509475,0.0078253307601252,6.123580150536263e-05,9.546035996028358e-05,2,calm
2012-11-29,1415.949951171875,15.0600004196167,16.81999969482422,0.1484875486773618,0.0021124555188051,0.1168658184706952,0.0042605535668818,1.8152316696269336e-05,9.000143358684727e-05,2,calm
2012-11-30,1416.1800537109375,15.869999885559082,17.270000457763672,0.1449609479971483,0.0137390508584424,0.0882167978765092,0.0001624943340681,2.6404408604241237e-08,9.99432128443037e-05,2,calm
2012-12-03,1409.4599609375,16.639999389648438,17.81999969482422,0.1445760148609916,0.0218239790354927,0.0709134824794432,-0.00475651916626,2.2624474578999317e-05,0.0001098768173363,2,calm
2012-12-04,1407.050048828125,17.1200008392334,18.190000534057617,0.1445363961928433,0.0266636121994906,0.0624999791105227,-0.0017112757910542,2.928464833048215e-06,0.0001163073129902,2,calm
2012-12-05,1409.280029296875,16.459999084472656,17.829999923706055,0.1369722197567979,0.0276277710879286,0.0832321333799934,0.0015836076545869,2.5078132036664625e-06,0.0001075125277225,2,calm
2012-12-06,1413.93994140625,16.579999923706055,17.84000015258789,0.13740423649002,0.0283957627470405,0.0759951890639209,0.0033011358587093,1.0897497957656896e-05,0.0001090858720119,2,calm
2012-12-07,1418.0699462890625,15.899999618530272,17.290000915527344,0.1310241481082666,0.027975848077036,0.0874214673173406,0.0029166619993504,8.506917218455203e-06,0.0001003214237576,2,calm
2012-12-10,1418.550048828125,16.049999237060547,17.350000381469727,0.1306712693529183,0.0298287230176871,0.0809969598881592,0.0003385032499758,1.1458445024424415e-07,0.0001022232045673,2,calm
2012-12-11,1427.8399658203125,15.56999969482422,17.0,0.1317181394963816,0.0239818574518605,0.0918433097754741,0.0065275313152929,4.260866507213044e-05,9.620035337175648e-05,2,calm
2012-12-12,1428.47998046875,15.949999809265137,17.43000030517578,0.1316785864320679,0.0278214116605833,0.0927900008532246,0.0004481393339567,2.008288626391592e-07,0.0001009533706014,2,calm
2012-12-13,1419.449951171875,16.559999465942383,17.8799991607666,0.1331168574310027,0.032483137228421,0.0797101290696872,-0.0063414899770083,4.0214495128497336e-05,0.0001088228501238,2,calm
2012-12-14,1413.5799560546875,17.0,18.030000686645508,0.1297020099080778,0.0402979900919222,0.0605882756850298,-0.0041439756794915,1.7172534432217296e-05,0.0001146825396825,2,calm
2012-12-17,1430.3599853515625,16.34000015258789,17.5,0.1313460356737667,0.0320539658521122,0.0709914220672997,0.011800688037811,0.0001392562381657,0.0001059506368994,2,calm
2012-12-18,1446.7900390625,15.56999969482422,16.809999465942383,0.1351255230285271,0.020574473919715,0.0796403208363814,0.0114211856667755,0.0001304434820349,9.620035337175648e-05,2,calm
2012-12-19,1435.81005859375,17.360000610351562,17.860000610351562,0.1354506935201651,0.0381493125833504,0.0288018423053427,-0.0076181455628212,5.803614181633268e-05,0.0001195911195203,2,calm
2012-12-20,1443.68994140625,17.670000076293945,18.13999938964844,0.1151782439846543,0.061521756778285,0.0265987159776556,0.0054731046935686,2.995487498676292e-05,0.0001239003582127,2,calm
2012-12-21,1430.1500244140625,17.84000015258789,18.8700008392334,0.1125500888558987,0.0658499126699801,0.0577354640042474,-0.0094229444501447,8.879188211051447e-05,0.0001262958751763,2,calm
2012-12-24,1426.6600341796875,17.84000015258789,18.8700008392334,0.1130457977526746,0.0653542037732042,0.0577354640042474,-0.0024432789712663,5.969612131432591e-06,0.0001262958751763,2,calm
2012-12-26,1419.8299560546875,19.479999542236328,19.93000030517578,0.1143134183375708,0.0804865770847924,0.0231006557245428,-0.0047989567899257,2.3029986271574165e-05,0.0001505834849863,2,calm
2012-12-27,1418.0999755859375,19.46999931335449,19.920000076293945,0.1135516464933016,0.0811483466402432,0.0231125207400906,-0.0012191849162664,1.4864118600515245e-06,0.0001504289179611,2,calm
2012-12-28,1402.4300537109375,22.71999931335449,21.8799991607666,0.1105552180450652,0.1166447750884796,-0.0369718388192972,-0.0111114456749614,0.0001234642249876,0.0002048406225392,2,calm
2012-12-31,1426.18994140625,18.020000457763672,18.729999542236328,0.1191307763399786,0.0610692282376581,0.0394006141196718,0.0168000272698857,0.0002822409162689,0.000128857308134,2,calm
2013-01-02,1462.4200439453125,14.68000030517578,16.690000534057617,0.1368350053815942,0.0099649976701635,0.1369209936714487,0.0250861159586972,0.0006293132138932,8.551682895236549e-05,2,calm
2013-01-03,1459.3699951171875,14.5600004196167,16.739999771118164,0.1271990056199467,0.0184009985762202,0.1497252258704848,-0.0020877954235245,4.358889730490155e-06,8.412444929334862e-05,2,calm
2013-01-04,1466.469970703125,13.829999923706056,16.34000015258789,0.127482183054145,0.0108178161829155,0.1814895330967741,0.004853299978981,2.355452068597762e-05,7.59003563054403e-05,2,calm
2013-01-07,1461.8900146484375,13.789999961853027,16.450000762939453,0.1282785604687499,0.0096214391497803,0.1928934596406618,-0.0031280032591226,9.784404389082126e-06,7.546194402694702e-05,2,calm
2013-01-08,1457.1500244140625,13.619999885559082,16.450000762939453,0.1244250566004628,0.0117749422551279,0.2077827387047884,-0.0032476391807331,1.0547160248232816e-05,7.361285590580531e-05,2,calm
2013-01-09,1461.02001953125,13.8100004196167,16.5,0.1241354639468463,0.0139645402493206,0.1947863503727513,0.0026523453586816,7.034935901719984e-06,7.568099666262437e-05,2,calm
2013-01-10,1472.1199951171875,13.489999771118164,16.1200008392334,0.1238464615573492,0.0110535361538323,0.1949593115446908,0.0075687001092108,5.728522134316833e-05,7.221432294633655e-05,2,calm
2013-01-11,1472.050048828125,13.359999656677246,16.010000228881836,0.122557925064972,0.0110420715018004,0.1983533413401051,-4.751511497752233e-05,2.257686151327167e-09,7.082920270889529e-05,2,calm
2013-01-14,1470.6800537109375,13.520000457763672,16.290000915527344,0.12244226664955,0.0127577379280867,0.2048816837260562,-0.0009311049049197,8.669563439656736e-07,7.253587792774997e-05,2,calm
2013-01-15,1472.3399658203125,13.550000190734863,16.329999923706055,0.122398748356135,0.0131012535512135,0.2051660290655997,0.0011280332953043,1.2724591153150915e-06,7.285813697179159e-05,2,calm
2013-01-16,1472.6300048828125,13.420000076293944,16.239999771118164,0.1211052683997015,0.0130947323632378,0.2101341042319121,0.0001969725099562,3.8798169678469465e-08,7.146682620941646e-05,2,calm
2013-01-17,1480.93994140625,13.56999969482422,16.079999923706055,0.1213021125776262,0.0143978843706159,0.1849668596410641,0.0056270605413545,3.1663810336069714e-05,7.307336972917834e-05,2,calm
2013-01-18,1485.97998046875,12.460000038146973,15.289999961853027,0.1214000823271246,0.0031999180543451,0.2271267989600204,0.003397492378151,1.1542954459594812e-05,6.160777815500896e-05,2,calm
2013-01-22,1492.56005859375,12.43000030517578,14.720000267028809,0.1215658691683203,0.0027341338834374,0.1842316899139163,0.0044183316277115,1.952165437243593e-05,6.131147126455158e-05,2,calm
2013-01-23,1494.81005859375,12.460000038146973,14.5,0.1215223865646738,0.0030776138167959,0.1637239129701007,0.0015063419242931,2.2690659928830936e-06,6.160777815500896e-05,2,calm
2013-01-24,1494.8199462890625,12.6899995803833,14.670000076293944,0.1215598458209422,0.0053401499828907,0.1560284130325272,6.61466154430249e-06,4.37537473456742e-11,6.390321005957474e-05,2,calm
2013-01-25,1502.9599609375,12.890000343322754,14.65999984741211,0.1212260277269166,0.0076739757063109,0.1373157065124708,0.0054307086618681,2.949259657009012e-05,6.593337652811935e-05,2,calm
2013-01-28,1500.1800537109375,13.56999969482422,15.06999969482422,0.1216164399886123,0.0140835569596298,0.1105379538491898,-0.0018513342747921,3.427438597020082e-06,7.307336972917834e-05,2,calm
2013-01-29,1507.8399658203125,13.3100004196167,14.739999771118164,0.1196002668814915,0.0134997373146754,0.107437964419136,0.005093003781205,2.5938687515369025e-05,7.030004411515742e-05,2,calm
2013-01-30,1501.9599609375,14.31999969482422,15.420000076293944,0.1194962796902982,0.023703717257944,0.0768156707340785,-0.0039072446717517,1.526656092493216e-05,8.137396478562133e-05,2,calm
2013-01-31,1498.1099853515625,14.279999732971191,15.550000190734863,0.1164967078955309,0.0263032894341809,0.0889356079490225,-0.002566591958392,6.58739428088256e-06,8.091999697367353e-05,2,calm
2013-02-01,1513.1700439453125,12.899999618530272,14.789999961853027,0.1155198131553696,0.013480183029933,0.1465116588536835,0.0100025132240096,0.0001000502707964,6.603571038019095e-05,2,calm
2013-02-04,1495.7099609375,14.670000076293944,15.789999961853027,0.1187854941092933,0.027914506653646,0.0763462767371728,-0.0116058327096515,0.0001346953528844,8.540035803113661e-05,2,calm
2013-02-05,1511.2900390625,13.720000267028809,15.300000190734863,0.1210790270786705,0.0161209755916175,0.1151603420521082,0.0103626322220596,0.0001073841465696,7.469778068542483e-05,2,calm
2013-02-06,1512.1199951171875,13.40999984741211,15.140000343322754,0.1166105443274812,0.0174894541466398,0.1290082412823072,0.0005490198591339,3.014228057234402e-07,7.136035551888604e-05,2,calm
2013-02-07,1509.3900146484375,13.5,15.1899995803833,0.1164210476325445,0.0185789523674555,0.1251851541024667,-0.0018070310558567,3.2653612368308225e-06,7.232142857142858e-05,2,calm
2013-02-08,1517.9300537109375,13.020000457763672,14.800000190734863,0.1151425958114559,0.0150574087661808,0.136712724300236,0.0056419945850431,3.183210289765621e-05,6.727000473022469e-05,2,calm
2013-02-11,1517.010009765625,12.9399995803833,14.68000030517578,0.1149968062021335,0.0144031896016995,0.1344668300785939,-0.0006063012476382,3.67601202887732e-07,6.644586870647621e-05,2,calm
2013-02-12,1519.4300537109375,12.640000343322754,14.529999732971191,0.1078446178859215,0.018555385547306,0.1495252641070421,0.0015940011376042,2.540839626683504e-06,6.340063836476166e-05,2,calm
2013-02-13,1520.3299560546875,12.979999542236328,14.630000114440918,0.0992834513608404,0.0305165440615228,0.1271186926344306,0.0005920877747906,3.505679330565512e-07,6.685729687160925e-05,2,calm
2013-02-14,1521.3800048828125,12.65999984741211,14.43000030517578,0.0715808345799914,0.0550191638941296,0.1398104643836535,0.0006904332650536,4.7669809349258427e-07,6.360142703828359e-05,2,calm
2013-02-15,1519.7900390625,12.460000038146973,14.260000228881836,0.0712127929347983,0.0533872074466714,0.1444622941592346,-0.0010456277960136,1.0933374877962983e-06,6.160777815500896e-05,2,calm
2013-02-19,1530.93994140625,12.3100004196167,13.989999771118164,0.0726044625714867,0.0504955416246802,0.1364743537152353,0.0073096944413612,5.343163282606748e-05,6.013337711546164e-05,2,calm
2013-02-20,1511.949951171875,14.68000030517578,15.40999984741211,0.0821459903307855,0.0646540127209722,0.049727488219394,-0.0124817114300058,0.0001557931202219,8.551682895236549e-05,2,calm
2013-02-21,1502.4200439453125,15.220000267028809,15.710000038146973,0.0840296088386268,0.0681703938316612,0.0321944653430561,-0.0063230054656653,3.998039811883364e-05,9.192397147950674e-05,2,calm
2013-02-22,1515.5999755859375,14.170000076293944,14.979999542236328,0.0868575801909715,0.0548424205719678,0.0571629824686799,0.0087342133867744,7.628648348570952e-05,7.967813577863902e-05,2,calm
2013-02-25,1487.8499755859375,18.989999771118164,17.940000534057617,0.1018368265891658,0.0880631711220158,-0.0552922195742986,-0.0184792755847743,0.000341483626138,0.0001431032108361,2,calm
2013-02-26,1496.93994140625,16.8700008392334,17.25,0.1031716313380225,0.0655283770543114,0.0225251417820243,0.0060908768625673,3.709878095495873e-05,0.0001129352890141,2,calm
2013-02-27,1515.989990234375,14.729999542236328,15.65999984741211,0.1088171845462818,0.0384828108760813,0.0631364788918783,0.0126456991190195,0.0001599137062087,8.61003517913819e-05,2,calm
2013-02-28,1514.6800537109375,15.510000228881836,16.18000030517578,0.108951782641089,0.0461482196477293,0.0431979410965004,-0.0008644534614572,7.472797870254046e-07,9.546035996028358e-05,2,calm
2013-03-01,1518.199951171875,15.359999656677246,16.290000915527344,0.1089989758343024,0.0446010207324699,0.0605469583097165,0.0023211594495267,5.387781190127191e-06,9.362285295758932e-05,2,calm
2013-03-04,1525.199951171875,14.010000228881836,15.420000076293944,0.1086615716770637,0.0314384306117546,0.1006423857513842,0.0046001265483496,2.116116426083109e-05,7.788893111637663e-05,2,calm
2013-03-05,1539.7900390625,13.479999542236328,14.949999809265137,0.1112625407201329,0.0235374547022303,0.1090504686163317,0.0095205518724999,9.06409079569628e-05,7.2107296689957e-05,2,calm
2013-03-06,1541.4599609375,13.529999732971191,15.029999732971191,0.1108396028994361,0.0244603944302757,0.1108647471991191,0.0010839250554146,1.17489352575572e-06,7.264321141833351e-05,2,calm
2013-03-07,1544.260009765625,13.0600004196167,14.739999771118164,0.1108536511628731,0.0197463530332938,0.1286370059359287,0.0018148436172064,3.293657354914899e-06,6.768397260332871e-05,2,calm
2013-03-08,1551.1800537109375,12.59000015258789,14.520000457763672,0.111230835905442,0.0146691656204368,0.1532962892600972,0.0044711287129549,1.9990991967810363e-05,6.290004120720758e-05,2,calm
2013-03-11,1556.219970703125,11.5600004196167,14.300000190734863,0.1106930736582115,0.0049069305379554,0.2370241930500739,0.0032438188658736,1.0522360834598044e-05,5.302921019902312e-05,2,calm
2013-03-12,1552.47998046875,12.270000457763672,14.579999923706056,0.1108358502028987,0.011864154374738,0.1882640081305591,-0.0024061453968019,5.789535670551397e-06,5.97432187434606e-05,2,calm
2013-03-13,1554.52001953125,11.829999923706056,14.510000228881836,0.1102046795798463,0.0080953196572142,0.2265427153389363,0.0013131891571707,1.7244657625108444e-06,5.5535277061462426e-05,2,calm
2013-03-14,1563.22998046875,11.300000190734863,14.100000381469728,0.1099539865082197,0.0030460153991289,0.2477876233162059,0.0055873521589719,3.1218504148369046e-05,5.0670636631193625e-05,2,calm
2013-03-15,1560.699951171875,11.300000190734863,14.260000228881836,0.1096961492711833,0.0033038526361652,0.2619469016092536,-0.0016197737499887,2.6236670011526387e-06,5.0670636631193625e-05,2,calm
2013-03-18,1552.0999755859375,13.359999656677246,15.390000343322754,0.1082935948058425,0.0253064017609298,0.1519461630847367,-0.005525570335024,3.053192752729776e-05,7.082920270889529e-05,2,calm
2013-03-19,1548.3399658203125,14.390000343322754,15.710000038146973,0.1022186871665199,0.0416813162667076,0.0917303449152956,-0.0024254697268762,5.88290339599305e-06,8.217147217493213e-05,2,calm
2013-03-20,1558.7099609375,12.670000076293944,14.93000030517578,0.0998631901674196,0.0268368105955197,0.1783741290665327,0.0066751638158179,4.455781196800516e-05,6.370194521162245e-05,2,calm
2013-03-21,1545.800048828125,13.989999771118164,15.529999732971191,0.1034747486072771,0.0364252491039044,0.1100786266653342,-0.008316923756005,6.917122076320162e-05,7.766670380789137e-05,2,calm
2013-03-22,1556.8900146484375,13.56999969482422,15.260000228881836,0.1048102893470657,0.0308897076011764,0.1245394673591779,0.0071486438032998,5.110310822645793e-05,7.307336972917834e-05,2,calm
2013-03-25,1551.68994140625,13.739999771118164,15.300000190734863,0.1046125227147691,0.0327874749964125,0.1135371503350284,-0.0033456293009472,1.1193235419357e-05,7.491571178981238e-05,2,calm
2013-03-26,1563.77001953125,12.770000457763672,14.75,0.1064724294996521,0.0212275750779845,0.1550508591432793,0.0077549631946349,6.013945415014335e-05,6.471147289336682e-05,2,calm
2013-03-27,1562.8499755859375,13.149999618530272,14.93000030517578,0.1065566186948936,0.024943377490409,0.1353612728731358,-0.0005885230525645,3.46359383399951e-07,6.862003570132791e-05,2,calm
2013-03-28,1569.18994140625,12.699999809265137,14.640000343322754,0.1069290115215514,0.0200709865710999,0.1527559498577561,0.0040484633961911,1.6390055870299354e-05,6.400396633148195e-05,2,calm
2013-04-01,1562.1700439453125,13.579999923706056,15.279999732971191,0.1081268560545759,0.0276731431824846,0.12518408091428,-0.004483616865356,2.0102820195304996e-05,7.318111028883196e-05,2,calm
2013-04-02,1570.25,12.779999732971191,14.710000038146973,0.1086597310697144,0.0191402662599974,0.1510172414320606,0.0051589338988534,2.6614598972739063e-05,6.481285443442213e-05,2,calm
2013-04-03,1553.68994140625,14.210000038146973,15.489999771118164,0.1120954525240183,0.0300045478574513,0.0900773912410282,-0.0106021332188411,0.00011240522879,8.012861154132419e-05,2,calm
2013-04-04,1559.97998046875,13.890000343322754,15.300000190734863,0.1055139624313838,0.0333860410018437,0.1015118655551314,0.0040402790127371,1.6323854500763885e-05,7.656036092758182e-05,2,calm
2013-04-05,1553.280029296875,13.920000076293944,15.380000114440918,0.1044461892677037,0.0347538114952356,0.1048850596368448,-0.0043041451689076,1.852566563503097e-05,7.689142941429498e-05,2,calm
2013-04-08,1563.0699462890625,13.1899995803833,14.710000038146973,0.1031245232260489,0.0287754725777841,0.1152388556573025,0.0062829587652709,3.947557084609503e-05,6.903813052798084e-05,2,calm
2013-04-09,1568.6099853515625,12.84000015258789,14.460000038146973,0.0851016381555685,0.0432983633703103,0.1261682138868645,0.0035380658065774,1.2517909651672676e-05,6.542285869780042e-05,2,calm
2013-04-10,1587.72998046875,12.359999656677246,14.119999885559082,0.0894450869539511,0.0341549096128212,0.1423948444797108,0.0121154433295488,0.0001467839670715,6.0622853775024464e-05,2,calm
2013-04-11,1593.3699951171875,12.239999771118164,14.170000076293944,0.0837048879462612,0.0386951097649203,0.1576797664432854,0.0035459561795765,1.2573805227477252e-05,5.945142634800504e-05,2,calm
2013-04-12,1588.8499755859375,12.0600004196167,14.020000457763672,0.0844156792560171,0.0361843249401498,0.1625207271932472,-0.0028407983185492,8.070135086672265e-06,5.771571830204562e-05,2,calm
2013-04-15,1552.3599853515625,17.270000457763672,17.030000686645508,0.1108542143486152,0.0618457902290215,-0.0138969174728813,-0.0232341245503643,0.0005398245436218,0.000118354331671,2,calm
2013-04-16,1574.5699462890625,13.960000038146973,15.100000381469728,0.1170805336428398,0.0225194667386298,0.0816619154876504,0.0142058408280644,0.0002018059136323,7.733396867661249e-05,2,calm
2013-04-17,1552.010009765625,16.510000228881836,16.93000030517578,0.1224981696710757,0.0426018326177426,0.0254391320697389,-0.0144313136859845,0.0002082628147032,0.0001081667093482,2,calm
2013-04-18,1541.6099853515625,17.559999465942383,17.520000457763672,0.1241229837962195,0.0514770108632043,-0.0022778479154449,-0.0067235559695443,4.520620487559482e-05,0.0001223625322396,2,calm
2013-04-19,1555.25,14.970000267028809,16.170000076293945,0.1266397766426758,0.0230602260276122,0.0801603064702756,0.0088089890510547,7.759828810160201e-05,8.892893174398515e-05,2,calm
2013-04-22,1562.5,14.390000343322754,15.65999984741211,0.1266930436969161,0.0172069597363114,0.0882556965802061,0.0046507982154273,2.1629924040622585e-05,8.217147217493213e-05,2,calm
2013-04-23,1578.780029296875,13.479999542236328,14.829999923706056,0.1298022269843368,0.0049977684380264,0.1001483996523759,0.0103653128055527,0.0001074397095569,7.2107296689957e-05,2,calm
2013-04-24,1578.7900390625,13.609999656677246,14.970000267028809,0.1295241628860885,0.0065758336806839,0.0999265719807956,6.340170072840042e-06,4.01977565525365e-11,7.350479787887093e-05,2,calm
2013-04-25,1585.1600341796875,13.619999885559082,14.960000038146973,0.1298994446076572,0.0063005542479335,0.0983847403705675,0.0040266145649913,1.621362485500075e-05,7.361285590580531e-05,2,calm
2013-04-26,1582.239990234375,13.609999656677246,14.890000343322754,0.1292291002129647,0.0068708963538077,0.0940485465785829,-0.0018438118015177,3.3996419594161806e-06,7.350479787887093e-05,2,calm
2013-04-29,1593.6099853515625,13.710000038146973,14.920000076293944,0.1305337906839848,0.0065662096974849,0.0882567494369251,0.0071603153694074,5.127011618937212e-05,7.458892898650395e-05,2,calm
2013-04-30,1597.5699462890625,13.520000457763672,14.779999732971191,0.1292745543285365,0.0059254502491002,0.0931952095078504,0.0024818174185819,6.159417699176825e-06,7.253587792774997e-05,2,calm
2013-05-01,1582.699951171875,14.489999771118164,15.609999656677246,0.1323731876211601,0.0125268100900215,0.0772946793133492,-0.0093514726495644,8.745004071555109e-05,8.331749736785891e-05,2,calm
2013-05-02,1597.5899658203125,13.59000015258789,14.869999885559082,0.1336455541287252,0.0022544473971536,0.0941868814274771,0.0093640038103207,8.768456735970076e-05,7.328893021719798e-05,2,calm
2013-05-03,1614.4200439453125,12.850000381469728,14.449999809265137,0.133580506350469,-0.0050805025357717,0.1245135704511479,0.0104795639481703,0.0001098212605437,6.552480547768736e-05,2,calm
2013-05-06,1617.5,12.65999984741211,14.3100004196167,0.1324960543071701,-0.005896055833049,0.1303318003231946,0.0019059611284839,3.6326878232917706e-06,6.360142703828359e-05,2,calm
2013-05-07,1625.9599609375,12.829999923706056,14.350000381469728,0.1322260952210461,-0.0039260959839855,0.1184723668591111,0.0052166391598378,2.7213324123953885e-05,6.532099128662596e-05,2,calm
2013-05-08,1632.68994140625,12.65999984741211,14.399999618530272,0.1311631376233583,-0.0045631391492372,0.1374407418712445,0.0041305388666965,1.7061351329291114e-05,6.360142703828359e-05,2,calm
2013-05-09,1626.6700439453125,13.130000114440918,14.8100004196167,0.1318867900696077,-0.0005867889251985,0.1279512787915399,-0.0036939180287733,1.3645030403296495e-05,6.841146944651529e-05,2,calm
2013-05-10,1633.699951171875,12.59000015258789,14.710000038146973,0.1319361906256478,-0.0060361890997688,0.1683875980830161,0.0043123437715848,1.859630880432661e-05,6.290004120720758e-05,2,calm
2013-05-13,1633.77001953125,12.550000190734863,15.050000190734863,0.1308468883160889,-0.0053468864087403,0.1992031842235066,4.288844886953105e-05,1.839419046434379e-09,6.250099396327188e-05,2,calm
2013-05-14,1650.3399658203125,12.770000457763672,14.979999542236328,0.1328134392564988,-0.005113434678862,0.1730617858458306,0.0100910669691502,0.0001018296325758,6.471147289336682e-05,2,calm
2013-05-15,1658.780029296875,12.8100004196167,15.050000190734863,0.127924939815038,0.0001750643811289,0.1748633643827147,0.0051011034902108,2.602125681784169e-05,6.511750426610316e-05,2,calm
2013-05-16,1650.469970703125,13.06999969482422,15.449999809265137,0.1294679625959672,0.0012320343522749,0.1820964169864064,-0.0050223319854107,2.5223818571679853e-05,6.778765556456556e-05,2,calm
2013-05-17,1667.469970703125,12.449999809265137,15.170000076293944,0.130295042391179,-0.0057950442985276,0.2184739203774618,0.0102474119865625,0.0001050094524223,6.150892668678649e-05,2,calm
2013-05-20,1666.2900390625,13.020000457763672,15.3100004196167,0.1300432955517666,0.00015670902587,0.1758832474147516,-0.0007078684047072,5.010776783827636e-07,6.727000473022469e-05,2,calm
2013-05-21,1669.1600341796875,13.369999885559082,15.779999732971191,0.1299791458195058,0.0037208530360849,0.180254290803334,0.0017209046830023,2.9615129279794114e-06,7.093527656343247e-05,2,calm
2013-05-22,1655.3499755859375,13.81999969482422,15.81999969482422,0.1297426422635876,0.0084573546846545,0.1447178034851207,-0.0083080742657785,6.902409800569185e-05,7.579063157338948e-05,2,calm
2013-05-23,1650.510009765625,14.06999969482422,16.0,0.1301640390239811,0.010535957924261,0.1371713110900597,-0.002928115104606,8.573858065822306e-06,7.855749659220383e-05,2,calm
2013-05-24,1649.5999755859375,13.989999771118164,15.920000076293944,0.1297187312714149,0.0101812664397666,0.1379557067013105,-0.0005515174989888,3.041715516909651e-07,7.766670380789137e-05,2,calm
2013-05-28,1660.06005859375,14.479999542236328,15.869999885559082,0.1076466223694637,0.0371533730528995,0.0959945018829799,0.0063209621091601,3.995456198543809e-05,8.320253442189056e-05,2,calm
2013-05-29,1648.3599853515625,14.829999923706056,16.149999618530273,0.1047119698066765,0.043588029430384,0.0890087458944737,-0.0070729362431658,5.002642709988921e-05,8.727337211790541e-05,2,calm
2013-05-30,1654.4100341796875,14.529999732971191,16.010000228881836,0.0932553976578654,0.0520445996718464,0.1018582603654325,0.0036636251143134,1.3422148978228055e-05,8.377813184132654e-05,2,calm
2013-05-31,1630.739990234375,16.299999237060547,17.1299991607666,0.1018611360145114,0.061138856356094,0.0509202431015409,-0.014410576921857,0.0002076647272207,0.0001054325298127,2,calm
2013-06-03,1640.4200439453125,16.280000686645508,17.219999313354492,0.1004861606167342,0.0623138462497207,0.057739470949781,0.0059184398597416,3.50279303733792e-05,0.0001051739771258,2,calm
2013-06-04,1631.3800048828125,16.270000457763672,17.260000228881836,0.1022702207954102,0.0604297837822265,0.0608481710672453,-0.0055260480056055,3.0537206560256925e-05,0.0001050448074982,2,calm
2013-06-05,1608.9000244140625,17.5,18.0,0.1078619858410599,0.06713801415894,0.0285714285714285,-0.0138755545439222,0.0001925310139013,0.0001215277777777,2,calm
2013-06-06,1622.56005859375,16.6299991607666,17.549999237060547,0.110191480133827,0.0561085114738389,0.0553217151366071,0.0084544541442306,7.14777948768987e-05,0.0001097447905107,2,calm
2013-06-07,1643.3800048828125,15.140000343322754,16.719999313354492,0.1151244018511338,0.0362756015820936,0.1043592426818253,0.0127499145269456,0.0001625603204444,9.09601628554814e-05,2,calm
2013-06-10,1642.81005859375,15.4399995803833,16.729999542236328,0.1148616702675059,0.039538325536327,0.0835492225979065,-0.000346873603637,1.2032129690014225e-07,9.460062977866528e-05,2,calm
2013-06-11,1626.1300048828125,17.06999969482422,17.90999984741211,0.118081591909118,0.0526184050391241,0.0492091486587774,-0.010205264184821,0.0001041474170819,0.000115628924437,2,calm
2013-06-12,1612.52001953125,18.59000015258789,19.06999969482422,0.1208166046864168,0.0650833968394621,0.0258203086765175,-0.0084047769080509,7.064027487410692e-05,0.0001371381371719,2,calm
2013-06-13,1636.3599853515625,16.40999984741211,17.829999923706055,0.1241430761017615,0.0399569223723595,0.0865326075257631,0.0146760690973593,0.0002153870041504,0.0001068603551555,2,calm
2013-06-14,1626.72998046875,17.149999618530273,18.299999237060547,0.1232057482516428,0.0482942479336598,0.0670553728343946,-0.0059024010624579,3.483833830210495e-05,0.0001167152725855,2,calm
2013-06-17,1639.0400390625,16.799999237060547,17.989999771118164,0.121439323408373,0.0465606689622324,0.0708333683392374,0.0075388755627146,5.683464475009655e-05,0.0001119999898274,2,calm
2013-06-18,1651.81005859375,16.610000610351562,17.75,0.1231993394611249,0.0429006666423907,0.0686333141335332,0.0077609634287832,6.023255334291175e-05,0.0001094810001094,2,calm
2013-06-19,1628.9300537109375,16.639999389648438,17.780000686645508,0.1294560564474045,0.0369439374490798,0.0685096958420715,-0.0139483013284819,0.0001945551099501,0.0001098768173363,2,calm
2013-06-20,1588.18994140625,20.489999771118164,20.34000015258789,0.1482061183059236,0.056693879405258,-0.0073206256811045,-0.0253284243922982,0.0006415290821963,0.0001666032105636,2,calm
2013-06-21,1592.4300537109375,18.89999961853028,19.489999771118164,0.1483184258588749,0.0406815703264278,0.0312169399204341,0.0026662190535255,7.108724041382739e-06,0.0001417499942779,2,calm
2013-06-24,1573.0899658203125,20.11000061035156,20.729999542236328,0.1511665867726511,0.0499334193308644,0.0308303785712282,-0.0122193689596269,0.0001493129777714,0.0001604810018048,2,calm
2013-06-25,1588.030029296875,18.46999931335449,19.670000076293945,0.1542989520112341,0.0304010411223107,0.0649702657038981,0.0094524565593023,8.934893500549836e-05,0.0001353733629505,2,calm
2013-06-26,1603.260009765625,17.209999084472656,18.81999969482422,0.1539671497299914,0.0181328411147351,0.0935503019174562,0.00954478966619,9.110300977180804e-05,0.0001175333605109,2,calm
2013-06-27,1613.199951171875,16.860000610351562,18.559999465942383,0.1543680143155926,0.014231991787923,0.100830296206933,0.0061806913002966,3.82009449495621e-05,0.0001128014367385,2,calm
2013-06-28,1606.280029296875,16.860000610351562,18.38999938964844,0.1542154530317816,0.0143845530717339,0.0907472552733777,-0.0042987889804679,1.8479586698592283e-05,0.0001128014367385,2,calm
2013-07-01,1614.9599609375,16.3700008392334,17.920000076293945,0.1517862662124209,0.011913742179913,0.0946853486620305,0.0053891996093898,2.9043472429847294e-05,0.0001063400505859,2,calm
2013-07-02,1614.0799560546875,16.440000534057617,18.020000457763672,0.1517903431127892,0.0126096622277869,0.0961070481982575,-0.0005450566900508,2.9708679536923933e-07,0.0001072514355396,2,calm
2013-07-03,1615.4100341796875,16.200000762939453,17.809999465942383,0.1516696749509899,0.0103303326784046,0.0993826313074073,0.0008237078945754,6.784946955859165e-07,0.000104142866952,2,calm
2013-07-05,1631.8900146484375,14.890000343322754,16.8799991607666,0.1534615460714942,-0.0045615426382666,0.1336466602793759,0.0101500457032259,0.0001030234277775,8.798099612069513e-05,2,calm
2013-07-08,1640.4599609375,14.779999732971191,16.40999984741211,0.1541510535652169,-0.0063510562355049,0.1102841775297679,0.005237805213836,2.7434603458087905e-05,8.668586988358274e-05,2,calm
2013-07-09,1652.3199462890625,14.350000381469728,15.90999984741211,0.1556305022054459,-0.0121304983907486,0.1087107612872833,0.007203661934863,5.189274527179425e-05,8.17152821222942e-05,2,calm
2013-07-10,1652.6199951171875,14.210000038146973,15.770000457763672,0.1544955992669111,-0.0123955988854414,0.1097818730069565,0.000181575964628,3.29698309305937e-08,8.012861154132419e-05,2,calm
2013-07-11,1675.02001953125,14.010000228881836,15.5,0.1579257099891441,-0.0178257077003257,0.1063525872074224,0.0134632127653538,0.0001812580979651,7.788893111637663e-05,2,calm
2013-07-12,1680.18994140625,13.84000015258789,15.649999618530272,0.1578345102496903,-0.0194345087238114,0.1307803067909602,0.0030817302206288,9.4970611527371e-06,7.601016040620352e-05,2,calm
2013-07-15,1682.5,13.789999961853027,15.619999885559082,0.1513606400995843,-0.013460640481054,0.1327048534277261,0.0013739351515561,1.8876978006816305e-06,7.546194402694702e-05,2,calm
2013-07-16,1676.260009765625,14.420000076293944,16.010000228881836,0.1512386899899447,-0.0070386892270052,0.1102635328831797,-0.0037156554177069,1.3806095183135326e-05,8.251444531758624e-05,2,calm
2013-07-17,1680.9100341796875,13.779999732971191,15.5600004196167,0.1501687671846135,-0.0123687698549015,0.129172766410621,0.0027702066483981,7.674044874829264e-06,7.535253676217702e-05,2,calm
2013-07-18,1689.3699951171875,13.770000457763672,15.5600004196167,0.1437561069450311,-0.0060561023673944,0.1299927307441596,0.0050203417120067,2.520383090531462e-05,7.524321928841736e-05,2,calm
2013-07-19,1692.0899658203125,12.539999961853027,15.039999961853027,0.142292537156216,-0.0168925375376857,0.1993620420737686,0.0016087555796456,2.588094515041026e-06,6.240142819177536e-05,2,calm
2013-07-22,1695.530029296875,12.289999961853027,14.6899995803833,0.1381943779296532,-0.0152943783111229,0.1952806855963905,0.0020309625424268,4.124808848740807e-06,5.9938134548550565e-05,2,calm
2013-07-23,1692.3900146484375,12.65999984741211,14.880000114440918,0.138394762534115,-0.0117947640599939,0.1753554734428065,-0.0018536538683364,3.4360326635985743e-06,6.360142703828359e-05,2,calm
2013-07-24,1685.93994140625,13.18000030517578,15.1899995803833,0.135103596993109,-0.0033035939413512,0.1525037351037234,-0.0038185027297184,1.4580963096867035e-05,6.893349525572762e-05,2,calm
2013-07-25,1690.25,12.970000267028809,15.0,0.1320292158420201,-0.002329213171732,0.1565150108849016,0.0025532099851888,6.518881228467889e-06,6.675432814552673e-05,2,calm
2013-07-26,1691.6500244140625,12.720000267028809,14.800000190734863,0.1260482574965745,0.0011517451737135,0.1635220031478749,0.0008279514379092,6.855035835359555e-07,6.420571698143371e-05,2,calm
2013-07-29,1685.3299560546875,13.390000343322754,15.109999656677246,0.1251569220232533,0.0087430814099742,0.1284540156275807,-0.0037430341753677,1.4010304837970689e-05,7.114766237864422e-05,2,calm
2013-07-30,1685.9599609375,13.390000343322754,14.979999542236328,0.1237078042157983,0.0101921992174291,0.1187452694656924,0.000373747085334,1.3968688379573097e-07,7.114766237864422e-05,2,calm
2013-07-31,1685.72998046875,13.449999809265137,14.920000076293944,0.1220305066836146,0.0124694914090367,0.109293701700738,-0.0001364185159984,1.861001150721139e-08,7.17867043131874e-05,2,calm
2013-08-01,1706.8699951171875,12.9399995803833,14.550000190734863,0.1184796240618833,0.0109203717419497,0.1244204530572227,0.0124625882304165,0.0001553161054009,6.644586870647621e-05,2,calm
2013-08-02,1709.6700439453125,11.979999542236328,14.029999732971191,0.0868635937916967,0.0329364016306665,0.1711185533444675,0.001639114087947,2.6866949933064163e-06,5.695253533015184e-05,2,calm
2013-08-05,1707.1400146484375,11.84000015258789,13.859999656677246,0.0876051592390783,0.0307948422868005,0.1706080640250532,-0.0014809308775636,2.1931562641214186e-06,5.562920778304813e-05,2,calm
2013-08-06,1697.3699951171875,12.720000267028809,14.5600004196167,0.0799384837753702,0.0472615188949178,0.1446540970095188,-0.005739472830554,3.294154837266778e-05,6.420571698143371e-05,2,calm
2013-08-07,1690.9100341796875,12.979999542236328,14.8100004196167,0.0792052358194687,0.0505947596028945,0.1409862050784849,-0.0038131256619417,1.453992731375881e-05,6.685729687160925e-05,2,calm
2013-08-08,1697.47998046875,12.729999542236328,14.670000076293944,0.0762185399977886,0.0510814554245746,0.1523959625937903,0.0038779210740465,1.5038271856534236e-05,6.430670172434012e-05,2,calm
2013-08-09,1691.4200439453125,13.40999984741211,15.100000381469728,0.07670503527197,0.057394963202151,0.1260253954726001,-0.0035763480414268,1.2790265313417836e-05,7.136035551888604e-05,2,calm
2013-08-12,1689.469970703125,12.8100004196167,15.170000076293944,0.0751365961533884,0.0529634080427785,0.1842310366409699,-0.0011535858605248,1.3307603376029609e-06,6.511750426610316e-05,2,calm
2013-08-13,1694.1600341796875,12.3100004196167,14.859999656677246,0.0743940796282528,0.0487059245679141,0.2071485905879398,0.0027722100072683,7.685148324398824e-06,6.013337711546164e-05,2,calm
2013-08-14,1685.3900146484375,13.039999961853027,15.239999771118164,0.0767368944086359,0.0536631052098943,0.168711642308357,-0.0051900632278581,2.6936756309164924e-05,6.74768250020345e-05,2,calm
2013-08-15,1661.3199462890625,14.729999542236328,16.239999771118164,0.089412374988758,0.0578876204336052,0.1025118992401941,-0.0143845649479618,0.0002069157087421,8.61003517913819e-05,2,calm
2013-08-16,1655.8299560546875,14.369999885559082,15.9399995803833,0.0857938324070753,0.0579061664485154,0.1092553728133266,-0.003310067623478,1.0956547671997744e-05,8.194321298054287e-05,2,calm
2013-08-19,1646.06005859375,15.100000381469728,16.399999618530273,0.0865133953422463,0.0644866084724509,0.0860926625310463,-0.0059177779571538,3.502009595017567e-05,9.048016330174044e-05,2,calm
2013-08-20,1652.3499755859375,14.90999984741211,16.309999465942383,0.0846368749160106,0.0644631235581104,0.0938966889911315,0.0038139130983711,1.4545933121926984e-05,8.821749819437663e-05,2,calm
2013-08-21,1642.800048828125,15.9399995803833,16.790000915527344,0.0862831392862446,0.0731168565175883,0.0533250537967456,-0.0057963694673468,3.3597899001990944e-05,0.0001008268200883,2,calm
2013-08-22,1656.9599609375,14.760000228881836,15.989999771118164,0.0805358538350756,0.0670641484537427,0.0833333010272933,0.0085824417434139,7.365830627909455e-05,8.645143125261581e-05,2,calm
2013-08-23,1663.5,13.979999542236328,15.550000190734863,0.0808919811101979,0.0589080143121653,0.1123033404797514,0.0039392419102131,1.551762682717998e-05,7.755570920671745e-05,2,calm
2013-08-26,1656.780029296875,14.989999771118164,16.209999084472656,0.0814224722411574,0.0684775254700241,0.0813875471636173,-0.0040478392300585,1.638500243240109e-05,8.916670362623914e-05,2,calm
2013-08-27,1630.47998046875,16.770000457763672,17.68000030517578,0.0926351223991116,0.075064882178525,0.0542635553114028,-0.0160015392291833,0.000256049257703,0.0001116003632354,2,calm
2013-08-28,1634.9599609375,16.489999771118164,17.6200008392334,0.0926260317393497,0.0722739659718318,0.0685264453486775,0.0027438773089689,7.528862686674826e-06,0.0001079047985918,2,calm
2013-08-29,1638.1700439453125,16.809999465942383,17.899999618530273,0.0913355133674526,0.0767644812919711,0.0648423668778971,0.0019614766490956,3.847390644947514e-06,0.0001121333658908,2,calm
2013-08-30,1632.969970703125,17.010000228881836,18.049999237060547,0.0911894596942114,0.0789105425946069,0.0611404464541312,-0.0031793671926351,1.0108375745604876e-05,0.0001148175030899,2,calm
2013-09-03,1639.77001953125,16.610000610351562,17.639999389648438,0.0920445511614126,0.0740554549421029,0.0620107610745641,0.0041555752269595,1.7268805466920275e-05,0.0001094810001094,2,calm
2013-09-04,1653.0799560546875,15.880000114440918,17.299999237060547,0.0957817999826239,0.0630182011617852,0.0894205990167665,0.0080841879285603,6.53540944642802e-05,0.0001000692077915,2,calm
2013-09-05,1655.0799560546875,15.770000457763672,17.139999389648438,0.0955054028954614,0.0621946016821752,0.0868737407810477,0.0012091315394673,1.4619990797346557e-06,9.86876644594708e-05,2,calm
2013-09-06,1655.1700439453125,15.850000381469728,17.170000076293945,0.0950584559182411,0.0634415478964561,0.0832807358394408,5.442965978223178e-05,2.9625878640095e-09,9.969147305261529e-05,2,calm
2013-09-09,1671.7099609375,15.630000114440918,16.829999923706055,0.0998797820313995,0.0564202191130096,0.0767754190965379,0.0099432821389701,9.886885969516216e-05,9.694321570532662e-05,2,calm
2013-09-10,1683.989990234375,14.529999732971191,16.110000610351562,0.1017852906131391,0.0435147067165727,0.1087405992028385,0.0073189404848024,5.356688982007972e-05,8.377813184132654e-05,2,calm
2013-09-11,1689.1300048828125,13.81999969482422,15.609999656677246,0.1021709492454048,0.0360290477028373,0.1295224313589098,0.0030476346138184,9.288076739344546e-06,7.579063157338948e-05,2,calm
2013-09-12,1683.4200439453125,14.289999961853027,15.850000381469728,0.1026589199871249,0.0402410796314053,0.1091672794808329,-0.0033861418278017,1.1465956477988764e-05,8.103337258323791e-05,2,calm
2013-09-13,1687.989990234375,14.15999984741211,15.699999809265137,0.0960092948232636,0.0455907036508574,0.1087570606248614,0.0027110016531034,7.349529963129526e-06,7.956571257091704e-05,2,calm
2013-09-16,1697.5999755859375,14.380000114440918,15.579999923706056,0.0974463331042556,0.0463536680401535,0.0834492211206629,0.0056770082958208,3.22284231908182e-05,8.205730289338129e-05,2,calm
2013-09-17,1704.760009765625,14.529999732971191,15.65999984741211,0.0982071253568159,0.0470928719728959,0.0777701400693589,0.0042088695965522,1.7714583280782066e-05,8.377813184132654e-05,2,calm
2013-09-18,1725.52001953125,13.59000015258789,15.18000030517578,0.1027312267821291,0.0331687747437497,0.1169978024087888,0.0121041215584157,0.0001465097587009,7.328893021719798e-05,2,calm
2013-09-19,1722.3399658203125,13.15999984741211,15.020000457763672,0.1021618677517193,0.0294381307224017,0.1413374340363178,-0.0018446541484815,3.4027489275102228e-06,6.872444285074871e-05,2,calm
2013-09-20,1709.9100341796875,13.119999885559082,15.31999969482422,0.1041396789096134,0.0270603199459774,0.1676829137541863,-0.0072430539628474,5.246183070872086e-05,6.830730039566283e-05,2,calm
2013-09-23,1701.8399658203125,14.3100004196167,15.920000076293944,0.1045605000165601,0.0385395041796069,0.112508707859309,-0.004730758941951,2.2380080166849893e-05,8.126036190850401e-05,2,calm
2013-09-24,1697.4200439453125,14.079999923706056,15.640000343322754,0.1048076406092001,0.0359923586278604,0.1107954849481336,-0.0026005214977318,6.7627120601656345e-06,7.866920549665181e-05,2,calm
2013-09-25,1692.77001953125,14.010000228881836,15.5600004196167,0.1048305350114902,0.0352694672773281,0.1106352723349364,-0.0027432251543777,7.52528424761063e-06,7.788893111637663e-05,2,calm
2013-09-26,1698.6700439453125,14.0600004196167,15.40999984741211,0.1041293376267462,0.0364706665694207,0.0960170261383401,0.0034793658479979,1.2105986704214496e-05,7.844587769826262e-05,2,calm
2013-09-27,1691.75,15.460000038146973,16.040000915527344,0.0954573603964985,0.0591426399849712,0.0375162274223312,-0.0040821216634435,1.666371727515496e-05,9.484587348393032e-05,2,calm
2013-09-30,1681.550048828125,16.600000381469727,16.799999237060547,0.0967538674825819,0.0692461363321153,0.0120481235539051,-0.0060474799811909,3.657201412290531e-05,0.0001093492113749,2,calm
2013-10-01,1695.0,15.539999961853027,16.1299991607666,0.0971014994600617,0.0582985001584685,0.0379664865097735,0.0079667246834067,6.346870218120292e-05,9.582999952952064e-05,2,calm
2013-10-02,1693.8699951171875,16.600000381469727,16.809999465942383,0.0968318264162588,0.0691681773984383,0.012650546966678,-0.0006668918703408,4.447447667267342e-07,0.0001093492113749,2,calm
2013-10-03,1678.6600341796875,17.670000076293945,17.700000762939453,0.0991704267423873,0.0775295740205521,0.001697831721334,-0.0090199725005529,8.135990391073208e-05,0.0001239003582127,2,calm
2013-10-04,1690.5,16.739999771118164,17.209999084472656,0.0981973088881122,0.0692026888230694,0.0280764229259662,0.0070284667042838,4.939934421322684e-05,0.0001112014255305,2,calm
2013-10-07,1676.1199951171875,19.40999984741211,19.06999969482422,0.1012018040270404,0.0928981944470806,-0.0175167519454268,-0.0085427475368195,7.297853547783733e-05,0.0001495032119351,2,calm
2013-10-08,1655.449951171875,20.34000015258789,19.84000015258789,0.1070223858804757,0.0963776156454031,-0.0245821040437103,-0.0124087499310834,0.0001539770748521,0.000164172859606,2,calm
2013-10-09,1656.4000244140625,19.600000381469727,19.290000915527344,0.09570686386465,0.1002931399500472,-0.0158162989749461,0.0005737417306057,3.291795734385362e-07,0.0001524444503784,2,calm
2013-10-10,1692.56005859375,16.479999542236328,17.209999084472656,0.1134539344005953,0.0513460610217679,0.0442960899583415,0.0215956228828364,0.0004663709276976,0.0001077739622667,2,calm
2013-10-11,1703.199951171875,15.720000267028809,16.56999969482422,0.1144023030057968,0.0427976996644912,0.0540712095010712,0.0062665956173272,3.92702206311049e-05,9.806286047435945e-05,2,calm
2013-10-14,1710.1400146484375,16.06999969482422,16.920000076293945,0.1138645052364741,0.046835491711768,0.0528936152838566,0.0040664411452885,1.6535943588095717e-05,0.0001024781310284,2,calm
2013-10-15,1698.06005859375,18.65999984741211,18.40999984741211,0.1162578507938882,0.0703421476802328,-0.0133976421245615,-0.0070887896137587,5.0250938188134e-05,0.0001381728548831,2,calm
2013-10-16,1721.5400390625,14.710000038146973,16.260000228881836,0.1202631267581735,0.0268368736232961,0.105370508954133,0.0137328043071323,0.0001885899141379,8.586670679455712e-05,2,calm
2013-10-17,1733.1500244140625,13.479999542236328,15.4399995803833,0.1212629341160794,0.0135370613062838,0.1454006012393238,0.006721314413737,4.5176067448309886e-05,7.2107296689957e-05,2,calm
2013-10-18,1744.5,13.039999961853027,14.920000076293944,0.1220243481811481,0.008375651437382,0.1441717883390056,0.0065274054636227,4.2607022086531735e-05,6.74768250020345e-05,2,calm
2013-10-21,1744.6600341796875,13.15999984741211,15.140000343322754,0.1195941304653363,0.0120058680087847,0.1504559664793619,9.173220960465484e-05,8.414798278952331e-09,6.872444285074871e-05,2,calm
2013-10-22,1754.6700439453125,13.329999923706056,15.020000457763672,0.1189978896023269,0.0143021096347336,0.1267817362138255,0.0057211162396272,3.273117102732643e-05,7.051146744682677e-05,2,calm
2013-10-23,1746.3800048828125,13.420000076293944,15.109999656677246,0.1201770057045613,0.0140229950583781,0.1259314136196347,-0.0047357532400367,2.2427358750518564e-05,7.146682620941646e-05,2,calm
2013-10-24,1752.0699462890625,13.199999809265137,14.899999618530272,0.1195569390672201,0.0124430590254312,0.1287878661992023,0.0032528385443555,1.058095859564529e-05,6.914285514468241e-05,2,calm
2013-10-25,1759.77001953125,13.09000015258789,14.869999885559082,0.1198228734037962,0.0110771281220827,0.1359816434088647,0.0043852143927746,1.9230105270598185e-05,6.799527936299644e-05,2,calm
2013-10-28,1762.1099853515625,13.3100004196167,14.869999885559082,0.1191311687948388,0.0139688354013281,0.1172050651210503,0.0013288165192369,1.7657533417970533e-06,7.030004411515742e-05,2,calm
2013-10-29,1771.949951171875,13.40999984741211,15.029999732971191,0.1194899673747726,0.0146100310993484,0.1208053619681221,0.0055686612140941,3.100998771735674e-05,7.136035551888604e-05,2,calm
2013-10-30,1763.31005859375,13.649999618530272,15.130000114440918,0.116229190298108,0.0202708058871946,0.1084249477854565,-0.0048878496945693,2.3891074636701244e-05,7.393749586741135e-05,2,calm
2013-10-31,1756.5400390625,13.75,15.25,0.1167570493348244,0.0207429506651756,0.109090909090909,-0.0038467705679383,1.4797643802356768e-05,7.50248015873016e-05,2,calm
2013-11-01,1761.6400146484375,13.279999732971191,15.0600004196167,0.1144729342718332,0.0183270630578786,0.1340361989786923,0.0028992144122096,8.405444207963929e-06,6.998348924909323e-05,2,calm
2013-11-04,1767.9300537109375,12.93000030517578,14.68000030517578,0.1133878989816464,0.0159121040701113,0.1353441576717897,0.0035641993780981,1.270351720683537e-05,6.63432174173991e-05,2,calm
2013-11-05,1762.969970703125,13.270000457763672,14.920000076293944,0.1134514960110717,0.019248508566565,0.1243405848991461,-0.0028095308483402,7.893463587775673e-06,6.987813974168575e-05,2,calm
2013-11-06,1770.489990234375,12.670000076293944,14.65999984741211,0.1131169644898775,0.0135830362730619,0.1570639115339495,0.0042564687122875,1.8117525898683043e-05,6.370194521162245e-05,2,calm
2013-11-07,1747.1500244140625,13.90999984741211,15.359999656677246,0.1207263722869219,0.0183736261871992,0.1042415402711095,-0.0132704359995947,0.0001761044716193,7.67809903789702e-05,2,calm
2013-11-08,1770.6099853515625,12.899999618530272,14.630000114440918,0.12491647614239,0.0040835200429127,0.134108569540233,0.0133382087922641,0.000177907813786,6.603571038019095e-05,2,calm
2013-11-11,1771.8900146484375,12.529999732971191,14.729999542236328,0.1228775818961269,0.0024224154335849,0.1755785998523289,0.0007226700649729,5.222520228079475e-07,6.230194178899133e-05,2,calm
2013-11-12,1767.68994140625,12.81999969482422,14.880000114440918,0.1219787464181952,0.006221250530047,0.160686464013597,-0.0023732054456199,5.632104087120204e-06,6.521920324416394e-05,2,calm
2013-11-13,1782.0,12.520000457763672,14.829999923706056,0.1233102519696885,0.0018897526079481,0.1845047429299373,0.0080627527204993,6.500798143191985e-05,6.220254423111213e-05,2,calm
2013-11-14,1790.6199951171875,12.369999885559082,14.880000114440918,0.1193248908904881,0.0043751079651026,0.2029102871546544,0.0048255968204506,2.3286384673543487e-05,6.072099093997291e-05,2,calm
2013-11-15,1798.1800537109375,12.1899995803833,14.800000190734863,0.1186019423832401,0.0032980534205928,0.2141099836091622,0.004213146273881,1.7750601525118e-05,5.896670228958137e-05,2,calm
2013-11-18,1791.530029296875,13.100000381469728,14.93000030517578,0.1156361187459785,0.0153638850687187,0.1396946465967001,-0.0037050524235046,1.372741346091803e-05,6.809921031528056e-05,2,calm
2013-11-19,1787.8699951171875,13.390000343322754,15.25,0.1078849042232842,0.0260150992099432,0.1389096048533546,-0.0020450552776006,4.182251088442314e-06,7.114766237864422e-05,2,calm
2013-11-20,1781.3699951171875,13.399999618530272,14.989999771118164,0.1092445162193217,0.024755479965981,0.1186567311829733,-0.0036422359961613,1.326588305173318e-05,7.125396419706804e-05,2,calm
2013-11-21,1795.8499755859375,12.65999984741211,14.520000457763672,0.0946960398103324,0.0319039586637886,0.1469194812614294,0.0080957054207559,6.554044625965648e-05,6.360142703828359e-05,2,calm
2013-11-22,1804.760009765625,12.260000228881836,14.149999618530272,0.0942531139553369,0.0283468883334813,0.1541598168323045,0.0049491905000291,2.449448660557902e-05,5.964587524292963e-05,2,calm
2013-11-25,1802.47998046875,12.789999961853027,14.43000030517578,0.0944694164282218,0.0334305831903084,0.1282252031441872,-0.0012641407872397,1.598051929963146e-06,6.491432500960335e-05,2,calm
2013-11-26,1802.75,12.8100004196167,14.550000190734863,0.0908421842392617,0.0372578199569052,0.1358313594161637,0.0001497932355038,2.2438013402707385e-08,6.511750426610316e-05,2,calm
2013-11-27,1807.22998046875,12.979999542236328,14.600000381469728,0.0837873568014833,0.0460126386208799,0.1248074650512884,0.0024819986774607,6.160317434916877e-06,6.685729687160925e-05,2,calm
2013-11-29,1805.81005859375,13.699999809265137,15.029999732971191,0.0826320786715249,0.0543679194211264,0.0970802877534781,-0.0007859984571164,6.177935745894113e-07,7.448015665629555e-05,2,calm
2013-12-02,1800.9000244140625,14.229999542236328,15.1899995803833,0.0819605319553303,0.0603394634670329,0.0674631109648021,-0.0027227235347164,7.413223446498725e-06,8.035432022700241e-05,2,calm
2013-12-03,1795.1500244140625,14.550000190734863,15.489999771118164,0.0828482208672167,0.0626517810401318,0.0646047813100286,-0.0031979559918936,1.0226922526088273e-05,8.400893077396212e-05,2,calm
2013-12-04,1792.81005859375,14.699999809265137,15.56999969482422,0.0818291067209767,0.0651708913716746,0.059183666452209,-0.0013043434697867,1.7013118871754618e-06,8.574999777475996e-05,2,calm
2013-12-05,1785.030029296875,15.079999923706056,15.779999732971191,0.0816125684298369,0.0691874308072236,0.0464190857298826,-0.00434901581308,1.891393854242075e-05,9.024063400752964e-05,2,calm
2013-12-06,1805.0899658203125,13.789999961853027,14.949999809265137,0.0868056971712187,0.0510943024473115,0.0841189159261052,0.0111751948768758,0.0001248849805361,7.546194402694702e-05,2,calm
2013-12-09,1808.3699951171875,13.489999771118164,14.93000030517578,0.0862509988923981,0.0486489988187834,0.1067457789836757,0.0018154512479509,3.295863233686776e-06,7.221432294633655e-05,2,calm
2013-12-10,1802.6199951171875,13.90999984741211,15.220000267028809,0.0870480183262823,0.0520519801478388,0.094176882385834,-0.003184724895657,1.0142472661017809e-05,7.67809903789702e-05,2,calm
2013-12-11,1782.219970703125,15.420000076293944,15.989999771118164,0.0925931053462465,0.0616068954166929,0.0369649605709479,-0.0113813976746069,0.0001295362130275,9.435571521940684e-05,2,calm
2013-12-12,1775.5,15.539999961853027,16.1200008392334,0.0921184763780403,0.0632815232404898,0.0373230938741399,-0.0037776883791563,1.4270929490012882e-05,9.582999952952064e-05,2,calm
2013-12-13,1775.3199462890625,15.760000228881836,16.270000457763672,0.0913143227709254,0.0662856795178929,0.0323604201443606,-0.0001014152865058,1.0285060337069494e-08,9.856254254537916e-05,2,calm
2013-12-16,1786.5400390625,16.030000686645508,16.389999389648438,0.0926599780348576,0.0676400288315974,0.0224578095809342,0.0063001521293962,3.969191685353574e-05,0.0001019686198467,2,calm
2013-12-17,1781.0,16.209999084472656,16.5,0.0927396905243886,0.0693603003203379,0.0178902487295716,-0.0031058059363714,9.646030514399906e-06,0.0001042714564756,2,calm
2013-12-18,1810.6500244140625,13.800000190734863,14.989999771118164,0.1034909839858742,0.0345090179214744,0.0862318524591217,0.0165109060091741,0.0002726100172437,7.557143066042945e-05,2,calm
2013-12-19,1809.5999755859373,14.149999618530272,15.279999732971191,0.1030721497992172,0.0384278463860854,0.0798586674844229,-0.0005800974283938,3.365130264291494e-07,7.945336873190746e-05,2,calm
2013-12-20,1818.3199462890625,13.789999961853027,15.010000228881836,0.0947148849727609,0.0431851146457692,0.0884699253374668,0.0048071554406907,2.3108743430962305e-05,7.546194402694702e-05,2,calm
2013-12-23,1827.989990234375,13.039999961853027,14.520000457763672,0.0885242946623872,0.041875704956143,0.1134969708773167,0.005304028886206,2.8132722425708303e-05,6.74768250020345e-05,2,calm
2013-12-24,1833.3199462890625,12.479999542236328,14.239999771118164,0.0886783240168954,0.0361216714054678,0.1410256645383222,0.002911504304306,8.476857313992558e-06,6.180570975167419e-05,2,calm
2013-12-26,1842.02001953125,12.329999923706056,14.029999732971191,0.0886267937629726,0.0346732054740879,0.1378750867627063,0.004734304621132,2.241364024567254e-05,6.032892782483784e-05,2,calm
2013-12-27,1841.4000244140625,12.460000038146973,13.979999542236328,0.0864336863357015,0.0381663140457682,0.1219903290076881,-0.0003366410106074,1.1332717002281962e-07,6.160777815500896e-05,2,calm
2013-12-30,1841.0699462890625,13.5600004196167,14.770000457763672,0.0857701880979233,0.0498298160982436,0.0892330383999483,-0.0001792699620146,3.213771928074437e-08,7.296571880158931e-05,2,calm
2013-12-31,1848.3599853515625,13.720000267028809,14.770000457763672,0.0856864770456588,0.0515135256246292,0.0765306246573601,0.0039518563491115,1.561716860401325e-05,7.469778068542483e-05,2,calm
2014-01-02,1831.97998046875,14.229999542236328,15.260000228881836,0.0893669143916112,0.052933081030752,0.0723823415164802,-0.0089014130166291,7.923515369261554e-05,8.035432022700241e-05,2,calm
2014-01-03,1831.3699951171875,13.760000228881836,15.09000015258789,0.0890397301998083,0.04856027208901,0.0966569695917899,-0.0003330205201606,1.1090266684804269e-07,7.513397075350324e-05,2,calm
2014-01-06,1826.77001953125,13.550000190734863,14.81999969482422,0.0886097690392401,0.0468902328681085,0.0937268993514664,-0.0025149272537594,6.324859091701976e-06,7.285813697179159e-05,2,calm
2014-01-07,1837.8800048828125,12.920000076293944,14.40999984741211,0.0873502668871167,0.0418497338758226,0.1153250590030621,0.006063345375391,3.676415714127592e-05,6.624063570295061e-05,2,calm
2014-01-08,1837.489990234375,12.869999885559082,14.289999961853027,0.08648160764798,0.0422183912076107,0.1103341172432543,-0.000212231503451,4.504221105710727e-08,6.572892740249636e-05,2,calm
2014-01-09,1838.1300048828125,12.890000343322754,14.289999961853027,0.0863058210938158,0.0425941823394117,0.1086112941226954,0.0003482485435141,1.2127704805974478e-07,6.593337652811935e-05,2,calm
2014-01-10,1842.3699951171875,12.140000343322754,13.9399995803833,0.0864224694227644,0.0349775340104631,0.1482701141808931,0.0023040304904553,5.308556500947694e-06,5.848397156185579e-05,2,calm
2014-01-13,1819.199951171875,13.279999732971191,14.979999542236328,0.094506264871549,0.0382937324581628,0.1280120364042197,-0.012655966458794,0.0001601734870061,6.998348924909323e-05,2,calm
2014-01-14,1838.8800048828125,12.279999732971191,14.489999771118164,0.0992438484249543,0.0235561489047575,0.1799674337299236,0.010759876119934,0.0001157749341163,5.984063231816371e-05,2,calm
2014-01-15,1848.3800048828125,12.279999732971191,14.460000038146973,0.0995735456177331,0.0232264517119788,0.177524458679147,0.0051528891346822,2.6552266434326105e-05,5.984063231816371e-05,2,calm
2014-01-16,1845.8900146484373,12.529999732971191,14.6899995803833,0.0990602521130727,0.0262397452166391,0.1723862644408785,-0.0013480284864259,1.8171808002157712e-06,6.230194178899133e-05,2,calm
2014-01-17,1838.699951171875,12.4399995803833,14.630000114440918,0.0998524380734954,0.0245475577303376,0.1760450649460664,-0.0039027803200149,1.5231694226296169e-05,6.141015458727647e-05,2,calm
2014-01-21,1843.800048828125,12.869999885559082,14.619999885559082,0.0987618908665271,0.0299381079890636,0.1359751371842361,0.0027699122428176,7.67241383291122e-06,6.572892740249636e-05,2,calm
2014-01-22,1844.8599853515625,12.84000015258789,14.470000267028809,0.0940103844896622,0.0343896170362166,0.1269470479026741,0.0005747000497681,3.302801472035286e-07,6.542285869780042e-05,2,calm
2014-01-23,1828.4599609375,13.770000457763672,14.979999542236328,0.0980019089513922,0.0396980956262445,0.0878721165031222,-0.0089293247645709,7.97328407511797e-05,7.524321928841736e-05,2,calm
2014-01-24,1790.2900390625,18.13999938964844,17.399999618530273,0.1157815170336366,0.0656184768628478,-0.0407938145543955,-0.0210964214273408,0.0004450589970399,0.000130579197562,2,calm
2014-01-27,1781.56005859375,17.420000076293945,17.1299991607666,0.1118077671664731,0.0623922335964663,-0.0166475840560983,-0.0048882218533393,2.389471288746436e-05,0.000120419207404,2,calm
2014-01-28,1792.5,15.800000190734863,16.200000762939453,0.1125893866099565,0.0454106152973921,0.0253164916060666,0.006121875622432,3.747736113652806e-05,9.906349445524672e-05,2,calm
2014-01-29,1774.199951171875,17.350000381469727,17.239999771118164,0.1166940901842507,0.0568059136304465,-0.0063400926762541,-0.0102617039084959,0.0001053025671056,0.0001194533782686,2,calm
2014-01-30,1794.18994140625,17.290000915527344,17.3700008392334,0.1198259005550902,0.0530741086001831,0.004626947337765,0.0112040443722182,0.0001255306102946,0.0001186286236741,2,calm
2014-01-31,1782.5899658203125,18.40999984741211,18.09000015258789,0.1210168343394336,0.0630831641346875,-0.0173818412534751,-0.0064862902142503,4.2071960743480185e-05,0.0001344952755482,2,calm
2014-02-03,1741.8900146484375,21.440000534057617,20.13999938964844,0.1283658360065381,0.0860341693340381,-0.0606343802251363,-0.0230966047044865,0.0005334531488753,0.0001824101678176,2,calm
2014-02-04,1755.199951171875,19.11000061035156,19.07999992370605,0.1309300012679799,0.0601700048355356,-0.0015698945937896,0.0076120436830814,5.794320903313985e-05,0.0001449175092569,2,calm
2014-02-05,1751.6400146484375,19.950000762939453,19.670000076293945,0.1297814862286354,0.0697185214007591,-0.0140351216008801,-0.0020302824086565,4.122046658900399e-06,0.0001579375120798,2,calm
2014-02-06,1773.4300537109375,17.229999542236328,17.790000915527344,0.1344071762769149,0.0378928191454483,0.0325015315246103,0.0123630544533757,0.0001528451154171,0.0001178067000894,2,calm
2014-02-07,1797.02001953125,15.289999961853027,16.34000015258789,0.1402108363727013,0.0126891632458289,0.0686723475051998,0.0132141935042969,0.000174614909969,9.277146779105776e-05,2,calm
2014-02-10,1799.8399658203125,15.260000228881836,16.31999969482422,0.1394492363350058,0.0131507659538125,0.0694626114052197,0.001568004803254,2.4586390630277268e-06,9.240778054979115e-05,2,calm
2014-02-11,1819.75,14.510000228881836,15.75,0.1435678729006067,0.0015321293882115,0.0854582874954041,0.0110013759442549,0.0001210302726668,8.354766136593292e-05,2,calm
2014-02-12,1819.260009765625,14.300000190734863,15.649999618530272,0.14356693864247,-0.0005669367351213,0.0944055531320963,-0.0002692986477208,7.252176166429832e-08,8.114682756151473e-05,2,calm
2014-02-13,1829.8299560546875,14.140000343322754,15.5,0.1441496592262302,-0.0027496557930026,0.0961810200605455,0.0057932119787766,3.356130503104162e-05,7.934111496395539e-05,2,calm
2014-02-14,1838.6300048828125,13.56999969482422,15.170000076293944,0.1425349709105028,-0.0068349739622606,0.1179071788837242,0.0047976893855483,2.3017823440202865e-05,7.307336972917834e-05,2,calm
2014-02-18,1840.760009765625,13.869999885559082,15.220000267028809,0.1425592146004308,-0.00385921574484,0.0973324003322664,0.0011578033925587,1.3405086958205918e-06,7.634003842278133e-05,2,calm
2014-02-19,1828.75,15.5,16.290000915527344,0.1436932215279922,0.0113067784720077,0.0509678010017641,-0.0065458617731959,4.284830635378867e-05,9.53373015873016e-05,2,calm
2014-02-20,1839.780029296875,14.789999961853027,15.720000267028809,0.1436750677193738,0.0042249318991564,0.0628803453397211,0.006013341826934,3.616027992755409e-05,8.68032138379415e-05,2,calm
2014-02-21,1836.25,14.68000030517578,15.640000343322754,0.1437858247471381,0.0030141783046196,0.0653950966069465,-0.001920566673181,3.6885763461337873e-06,8.551682895236549e-05,2,calm
2014-02-24,1847.6099853515625,14.229999542236328,15.5,0.1449010332186402,-0.002601037796277,0.0892481025030366,0.0061674555523314,3.8037507989984e-05,8.035432022700241e-05,2,calm
2014-02-25,1845.1199951171875,13.670000076293944,15.5,0.1448205935106025,-0.0081205927476631,0.1338697815283542,-0.0013485906767746,1.818696813483508e-06,7.415432622455412e-05,2,calm
2014-02-26,1845.1600341796875,14.350000381469728,15.90999984741211,0.1397270463007339,0.0037729575139633,0.1087107612872833,2.1699742124629575e-05,4.708788082754233e-10,8.17152821222942e-05,2,calm
2014-02-27,1854.2900390625,14.039999961853027,15.630000114440918,0.1369937564240457,0.0034062431944845,0.1132478744236434,0.0049358814084165,2.436292527795208e-05,7.822285671779088e-05,2,calm
2014-02-28,1859.449951171875,14.0,15.800000190734863,0.1364313174227301,0.0035686825772699,0.1285714421953473,0.002778824281338,7.721864386554154e-06,7.77777777777778e-05,2,calm
2014-03-03,1845.72998046875,16.0,16.920000076293945,0.1381471652748377,0.0218528347251622,0.0575000047683715,-0.0074058662004547,5.484685417903862e-05,0.0001015873015873,2,calm
2014-03-04,1873.9100341796875,14.100000381469728,15.6899995803833,0.1443715631704104,-0.003371559355713,0.112765897581333,0.0151523226761417,0.0002295928824819,7.889286141168512e-05,2,calm
2014-03-05,1873.81005859375,13.890000343322754,15.770000457763672,0.1442401375185585,-0.0053401340853309,0.1353491769598607,-5.335274966455346e-05,2.846515896768509e-09,7.656036092758182e-05,2,calm
2014-03-06,1877.030029296875,14.210000038146973,15.829999923706056,0.1442806358122561,-0.0021806354307863,0.1140042140190125,0.001716933496857,2.947860632629909e-06,8.012861154132419e-05,2,calm
2014-03-07,1878.0400390625,14.109999656677246,15.869999885559082,0.1414418315518048,-0.0003418349850323,0.1247342502980823,0.0005379445771157,2.893843680481956e-07,7.900479774263176e-05,2,calm
2014-03-10,1877.1700439453125,14.199999809265137,15.970000267028809,0.1252882207919037,0.0167117773007476,0.1246479212350969,-0.0004633536412194,2.1469659683136305e-07,8.00158708663214e-05,2,calm
2014-03-11,1867.6300048828125,14.800000190734863,16.350000381469727,0.125382422193531,0.0226175797138176,0.1047297412675169,-0.0050950969752158,2.5960013186853646e-05,8.69206371610127e-05,2,calm
2014-03-12,1868.199951171875,14.470000267028809,16.079999923706055,0.1246799123634343,0.0200200903068537,0.1112646597765291,0.00030512432321,9.310085261436435e-08,8.308766179675153e-05,2,calm
2014-03-13,1846.3399658203125,16.219999313354492,17.1299991607666,0.1259735899232612,0.0362264032102837,0.0561035687999613,-0.0117700916958836,0.0001385350585295,0.0001044001498909,2,calm
2014-03-14,1841.1300048828125,17.81999969482422,17.93000030517578,0.122942390641766,0.055257606306476,0.0061728738628156,-0.0028257664174451,7.984955845960884e-06,0.0001260128528267,2,calm
2014-03-17,1858.8299560546875,15.640000343322754,16.690000534057617,0.1234093263738361,0.0329906770593914,0.0671355605937146,0.0095677176950389,9.154122189196168e-05,9.706730584886344e-05,2,calm
2014-03-18,1872.25,14.520000457763672,16.15999984741211,0.1002166353626942,0.0449833692149424,0.1129476128061379,0.0071936822454731,5.174906424883617e-05,8.366286241803858e-05,2,calm
2014-03-19,1860.77001953125,15.119999885559082,16.31999969482422,0.1019270488633025,0.0492729499922882,0.0793650673510415,-0.0061505250967345,3.7828958965561e-05,9.0719998626709e-05,2,calm
2014-03-20,1872.010009765625,14.520000457763672,15.859999656677246,0.1018686064358533,0.0433313981417834,0.0922864432967075,0.0060223340875217,3.62685078617264e-05,8.366286241803858e-05,2,calm
2014-03-21,1866.52001953125,15.0,16.18000030517578,0.0982102831737702,0.0517897168262297,0.0786666870117187,-0.0029369801166087,8.625852205355174e-06,8.928571428571429e-05,2,calm
2014-03-24,1857.43994140625,15.09000015258789,16.100000381469727,0.0936799649426797,0.0572200365831992,0.066931757367055,-0.0048765809593632,2.3781041853223945e-05,9.03603589702788e-05,2,calm
2014-03-25,1865.6199951171875,14.020000457763672,15.529999732971191,0.0941589467216974,0.0460410578559392,0.1077032258134732,0.0043942708488222,1.930961629280887e-05,7.800016382368792e-05,2,calm
2014-03-26,1852.56005859375,14.93000030517578,16.079999923706055,0.0923241992101765,0.0569758038415812,0.0770260947772121,-0.007024936954876,4.934973921998312e-05,8.845432901291623e-05,2,calm
2014-03-27,1849.0400390625,14.619999885559082,15.869999885559082,0.0925780110423775,0.0536219878132132,0.0854993166747346,-0.001901891343977,3.617190684294849e-06,8.481920502132841e-05,2,calm
2014-03-28,1857.6199951171875,14.40999984741211,15.460000038146973,0.0920643470501951,0.0520356514239259,0.0728660792403431,0.0046294892434096,2.1432170654845718e-05,8.240003793746706e-05,2,calm
2014-03-31,1872.3399658203125,13.880000114440918,15.079999923706056,0.0937409629831753,0.0450590381612338,0.0864553169575729,0.0078928713847966,6.22974186969422e-05,7.645015999082537e-05,2,calm
2014-04-01,1885.52001953125,13.100000381469728,14.399999618530272,0.0955600407217668,0.0354399630929304,0.0992365800919688,0.0070146880442134,4.9205848357631046e-05,6.809921031528056e-05,2,calm
2014-04-02,1890.9000244140625,13.09000015258789,14.449999809265137,0.0931321688942688,0.03776783263161,0.10389607645714,0.0028492638318384,8.118304383422792e-06,6.799527936299644e-05,2,calm
2014-04-03,1888.77001953125,13.369999885559082,14.5,0.0921623270321235,0.0415376718234672,0.0845175859471344,-0.0011270852130106,1.270321077387274e-06,7.093527656343247e-05,2,calm
2014-04-04,1865.0899658203125,13.960000038146973,14.960000038146973,0.0998736018436834,0.0397263985377863,0.0716332376266052,-0.0126165429253139,0.0001591771553862,7.733396867661249e-05,2,calm
2014-04-07,1845.0400390625,15.56999969482422,15.899999618530272,0.103581412606827,0.0521185843414151,0.0211946005249922,-0.0108083123321497,0.0001168196154693,9.620035337175648e-05,2,calm
2014-04-08,1851.9599609375,14.890000343322754,15.529999732971191,0.1040753480034214,0.0448246554298061,0.0429818250431026,0.0037435379801772,1.4014076609029792e-05,8.798099612069513e-05,2,calm
2014-04-09,1872.1800537109373,13.81999969482422,14.829999923706056,0.1086236492037081,0.029576347744534,0.0730825073216242,0.0108590393419655,0.0001179187354303,7.579063157338948e-05,2,calm
2014-04-10,1833.0799560546875,15.890000343322754,16.06999969482422,0.1244233981318892,0.0344766053013383,0.011327838112798,-0.0211059677373871,0.0004454618741316,0.0001001952821074,2,calm
2014-04-11,1815.68994140625,17.030000686645508,16.790000915527344,0.126797787671858,0.043502219194597,-0.0140927634434193,-0.0095320597398973,9.08601628849728e-05,0.0001150876680107,2,calm
2014-04-14,1830.6099853515625,16.110000610351562,16.3700008392334,0.127780026465716,0.0333199796377996,0.0161390576679911,0.0081837081507406,6.697307909649824e-05,0.0001029889363752,2,calm
2014-04-15,1842.97998046875,15.609999656677246,15.989999771118164,0.1211038029219848,0.0349961936447876,0.0243433775015088,0.0067345795177034,4.53545612802703e-05,9.669527352439036e-05,2,calm
2014-04-16,1862.31005859375,14.18000030517578,15.229999542236328,0.1252252706128325,0.0165747324389252,0.0740478994684713,0.0104338679487661,0.0001088656003722,7.979063835507349e-05,2,calm
2014-04-17,1864.8499755859373,13.359999656677246,14.84000015258789,0.1251822481893618,0.0084177483774106,0.1107784830795971,0.0013629237070939,1.8575610313586757e-06,7.082920270889529e-05,2,calm
2014-04-21,1871.8900146484373,13.25,14.75,0.1257004997313793,0.0067995002686206,0.1132075471698113,0.0037680156555725,1.4197941980639812e-05,6.966765873015874e-05,2,calm
2014-04-22,1879.550048828125,13.1899995803833,14.609999656677246,0.1262787456659472,0.0056212501378858,0.1076573253577526,0.004083788996128,1.667733256489652e-05,6.903813052798084e-05,2,calm
2014-04-23,1875.3900146484373,13.270000457763672,14.829999923706056,0.1255344019660987,0.007165602611538,0.1175583581106585,-0.0022157668625221,4.909622789051355e-06,6.987813974168575e-05,2,calm
2014-04-24,1878.6099853515625,13.31999969482422,14.770000457763672,0.125617219853674,0.0075827770945681,0.1088589186306724,0.0017154882753308,2.9429000227977e-06,7.040571105957036e-05,2,calm
2014-04-25,1863.4000244140625,14.0600004196167,15.18000030517578,0.1230226460800831,0.0175773581160838,0.0796585954575393,-0.0081293447435016,6.608624595869782e-05,7.844587769826262e-05,2,calm
2014-04-28,1869.4300537109373,13.970000267028809,14.93000030517578,0.1229349132225976,0.0167650894476904,0.0687186843090266,0.0032308111625021,1.0438140767748316e-05,7.744480454793056e-05,2,calm
2014-04-29,1878.3299560546875,13.710000038146973,14.829999923706056,0.1206208967732771,0.0164791036081925,0.0816921869031928,0.0047494605046335,2.2557375085073702e-05,7.458892898650395e-05,2,calm
2014-04-30,1883.949951171875,13.40999984741211,14.699999809265137,0.1191536084311443,0.0149463900429767,0.0961968662588742,0.0029875498027012,8.925453823620397e-06,7.136035551888604e-05,2,calm
2014-05-01,1883.6800537109373,13.25,14.670000076293944,0.1176303855956757,0.0148696144043242,0.1071698170787881,-0.0001432717443324,2.0526792724051558e-08,6.966765873015874e-05,2,calm
2014-05-02,1881.1400146484373,12.90999984741211,14.68000030517578,0.1165078795897728,0.0125921188843483,0.1371030579925589,-0.0013493550298709,1.82075899663792e-06,6.613813335721456e-05,2,calm
2014-05-05,1884.6600341796875,13.289999961853027,14.75,0.1162293479983129,0.0166706516202173,0.1098570385506159,0.00186946758234,3.494909041420179e-06,7.008892816906884e-05,2,calm
2014-05-06,1867.719970703125,13.800000190734863,15.119999885559082,0.1184453205642192,0.0195546813431293,0.0956521504768129,-0.009029031461991,8.152340914162417e-05,7.557143066042945e-05,2,calm
2014-05-07,1878.2099609375,13.399999618530272,14.619999885559082,0.1188688433755892,0.0151311528097135,0.0910447986387794,0.0056007548710332,3.136845512540306e-05,7.125396419706804e-05,2,calm
2014-05-08,1875.6300048828125,13.43000030517578,14.579999923706056,0.1169877134562782,0.0173122895954795,0.0856291580341274,-0.0013745692327864,1.889440575723008e-06,7.157337626865934e-05,2,calm
2014-05-09,1878.47998046875,12.920000076293944,14.380000114440918,0.11681958451295,0.0123804162499894,0.1130030982604893,0.0015183231948788,2.3053053241070857e-06,6.624063570295061e-05,2,calm
2014-05-12,1896.6500244140625,12.229999542236328,13.880000114440918,0.1192176374717986,0.0030823579505646,0.1349141973804912,0.0096262561723155,9.266480789504244e-05,5.935432095361143e-05,2,calm
2014-05-13,1897.449951171875,12.130000114440918,14.039999961853027,0.1172470653699445,0.0040529357744646,0.1574608268254037,0.000421668788283,1.7780456701208199e-07,5.838765983187964e-05,2,calm
2014-05-14,1888.530029296875,12.170000076293944,14.18000030517578,0.1164598842019644,0.005240116560975,0.1651602478456129,-0.004712089565017,2.220378806874296e-05,5.877337375277563e-05,2,calm
2014-05-15,1870.8499755859373,13.170000076293944,14.859999656677246,0.1192852196330029,0.0124147811299364,0.1283219112067667,-0.0094059041839349,8.847103351736412e-05,6.882892936888195e-05,2,calm
2014-05-16,1877.8599853515625,12.4399995803833,14.329999923706056,0.1198443363190758,0.0045556594847571,0.1519292931732173,0.0037399628190006,1.398732188750694e-05,6.141015458727647e-05,2,calm
2014-05-19,1885.0799560546875,12.420000076293944,14.109999656677246,0.114386325997326,0.0098136747656133,0.1360708188407345,0.0038374141897041,1.4725747663343087e-05,6.121285789489745e-05,2,calm
2014-05-20,1872.8299560546875,12.960000038146973,14.40999984741211,0.1113851455095866,0.0182148548718831,0.1118827010028665,-0.0065196046085433,4.2505244251739135e-05,6.665142896379745e-05,2,calm
2014-05-21,1888.030029296875,11.90999984741211,13.869999885559082,0.1131795851638794,0.0059204133102416,0.16456759557162,0.0080833405477469,6.534039441084951e-05,5.6288927129109705e-05,2,calm
2014-05-22,1892.489990234375,12.029999732971191,13.829999923706056,0.1091209158917669,0.0111790814379449,0.1496259543382631,0.0023594441947138,5.566976907969038e-06,5.7428926021939264e-05,2,calm
2014-05-23,1900.530029296875,11.359999656677246,13.619999885559082,0.0885897404911375,0.0250102560756348,0.1989436881323706,0.0042393929178847,1.797245231221141e-05,5.121015563480442e-05,2,calm
2014-05-27,1911.9100341796875,11.510000228881836,13.640000343322754,0.0835115647702236,0.0315884375185947,0.1850564788952955,0.0059699502115288,3.564030552813363e-05,5.257147034478568e-05,2,calm
2014-05-28,1909.780029296875,11.68000030517578,13.770000457763672,0.0815850125429802,0.0352149905087775,0.1789383645531025,-0.0011146927500584,1.2425399270328103e-06,5.413587584480409e-05,2,calm
2014-05-29,1920.030029296875,11.56999969482422,13.710000038146973,0.0808969361793114,0.0348030607689307,0.1849611408615741,0.0053527586573611,2.8652025243954465e-05,5.31209892612034e-05,2,calm
2014-05-30,1923.5699462890625,11.399999618530272,13.75,0.076225117141014,0.0377748790442887,0.2061403912373725,0.0018419804431013,3.3928919527679186e-06,5.1571425120035845e-05,2,calm
2014-06-02,1924.969970703125,11.579999923706056,13.880000114440918,0.0762267834403257,0.0395732157967347,0.198618325206238,0.0007275613640587,5.293455384709562e-07,5.321285644167947e-05,2,calm
2014-06-03,1924.239990234375,11.869999885559082,13.81999969482422,0.075892347731899,0.0428076511236917,0.1642796822296088,-0.0003792884695348,1.4385974312210145e-07,5.591146717586216e-05,2,calm
2014-06-04,1927.8800048828125,12.079999923706056,13.770000457763672,0.0753619688442656,0.0454380303927949,0.1399007073452973,0.0018898766063629,3.5716335872778745e-06,5.790730085584856e-05,2,calm
2014-06-05,1940.4599609375,11.68000030517578,13.579999923706056,0.076512013990229,0.0402879890615287,0.16267119596635,0.0065040821196629,4.23030842193197e-05,5.413587584480409e-05,2,calm
2014-06-06,1949.43994140625,10.729999542236328,12.829999923706056,0.0771620669582818,0.0301379284640813,0.1957129982348582,0.0046170835480189,2.1317460489387533e-05,4.568765483190151e-05,2,calm
2014-06-09,1951.27001953125,11.149999618530272,13.020000457763672,0.0718967257863123,0.0396032703989903,0.1677130854897637,0.0009383308564868,8.804647962352846e-07,4.933432202112111e-05,2,calm
2014-06-10,1950.7900390625,10.989999771118164,13.010000228881836,0.0718906644487839,0.0380093332623976,0.1838035031695136,-0.0002460138818795,6.052283007743903e-08,4.79286091147529e-05,2,calm
2014-06-11,1943.8900146484373,11.600000381469728,13.289999961853027,0.0725678269149142,0.043432176899783,0.1456896142075104,-0.0035433111516661,1.2555053917521788e-05,5.339682890876899e-05,2,calm
2014-06-12,1930.1099853515625,12.5600004196167,14.109999656677246,0.0761546843575922,0.0494453198385747,0.1234075784455944,-0.0071141390889101,5.0610974976359736e-05,6.260063910348081e-05,2,calm
2014-06-13,1936.1600341796875,12.18000030517578,13.789999961853027,0.0763902584630951,0.0454097445886626,0.1321838765466281,0.0031296591990707,9.794766702328232e-06,5.887000295003257e-05,2,calm
2014-06-16,1937.780029296875,12.649999618530272,13.970000267028809,0.0760890921421302,0.0504109040431724,0.1043478804983474,0.0008363553307868,6.994902393355085e-07,6.350098823365716e-05,2,calm
2014-06-17,1941.989990234375,12.0600004196167,13.65999984741211,0.0761243229407726,0.0444756812553943,0.1326699313536394,0.0021702124448891,4.7098220559517485e-06,5.771571830204562e-05,2,calm
2014-06-18,1956.97998046875,10.609999656677246,12.619999885559082,0.0723124752108406,0.0337875213559318,0.1894439485317864,0.0076892431607294,5.912446038482394e-05,4.467146536297273e-05,2,calm
2014-06-19,1959.47998046875,10.619999885559082,12.699999809265137,0.0712895729023357,0.034910425953255,0.1958568687495381,0.001276663295165,1.629869169221648e-06,4.475571332114085e-05,2,calm
2014-06-20,1962.8699951171875,10.850000381469728,12.869999885559082,0.0708012005627823,0.0376988032519149,0.1861750629556869,0.001728563495676,2.9879317585838408e-06,4.671528106265605e-05,2,calm
2014-06-23,1962.6099853515625,10.979999542236328,12.920000076293944,0.0709620901609941,0.0388379052613691,0.1766849376081567,-0.0001324728528989,1.7549056755180776e-08,4.7841424582345226e-05,2,calm
2014-06-24,1949.97998046875,12.130000114440918,13.380000114440918,0.070184450664745,0.0511155504796641,0.1030502875685763,-0.0064561064986174,4.168131112149085e-05,5.838765983187964e-05,2,calm
2014-06-25,1959.530029296875,11.59000015258789,13.109999656677246,0.0710931915667647,0.0448068099591141,0.1311474964691834,0.0048855574227171,2.3868671330667065e-05,5.330480299086799e-05,2,calm
2014-06-26,1957.219970703125,11.630000114440918,13.06999969482422,0.0693101214343209,0.0469898797100882,0.1238176755127681,-0.0011795794276391,1.3914076261094208e-06,5.367337407218086e-05,2,calm
2014-06-27,1960.9599609375,11.260000228881836,12.81999969482422,0.0616077424131878,0.0509922598756304,0.1385434666280907,0.0019090452380837,3.644453721050192e-06,5.031254172794405e-05,2,calm
2014-06-30,1960.22998046875,11.56999969482422,13.010000228881836,0.0615007416020993,0.0541992553461428,0.1244598592947061,-0.0003723259970013,1.386266480430524e-07,5.31209892612034e-05,2,calm
2014-07-01,1973.3199462890625,11.149999618530272,12.739999771118164,0.0629834610101224,0.0485165351751803,0.1426009154247376,0.0066555728968225,4.429665058491849e-05,4.933432202112111e-05,2,calm
2014-07-02,1974.6199951171875,10.81999969482422,12.489999771118164,0.058276663102085,0.0499233338461571,0.1543438191678317,0.0006585960751231,4.3374879016767524e-07,4.645729896666516e-05,2,calm
2014-07-03,1985.43994140625,10.31999969482422,12.239999771118164,0.0562687710853725,0.0469312258628696,0.1860465245223679,0.0054645502276723,2.986130919075441e-05,4.226285464332223e-05,2,calm
2014-07-07,1977.6500244140625,11.329999923706056,12.869999885559082,0.0585146356940473,0.0547853635430132,0.1359223276454612,-0.0039312390543236,1.5454640502239345e-05,5.09400389964997e-05,2,calm
2014-07-08,1963.7099609375,11.979999542236328,13.210000038146973,0.0628808578451135,0.0569191375772496,0.1026711638488959,-0.0070737621816806,5.0038111402975926e-05,5.695253533015184e-05,2,calm
2014-07-09,1972.8299560546875,11.649999618530272,12.989999771118164,0.0620939939050833,0.0544060022802193,0.1150214760914252,0.0046335165532592,2.146947564932709e-05,5.385813139355376e-05,2,calm
2014-07-10,1964.6800537109373,12.59000015258789,13.649999618530272,0.0636089020675163,0.0622910994583625,0.0841937611672305,-0.0041396283244738,1.7136522664786037e-05,6.290004120720758e-05,2,calm
2014-07-11,1967.5699462890625,12.079999923706056,13.279999732971191,0.0622516980069661,0.0585483012300944,0.0993377331824505,0.0014698419980472,2.160435499223489e-06,5.790730085584856e-05,2,calm
2014-07-14,1977.0999755859373,11.81999969482422,12.93000030517578,0.0632749093613887,0.0549250875868535,0.0939086835034022,0.0048318607269969,2.334687808509526e-05,5.544142570858916e-05,2,calm
2014-07-15,1973.280029296875,11.960000038146973,13.15999984741211,0.0638113223314034,0.0557886780500662,0.1003344318927827,-0.0019339645679455,3.740218950068676e-06,5.6762540044633175e-05,2,calm
2014-07-16,1981.5699462890625,11.0,12.630000114440918,0.0644333746020485,0.0455666253979514,0.148181828585538,0.0041922850094485,1.7575253600447073e-05,4.801587301587301e-05,2,calm
2014-07-17,1958.1199951171875,14.539999961853027,14.970000267028809,0.0743748042005587,0.0710251954179715,0.0295736111625808,-0.011904605927478,0.0001417196422885,8.389349162328812e-05,2,calm
2014-07-18,1978.219970703125,12.0600004196167,13.359999656677246,0.0776717429227102,0.0429282612734567,0.1077942945131228,0.0102126088996711,0.0001042973805376,5.771571830204562e-05,2,calm
2014-07-21,1973.6300048828125,12.8100004196167,13.800000190734863,0.0771886049478384,0.0509113992483285,0.0772833519663371,-0.0023229464239046,5.396080088331412e-06,6.511750426610316e-05,2,calm
2014-07-22,1983.530029296875,12.239999771118164,13.5,0.0783208442840494,0.0440791534271321,0.1029411970950331,0.0050036111673001,2.5036124713530527e-05,5.945142634800504e-05,2,calm
2014-07-23,1987.010009765625,11.520000457763672,13.380000114440918,0.078359322260197,0.0368406823174396,0.1614582971152346,0.0017529007770128,3.072661134052373e-06,5.266286132812509e-05,2,calm
2014-07-24,1987.97998046875,11.84000015258789,13.449999809265137,0.0773659048172568,0.041034096708622,0.1359796989804384,0.0004880368125506,2.381799304046168e-07,5.562920778304813e-05,2,calm
2014-07-25,1978.3399658203125,12.6899995803833,14.0,0.0756324781390012,0.0512675176648317,0.1032309269451631,-0.004860946046109,2.3628796463183564e-05,6.390321005957474e-05,2,calm
2014-07-28,1978.9100341796875,12.5600004196167,13.920000076293944,0.0753270842039689,0.050272919992198,0.1082802238249246,0.0002881133935528,8.300932754452935e-08,6.260063910348081e-05,2,calm
2014-07-29,1969.949951171875,13.279999732971191,14.220000267028809,0.0768549065251318,0.05594509080458,0.0707831741685816,-0.004538068413714,2.05940649275488e-05,6.998348924909323e-05,2,calm
2014-07-30,1970.0699462890625,13.329999923706056,14.260000228881836,0.0767112303118974,0.0565887689251631,0.0697674651536845,6.091091941020138e-05,3.710140103396047e-09,7.051146744682677e-05,2,calm
2014-07-31,1930.6700439453125,16.950000762939453,16.3799991607666,0.0944662665034107,0.0750337411259838,-0.0336284115938884,-0.0202019321552301,0.0004081180628045,0.0001140089388347,2,calm
2014-08-01,1925.1500244140625,17.030000686645508,16.780000686645508,0.0945702099056729,0.0757297969607821,-0.0146799759201444,-0.0028632162312983,8.198007187170218e-06,0.0001150876680107,2,calm
2014-08-04,1938.989990234375,15.119999885559082,15.8100004196167,0.09700797297112,0.0541920258844708,0.0456349563015954,0.0071633144496466,5.13130739045159e-05,9.0719998626709e-05,2,calm
2014-08-05,1920.2099609375,16.8700008392334,17.139999389648438,0.1006913658650952,0.0680086425272387,0.0160046554228451,-0.0097326791973366,9.47250443582696e-05,0.0001129352890141,2,calm
2014-08-06,1920.239990234375,16.3700008392334,16.93000030517578,0.0992285707231128,0.0644714376692211,0.0342088843758793,1.5638426360123552e-05,2.445603790210072e-10,0.0001063400505859,2,calm
2014-08-07,1909.5699462890625,16.65999984741211,17.219999313354492,0.0989136645585115,0.0676863339156095,0.0336134136297348,-0.005572115446733,3.10484705517208e-05,0.0001101411090935,2,calm
2014-08-08,1931.5899658203125,15.770000457763672,16.690000534057617,0.1051522883210168,0.0525477162566198,0.0583386207729007,0.011465422557972,0.0001314559144328,9.86876644594708e-05,2,calm
2014-08-11,1936.9200439453125,14.229999542236328,15.760000228881836,0.1053450350683185,0.0369549603540446,0.1075193770810943,0.0027556250258418,7.593469283045883e-06,8.035432022700241e-05,2,calm
2014-08-12,1933.75,14.130000114440918,15.699999809265137,0.1054048285912993,0.0358951725531098,0.1111110886134864,-0.0016379823741559,2.6829862580455347e-06,7.922892985480173e-05,2,calm
2014-08-13,1946.719970703125,12.899999618530272,14.850000381469728,0.1054219708772574,0.0235780253080453,0.1511628543103496,0.0066847671025108,4.46861112148107e-05,6.603571038019095e-05,2,calm
2014-08-14,1955.1800537109373,12.420000076293944,14.43000030517578,0.1062940423943195,0.0179059583686199,0.1618357662266302,0.0043363982736976,1.8804349988128385e-05,6.121285789489745e-05,2,calm
2014-08-15,1955.06005859375,13.149999618530272,14.420000076293944,0.1048735186846895,0.0266264775006132,0.0965779843806273,-6.137480757115501e-05,3.766867004396306e-09,6.862003570132791e-05,2,calm
2014-08-18,1971.739990234375,12.31999969482422,13.90999984741211,0.1075062559738823,0.0156937409743598,0.1290584571406983,0.0084954832196601,7.217323513552635e-05,6.023110812717018e-05,2,calm
2014-08-19,1981.5999755859373,12.210000038146973,13.789999961853027,0.1063850013074622,0.0157149990740074,0.1294021227493657,0.0049881901791977,2.4882041263845327e-05,5.916035751251948e-05,2,calm
2014-08-20,1986.510009765625,11.779999732971191,13.760000228881836,0.1058036708967632,0.0119963264329487,0.1680815399654718,0.0024747482825436,6.124379061952608e-06,5.5066822900318e-05,2,calm
2014-08-21,1992.3699951171875,11.760000228881836,13.529999732971191,0.1052520588080235,0.0123479434807947,0.1505101589830199,0.0029455472802706,8.676248780309671e-06,5.4880002136230486e-05,2,calm
2014-08-22,1988.4000244140625,11.470000267028809,13.510000228881836,0.1054438466063945,0.0092561560638935,0.1778552671630817,-0.0019945749188226,3.978329106796262e-06,5.220670878001625e-05,2,calm
2014-08-25,1997.9200439453125,11.699999809265137,13.56999969482422,0.1054234705612907,0.0115765275313606,0.1598290526533381,0.0047763538636038,2.28135562303634e-05,5.432142680031914e-05,2,calm
2014-08-26,2000.02001953125,11.630000114440918,13.710000038146973,0.1052164684588765,0.0110835326855326,0.1788477990746817,0.0010505288952435,1.103610959741694e-06,5.367337407218086e-05,2,calm
2014-08-27,2000.1199951171875,11.779999732971191,13.920000076293944,0.1046189930863112,0.0131810042434006,0.1816638702743836,4.998604328455613e-05,2.4986045232455187e-09,5.5066822900318e-05,2,calm
2014-08-28,1996.739990234375,12.050000190734863,14.130000114440918,0.098250457542302,0.0222495443650466,0.1726140988201268,-0.0016913305449461,2.860599012267889e-06,5.762004150663105e-05,2,calm
2014-08-29,2003.3699951171875,12.09000015258789,14.260000228881836,0.0943747562583459,0.0265252452675329,0.1794871835323717,0.0033149143290199,1.0988657008741464e-05,5.800321574983143e-05,2,calm
2014-09-02,2002.280029296875,12.25,14.460000038146973,0.0940656359001067,0.0284343640998932,0.1804081663793447,-0.0005442142177026,2.9616911474975815e-07,5.95486111111111e-05,2,calm
2014-09-03,2000.719970703125,12.359999656677246,14.390000343322754,0.0931378747929888,0.0304621217737835,0.1642395423165598,-0.0007794447528015,6.075341226698624e-07,6.0622853775024464e-05,2,calm
2014-09-04,1997.6500244140625,12.640000343322754,14.539999961853027,0.0931759653014445,0.033224038131783,0.1503164214337995,-0.0015355992047121,2.358064917512646e-06,6.340063836476166e-05,2,calm
2014-09-05,2007.7099609375,12.09000015258789,14.079999923706056,0.0942282775671514,0.0266717239587275,0.1645988210092952,0.0050232477049584,2.52330175053707e-05,5.800321574983143e-05,2,calm
2014-09-08,2001.5400390625,12.65999984741211,14.390000343322754,0.0935138398117152,0.0330861586624058,0.136650909696834,-0.0030778458543158,9.473135102929272e-06,6.360142703828359e-05,2,calm
2014-09-09,1988.43994140625,13.5,14.84000015258789,0.0956634458895087,0.0393365541104912,0.0992592705620659,-0.0065665215326854,4.311920503922153e-05,7.232142857142858e-05,2,calm
2014-09-10,1995.68994140625,12.880000114440918,14.630000114440918,0.0951078870090097,0.0336921141353994,0.1358695640101679,0.0036394436003678,1.3245549720258156e-05,6.583111228095161e-05,2,calm
2014-09-11,1997.449951171875,12.800000190734863,14.68000030517578,0.0951097474467621,0.0328902544605864,0.1468750067520884,0.0008815167647232,7.770718064880669e-07,6.501587495349704e-05,2,calm
2014-09-12,1985.5400390625,13.3100004196167,15.039999961853027,0.0750862875020751,0.0580137166940918,0.1299774220657874,-0.0059804054920065,3.576524984882202e-05,7.030004411515742e-05,2,calm
2014-09-15,1984.1300048828125,14.119999885559082,15.579999923706056,0.0743962761537502,0.0668037227018406,0.1033994369674292,-0.0007104037481093,5.04673485327846e-07,7.911682411436051e-05,2,calm
2014-09-16,1998.97998046875,12.729999542236328,14.850000381469728,0.0746116820114506,0.0526883134109126,0.1665358142551018,0.0074565073245564,5.559950148116358e-05,6.430670172434012e-05,2,calm
2014-09-17,2001.5699462890625,12.649999618530272,14.619999885559082,0.0672938955972783,0.0592061005880244,0.1557312511016259,0.0012948050790884,1.6765201928332074e-06,6.350098823365716e-05,2,calm
2014-09-18,2011.3599853515625,12.029999732971191,14.229999542236328,0.0679085409023033,0.0523914564274085,0.1828761311802437,0.0048792571273398,2.380715011469649e-05,5.7428926021939264e-05,2,calm
2014-09-19,2010.4000244140625,12.109999656677246,14.380000114440918,0.064802780016423,0.0562972165503494,0.1874484328752257,-0.0004773835104033,2.2789501600507145e-07,5.8195274478064695e-05,2,calm
2014-09-22,1994.2900390625,13.6899995803833,15.260000228881836,0.0639603336896209,0.072939662114212,0.1146823007027862,-0.0080456025302185,6.473172007425833e-05,7.437146369479957e-05,2,calm
2014-09-23,1982.77001953125,14.93000030517578,16.06999969482422,0.0667354102909504,0.0825645927608074,0.0763562870962056,-0.0057932500796262,3.356174648508957e-05,8.845432901291623e-05,2,calm
2014-09-24,1998.300048828125,13.270000457763672,15.220000267028809,0.0693216545237808,0.0633783500538559,0.1469479835717926,0.0078019767586544,6.087084134258399e-05,6.987813974168575e-05,2,calm
2014-09-25,1965.989990234375,15.640000343322754,16.59000015258789,0.0837281107132866,0.0726718927199408,0.06074167445084,-0.0163009132651705,0.0002657197732786,9.706730584886344e-05,2,calm
2014-09-26,1982.8499755859373,14.850000381469728,16.020000457763672,0.086322274151459,0.0621777296632382,0.0787878819015994,0.0085392611240015,7.291898054388404e-05,8.750893306732186e-05,2,calm
2014-09-29,1977.800048828125,15.979999542236328,16.81999969482422,0.0867552611023732,0.07304473431999,0.0525657181883959,-0.0025500508569157,6.502759372856556e-06,0.0001013334862578,2,calm
2014-09-30,1972.2900390625,16.309999465942383,17.079999923706055,0.083699823738617,0.0794001709208067,0.0472103300414903,-0.002789816544312,7.783076350917052e-06,0.0001055619375313,2,calm
2014-10-01,1946.1600341796875,16.709999084472656,17.6200008392334,0.0907790515993178,0.0763209392454087,0.0544585161351886,-0.0133371061126374,0.0001778783994597,0.000110803202144,2,calm
2014-10-02,1946.1700439453125,16.15999984741211,17.239999771118164,0.0903328995868331,0.0712670988872879,0.0668316790782029,5.143328250229687e-06,2.6453825489610768e-11,0.0001036292043922,2,calm
2014-10-03,1967.9000244140625,14.550000190734863,16.040000915527344,0.0960920131634151,0.0494079887439334,0.1024055467532764,0.0111036355239025,0.0001232907218476,8.400893077396212e-05,2,calm
2014-10-06,1964.8199462890625,15.460000038146973,16.549999237060547,0.0960387298940904,0.0585612704873793,0.0705044758230298,-0.0015663860013981,2.4535651053761903e-06,9.484587348393032e-05,2,calm
2014-10-07,1935.0999755859373,17.200000762939453,17.68000030517578,0.1038722694032022,0.0681277382261923,0.027906948892152,-0.0152416186191287,0.0002323069381309,0.0001173968358115,2,calm
2014-10-08,1968.8900146484373,15.109999656677246,16.280000686645508,0.1166543363137043,0.0344456602530681,0.0774322340537729,0.0173109474980591,0.0002996689032805,9.060003556539145e-05,2,calm
2014-10-09,1928.2099609375,18.76000022888184,18.09000015258789,0.1306860732960954,0.0569139289927229,-0.0357142893453942,-0.0208778484543148,0.0004358845560813,0.0001396577811855,2,calm
2014-10-10,1906.1300048828125,21.239999771118164,19.93000030517578,0.1340530920681325,0.078346905643049,-0.0616760583831879,-0.0115170800262109,0.0001326431323301,0.0001790228532845,2,calm
2014-10-13,1874.739990234375,24.63999938964844,22.1200008392334,0.1400709166050746,0.1063290772914097,-0.1022726709755408,-0.0166050332025225,0.0002757271276568,0.0002409244325086,0,stressed
2014-10-14,1877.699951171875,22.790000915527344,21.3700008392334,0.1404250057123179,0.0874750034429555,-0.0623080306822834,0.0015776196808667,2.4888838574581637e-06,0.0002061048181467,0,stressed
2014-10-15,1862.489990234375,25.270000457763672,22.770000457763672,0.1414192203164799,0.1112807842611567,-0.0989315375826171,-0.0081333007260773,6.615058070081034e-05,0.0002534019536251,0,stressed
2014-10-16,1862.760009765625,25.200000762939453,22.850000381469727,0.1415908549944672,0.1104091526349273,-0.0932539805683565,0.0001449672004417,2.1015489203924238e-08,0.0002520000152587,0,stressed
2014-10-17,1886.760009765625,21.989999771118164,21.25,0.1468003181166028,0.0730996795945788,-0.0336516497871948,0.0128018133771461,0.0001638864257432,0.0001918889245768,0,stressed
2014-10-20,1904.010009765625,18.56999969482422,19.670000076293945,0.1502770644686075,0.0354229324796346,0.0592353473100118,0.0091011161212813,8.283031465304664e-05,0.000136843209788,0,stressed
2014-10-21,1941.280029296875,16.079999923706055,17.8700008392334,0.161338028171701,-0.0005380289346404,0.111318465424146,0.0193853708277509,0.0003757926021294,0.000102605713312,0,stressed
2014-10-22,1927.1099853515625,17.8700008392334,19.059999465942383,0.1618454301221312,0.0168545782702027,0.066591973744979,-0.0073261006616121,5.367175090407448e-05,0.0001267210039659,0,stressed
2014-10-23,1950.8199462890625,16.530000686645508,18.21999931335449,0.1663704678302263,-0.0010704609637712,0.102238267181339,0.0122283057215994,0.0001495314608209,0.0001084289375795,0,stressed
2014-10-24,1964.5799560546875,16.110000610351562,17.920000076293945,0.1671126402855066,-0.0060126341819909,0.112352538632392,0.0070286901757161,4.9402485586209343e-05,0.0001029889363752,0,stressed
2014-10-27,1961.6300048828125,16.040000915527344,17.860000610351562,0.1671431076019775,-0.006743098446704,0.1134663086622637,-0.0015026968788378,2.2580979096691005e-06,0.0001020958846706,0,stressed
2014-10-28,1985.050048828125,14.390000343322754,16.459999084472656,0.169414275558301,-0.0255142721250734,0.1438498048480188,0.0118683645669103,0.000140858077493,8.217147217493213e-05,0,stressed
2014-10-29,1982.300048828125,15.149999618530272,16.889999389648438,0.1693823639708581,-0.0178823677855554,0.1148514729327079,-0.0013863159906425,1.9218720259111527e-06,9.108035255613784e-05,0,stressed
2014-10-30,1994.6500244140625,14.520000457763672,16.739999771118164,0.1697811910336132,-0.0245811864559765,0.1528925098736815,0.0062107972478731,3.857400245418912e-05,8.366286241803858e-05,0,stressed
2014-10-31,2018.050048828125,14.029999732971191,16.510000228881836,0.1732676885893604,-0.0329676912596485,0.1767641156886497,0.0116631142331485,0.0001360282336154,7.811146528062368e-05,0,stressed
2014-11-03,2017.81005859375,14.729999542236328,16.809999465942383,0.1715333156694229,-0.0242333202470596,0.1412084174029965,-0.0001189289163994,1.4144087155952929e-08,8.61003517913819e-05,0,stressed
2014-11-04,2012.0999755859373,14.890000343322754,16.93000030517578,0.1708191584760456,-0.021919155042818,0.1370046954208326,-0.0028338532526651,8.030724257640819e-06,8.798099612069513e-05,0,stressed
2014-11-05,2023.5699462890625,14.170000076293944,16.56999969482422,0.1701403197009028,-0.0284403189379633,0.1693718846583081,0.0056843110608047,3.231139223598676e-05,7.967813577863902e-05,0,stressed
2014-11-06,2031.2099609375,13.670000076293944,16.260000228881836,0.1627862021547554,-0.026086201391816,0.1894659940111766,0.0037684036443282,1.4200866026586504e-05,7.415432622455412e-05,0,stressed
2014-11-07,2031.9200439453125,13.119999885559082,15.829999923706056,0.1612519073356523,-0.0300519084800615,0.2065548827580262,0.0003495251267808,1.2216781425113984e-07,6.830730039566283e-05,0,stressed
2014-11-10,2038.260009765625,12.670000076293944,15.039999961853027,0.1610604772058471,-0.0343604764429076,0.1870560277259543,0.0031153270195588,9.70526243879346e-06,6.370194521162245e-05,0,stressed
2014-11-11,2039.6800537109373,12.920000076293944,15.359999656677246,0.1606633922087441,-0.0314633914458047,0.1888544555708089,0.0006964516302872,4.850448733297172e-07,6.624063570295061e-05,0,stressed
2014-11-12,2038.25,13.020000457763672,15.739999771118164,0.1548519162905317,-0.0246519117128949,0.2089093101170045,-0.0007013625789178,4.919094671063251e-07,6.727000473022469e-05,0,stressed
2014-11-13,2039.3299560546875,13.789999961853027,15.890000343322754,0.1548141617543537,-0.0169141621358235,0.1522842920434308,0.0005297044284002,2.805867814668156e-07,7.546194402694702e-05,0,stressed
2014-11-14,2039.8199462890625,13.3100004196167,15.960000038146973,0.1521730916730891,-0.0190730874769221,0.1990983873016728,0.0002402413485468,5.771590555158764e-08,7.030004411515742e-05,0,stressed
2014-11-17,2041.3199462890625,13.989999771118164,15.93000030517578,0.151956024565857,-0.0120560268546753,0.138670519356453,0.0007350887776586,5.403555110397318e-07,7.766670380789137e-05,2,calm
2014-11-18,2051.800048828125,13.859999656677246,15.699999809265137,0.143976278224559,-0.0053762816577865,0.1327561470538309,0.0051208493536883,2.622309810317079e-05,7.622999622344975e-05,2,calm
2014-11-19,2048.719970703125,13.960000038146973,15.970000267028809,0.1366764508020765,0.0029235495793931,0.1439828240250234,-0.0015022868756188,2.2568658566565502e-06,7.733396867661249e-05,2,calm
2014-11-20,2052.75,13.579999923706056,16.010000228881836,0.1193701151737968,0.0164298840632637,0.1789396405616929,0.0019651640132027,3.861869598787155e-06,7.318111028883196e-05,2,calm
2014-11-21,2063.5,12.899999618530272,15.789999961853027,0.1124523445958252,0.0165476515894774,0.2240310409909935,0.0052232126037382,2.7281949903850147e-05,6.603571038019095e-05,2,calm
2014-11-24,2069.409912109375,12.619999885559082,15.550000190734863,0.0965212702201892,0.0296787286354015,0.2321711831811144,0.0028599298137392,8.179198539514506e-06,6.320015758393304e-05,2,calm
2014-11-25,2067.030029296875,12.25,15.40999984741211,0.0972636872450744,0.0252363127549255,0.257959171217315,-0.0011506914684172,1.3240908554883265e-06,5.95486111111111e-05,2,calm
2014-11-26,2072.830078125,12.06999969482422,15.31999969482422,0.0911614985728126,0.0295384983754296,0.269262641439307,0.0028020524716035,7.851498053619637e-06,5.781146533057809e-05,2,calm
2014-11-28,2067.56005859375,13.329999923706056,15.93000030517578,0.0923646831965808,0.0409353160404797,0.1950487919242884,-0.0025456646370122,6.480408444134562e-06,7.051146744682677e-05,2,calm
2014-12-01,2053.43994140625,14.15999984741211,16.65999984741211,0.0926875435276925,0.0489124549464285,0.1765536742189232,-0.0068527893448344,4.696072180467636e-05,7.956571257091704e-05,2,calm
2014-12-02,2066.550048828125,12.850000381469728,15.960000038146973,0.0914069064022919,0.0370930974124053,0.2420233124009865,0.0063641667588481,4.050261853442812e-05,6.552480547768736e-05,2,calm
2014-12-03,2074.330078125,12.5,15.529999732971191,0.0767026914666212,0.0482973085333787,0.2423999786376953,0.0037576738340269,1.412011264293102e-05,6.200396825396825e-05,2,calm
2014-12-04,2071.919921875,12.380000114440918,15.640000343322754,0.0719788690164254,0.0518211321279837,0.2633279643575397,-0.0011625717317858,1.351573031547536e-06,6.08192074736338e-05,2,calm
2014-12-05,2075.3701171875,11.890000343322754,15.300000190734863,0.0657018755728313,0.0531981278603962,0.2867956054624602,0.001663831598921,2.7683355895681872e-06,5.610004292230762e-05,2,calm
2014-12-08,2060.31005859375,14.210000038146973,16.780000686645508,0.0692976230197782,0.0728023773616915,0.1808585954679329,-0.0072830221497153,5.304241163324491e-05,8.012861154132419e-05,2,calm
2014-12-09,2059.820068359375,15.350000381469728,17.229999542236328,0.0689035880721478,0.0845964157425494,0.1224755123156937,-0.0002378518258341,5.65734910526376e-08,9.350099671076222e-05,2,calm
2014-12-10,2026.1400146484373,18.530000686645508,19.13999938964844,0.0803423672896733,0.1049576395767817,0.0329195186399834,-0.0164861211830487,0.0002717921916621,0.0001362543354948,2,calm
2014-12-11,2035.3299560546875,20.07999992370605,20.71999931335449,0.0808446991523011,0.1199553000847593,0.0318724796852646,0.0045254339716207,2.0479552631499395e-05,0.0001600025384666,2,calm
2014-12-12,2002.3299560546875,21.07999992370605,21.0,0.0933820614775785,0.1174179377594819,-0.00379506280814,-0.0163464657916584,0.0002672069438778,0.0001763358717394,2,calm
2014-12-15,1989.6300048828125,20.420000076293945,21.059999465942383,0.0885210882625152,0.1156789125004242,0.031341791736398,-0.0063627862717219,4.048504913961317e-05,0.0001654668266332,2,calm
2014-12-16,1972.739990234375,23.56999969482422,23.09000015258789,0.09153079441001,0.1441692025382321,-0.0203648514404407,-0.0085252598653808,7.268005577227302e-05,0.0002204543196881,2,calm
2014-12-17,2012.8900146484373,19.440000534057617,20.43000030517578,0.109468640596364,0.0849313647442121,0.0509259127531271,0.0201480732432956,0.0004059448554172,0.0001499657225254,2,calm
2014-12-18,2061.22998046875,16.809999465942383,18.479999542236328,0.1284444956674458,0.039655498991978,0.0993456352974561,0.023731374885709,0.000563178153966,0.0001121333658908,2,calm
2014-12-19,2070.64990234375,16.489999771118164,18.46999931335449,0.1286336458528861,0.0362663518582954,0.1200727452831288,0.004559637967419,2.079029839392894e-05,0.0001079047985918,2,calm
2014-12-22,2078.5400390625,15.25,17.59000015258789,0.1289546950177632,0.0235453049822367,0.153442632956583,0.0038032224799271,1.4464501231823185e-05,9.228670634920634e-05,2,calm
2014-12-23,2082.169921875,14.800000190734863,17.940000534057617,0.128797901395077,0.0192021005122716,0.2121621826254073,0.0017448386297044,3.044461843709033e-06,8.69206371610127e-05,2,calm
2014-12-24,2081.8798828125,14.369999885559082,17.260000228881836,0.1288214668944107,0.01487853196118,0.2011134562517997,-0.0001393062410745,1.9406228802324707e-08,8.194321298054287e-05,2,calm
2014-12-26,2088.77001953125,14.5,17.15999984741211,0.1289705265490145,0.0160294734509854,0.1834482653387661,0.0033041099821209,1.0917142773951296e-05,8.343253968253968e-05,2,calm
2014-12-29,2090.570068359375,15.0600004196167,17.270000457763672,0.1289677083061983,0.0216322958899686,0.1467463463857739,0.0008614034280894,7.42015865924251e-07,9.000143358684727e-05,2,calm
2014-12-30,2080.35009765625,15.920000076293944,18.020000457763672,0.1300273289820048,0.0291726717809346,0.1319095710682052,-0.0049005930345042,2.4015812089831917e-05,0.0001005739692179,2,calm
2014-12-31,2058.89990234375,19.200000762939453,19.739999771118164,0.1338905567592552,0.0581094508701393,0.0281249472250562,-0.0103643835612504,0.0001074204466047,0.0001462857259114,2,calm
2015-01-02,2058.199951171875,17.790000915527344,19.459999084472656,0.1331101282428021,0.0447898809124713,0.0938728545813461,-0.0003400214731352,1.1561460219308621e-07,0.0001255889414978,2,calm
2015-01-05,2020.5799560546875,19.920000076293945,20.790000915527344,0.1435380930997914,0.0556619076631479,0.0436747407580963,-0.0184472135325872,0.0003402996871168,0.000157462858349,0,stressed
2015-01-06,2002.6099853515625,21.1200008392334,21.420000076293945,0.1454006956084713,0.0657993127838626,0.0142045087660818,-0.0089332546907001,7.98030393689166e-05,0.0001770057283528,0,stressed
2015-01-07,2025.9000244140625,19.309999465942383,20.07999992370605,0.1488127974983257,0.044287197161098,0.0398757368751739,0.0115627358448763,0.0001336968602183,0.0001479666981645,0,stressed
2015-01-08,2062.139892578125,17.010000228881836,18.65999984741211,0.157798006396491,0.0123019958923272,0.097001739936998,0.0177301681271556,0.0003143588618172,0.0001148175030899,0,stressed
2015-01-09,2044.81005859375,17.549999237060547,19.31999969482422,0.1596162696517331,0.0158837227188723,0.1008547313224914,-0.0084393221470787,7.122215830217449e-05,0.000122223203659,0,stressed
2015-01-12,2028.260009765625,19.600000381469727,20.479999542236328,0.1608725801615613,0.0351274236531359,0.0448979154918064,-0.0081266168434704,6.60419013205782e-05,0.0001524444503784,0,stressed
2015-01-13,2023.030029296875,20.559999465942383,21.270000457763672,0.1608761773683555,0.0447238172910683,0.0345331230673135,-0.0025818854358163,6.666132403680438e-06,0.000167743483349,0,stressed
2015-01-14,2011.27001953125,21.479999542236328,20.93000030517578,0.1605647035218694,0.0542352919004938,-0.0256051791797796,-0.0058300289679756,3.3989237767435226e-05,0.0001830914207676,0,stressed
2015-01-15,1992.6700439453125,22.38999938964844,22.11000061035156,0.1609968782759137,0.0629031156205706,-0.0125055286703729,-0.0092909030045675,8.632087864028225e-05,0.00019893336217,0,stressed
2015-01-16,2019.4200439453125,20.950000762939453,21.14999961853028,0.1658851983715955,0.0436148092577989,0.0095464844060827,0.0133348931862672,0.0001778193762891,0.0001741676714155,0,stressed
2015-01-20,2022.550048828125,19.88999938964844,20.8700008392334,0.1660331497339113,0.0328668441625731,0.0492710648394986,0.0015487524334003,2.39863409996362e-06,0.0001569889189365,0,stressed
2015-01-21,2032.1199951171875,18.850000381469727,20.040000915527344,0.1666630690418164,0.0218369347728808,0.0631300005292007,0.0047204650221893,2.22827900257132e-05,0.0001410009977704,0,stressed
2015-01-22,2063.14990234375,16.399999618530273,18.600000381469727,0.1715785066259568,-0.007578510440654,0.1341463911044049,0.0151543130706303,0.0002296532046426,0.0001067301537649,0,stressed
2015-01-23,2051.820068359375,16.65999984741211,19.0,0.1723321048038023,-0.0057321063296812,0.1404561929183556,-0.0055066562793019,3.0323263378375432e-05,0.0001101411090935,0,stressed
2015-01-26,2057.090087890625,15.520000457763672,18.030000686645508,0.165322622802287,-0.0101226182246503,0.1617268141011066,0.0025651679986232,6.580086861160936e-06,9.558349770197802e-05,0,stressed
2015-01-27,2029.550048828125,17.219999313354492,19.11000061035156,0.1696951256605876,0.0025048674729572,0.1097561772567161,-0.0134782878158575,0.000181664242447,0.0001176699906158,0,stressed
2015-01-28,2002.1600341796875,20.440000534057617,21.440000534057617,0.1675742405335535,0.0368257648070226,0.0489236777823844,-0.013587502811022,0.0001846202326395,0.0001657911197747,0,stressed
2015-01-29,2021.25,18.76000022888184,20.0,0.1686411184926393,0.018958883796179,0.0660980680164985,0.0094895170582635,9.005093399907529e-05,0.0001396577811855,0,stressed
2015-01-30,1994.989990234375,20.96999931335449,21.81999969482422,0.1712596298457195,0.0384403632878254,0.0405341158465569,-0.0130770990063184,0.000171010518421,0.0001745003457151,0,stressed
2015-02-02,2020.8499755859373,19.43000030517578,20.90999984741211,0.1651533928942871,0.0291466101574706,0.0761708450329815,0.0128791700002152,0.0001658730198944,0.0001498114729599,0,stressed
2015-02-03,2050.030029296875,17.329999923706055,19.489999771118164,0.1554467677672617,0.0178532314697988,0.1246393454657436,0.014336238577453,0.0002055277365496,0.0001191781338712,0,stressed
2015-02-04,2041.510009765625,18.32999992370605,20.43000030517578,0.1551907645423061,0.0281092346947543,0.1145663060671274,-0.0041647065724529,1.7344780834632895e-05,0.0001333289274615,0,stressed
2015-02-05,2062.52001953125,16.850000381469727,19.270000457763672,0.1578299371134109,0.0106700667012863,0.1436201793179344,0.0102388107109092,0.0001048332447738,0.0001126676638315,0,stressed
2015-02-06,2055.469970703125,17.290000915527344,19.8799991607666,0.1579708963053971,0.0149291128498762,0.1497974614283161,-0.0034240276118785,1.172396508690652e-05,0.0001186286236741,0,stressed
2015-02-09,2046.739990234375,18.549999237060547,20.670000076293945,0.1583551811453587,0.0271448112252467,0.1142857642278445,-0.0042562393104817,1.8115573068089807e-05,0.0001365485998789,0,stressed
2015-02-10,2068.590087890625,17.229999542236328,19.729999542236328,0.1613009734436072,0.0109990219787561,0.1450957670585937,0.0106189795540623,0.0001127627267695,0.0001178067000894,0,stressed
2015-02-11,2068.530029296875,16.959999084472656,19.709999084472656,0.1612647698629903,0.0083352209817362,0.1621462351680019,-2.903401015824717e-05,8.429737458692e-10,0.0001141434797402,0,stressed
2015-02-12,2088.47998046875,15.34000015258789,18.34000015258789,0.1631757381485075,-0.0097757366226286,0.1955671427743691,0.009598295065916,9.212726817238792e-05,9.337920820690337e-05,0,stressed
2015-02-13,2096.989990234375,14.6899995803833,18.1299991607666,0.1604482498635244,-0.0135482540596914,0.2341728848635911,0.0040664592277794,1.653609065119241e-05,8.563336812367522e-05,0,stressed
2015-02-17,2100.340087890625,15.800000190734863,18.3799991607666,0.1604466588135734,-0.0024466569062247,0.1632910720814201,0.0015962996977983,2.548172725191251e-06,9.906349445524672e-05,0,stressed
2015-02-18,2099.679931640625,15.449999809265137,18.65999984741211,0.1499291916945511,0.0045708063981002,0.2077669953252674,-0.0003143586232287,9.882134399827405e-08,9.472321194694156e-05,0,stressed
2015-02-19,2097.449951171875,15.289999961853027,18.010000228881836,0.1469764695103185,0.0059235301082117,0.1778940663057507,-0.0010626217157189,1.1291649107174387e-06,9.277146779105776e-05,2,calm
2015-02-20,2110.300048828125,14.300000190734863,17.290000915527344,0.1445755092609581,-0.0015755073536095,0.2090909569868213,0.0061078427210558,3.730574270515477e-05,8.114682756151473e-05,2,calm
2015-02-23,2109.659912109375,14.5600004196167,17.540000915527344,0.1360272608560359,0.009572743340131,0.2046703578315621,-0.0003033852119856,9.20425868516045e-08,8.412444929334862e-05,2,calm
2015-02-24,2115.47998046875,13.6899995803833,16.709999084472656,0.1332907788003752,0.0036092170034577,0.2205989478930867,0.0027549724688311,7.589873304017343e-06,7.437146369479957e-05,2,calm
2015-02-25,2113.860107421875,13.84000015258789,16.8700008392334,0.1305261530268244,0.0078738484990544,0.2189306830375243,-0.0007660169636026,5.867819885269504e-07,7.601016040620352e-05,2,calm
2015-02-26,2110.739990234375,13.90999984741211,16.850000381469727,0.1302739437369325,0.0088260547371885,0.2113587754355432,-0.0014771186302538,2.181879447842892e-06,7.67809903789702e-05,2,calm
2015-02-27,2104.5,13.34000015258789,16.889999389648438,0.1291479079612523,0.0042520935646266,0.2661168812934283,-0.0029606830486323,8.765644114459069e-06,7.061730320279563e-05,2,calm
2015-03-02,2117.389892578125,13.039999961853027,16.459999084472656,0.1256194719141185,0.0047805277044117,0.2622698721337753,0.006106238181133,3.728614472472665e-05,6.74768250020345e-05,2,calm
2015-03-03,2107.780029296875,13.859999656677246,16.780000686645508,0.1222750508817698,0.0163249456850026,0.2106782902091567,-0.0045488726038175,2.069224196576202e-05,7.622999622344975e-05,2,calm
2015-03-04,2098.530029296875,14.229999542236328,16.90999984741211,0.1234330932095308,0.0188669022128324,0.188334532072276,-0.0043981612301545,1.9343822206434777e-05,8.035432022700241e-05,2,calm
2015-03-05,2101.0400390625,14.039999961853027,16.639999389648438,0.1229887212939904,0.0174112783245398,0.1851851449330244,0.001195365251036,1.428898083384572e-06,7.822285671779088e-05,2,calm
2015-03-06,2071.260009765625,15.199999809265137,17.510000228881836,0.1233661437949735,0.0286338542976778,0.1519737137239069,-0.014275356362467,0.0002037857992754,9.168253738161118e-05,2,calm
2015-03-09,2079.429931640625,15.0600004196167,17.309999465942383,0.1226502351698497,0.0279497690263172,0.149402322950463,0.0039366623579759,1.5497310520704914e-05,9.000143358684727e-05,2,calm
2015-03-10,2044.1600341796875,16.690000534057617,18.26000022888184,0.1325485039628089,0.0343515013777672,0.0940682830788699,-0.0171068209371414,0.0002926433225754,0.0001105381419947,2,calm
2015-03-11,2040.239990234375,16.8700008392334,18.530000686645508,0.1265940218791785,0.0421059865131554,0.0983995118454032,-0.0019195206764847,3.684559627452537e-06,0.0001129352890141,2,calm
2015-03-12,2065.949951171875,15.420000076293944,17.389999389648438,0.1245292074357922,0.0296707933271472,0.1277561156684485,0.012522702206037,0.000156818070541,9.435571521940684e-05,2,calm
2015-03-13,2053.39990234375,16.0,17.889999389648438,0.1235331096648172,0.0364668903351827,0.1181249618530273,-0.0060932370901968,3.712753823735043e-05,0.0001015873015873,2,calm
2015-03-16,2081.18994140625,15.609999656677246,17.399999618530273,0.122059687628153,0.0340403089386193,0.1146700833582239,0.0134429090238559,0.0001807118030236,9.669527352439036e-05,2,calm
2015-03-17,2074.280029296875,15.65999984741211,17.479999542236328,0.1177893881047921,0.0388106103693289,0.1162196495886289,-0.003325697707782,1.1060265243546466e-05,9.73157123892648e-05,2,calm
2015-03-18,2099.5,13.970000267028809,16.43000030517578,0.1157154274044669,0.0239845752658211,0.1760916242752638,0.0120851015016287,0.0001460496783046,7.744480454793056e-05,2,calm
2015-03-19,2089.27001953125,14.06999969482422,16.969999313354492,0.1160019502906399,0.0246980466576023,0.2061122730227964,-0.0048844891269501,2.385823403129448e-05,7.855749659220383e-05,2,calm
2015-03-20,2108.10009765625,13.020000457763672,16.709999084472656,0.1151587505433124,0.0150412540343243,0.2834100228090762,0.0089723821932596,8.050364222192341e-05,6.727000473022469e-05,2,calm
2015-03-23,2104.419921875,13.40999984741211,16.530000686645508,0.1147350955549315,0.0193649029191895,0.2326622576237764,-0.0017472566067133,3.052905649703281e-06,7.136035551888604e-05,2,calm
2015-03-24,2091.5,13.619999885559082,16.59000015258789,0.1155905143918538,0.0206094844637369,0.2180616954466952,-0.0061583457015909,3.792522178030343e-05,7.361285590580531e-05,2,calm
2015-03-25,2061.050048828125,15.4399995803833,17.56999969482422,0.1199251672880793,0.0344748285157536,0.1379533790368173,-0.014665926527239,0.0002150894009023,9.460062977866528e-05,2,calm
2015-03-26,2056.14990234375,15.800000190734863,17.56999969482422,0.120102865687141,0.0378971362202076,0.1120252837165967,-0.0023803307374738,5.665974419763024e-06,9.906349445524672e-05,2,calm
2015-03-27,2061.02001953125,15.06999969482422,17.389999389648438,0.1167581909605337,0.0339418059877084,0.1539482244064689,0.0023657607295033,5.596823829260272e-06,9.01209884134929e-05,2,calm
2015-03-30,2086.239990234375,14.510000228881836,16.920000076293945,0.1217262376771302,0.0233737646116881,0.1660923369673735,0.0121623826471494,0.0001479235516556,8.354766136593292e-05,2,calm
2015-03-31,2067.889892578125,15.289999961853027,17.540000915527344,0.1241402552588663,0.0287597443596638,0.1471550660096688,-0.0088346862175307,7.805168056222859e-05,9.277146779105776e-05,2,calm
2015-04-01,2059.68994140625,15.109999656677246,17.34000015258789,0.1245401299157666,0.0265598666510058,0.1475844173778777,-0.0039732542018475,1.5786748952499016e-05,9.060003556539145e-05,2,calm
2015-04-02,2066.9599609375,14.670000076293944,17.219999313354492,0.1251131788684894,0.0215868218944499,0.1738240779685633,0.0035234523037141,1.2414716136548576e-05,8.540035803113661e-05,2,calm
2015-04-06,2080.6201171875,14.739999771118164,16.81999969482422,0.1253402262748949,0.0220597714362867,0.1411126157397672,0.0065870726471656,4.338952605903781e-05,8.621729890974744e-05,2,calm
2015-04-07,2076.330078125,14.779999732971191,16.799999237060547,0.1254234732953849,0.0223765240343269,0.136671146182983,-0.0020640327085871,4.260231022117678e-06,8.668586988358274e-05,2,calm
2015-04-08,2081.89990234375,13.979999542236328,16.399999618530273,0.1254063573817928,0.0143936380405704,0.1731044460325373,0.0026789415573472,7.176727867681843e-06,7.755570920671745e-05,2,calm
2015-04-09,2091.179931640625,13.09000015258789,16.020000457763672,0.1262299444320985,0.0046700570937803,0.2238350092453223,0.0044475758736258,1.9780931151658343e-05,6.799527936299644e-05,2,calm
2015-04-10,2102.06005859375,12.579999923706056,15.460000038146973,0.1271921201163789,-0.0013921208793183,0.2289348276555848,0.0051893768994562,2.6929632604609863e-05,6.280015796843031e-05,2,calm
2015-04-13,2092.429931640625,13.9399995803833,16.31999969482422,0.1275939623472978,0.0118060334565351,0.1707317206659109,-0.0045918068209611,2.1084689881025296e-05,7.711253504011373e-05,2,calm
2015-04-14,2095.840087890625,13.670000076293944,15.850000381469728,0.1263270765036446,0.0103729242592947,0.1594733206297685,0.0016284322585138,2.6517916205684204e-06,7.415432622455412e-05,2,calm
2015-04-15,2106.6298828125,12.84000015258789,15.6899995803833,0.126641528209861,0.0017584733160178,0.2219625696204525,0.0051349890449955,2.636811249222474e-05,6.542285869780042e-05,2,calm
2015-04-16,2104.989990234375,12.600000381469728,15.329999923706056,0.1259865280579402,1.34757567570587e-05,0.2166666237765531,-0.0007787467579851,6.064465130724586e-07,6.300000381469734e-05,2,calm
2015-04-17,2081.179931640625,13.890000343322754,16.139999389648438,0.1302355429986641,0.0086644604345634,0.1619869683737848,-0.0113757041890532,0.0001294066457968,7.656036092758182e-05,2,calm
2015-04-20,2100.39990234375,13.300000190734863,15.579999923706056,0.1260729739080195,0.006927027999329,0.1714285488927663,0.0091927485865367,8.450662657527292e-05,7.01944464577569e-05,2,calm
2015-04-21,2097.2900390625,13.25,15.520000457763672,0.1257543432203055,0.0067456567796944,0.1713207892651828,-0.0014817025047679,2.19544231263562e-06,6.966765873015874e-05,2,calm
2015-04-22,2107.9599609375,12.710000038146973,15.460000038146973,0.1150762592694244,0.0120237411120453,0.2163650662270911,0.0050745828533862,2.5751391135882165e-05,6.410480197210161e-05,2,calm
2015-04-23,2112.929931640625,12.479999542236328,15.170000076293944,0.1147925183960214,0.0100074770263418,0.2155449224940906,0.0023549408425523,5.545746371921255e-06,6.180570975167419e-05,2,calm
2015-04-24,2117.68994140625,12.289999961853027,15.260000228881836,0.1097105043414555,0.0131894952770747,0.2416599085636617,0.0022502668247534,5.063700782586139e-06,5.9938134548550565e-05,2,calm
2015-04-27,2108.919921875,13.119999885559082,15.93000030517578,0.1087863941802267,0.0224136046753641,0.2141768631194584,-0.0041499132407346,1.722177990562478e-05,6.830730039566283e-05,2,calm
2015-04-28,2114.760009765625,12.40999984741211,15.3100004196167,0.1022869114267682,0.0218130870473528,0.2336825630831361,0.0027654044373465,7.647461702095753e-06,6.111432389395579e-05,2,calm
2015-04-29,2106.85009765625,13.390000343322754,15.970000267028809,0.1024323435380606,0.0314676598951668,0.1926810946642457,-0.0037473481275732,1.4042617989226531e-05,7.114766237864422e-05,2,calm
2015-04-30,2085.510009765625,14.550000190734863,16.479999542236328,0.1009021926151209,0.0445978092922277,0.132646001800773,-0.0101805530332482,0.0001036436600627,8.400893077396212e-05,2,calm
2015-05-01,2108.2900390625,12.699999809265137,15.380000114440918,0.1048268027443859,0.0221731953482653,0.2110236492460904,0.0108637765634552,0.0001180216412206,6.400396633148195e-05,2,calm
2015-05-04,2114.489990234375,12.850000381469728,15.43000030517578,0.1019076699363374,0.0265923338783598,0.2007781982190853,0.002936433147763,8.62263963128144e-06,6.552480547768736e-05,2,calm
2015-05-05,2089.4599609375,14.3100004196167,16.31999969482422,0.1076046139270373,0.0354953902691296,0.1404611611647568,-0.0119080033585301,0.0001418005439867,8.126036190850401e-05,2,calm
2015-05-06,2080.14990234375,15.149999618530272,16.719999313354492,0.1069048800616642,0.0445951161236385,0.1036303455020501,-0.0044656811409319,1.9942308052475523e-05,9.108035255613784e-05,2,calm
2015-05-07,2088.0,15.130000114440918,16.739999771118164,0.0981966529303814,0.0531033482140277,0.1064110802709493,0.0037667104694754,1.4188107760855629e-05,9.084004105673896e-05,2,calm
2015-05-08,2116.10009765625,12.859999656677246,15.5600004196167,0.1046704021739577,0.0239295943928147,0.2099534086330665,0.0133681479873611,0.0001787073806119,6.562682189275352e-05,2,calm
2015-05-11,2105.330078125,13.850000381469728,16.100000381469727,0.1060268287691638,0.0324731750455334,0.1624548691717244,-0.005102556456082,2.6036082387504496e-05,7.612004387567922e-05,2,calm
2015-05-12,2099.1201171875,13.859999656677246,16.399999618530273,0.1007581102533264,0.037841886313446,0.1832611850483955,-0.0029539964393672,8.726094963794485e-06,7.622999622344975e-05,2,calm
2015-05-13,2098.47998046875,13.760000228881836,16.290000915527344,0.0970735580965367,0.0405264441922816,0.1838663259129248,-0.0003050012906516,9.302578729918309e-08,7.513397075350324e-05,2,calm
2015-05-14,2121.10009765625,12.739999771118164,15.90999984741211,0.1004860127670984,0.0269139849440831,0.2488226164242482,0.01072160426176,0.0001149527979457,6.440777546352812e-05,2,calm
2015-05-15,2122.72998046875,12.380000114440918,15.56999969482422,0.1001967180372769,0.0236032831071322,0.2576736309285053,0.0007681188278664,5.900065337229687e-07,6.08192074736338e-05,2,calm
2015-05-18,2129.199951171875,12.729999542236328,15.229999542236328,0.0989638504683463,0.0283361449540169,0.196386495671532,0.0030433124725705,9.261750805703182e-06,6.430670172434012e-05,2,calm
2015-05-19,2127.830078125,12.850000381469728,15.279999732971191,0.0986957252509505,0.0298042785637467,0.1891050022851073,-0.000643581597842,4.141972730808817e-07,6.552480547768736e-05,2,calm
2015-05-20,2125.85009765625,12.880000114440918,15.149999618530272,0.0986583828367444,0.0301416183076646,0.1762421959565244,-0.000930949450794,8.666668799337411e-07,6.583111228095161e-05,2,calm
2015-05-21,2130.820068359375,12.109999656677246,14.609999656677246,0.0981490887756098,0.0229509077911626,0.2064409637387184,0.0023351459087448,5.452906415127617e-06,5.8195274478064695e-05,2,calm
2015-05-22,2126.06005859375,12.130000114440918,14.479999542236328,0.0975064324712237,0.0237935686731854,0.1937344934562454,-0.0022363851494835,5.001418536830772e-06,5.838765983187964e-05,2,calm
2015-05-26,2104.199951171875,14.0600004196167,15.479999542236328,0.1013937962476645,0.0392062079485025,0.1009956671579061,-0.0103352049075023,0.00010681646048,7.844587769826262e-05,2,calm
2015-05-27,2123.47998046875,13.270000457763672,14.989999771118164,0.1045942342086262,0.0281057703690104,0.1296156182382193,0.00912091892911,8.319116211139859e-05,6.987813974168575e-05,2,calm
2015-05-28,2120.7900390625,13.3100004196167,15.010000228881836,0.1037376857322891,0.0293623184638778,0.1277234977964105,-0.001267563917487,1.6067182849151277e-06,7.030004411515742e-05,2,calm
2015-05-29,2107.389892578125,13.84000015258789,15.380000114440918,0.1054418487595726,0.0329581527663062,0.1112716723175085,-0.0063385151840976,4.017677473903657e-05,7.601016040620352e-05,2,calm
2015-06-01,2111.72998046875,13.970000267028809,15.40999984741211,0.0998455320465897,0.0398544706236983,0.1030779923306018,0.0020573434991476,4.232662273485141e-06,7.744480454793056e-05,2,calm
2015-06-02,2109.60009765625,14.239999771118164,15.710000038146973,0.0964345519582849,0.0459654457528967,0.103230357489913,-0.0010091051653478,1.018293234731652e-06,8.046729900057355e-05,2,calm
2015-06-03,2114.070068359375,13.65999984741211,15.359999656677246,0.0964707965547393,0.0401292019193817,0.1244509391108962,0.0021166294697559,4.480120312239564e-06,7.404587136162654e-05,2,calm
2015-06-04,2095.840087890625,14.710000038146973,16.280000686645508,0.0987085517432189,0.0483914486382508,0.1067301593764175,-0.008660562215101,7.500533788163633e-05,8.586670679455712e-05,2,calm
2015-06-05,2092.830078125,14.210000038146973,15.960000038146973,0.0984698132311258,0.0436301871503438,0.1231527090290005,-0.0014372152327325,2.0655876251984366e-06,8.012861154132419e-05,2,calm
2015-06-08,2079.280029296875,15.289999961853027,16.600000381469727,0.0997414437244391,0.0531585558940911,0.0856769406726628,-0.0064955603383055,4.2192304108568e-05,9.277146779105776e-05,2,calm
2015-06-09,2080.14990234375,14.470000267028809,16.25,0.0992099786745658,0.0454900239957222,0.123013109891026,0.0004182655190027,1.749460443866521e-07,8.308766179675153e-05,2,calm
2015-06-10,2105.199951171875,13.220000267028809,15.329999923706056,0.105214233434717,0.026985769235571,0.1596066273871165,0.0119704917525144,0.000143292672797,6.935254248422293e-05,2,calm
2015-06-11,2108.860107421875,12.850000381469728,15.100000381469728,0.1047850848617116,0.0237149189529856,0.1750972710665908,0.0017371167565281,3.0175746258108188e-06,6.552480547768736e-05,2,calm
2015-06-12,2094.110107421875,13.779999732971191,15.609999656677246,0.1024828605932367,0.0353171367364751,0.1328011581398976,-0.0070188746531027,4.926460139596759e-05,7.535253676217702e-05,2,calm
2015-06-15,2084.429931640625,15.390000343322754,16.6200008392334,0.098138143943659,0.0557618594895684,0.0799220577304472,-0.0046332896217713,2.146737271921408e-05,9.398893276487084e-05,2,calm
2015-06-16,2096.2900390625,14.8100004196167,16.200000762939453,0.0992561153182578,0.0488438888779091,0.0938555235610674,0.0056737305157538,3.219121796539591e-05,8.703813985279634e-05,2,calm
2015-06-17,2100.43994140625,14.5,16.219999313354492,0.0930980896408427,0.0519019103591572,0.1186206423003098,0.0019776843950728,3.911235566514628e-06,8.343253968253968e-05,2,calm
2015-06-18,2121.239990234375,13.1899995803833,15.4399995803833,0.0960982119370247,0.0358017838668082,0.1705837810143899,0.0098540000540088,9.710131706440612e-05,6.903813052798084e-05,2,calm
2015-06-19,2109.989990234375,13.960000038146973,15.90999984741211,0.0971407858697157,0.0424592145117539,0.1396847997089244,-0.0053176152379496,2.827703181887399e-05,7.733396867661249e-05,2,calm
2015-06-22,2122.85009765625,12.739999771118164,14.989999771118164,0.0907365549038988,0.0366634428072828,0.1766091083534236,0.0060763679815421,3.692224784711029e-05,6.440777546352812e-05,2,calm
2015-06-23,2124.199951171875,12.109999656677246,14.539999961853027,0.0893882807352206,0.0317117158315518,0.2006606419543472,0.0006356664251933,4.0407180411813973e-07,5.8195274478064695e-05,2,calm
2015-06-24,2108.580078125,13.260000228881836,15.18000030517578,0.0916786799278383,0.0409213223609799,0.1447963833448477,-0.0073804657183052,5.447127421907915e-05,6.9772859551566e-05,2,calm
2015-06-25,2102.31005859375,14.010000228881836,15.520000457763672,0.0921201907151381,0.0479798115736802,0.1077801716069173,-0.0029780041565964,8.868508756705516e-06,7.788893111637663e-05,2,calm
2015-06-26,2101.489990234375,14.020000457763672,15.460000038146973,0.0863974896840163,0.0538025148936204,0.1027103804112853,-0.0003901557449223,1.5222150529594106e-07,7.800016382368792e-05,2,calm
2015-06-29,2057.639892578125,18.850000381469727,18.71999931335449,0.1052016825281755,0.0832983212865216,-0.0068966082485087,-0.0210869695086115,0.0004446602830571,0.0001410009977704,2,calm
2015-06-30,2063.110107421875,18.229999542236328,18.46999931335449,0.1050767066453479,0.0772232887770153,0.013165100227354,0.0026549623524674,7.048825093019287e-06,0.0001318781282975,2,calm
2015-07-01,2077.419921875,16.09000015258789,16.790000915527344,0.1075832806983242,0.0533167208275547,0.0435053297887549,0.006912096434637,4.7777077121722095e-05,0.0001027333749643,2,calm
2015-07-02,2076.780029296875,16.790000915527344,17.68000030517578,0.107591798460437,0.0603082106948364,0.0530077034614911,-0.0003080701895465,9.490724168723741e-08,0.0001118667185489,2,calm
2015-07-06,2068.760009765625,17.010000228881836,18.040000915527344,0.107534256748107,0.0625657455407113,0.0605526556605587,-0.0038692326988974,1.4970961678217044e-05,0.0001148175030899,2,calm
2015-07-07,2081.340087890625,16.09000015258789,17.020000457763672,0.1093695308958227,0.0515304706300561,0.0577998941178506,0.0060625605938687,3.6754640954330126e-05,0.0001027333749643,2,calm
2015-07-08,2046.6800537109373,19.65999984741211,19.25,0.1157255461402624,0.0808744523338586,-0.0208545193588126,-0.0167929649121416,0.0002820036705404,0.0001533792039683,2,calm
2015-07-09,2051.31005859375,19.96999931335449,19.780000686645508,0.1122054625857109,0.0874945305478339,-0.009514202966543,0.0022596476448199,5.1060074787405255e-06,0.000158254314514,2,calm
2015-07-10,2076.6201171875,16.829999923706055,17.729999542236328,0.1187470648181761,0.0495529344188843,0.0534759134052383,0.0122629863850077,0.0001503808350788,0.0001124003561237,2,calm
2015-07-13,2099.60009765625,13.899999618530272,15.9399995803833,0.1221823938999667,0.016817602285336,0.1467625912114039,0.0110052685073551,0.0001211159349189,7.66706307123578e-05,2,calm
2015-07-14,2108.949951171875,13.369999885559082,15.460000038146973,0.122746827997413,0.0109531708581777,0.1563201324216387,0.0044432732365001,1.9742677054198694e-05,7.093527656343247e-05,2,calm
2015-07-15,2107.39990234375,13.229999542236328,15.600000381469728,0.1227306810648323,0.0095693143575309,0.1791383916278494,-0.0007352563007372,5.406018277738791e-07,6.945749519348154e-05,2,calm
2015-07-16,2124.2900390625,12.109999656677246,14.729999542236328,0.1247846463131308,-0.0036846497463583,0.2163501205480595,0.0079827334444757,6.372403324555148e-05,5.8195274478064695e-05,2,calm
2015-07-17,2126.639892578125,11.949999809265137,14.609999656677246,0.1219637143337445,-0.0024637162410931,0.222594133043395,0.0011055716244507,1.2222886167905815e-06,5.666765692120509e-05,2,calm
2015-07-20,2128.280029296875,12.25,14.850000381469728,0.121828931966811,0.0006710680331889,0.2122449290995696,0.0007709366240016,5.943432782269879e-07,5.95486111111111e-05,2,calm
2015-07-21,2119.2099609375,12.220000267028809,14.75,0.1208762457960857,0.0013237568742023,0.2070376168319299,-0.004270796242723,1.8239700546857696e-05,5.925730417705721e-05,2,calm
2015-07-22,2114.14990234375,12.119999885559082,14.8100004196167,0.1211935342570114,6.4645985793504446e-06,0.2219472408793286,-0.0023905650201902,5.714801115757353e-06,5.829142747061594e-05,2,calm
2015-07-23,2102.14990234375,12.640000343322754,14.920000076293944,0.1174725214506374,0.0089274819825901,0.1803797208103423,-0.0056922102113794,3.240125709053252e-05,6.340063836476166e-05,2,calm
2015-07-24,2079.64990234375,13.739999771118164,15.649999618530272,0.1213428502463486,0.016057147464833,0.1390101804387928,-0.0107610206966611,0.0001157995664339,7.491571178981238e-05,2,calm
2015-07-27,2067.639892578125,15.600000381469728,16.780000686645508,0.1208178945355058,0.0351821092791914,0.0756410433539109,-0.0057917550650641,3.354442673369656e-05,9.657143329438715e-05,2,calm
2015-07-28,2093.25,13.4399995803833,15.43000030517578,0.12557443899199,0.0088255568118429,0.1480655347413132,0.0123100738018893,0.0001515379170079,7.16799955240886e-05,2,calm
2015-07-29,2108.570068359375,12.5,14.920000076293944,0.1262797175513983,-0.0012797175513983,0.1936000061035155,0.0072921429273836,5.317534847339184e-05,6.200396825396825e-05,2,calm
2015-07-30,2108.6298828125,12.130000114440918,14.710000038146973,0.1261668815854222,-0.004866880441013,0.212695787251851,2.836690402236809e-05,8.046812438142427e-10,5.838765983187964e-05,2,calm
2015-07-31,2103.840087890625,12.119999885559082,14.899999618530272,0.1228982519009112,-0.0016982530453203,0.2293729174274618,-0.0022741038010517,5.171548097957831e-06,5.829142747061594e-05,2,calm
2015-08-03,2098.0400390625,12.5600004196167,14.84000015258789,0.122208006775741,0.0033919974204259,0.1815286350954414,-0.0027606939449045,7.621431057432648e-06,6.260063910348081e-05,2,calm
2015-08-04,2093.320068359375,13.0,15.130000114440918,0.1208740622049985,0.0091259377950014,0.1638461626493013,-0.0022522391669328,5.072581265066458e-06,6.706349206349208e-05,2,calm
2015-08-05,2099.840087890625,12.510000228881836,14.880000114440918,0.1212821964204789,0.0038178058683393,0.1894484286329159,0.0031098381854906,9.67109353993596e-06,6.210321655818394e-05,2,calm
2015-08-06,2083.56005859375,13.770000457763672,15.550000190734863,0.1214895048011756,0.016210499776461,0.1292664977340366,-0.0077831959225621,6.057813876898795e-05,7.524321928841736e-05,2,calm
2015-08-07,2077.570068359375,13.390000343322754,15.420000076293944,0.1214715756754611,0.0124284277577663,0.1516056520479103,-0.0028790228563377,8.288772607314972e-06,7.114766237864422e-05,2,calm
2015-08-10,2104.179931640625,12.229999542236328,14.989999771118164,0.1272855889231885,-0.0049855935008252,0.2256745978894087,0.012726835632025,0.0001619723452045,5.935432095361143e-05,2,calm
2015-08-11,2084.070068359375,13.710000038146973,15.9399995803833,0.1144216619171497,0.0226783384643199,0.1626549625114174,-0.0096030646801822,9.22188512517642e-05,7.458892898650395e-05,2,calm
2015-08-12,2086.050048828125,13.609999656677246,15.869999885559082,0.1142395177472711,0.0218604788195013,0.1660543927914832,0.0009496036382146,9.017470697105848e-07,7.350479787887093e-05,2,calm
2015-08-13,2083.389892578125,13.489999771118164,15.75,0.1126174139707072,0.0222825837404744,0.1675315246276322,-0.0012760258683812,1.6282420167780047e-06,7.221432294633655e-05,2,calm
2015-08-14,2091.5400390625,12.829999923706056,15.510000228881836,0.1131467111001882,0.0151532881368722,0.2088854498139107,0.0039043322743591,1.5243810508602394e-05,6.532099128662596e-05,2,calm
2015-08-17,2102.43994140625,13.020000457763672,15.210000038146973,0.1133395366844448,0.0168604678931919,0.1682027268345778,0.0051978917094029,2.701807822267993e-05,6.727000473022469e-05,2,calm
2015-08-18,2096.919921875,13.789999961853027,15.609999656677246,0.1124542378566264,0.0254457617619038,0.131979673666341,-0.0026289829356331,6.9115512758500336e-06,7.546194402694702e-05,2,calm
2015-08-19,2079.610107421875,15.25,16.5,0.1036089765214427,0.0488910234785572,0.081967213114754,-0.0082891364095971,6.870978241690851e-05,9.228670634920634e-05,2,calm
2015-08-20,2035.72998046875,19.13999938964844,18.82999992370605,0.1212412211311404,0.0701587727653439,-0.0161964198447178,-0.0213259604541461,0.0004547965892918,0.0001453728478713,2,calm
2015-08-21,1970.8900146484373,28.030000686645508,23.46999931335449,0.1473882086123257,0.1329117982541293,-0.1626828848228878,-0.0323692425218784,0.0010477678614401,0.0003117781501957,0,stressed
2015-08-24,1893.2099609375,40.7400016784668,31.13999938964844,0.1800316056156037,0.2273684111690642,-0.2356406944846164,-0.0402114443465191,0.0016169602564332,0.0006586300542704,0,stressed
2015-08-25,1867.6099853515625,36.02000045776367,29.57999992370605,0.1807582872094205,0.1794417173682162,-0.178789573909335,-0.0136142497426558,0.0001853477960554,0.0005148573146735,0,stressed
2015-08-26,1940.510009765625,30.31999969482422,25.64999961853028,0.2184406019679831,0.084759394980259,-0.1540237507684122,0.0382912994345316,0.0014662236123849,0.0003648025323389,0,stressed
2015-08-27,1987.6600341796875,26.100000381469727,24.86000061035156,0.2299181261686101,0.0310818776460871,-0.0475095690802569,0.02400725448969,0.0005763482681327,0.0002703214364733,0,stressed
2015-08-28,1988.8699951171875,26.049999237060547,25.34000015258789,0.2298602370998824,0.0306397552707229,-0.0272552439641749,0.0006085511568762,3.703345105353804e-07,0.0002692866905757,0,stressed
2015-08-31,1972.1800537109373,28.43000030517578,26.530000686645508,0.2303611829088891,0.0539388201428686,-0.066830798386744,-0.0084270786639841,7.101565480897718e-05,0.0003207400465683,0,stressed
2015-09-01,1913.8499755859373,31.39999961853028,29.530000686645508,0.2437453534996987,0.070254642685604,-0.0595541068344859,-0.0300226498424279,0.000901359503561,0.0003912539587475,0,stressed
2015-09-02,1948.8599853515625,26.09000015258789,26.190000534057617,0.2516093475989355,0.0092906539269433,0.0038329007621645,0.0181276714232146,0.000328612471228,0.0002701143285563,0,stressed
2015-09-03,1951.1300048828125,25.61000061035156,26.200000762939453,0.251688728589198,0.0044112775143175,0.0230378812388398,0.0011641156994188,1.3551653616335372e-06,0.0002602667187548,0,stressed
2015-09-04,1921.219970703125,27.799999237060547,28.06999969482422,0.2533889192780397,0.0246110730925657,0.009712246948688,-0.0154483087542762,0.0002386502433674,0.0003066825228494,0,stressed
2015-09-08,1969.4100341796875,24.89999961853028,25.690000534057617,0.2652923889063044,-0.0162923927210016,0.0317269448847473,0.0247736371970385,0.0006137330999704,0.0002460357067471,0,stressed
2015-09-09,1942.0400390625,26.229999542236328,26.309999465942383,0.2642405032294281,-0.0019405078070648,0.0030499399581474,-0.0139950357690847,0.0001958610261779,0.000273020982534,0,stressed
2015-09-10,1952.2900390625,24.3700008392334,25.64999961853028,0.2636521953298884,-0.0199521869375544,0.05252354268434,0.0052640754449356,2.7710490289974544e-05,0.0002356733892477,0,stressed
2015-09-11,1961.050048828125,23.200000762939453,24.68000030517578,0.2643470645269178,-0.0323470568975233,0.0637930816192271,0.0044770064449862,2.0043586708448695e-05,0.000213587315635,0,stressed
2015-09-14,1953.030029296875,24.25,23.700000762939453,0.2643912527130498,-0.0218912527130498,-0.0226803809097132,-0.0040980412230438,1.6793941865766406e-05,0.0002333581349206,0,stressed
2015-09-15,1978.0899658203125,22.540000915527344,23.1200008392334,0.2680442418655388,-0.0426442327102653,0.0257320275132067,0.0127496876314323,0.000162554534699,0.0002016077941555,0,stressed
2015-09-16,1995.31005859375,21.350000381469727,22.32999992370605,0.2698043267340047,-0.0563043229193074,0.0459016170831965,0.0086677407153759,7.51297291089851e-05,0.0001808819509082,0,stressed
2015-09-17,1990.199951171875,21.13999938964844,21.13999938964844,0.2694448535391647,-0.0580448596426802,0.0,-0.00256434444256,6.575862420088864e-06,0.0001773411008707,0,stressed
2015-09-18,1958.030029296875,22.280000686645508,23.200000762939453,0.2722064544978896,-0.0494064476314345,0.0412926412899703,-0.0162962309543835,0.0002655671433186,0.0001969835042051,0,stressed
2015-09-21,1966.969970703125,20.13999938964844,21.59000015258789,0.272866753097123,-0.0714667592006386,0.0719960678690348,0.0045553920336726,2.075159658044867e-05,0.0001609601489742,0,stressed
2015-09-22,1942.739990234375,22.440000534057617,23.280000686645508,0.2709333386236429,-0.0465333332830667,0.0374331609891455,-0.0123949300193783,0.0001536342901852,0.0001998228666541,0,stressed
2015-09-23,1938.760009765625,22.1299991607666,22.8799991607666,0.2701347798710384,-0.0488347882633724,0.0338906474668849,-0.0020507442295939,4.205551895212871e-06,0.0001943400249426,0,stressed
2015-09-24,1932.239990234375,23.46999931335449,23.459999084472656,0.2699580874824695,-0.0352580943489246,-0.0004260856060674,-0.0033686518713064,1.134781543005638e-05,0.00021858764594,0,stressed
2015-09-25,1931.3399658203125,23.6200008392334,24.39999961853028,0.2700015964389894,-0.0338015880466554,0.0330228091271394,-0.0004659018012205,2.170644883805524e-07,0.0002213906506529,0,stressed
2015-09-28,1881.77001953125,27.6299991607666,26.3799991607666,0.2776170117412833,-0.0013170201336172,-0.0452406817939736,-0.0260012111628091,0.0006760629819329,0.0003029431958825,0,stressed
2015-09-29,1884.0899658203125,26.82999992370605,26.0,0.2767711204372538,-0.0084711212001933,-0.0309355171847276,0.0012320939129817,1.518055410406589e-06,0.0002856543237722,0,stressed
2015-09-30,1920.030029296875,24.5,24.75,0.2843905956819185,-0.0393905956819185,0.010204081632653,0.0188958986035651,0.0003570549840362,0.0002381944444444,0,stressed
2015-10-01,1923.8199462890625,22.549999237060547,23.82999992370605,0.2842676675005663,-0.0587676751299608,0.0567627818160563,0.0019719386783371,3.888542151122156e-06,0.000201786692695,0,stressed
2015-10-02,1951.3599853515625,20.940000534057617,22.600000381469727,0.2825756447148785,-0.0731756393743023,0.0792741072146689,0.0142137930164055,0.0002020319119132,0.0001740014374469,0,stressed
2015-10-05,1987.050048828125,19.540000915527344,21.32999992370605,0.2722103219666842,-0.0768103128114107,0.0916069050312221,0.0181245935185021,0.0003285008902109,0.0001515125538804,0,stressed
2015-10-06,1979.9200439453125,19.39999961853028,21.59000015258789,0.2441276981288391,-0.0501277019435363,0.1128866276866208,-0.0035946893441432,1.2921791480897388e-05,0.0001493492004757,0,stressed
2015-10-07,1995.8299560546875,18.39999961853028,20.709999084472656,0.2405164374682524,-0.0565164412829496,0.125543451838772,0.0080035198575527,6.405633011024133e-05,0.0001343492007785,0,stressed
2015-10-08,2013.4300537109373,17.420000076293945,20.09000015258789,0.2160091474196944,-0.041809146656755,0.1532721047416884,0.0087797801445584,7.708453938678346e-05,0.000120419207404,0,stressed
2015-10-09,2014.8900146484373,17.079999923706055,19.850000381469727,0.2049311699569656,-0.034131170719905,0.1621780134740557,0.0007248485605153,5.254054356811862e-07,0.0001157644434102,0,stressed
2015-10-12,2017.4599609375,16.170000076293945,19.26000022888184,0.204944641142924,-0.0432446403799845,0.1910946282008986,0.001274664477333,1.624769529774763e-06,0.0001037575009791,0,stressed
2015-10-13,2003.68994140625,17.670000076293945,20.5,0.2043992018953096,-0.0276992011323701,0.1601584556585701,-0.006848823690127,4.690638593844588e-05,0.0001239003582127,0,stressed
2015-10-14,1994.239990234375,18.030000686645508,20.809999465942383,0.1836385614627982,-0.0033385545963431,0.154187391759556,-0.0047274309119391,2.2348603027157763e-05,0.0001290003669684,0,stressed
2015-10-15,2023.8599853515625,16.049999237060547,19.43000030517578,0.1812010775598853,-0.0207010851892799,0.2105919768712873,0.014743551351355,0.00021737230645,0.0001022232045673,0,stressed
2015-10-16,2033.1099853515625,15.050000190734863,18.670000076293945,0.1814528005320634,-0.0309527986247148,0.2405315508093906,0.004560061373697,2.079415973188357e-05,8.988194672266644e-05,0,stressed
2015-10-19,2033.6600341796875,14.979999542236328,17.860000610351562,0.1743720470296978,-0.0245720516073345,0.1922564189668383,0.000270508943873,7.317508871531806e-08,8.904777233547642e-05,0,stressed
2015-10-20,2030.77001953125,15.75,18.600000381469727,0.1604818380298891,-0.0029818380298891,0.180952405172681,-0.0014221010558937,2.022371413174151e-06,9.84375e-05,0,stressed
2015-10-21,2018.93994140625,16.700000762939453,19.459999084472656,0.1555150009716705,0.011485006657724,0.1652693530205205,-0.0058424489111342,3.413420927921382e-05,0.0001106706450326,0,stressed
2015-10-22,2052.510009765625,14.449999809265137,17.15999984741211,0.1613015248040532,-0.0168015267114018,0.1875432577105889,0.0164908470125941,0.0002719480351927,8.28581327332391e-05,0,stressed
2015-10-23,2075.14990234375,14.460000038146973,17.479999542236328,0.1633683326723685,-0.0187683322908988,0.2088519706861884,0.0109699539690427,0.0001203398900829,8.297285758063906e-05,0,stressed
2015-10-26,2071.179931640625,15.289999961853027,17.989999771118164,0.1627950857133742,-0.0098950860948439,0.176585991890213,-0.0019149330011001,3.666968398702276e-06,9.277146779105776e-05,0,stressed
2015-10-27,2065.889892578125,15.43000030517578,18.13999938964844,0.1599984665098038,-0.005698463458046,0.175631823128586,-0.0025573858650877,6.540222462950568e-06,9.447813865782722e-05,0,stressed
2015-10-28,2090.35009765625,14.329999923706056,17.489999771118164,0.1614611721408516,-0.018161172903791,0.2205163896884977,0.0117704884881434,0.0001385443992495,8.148765786246652e-05,0,stressed
2015-10-29,2089.409912109375,14.609999656677246,17.809999465942383,0.1611087614633909,-0.0150087648966185,0.2190280550624539,-0.0004498753806607,2.0238785812463054e-07,8.470321030480526e-05,0,stressed
2015-10-30,2079.360107421875,15.06999969482422,18.39999961853028,0.1532606854451587,-0.0025606884969164,0.2209688116217907,-0.0048214816884254,2.3246685671821747e-05,9.01209884134929e-05,0,stressed
2015-11-02,2104.050048828125,14.149999618530272,17.420000076293945,0.1557291903756883,-0.0142291941903856,0.2310954449413138,0.0118038763388146,0.000139331496622,7.945336873190746e-05,0,stressed
2015-11-03,2109.7900390625,14.539999961853027,17.469999313354492,0.1494147193473946,-0.0040147197288643,0.2015130233279626,0.0027243529250675,7.4220988603239555e-06,8.389349162328812e-05,0,stressed
2015-11-04,2102.31005859375,15.510000228881836,18.309999465942383,0.1498962959970865,0.0052037062917318,0.1805286393127543,-0.0035516669396471,1.2614338050182815e-05,9.546035996028358e-05,0,stressed
2015-11-05,2099.929931640625,15.050000190734863,17.809999465942383,0.1492484272543603,0.0012515746529883,0.1833886538358079,-0.0011327897564983,1.2832126324274837e-06,8.988194672266644e-05,0,stressed
2015-11-06,2099.199951171875,14.329999923706056,17.450000762939453,0.1492265174646395,-0.0059265182275789,0.2177251120617239,-0.0003476817800236,1.2088262016042114e-07,8.148765786246652e-05,0,stressed
2015-11-09,2078.580078125,16.520000457763672,18.850000381469727,0.1280094137426958,0.0371905908349408,0.1410411537011221,-0.0098712906565025,9.744237922515378e-05,0.0001082977837795,2,calm
2015-11-10,2081.719970703125,15.289999961853027,18.020000457763672,0.1279727014626923,0.0249272981558379,0.1785481035135195,0.0015094551534496,2.2784548602756898e-06,9.277146779105776e-05,2,calm
2015-11-11,2075.0,16.059999465942383,18.450000762939453,0.1204245985291547,0.040175396130269,0.1488170221963844,-0.0032333073215689,1.0454276235711351e-05,0.0001023506281135,2,calm
2015-11-12,2045.969970703125,18.3700008392334,20.170000076293945,0.1297717928140906,0.0539282155782433,0.0979858004805438,-0.0140891633366326,0.0001985045235263,0.0001339114804894,2,calm
2015-11-13,2023.0400390625,20.07999992370605,21.57999992370605,0.1300371452142483,0.0707628540228121,0.0747011955029506,-0.0112706404321554,0.0001270273357509,0.0001600025384666,2,calm
2015-11-16,2053.18994140625,18.15999984741211,19.979999542236328,0.1265826372493121,0.0550173612248089,0.1002202483544391,0.0147933027942343,0.0002188418075619,0.000130867299388,2,calm
2015-11-17,2050.43994140625,18.84000015258789,20.43000030517578,0.126024808848079,0.0623751926777998,0.084394911874217,-0.0013402770182465,1.7963424856399289e-06,0.0001408514308529,2,calm
2015-11-18,2083.580078125,16.850000381469727,19.21999931335449,0.1318254568623194,0.0366745469523778,0.1406527524172104,0.0160332298771722,0.0002570644602942,0.0001126676638315,2,calm
2015-11-19,2081.239990234375,16.989999771118164,19.63999938964844,0.1301442873724983,0.0397557103386833,0.1559740820617958,-0.0011237403289792,1.262792326974284e-06,0.0001145476556438,2,calm
2015-11-20,2089.169921875,15.470000267028809,18.940000534057617,0.130371903399083,0.024328099271205,0.2243051200473742,0.0038029552801494,1.4462468862816329e-05,9.49686143896315e-05,2,calm
2015-11-23,2086.590087890625,15.619999885559082,18.6299991607666,0.1305634055248892,0.0256365933307015,0.1927016195429238,-0.001235623841684,1.5267662781381447e-06,9.681920493050228e-05,2,calm
2015-11-24,2089.139892578125,15.93000030517578,18.709999084472656,0.128358039486635,0.0309419635651228,0.1745134165749911,0.0012212499449607,1.4914514280667388e-06,0.0001007003610011,2,calm
2015-11-25,2088.8701171875,15.1899995803833,18.190000534057617,0.1271391279853702,0.0247608678184627,0.19749842241922,-0.0001291406149671,1.6677298434095174e-08,9.156193938573208e-05,2,calm
2015-11-27,2090.110107421875,15.119999885559082,17.350000381469727,0.1208327801364363,0.0303672187191544,0.1474868064014001,0.0005934415594808,3.521728845190512e-07,9.0719998626709e-05,2,calm
2015-11-30,2080.409912109375,16.1299991607666,18.489999771118164,0.1214710460997705,0.0398289455078955,0.1463112667787268,-0.0046518001396184,2.1639244538954147e-05,0.0001032447908437,2,calm
2015-12-01,2102.6298828125,14.670000076293944,17.579999923706055,0.124765276759008,0.0219347240039314,0.1983639967469761,0.0106239389467392,0.000112868078744,8.540035803113661e-05,2,calm
2015-12-02,2079.510009765625,15.90999984741211,18.32999992370605,0.129500412968219,0.029599585505902,0.152105600220202,-0.0110565926394489,0.0001222482407947,0.0001004476568034,2,calm
2015-12-03,2049.6201171875,18.11000061035156,20.11000061035156,0.1356178695375394,0.0454821365659761,0.1104362193591983,-0.01447782644415,0.0002096074585469,0.0001301476675027,2,calm
2015-12-04,2091.68994140625,14.8100004196167,18.170000076293945,0.1399236048079505,0.0081763993882164,0.2268737043536293,0.0203178563638512,0.000412815287222,8.703813985279634e-05,2,calm
2015-12-07,2077.070068359375,15.84000015258789,18.64999961853028,0.1380714438944495,0.0203285576314293,0.1773989544743342,-0.0070140439603977,4.919681267839215e-05,9.956571620396206e-05,2,calm
2015-12-08,2063.590087890625,17.600000381469727,20.059999465942383,0.1392716421353613,0.0367283616793359,0.1397726722246371,-0.0065110526255945,4.239380629326165e-05,0.0001229206402491,2,calm
2015-12-09,2047.6199951171875,19.61000061035156,21.049999237060547,0.1408733566738717,0.0552266494296438,0.0734318501728579,-0.0077690863656927,6.035870295759261e-05,0.0001526000491817,2,calm
2015-12-10,2052.22998046875,19.34000015258789,20.76000022888184,0.1364187948786722,0.0569812066472067,0.0734229609664164,0.0022488565785946,5.057355911088559e-06,0.0001484268277389,2,calm
2015-12-11,2012.3699951171875,24.38999938964844,24.3799991607666,0.1471073362252402,0.0967926576712441,-0.0004100134945507,-0.0196138677558153,0.0003847038083426,0.0002360603453281,0,stressed
2015-12-14,2021.93994140625,22.729999542236328,23.299999237060547,0.1477018456648395,0.0795981497575237,0.0250769778400153,0.004744288064068,2.2508269234858324e-05,0.0002050209838055,0,stressed
2015-12-15,2043.4100341796875,20.950000762939453,21.86000061035156,0.1468127987109185,0.0626872089184759,0.0434367453113364,0.0105625801059143,0.0001115680984938,0.0001741676714155,0,stressed
2015-12-16,2073.070068359375,17.860000610351562,19.56999969482422,0.1531420124782194,0.0254579936252962,0.0957446263177365,0.0144106356507714,0.0002076664198592,0.0001265792150006,0,stressed
2015-12-17,2041.8900146484373,18.940000534057617,20.3700008392334,0.1586870317018456,0.0307129736387305,0.075501597933135,-0.0151547766358764,0.0002296672548833,0.0001423506429484,0,stressed
2015-12-18,2005.550048828125,20.700000762939453,21.26000022888184,0.1661516605235259,0.0408483471058685,0.0270531132996376,-0.0179574950071068,0.0003224716269302,0.0001700357268197,0,stressed
2015-12-21,2021.1500244140625,18.700000762939453,21.11000061035156,0.1682964927070062,0.0187035149223883,0.1288769919297734,0.0077483067271562,6.003625713809402e-05,0.0001387658843388,0,stressed
2015-12-22,2038.969970703125,16.600000381469727,19.84000015258789,0.1686865708190526,-0.0026865670043554,0.1951807046182309,0.0087780955915688,7.705496221472116e-05,0.0001093492113749,0,stressed
2015-12-23,2064.2900390625,15.56999969482422,19.32999992370605,0.1727590058517155,-0.0170590089034733,0.2414900643916987,0.0123415965275538,0.0001523150048489,9.620035337175648e-05,0,stressed
2015-12-24,2060.989990234375,15.739999771118164,19.690000534057617,0.1725811591952775,-0.0151811614840958,0.250953038143459,-0.0015999154038633,2.559729299519129e-06,9.831253682333324e-05,0,stressed
2015-12-28,2056.5,16.90999984741211,19.68000030517578,0.1676493775042932,0.0014506209698278,0.1638084259467092,-0.002180936456306,4.756483826444647e-06,0.0001134714662061,0,stressed
2015-12-29,2078.360107421875,16.079999923706055,19.100000381469727,0.16664583856998,-0.0058458393329194,0.1878109746326189,0.0105736641730229,0.0001118023740438,0.000102605713312,0,stressed
2015-12-30,2063.360107421875,17.290000915527344,19.59000015258789,0.162876745848169,0.0100232633071043,0.1330248186970901,-0.0072433987837785,5.246682594084456e-05,0.0001186286236741,0,stressed
2015-12-31,2043.93994140625,18.209999084472656,19.799999237060547,0.1652103201350704,0.0168896707096561,0.0873146750426613,-0.0094564850414678,8.942510933950512e-05,0.0001315889153398,0,stressed
2016-01-04,2012.6600341796875,20.700000762939453,22.01000022888184,0.1636549363954762,0.0433450712339182,0.0632849960222109,-0.0154220417978059,0.0002378393732132,0.0001700357268197,0,stressed
2016-01-05,2016.7099609375,19.34000015258789,20.520000457763672,0.1639118868051925,0.0294881147206863,0.0610134589382557,0.0020102041393599,4.040920681899836e-06,0.0001484268277389,0,stressed
2016-01-06,1990.260009765625,20.59000015258789,21.270000457763672,0.1669190672573171,0.0389809342685617,0.0330257552276081,-0.013202163002626,0.0001742971079479,0.0001682333755093,0,stressed
2016-01-07,1943.0899658203125,24.989999771118164,24.6200008392334,0.1790499811161398,0.0708500165950417,-0.0148058797628476,-0.0239858165193447,0.0005753193940996,0.0002478174954605,0,stressed
2016-01-08,1922.030029296875,27.01000022888184,26.229999542236328,0.1803749464726496,0.0897250558161687,-0.0288782184389415,-0.0108975374458479,0.0001187563223836,0.0002895000445889,0,stressed
2016-01-11,1923.6700439453125,24.299999237060547,24.729999542236328,0.1805227098370939,0.0624772825335115,0.0176954863652825,0.0008529082958226,7.274525610831361e-07,0.0002343214138575,0,stressed
2016-01-12,1938.6800537109373,22.46999931335449,22.530000686645508,0.1828607816551583,0.0418392114783865,0.0026702881675371,0.0077725141177746,6.041197571100608e-05,0.0002003574877548,0,stressed
2016-01-13,1890.280029296875,25.21999931335449,24.88999938964844,0.194376679915645,0.0578233132178998,-0.0130848506221531,-0.0252823750779089,0.00063919848958,0.0002524001449863,0,stressed
2016-01-14,1921.8399658203125,23.950000762939453,23.530000686645508,0.1987541582476838,0.0407458493817107,-0.0175365370736797,0.0165580609343839,0.0002741693819067,0.0002276200541844,0,stressed
2016-01-15,1880.3299560546875,27.020000457763672,26.8799991607666,0.2049123835690437,0.065287621008593,-0.0051813950638495,-0.0218357726981623,0.0004768009693258,0.0002897144542609,0,stressed
2016-01-19,1881.3299560546875,26.049999237060547,26.440000534057617,0.202436020555327,0.0580639718152783,0.0149712594402777,0.0005316801874288,2.826838217043544e-07,0.0002692866905757,0,stressed
2016-01-20,1859.3299560546875,27.59000015258789,27.809999465942383,0.1915857303638988,0.08431427116198,0.007973878656679,-0.0117627660258983,0.00013836266458,0.0003020667096903,0,stressed
2016-01-21,1868.989990234375,26.690000534057617,26.709999084472656,0.1931316361627345,0.0737683691778416,0.0007492899968106,0.005181988635948,2.6853006223094863e-05,0.0002826810033761,0,stressed
2016-01-22,1906.9000244140625,22.34000015258789,24.280000686645508,0.2045891980690801,0.0188108034567987,0.0868397726413124,0.0200807268822134,0.000403235592118,0.0001980458757212,0,stressed
2016-01-25,1877.0799560546875,24.14999961853028,25.25,0.207621885230188,0.0338781109551147,0.045548670759634,-0.0157615451728214,0.0002484263062348,0.0002314374926884,0,stressed
2016-01-26,1903.6300048828125,22.5,23.290000915527344,0.2129109211878273,0.0120890788121726,0.0351111518012152,0.0140452378303679,0.0001972687057115,0.0002008928571428,0,stressed
2016-01-27,1882.949951171875,23.11000061035156,24.46999931335449,0.2082821107043904,0.0228178953991251,0.0588489254471828,-0.0109229223005284,0.0001193102315833,0.0002119333842104,0,stressed
2016-01-28,1893.3599853515625,22.420000076293945,24.020000457763672,0.208517223835714,0.0156827769272254,0.0713648695818474,0.0055133507175915,3.039703613516697e-05,0.0001994668267543,0,stressed
2016-01-29,1940.239990234375,20.200000762939453,22.65999984741211,0.21950242682081,-0.0175024191914155,0.1217821282950626,0.0244586509945564,0.0005982256084735,0.0001619206471518,0,stressed
2016-02-01,1939.3800048828125,19.979999542236328,22.01000022888184,0.214169910075162,-0.0143699146527987,0.1016016382960485,-0.0004433348455418,1.965457852715764e-07,0.000158412849884,0,stressed
2016-02-02,1903.030029296875,21.979999542236328,23.40999984741211,0.2164125512116007,0.0033874442107625,0.0650591599161738,-0.0189209687182314,0.0003580030572362,0.000191714436459,0,stressed
2016-02-03,1912.530029296875,21.64999961853028,23.200000762939453,0.2122054228049724,0.0042945733803303,0.0715935876083123,0.004979620021574,2.479661555926088e-05,0.0001860009855088,0,stressed
2016-02-04,1915.449951171875,21.84000015258789,23.65999984741211,0.2105878756637344,0.0078121258621444,0.0833333187778646,0.0015255682925234,2.327358615152877e-06,0.0001892800026448,0,stressed
2016-02-05,1880.050048828125,23.3799991607666,24.479999542236328,0.2136115417492771,0.0201884498583888,0.0470487776285129,-0.0186541582763518,0.0003479776209991,0.000216914428872,0,stressed
2016-02-08,1853.43994140625,26.0,25.979999542236328,0.21122723483736,0.0487727651626399,-0.0007692483755258,-0.0142550579230573,0.0002032066763897,0.0002682539682539,0,stressed
2016-02-09,1852.2099609375,26.540000915527344,26.799999237060547,0.2113213283326611,0.0540786808226122,0.0097964699534388,-0.0006638406467602,4.406844042910345e-07,0.0002795125589667,0,stressed
2016-02-10,1851.8599853515625,26.290000915527344,26.71999931335449,0.2115130831671362,0.0513869259881372,0.0163559673964552,-0.0001889681307609,3.570895444327481e-08,0.0002742714873565,0,stressed
2016-02-11,1829.0799560546875,28.13999938964844,27.71999931335449,0.2086895980355206,0.0727103958609637,-0.0149253761692849,-0.0123774473292562,0.0001532012023885,0.0003142299863688,0,stressed
2016-02-12,1864.780029296875,25.39999961853028,26.229999542236328,0.2193276989901762,0.0346722971951265,0.0326771628413936,0.0193300152070459,0.0003736494879046,0.0002560158653259,0,stressed
2016-02-16,1895.5799560546875,24.11000061035156,25.01000022888184,0.225789377919882,0.0153106281836335,0.0373288923992755,0.0163817377416849,0.0002683613314373,0.0002306714799329,0,stressed
2016-02-17,1926.8199462890625,22.309999465942383,23.549999237060547,0.2287584020353259,-0.005658407375902,0.0555804482654112,0.0163461106256413,0.0002671953325857,0.0001975143159406,0,stressed
2016-02-18,1917.8299560546875,21.63999938964844,23.200000762939453,0.2286996908950219,-0.0122996969985375,0.07208879007812,-0.0046766321239347,2.1870888022618038e-05,0.0001858291958666,0,stressed
2016-02-19,1917.780029296875,20.530000686645508,22.799999237060547,0.2261026843423866,-0.0208026774759315,0.1105698234044211,-2.60332818018429e-05,6.777317613741646e-10,0.0001672543365847,0,stressed
2016-02-22,1945.5,19.3799991607666,21.6200008392334,0.2197972917425393,-0.0259973001348733,0.1155831669488158,0.014350731099076,0.0002059434830779,0.0001490414156632,0,stressed
2016-02-23,1921.27001953125,20.979999542236328,22.440000534057617,0.2205541719003964,-0.0107541764780331,0.0695901345889954,-0.0125325775707884,0.0001570655005678,0.0001746668177746,0,stressed
2016-02-24,1929.800048828125,20.71999931335449,22.34000015258789,0.2209195901323316,-0.0137195969987866,0.0781853712798762,0.0044299600346319,1.962454590843629e-05,0.0001703644331529,0,stressed
2016-02-25,1951.699951171875,19.11000061035156,21.239999771118164,0.2222093045609523,-0.0311092984574367,0.1114599211269946,0.0112843667304508,0.0001273369325073,0.0001449175092569,0,stressed
2016-02-26,1948.050048828125,19.809999465942383,21.86000061035156,0.2088144783164409,-0.0107144836570171,0.1034831499078819,-0.0018718653295646,3.5038798120261886e-06,0.0001557286027145,0,stressed
2016-02-29,1932.22998046875,20.549999237060547,22.38999938964844,0.2050680403174674,0.000431952053138,0.0895377236447569,-0.0081541310915717,6.648985385853635e-05,0.0001675803446996,0,stressed
2016-03-01,1978.3499755859373,17.700000762939453,20.280000686645508,0.2049515801747805,-0.027951572545386,0.14576270127107,0.0235883854016187,0.0005564119258552,0.0001243214392889,0,stressed
2016-03-02,1986.449951171875,17.09000015258789,19.920000076293945,0.2050353070064512,-0.0341353054805723,0.1655939086271755,0.0040859498611019,1.6694986267438812e-05,0.0001159000417521,0,stressed
2016-03-03,1993.4000244140625,16.700000762939453,19.489999771118164,0.2009856738110268,-0.0339856661816322,0.167065801240576,0.0034926343203169,1.2198494495455751e-05,0.0001106706450326,0,stressed
2016-03-04,1999.989990234375,16.860000610351562,19.6299991607666,0.2008268401868914,-0.0322268340833758,0.1642940955004674,0.0033004398659416,1.0892903308697258e-05,0.0001128014367385,0,stressed
2016-03-07,2001.760009765625,17.350000381469727,19.89999961853028,0.193599725695243,-0.0200997218805458,0.1469740161956433,0.0008846228008639,7.825574998083773e-07,0.0001194533782686,0,stressed
2016-03-08,1979.260009765625,18.670000076293945,21.040000915527344,0.1905290174464546,-0.0038290166835152,0.1269416620004562,-0.0113037560560061,0.0001277749009736,0.0001383209931939,0,stressed
2016-03-09,1989.260009765625,18.34000015258789,20.75,0.1872454336588193,-0.0038454321329403,0.1314067517645054,0.0050396727828142,2.539830175783873e-05,0.0001334744466654,0,stressed
2016-03-10,1989.5699462890625,18.049999237060547,20.709999084472656,0.183592901478199,-0.0030929091075936,0.1473684188279939,0.0001557927971226,2.4271395635292e-08,0.0001292866954197,0,stressed
2016-03-11,2022.18994140625,16.5,19.46999931335449,0.1880529696948285,-0.0230529696948285,0.1799999583851205,0.0162625455888514,0.0002644703890294,0.0001080357142857,0,stressed
2016-03-14,2019.6400146484373,16.920000076293945,19.420000076293945,0.1759789923368874,-0.0067789915739479,0.1477541364496013,-0.0012617686166118,1.5920600418666017e-06,0.0001136057153102,0,stressed
2016-03-15,2015.9300537109373,16.84000015258789,19.32999992370605,0.1761480320905415,-0.0077480305646626,0.1478622178477539,-0.0018386309343179,3.3805637126309307e-06,0.0001125339702933,0,stressed
2016-03-16,2027.219970703125,14.989999771118164,18.479999542236328,0.165724793869385,-0.0158247961582033,0.2328218695401508,0.0055847278817799,3.1189185513530016e-05,8.916670362623914e-05,0,stressed
2016-03-17,2040.5899658203125,14.4399995803833,18.13999938964844,0.1660289709478546,-0.0216289751440216,0.2562326812177737,0.0065735830685963,4.321199435973625e-05,8.274348725455154e-05,0,stressed
2016-03-18,2049.580078125,14.020000457763672,17.93000030517578,0.1661419859592891,-0.0259419813816524,0.2788872838621713,0.0043959672510261,1.932452807209465e-05,7.800016382368792e-05,0,stressed
2016-03-21,2051.60009765625,13.789999961853027,17.59000015258789,0.1539676234888332,-0.016067623870303,0.2755620160439971,0.0009850919042923,9.704060599022327e-07,7.546194402694702e-05,0,stressed
2016-03-22,2049.800048828125,14.170000076293944,17.75,0.1456653234253259,-0.0039653226623864,0.2526464293881908,-0.0008777728967722,7.704852583079491e-07,7.967813577863902e-05,0,stressed
2016-03-23,2036.7099609375,14.9399995803833,18.299999237060547,0.1479752049986952,0.0014247908051377,0.2248995817301784,-0.0064065095306671,4.104336436652864e-05,8.857285216740206e-05,0,stressed
2016-03-24,2035.93994140625,14.739999771118164,18.270000457763672,0.1480134772675746,-0.0006134795563929,0.2394844465033343,-0.0003781417793768,1.4299120531026744e-07,8.621729890974744e-05,0,stressed
2016-03-28,2037.050048828125,15.239999771118164,18.299999237060547,0.1407888253832799,0.0116111723279016,0.2007873695471761,0.0005451068880723,2.971415194239302e-07,9.2165711517334e-05,2,calm
2016-03-29,2055.010009765625,13.81999969482422,17.239999771118164,0.1336795388227626,0.0045204581254795,0.2474674494801024,0.0087780120542374,7.705349562433728e-05,7.579063157338948e-05,2,calm
2016-03-30,2063.949951171875,13.5600004196167,16.920000076293945,0.1278185087273806,0.0077814954687863,0.2477875776328496,0.0043408799935662,1.8843239118543463e-05,7.296571880158931e-05,2,calm
2016-03-31,2059.739990234375,13.949999809265137,17.079999923706055,0.1219036738904627,0.0175963242021886,0.2243727711280737,-0.0020418423596207,4.169120221541475e-06,7.72232121740069e-05,2,calm
2016-04-01,2072.780029296875,13.100000381469728,16.5,0.120652238913828,0.0103477649008692,0.2595419480551813,0.0063109590665997,3.982820434029767e-05,6.809921031528056e-05,2,calm
2016-04-04,2066.1298828125,14.119999885559082,17.229999542236328,0.1216026947551832,0.0195973041004076,0.2202549349775795,-0.0032134800458546,1.03264540051058e-05,7.911682411436051e-05,2,calm
2016-04-05,2045.1700439453125,15.420000076293944,18.3799991607666,0.1215979555161314,0.032602045246808,0.1919584351379631,-0.0101962984117945,0.0001039645013023,9.435571521940684e-05,2,calm
2016-04-06,2066.659912109375,14.09000015258789,17.280000686645508,0.1164145564706491,0.0244854450552297,0.2264017387871862,0.0104527979320131,0.0001092609846074,7.878099376981221e-05,2,calm
2016-04-07,2041.9100341796875,16.15999984741211,18.86000061035156,0.1235349070579523,0.0380650914161687,0.1670792567100074,-0.0120480739700048,0.0001451560863867,0.0001036292043922,2,calm
2016-04-08,2047.5999755859373,15.359999656677246,18.31999969482422,0.120328002165527,0.0332719944012453,0.1927083401242272,0.0027827026046162,7.743433785738243e-06,9.362285295758932e-05,2,calm
2016-04-11,2041.989990234375,16.260000228881836,18.88999938964844,0.1205727593521187,0.0420272429366995,0.1617465635759996,-0.0027435458896038,7.527044048362091e-06,0.0001049157172393,2,calm
2016-04-12,2061.719970703125,14.850000381469728,17.969999313354492,0.1191100457356329,0.0293899580790642,0.2101009327769439,0.0096157538813899,9.246272270746636e-05,8.750893306732186e-05,2,calm
2016-04-13,2082.419921875,13.84000015258789,17.260000228881836,0.1033288160472283,0.0350711854786505,0.247109829377744,0.0099900697685578,9.98014939806544e-05,7.601016040620352e-05,2,calm
2016-04-14,2082.780029296875,13.720000267028809,17.239999771118164,0.1031688498551733,0.0340311528151147,0.2565597256254021,0.0001729124301324,2.989870849430105e-08,7.469778068542483e-05,2,calm
2016-04-15,2080.72998046875,13.619999885559082,17.15999984741211,0.1032630590689809,0.0329369397866098,0.2599118936562102,-0.0009847695761459,9.697711181026918e-07,7.361285590580531e-05,2,calm
2016-04-18,2094.340087890625,13.350000381469728,16.510000228881836,0.1041873661957455,0.0293126376189517,0.2367041016566785,0.0065197256137979,4.250682207921356e-05,7.072321832747694e-05,2,calm
2016-04-19,2100.800048828125,13.239999771118164,16.469999313354492,0.1042622289569227,0.0281377687542588,0.2439576735705293,0.0030797379028665,9.484785550352747e-06,6.95625372774639e-05,2,calm
2016-04-20,2102.39990234375,13.279999732971191,16.600000381469727,0.0968794984378661,0.0359204988918458,0.2500000538596199,0.0007612550492345,5.795092499850215e-07,6.998348924909323e-05,2,calm
2016-04-21,2091.47998046875,13.949999809265137,17.139999389648438,0.0986329931571896,0.0408670049354617,0.2286738081719977,-0.005207562857292,2.711871091264757e-05,7.72232121740069e-05,2,calm
2016-04-22,2091.580078125,13.220000267028809,16.639999389648438,0.0986478897788192,0.0335521128914688,0.2586988694054143,4.785857954074228e-05,2.2904436356575556e-09,6.935254248422293e-05,2,calm
2016-04-25,2087.7900390625,14.079999923706056,17.219999313354492,0.0888301195713139,0.0519698796657466,0.2230113214959409,-0.0018136896207629,3.289470040463418e-06,7.866920549665181e-05,2,calm
2016-04-26,2091.699951171875,13.960000038146973,16.920000076293945,0.0885809983842533,0.0510190019972163,0.2120343861073426,0.0018710001742369,3.500641651994625e-06,7.733396867661249e-05,2,calm
2016-04-27,2095.14990234375,13.770000457763672,16.770000457763672,0.0881276637022167,0.04957234087542,0.2178649165046736,0.0016479941117468,2.715884592352257e-06,7.524321928841736e-05,2,calm
2016-04-28,2075.81005859375,15.220000267028809,17.780000686645508,0.0922529290335089,0.0599470736367791,0.1681997618069985,-0.0092736360615616,8.600032580229705e-05,9.192397147950674e-05,2,calm
2016-04-29,2065.300048828125,15.699999809265137,18.450000762939453,0.0920844036869562,0.0649155944056951,0.1751592985403376,-0.0050759492305571,2.5765260591194e-05,9.781348968687512e-05,2,calm
2016-05-02,2081.429931640625,14.68000030517578,17.780000686645508,0.0938649115413929,0.0529350915103648,0.2111716837210657,0.0077796066972441,6.052228036380533e-05,8.551682895236549e-05,2,calm
2016-05-03,2063.3701171875,15.600000381469728,18.56999969482422,0.0975781691579758,0.0584218346567214,0.190384566713368,-0.0087144993883958,7.59424995903523e-05,9.657143329438715e-05,2,calm
2016-05-04,2051.1201171875,16.049999237060547,18.90999984741211,0.0991578157350396,0.0613421766355658,0.1781931929160236,-0.0059545827054725,3.5457055196312794e-05,0.0001022232045673,2,calm
2016-05-05,2050.6298828125,15.90999984741211,18.920000076293945,0.097276915245825,0.061823083228296,0.1891892053896805,-0.0002390366927941,5.7138540501965865e-08,0.0001004476568034,2,calm
2016-05-06,2057.139892578125,14.720000267028809,18.270000457763672,0.097627921777829,0.049572080892459,0.2411684868434734,0.0031696105535526,1.004643106119206e-05,8.598349518306676e-05,2,calm
2016-05-09,2058.68994140625,14.56999969482422,18.049999237060547,0.0976334857977039,0.0480665111505382,0.2388469193635292,0.0007532133076099,5.67330286760718e-07,8.424003615364202e-05,2,calm
2016-05-10,2084.389892578125,13.630000114440918,17.18000030517578,0.1008672291870236,0.0354327719573854,0.2604548907504157,0.0124063652360373,0.0001539178983699,7.372099330145216e-05,2,calm
2016-05-11,2064.4599609375,14.6899995803833,18.020000457763672,0.1042636182550356,0.0426363775487973,0.2266848858067484,-0.0096075228778687,9.230449584877093e-05,8.563336812367522e-05,2,calm
2016-05-12,2064.110107421875,14.40999984741211,17.75,0.1040847732258122,0.0400152252483088,0.2317834967352703,-0.0001694792679642,2.8723222269696243e-08,8.240003793746706e-05,2,calm
2016-05-13,2046.6099853515625,15.039999961853027,18.25,0.1052237955069262,0.045176204111604,0.2134308541415368,-0.0085144341617524,7.249558909481773e-05,8.976253922719802e-05,2,calm
2016-05-16,2066.659912109375,14.68000030517578,17.700000762939453,0.108880411387212,0.0379195916645457,0.2057220977508359,0.0097489763896127,9.504254064522718e-05,8.551682895236549e-05,2,calm
2016-05-17,2047.2099609375,15.56999969482422,18.43000030517578,0.1082969561883266,0.0474030407599155,0.1836866195509485,-0.0094558635521628,8.941335551712101e-05,9.620035337175648e-05,2,calm
2016-05-18,2047.6300048828125,15.949999809265137,18.540000915527344,0.1037046607585229,0.0557953373341283,0.1623825164410165,0.0002051576864012,4.2089676289525686e-08,0.0001009533706014,2,calm
2016-05-19,2040.0400390625,16.329999923706055,18.770000457763672,0.0981716951688878,0.0651283040681727,0.1494182820243311,-0.0037135945227206,1.3790784279180624e-05,0.0001058209910746,2,calm
2016-05-20,2052.320068359375,15.199999809265137,18.049999237060547,0.0994086577587428,0.0525913403339085,0.1874999647077757,0.0060014592228046,3.6017512802987246e-05,9.168253738161118e-05,2,calm
2016-05-23,2048.0400390625,15.81999969482422,18.14999961853028,0.0992650280131323,0.0589349689351098,0.1472819196367213,-0.0020876365681016,4.358226440475396e-06,9.931444061279304e-05,2,calm
2016-05-24,2076.06005859375,14.420000076293944,17.079999923706055,0.1031661278229374,0.0410338729400019,0.1844660078598108,0.0135886375339901,0.0001846510700301,8.251444531758624e-05,2,calm
2016-05-25,2090.5400390625,13.899999618530272,16.770000457763672,0.1010214545071346,0.037978541678168,0.2064748861868574,0.0069505296515834,4.830986243754072e-05,7.66706307123578e-05,2,calm
2016-05-26,2090.10009765625,13.43000030517578,16.559999465942383,0.1010261409272399,0.0332738621245178,0.2330602449473016,-0.0002104660499285,4.429595817254378e-08,7.157337626865934e-05,2,calm
2016-05-27,2099.06005859375,13.119999885559082,16.309999465942383,0.1016766740383198,0.0295233248172709,0.2431402140402812,0.0042776949394394,1.8298673994905768e-05,6.830730039566283e-05,2,calm
2016-05-31,2096.949951171875,14.1899995803833,16.6299991607666,0.0999969999948603,0.0419029958089727,0.1719520544423717,-0.0010057686205899,1.0115705181634902e-06,7.990320956003104e-05,2,calm
2016-06-01,2099.330078125,14.199999809265137,16.700000762939453,0.0996417090933176,0.0423582889993337,0.1760564075531275,0.0011343986539261,1.2868603060295495e-06,8.00158708663214e-05,2,calm
2016-06-02,2105.260009765625,13.630000114440918,16.3700008392334,0.0999608862254126,0.0363391149189965,0.2010271974898564,0.0028206961669861,7.956326866450612e-06,7.372099330145216e-05,2,calm
2016-06-03,2099.1298828125,13.470000267028809,16.489999771118164,0.0991316934343564,0.0355683092359316,0.2242018889547878,-0.0029160622366948,8.503418968277777e-06,7.20003599975223e-05,2,calm
2016-06-06,2109.409912109375,13.649999618530272,16.440000534057617,0.1000872323939598,0.0364127637913428,0.2043956771793486,0.0048853285193636,2.3866434742107576e-05,7.393749586741135e-05,2,calm
2016-06-07,2112.1298828125,14.050000190734863,16.6299991607666,0.0999262529018924,0.0405737490054562,0.1836298174382299,0.0012886156291976,1.66053023981236e-06,7.833432752367051e-05,2,calm
2016-06-08,2119.1201171875,14.079999923706056,16.790000915527344,0.1001972292102987,0.0406027700267618,0.1924716623938714,0.0033041019719547,1.0917089841075093e-05,7.866920549665181e-05,2,calm
2016-06-09,2115.47998046875,14.640000343322754,17.31999969482422,0.100317946292154,0.0460820571410734,0.1830600607003265,-0.0017192355978938,2.955771041065278e-06,8.505143256051204e-05,2,calm
2016-06-10,2096.070068359375,17.030000686645508,18.940000534057617,0.1002714353264623,0.0700285715399927,0.1121550070699575,-0.0092175324101661,8.496290373246281e-05,0.0001150876680107,2,calm
2016-06-13,2079.06005859375,20.96999931335449,21.8700008392334,0.1020880511384783,0.1076119419950665,0.0429185291058047,-0.0081482987897094,6.639477316638095e-05,0.0001745003457151,2,calm
2016-06-14,2075.320068359375,20.5,21.940000534057617,0.0996719205813082,0.1053280794186917,0.0702439284906154,-0.0018005050719719,3.2418185141965502e-06,0.0001667658730158,2,calm
2016-06-15,2071.5,20.13999938964844,21.809999465942383,0.0964473874560833,0.104952606440401,0.0829195693596837,-0.0018424090638101,3.39447115840996e-06,0.0001609601489742,2,calm
2016-06-16,2077.989990234375,19.3700008392334,21.15999984741211,0.0950496239241592,0.0986503844681747,0.0924108895521118,0.0031280931110455,9.784966511370767e-06,0.0001488876716317,2,calm
2016-06-17,2071.219970703125,19.40999984741211,21.309999465942383,0.0956379823997015,0.0984620160744195,0.0978876678756695,-0.0032632841446089,1.0649023408455984e-05,0.0001495032119351,2,calm
2016-06-20,2083.25,18.3700008392334,19.809999465942383,0.0966106126813837,0.0870893957109502,0.0783885988526213,0.0057913827784231,3.354011448621568e-05,0.0001339114804894,2,calm
2016-06-21,2088.89990234375,18.479999542236328,19.690000534057617,0.0968350636817895,0.0879649317405737,0.0654762457680701,0.0027083906042097,7.335379664971399e-06,0.0001355199932861,2,calm
2016-06-22,2085.449951171875,21.170000076293945,21.07999992370605,0.0901369689623304,0.121563031800609,-0.0042513062004508,-0.0016529289965758,2.7321742677212462e-06,0.0001778448028691,2,calm
2016-06-23,2113.320068359375,17.25,18.420000076293945,0.0932503928064656,0.0792496071935343,0.0678260913793591,0.0132755670719551,0.0001762406810819,0.0001180803571428,2,calm
2016-06-24,2037.4100341796875,25.76000022888184,23.93000030517578,0.1429436058950371,0.1146563963937812,-0.0710403690778807,-0.0365807928055826,0.0013381544022849,0.0002633244491238,0,stressed
2016-06-27,2000.5400390625,23.850000381469727,23.68000030517578,0.1503328002025823,0.0881672036121149,-0.007127885684481,-0.0182622465117027,0.0003335096476541,0.0002257232215063,0,stressed
2016-06-28,2036.0899658203125,18.75,20.26000022888184,0.1567032604356887,0.0307967395643112,0.0805333455403647,0.0176141216040879,0.0003102572798835,0.0001395089285714,0,stressed
2016-06-29,2070.77001953125,16.639999389648438,18.729999542236328,0.1621235215537029,0.0042764723427814,0.1256009753154232,0.0168892429712539,0.000285246528142,0.0001098768173363,0,stressed
2016-06-30,2098.860107421875,15.630000114440918,18.09000015258789,0.1665000940634542,-0.010200092919045,0.1573896366049365,0.0134738631494661,0.0001815449881705,9.694321570532662e-05,0,stressed
2016-07-01,2102.949951171875,14.770000457763672,17.649999618530273,0.1659670584135291,-0.0182670538358924,0.194989781415529,0.001946706293032,3.789665391330478e-06,8.656861647711868e-05,0,stressed
2016-07-05,2088.550048828125,15.579999923706056,18.239999771118164,0.166795751582838,-0.0109957523457774,0.1707316983593005,-0.0068710289855987,4.721103932093777e-05,9.632396731058758e-05,0,stressed
2016-07-06,2099.72998046875,14.960000038146973,17.739999771118164,0.1671507151875055,-0.0175507148060357,0.1858288586819775,0.0053386870582759,2.8501579506203218e-05,8.881015918307834e-05,0,stressed
2016-07-07,2097.89990234375,14.760000228881836,17.760000228881836,0.1627564132303683,-0.0151564109415499,0.2032520293685164,-0.000871957886733,7.603105562358808e-07,8.645143125261581e-05,0,stressed
2016-07-08,2129.89990234375,13.199999809265137,16.489999771118164,0.1673085809645524,-0.035308582871901,0.2492424249539581,0.0151381865659924,0.0002291646925067,6.914285514468241e-05,0,stressed
2016-07-11,2137.159912109375,13.539999961853027,16.489999771118164,0.167480058341013,-0.0320800587224827,0.217872955507853,0.0034028193119982,1.1579179270108165e-05,7.275063451070634e-05,0,stressed
2016-07-12,2152.139892578125,13.550000190734863,16.170000076293945,0.1681590617143692,-0.0326590598070206,0.1933579224117332,0.0069848423073457,4.878802205848666e-05,7.285813697179159e-05,0,stressed
2016-07-13,2152.429931640625,13.039999961853027,15.970000267028809,0.16808319582732,-0.0376831962087897,0.2246932755941065,0.0001347586749817,1.815990048282449e-08,6.74768250020345e-05,0,stressed
2016-07-14,2163.75,12.81999969482422,15.859999656677246,0.16856091870156,-0.0403609217533177,0.2371294878486116,0.0052454228016969,2.7514460368562795e-05,6.521920324416394e-05,0,stressed
2016-07-15,2161.739990234375,12.670000076293944,15.989999771118164,0.168560788207014,-0.0418607874440745,0.2620362805708318,-0.0009293790598711,8.63745436926971e-07,6.370194521162245e-05,0,stressed
2016-07-18,2166.889892578125,12.4399995803833,15.770000457763672,0.1682221958864498,-0.0438222000826168,0.2676849670181233,0.0023794618218687,5.661838561730887e-06,6.141015458727647e-05,0,stressed
2016-07-19,2163.780029296875,11.970000267028809,15.739999771118164,0.1679702676047247,-0.0482702649344366,0.3149540033406485,-0.0014362045004153,2.062683367013409e-06,5.685750253677372e-05,0,stressed
2016-07-20,2173.02001953125,11.770000457763672,15.4399995803833,0.168258682168593,-0.0505586775909563,0.3118095989706476,0.0042612083157639,1.815789631033619e-05,5.497337729196708e-05,0,stressed
2016-07-21,2165.169921875,12.739999771118164,16.100000381469727,0.1686120892651001,-0.0412120915539185,0.2637363163827327,-0.0036190698565249,1.3097666626407707e-05,6.440777546352812e-05,0,stressed
2016-07-22,2175.030029296875,12.020000457763672,15.800000190734863,0.1688028061719652,-0.0486028015943285,0.3144758393523774,0.0045436267895102,2.0644544402355167e-05,5.733349643041225e-05,0,stressed
2016-07-25,2168.47998046875,12.869999885559082,16.270000457763672,0.1665060367960312,-0.0378060379404403,0.2641803109897146,-0.0030160187399297,9.09636903960714e-06,6.572892740249636e-05,0,stressed
2016-07-26,2169.179931640625,13.050000190734863,16.31999969482422,0.1641973435347082,-0.0336973416273596,0.2505746709805387,0.0003227321607194,1.0415604756262085e-07,6.75803591183254e-05,0,stressed
2016-07-27,2166.580078125,12.829999923706056,16.100000381469727,0.1641042672099586,-0.035804267972898,0.2548714323623395,-0.0011992609468086,1.4382268185403487e-06,6.532099128662596e-05,0,stressed
2016-07-28,2170.06005859375,12.720000267028809,16.0,0.1638099840290616,-0.0366099813587735,0.2578616088140498,0.0016049204480924,2.5757696447052803e-06,6.420571698143371e-05,0,stressed
2016-07-29,2173.60009765625,11.869999885559082,15.420000076293944,0.1637420535520115,-0.0450420546964206,0.2990733129706054,0.0016299801176578,2.656835183959947e-06,5.591146717586216e-05,0,stressed
2016-08-01,2170.840087890625,12.4399995803833,15.699999809265137,0.163339749139571,-0.038939753335738,0.2620579050519058,-0.001270594147491,1.6144094876385298e-06,6.141015458727647e-05,0,stressed
2016-08-02,2157.030029296875,13.369999885559082,16.389999389648438,0.1644101704991661,-0.0307101716435753,0.2258787980507952,-0.0063819408126676,4.072916853639327e-05,7.093527656343247e-05,0,stressed
2016-08-03,2163.7900390625,12.859999656677246,16.079999923706055,0.1644491091531174,-0.0358491125863449,0.2503888299372466,0.003129042716071,9.790908318997588e-06,6.562682189275352e-05,0,stressed
2016-08-04,2164.25,12.420000076293944,15.710000038146973,0.1642592049692747,-0.0400592042063352,0.2648953254140998,0.000212549299489,4.5177204713301626e-08,6.121285789489745e-05,0,stressed
2016-08-05,2182.8701171875,11.390000343322754,15.140000343322754,0.1618087998140734,-0.0479087963808459,0.3292361621567808,0.00856669728938,7.338830244787166e-05,5.148099516702081e-05,0,stressed
2016-08-08,2180.889892578125,11.5,15.15999984741211,0.1162900156023521,-0.0012900156023521,0.3182608562967051,-0.0009075772915415,8.236965401219857e-07,5.2480158730158736e-05,2,calm
2016-08-09,2181.739990234375,11.65999984741211,15.109999656677246,0.0989469354536503,0.0176530630204707,0.2958833494351074,0.0003897179865559,1.5188010904524882e-07,5.395063350859144e-05,2,calm
2016-08-10,2175.489990234375,12.050000190734863,15.40999984741211,0.089851563746669,0.0306484381606795,0.2788381413687212,-0.0028687970634882,8.229996591479006e-06,5.762004150663105e-05,2,calm
2016-08-11,2185.7900390625,11.68000030517578,15.300000190734863,0.0788183578222732,0.0379816452294845,0.3099314889533818,0.0047234151024436,2.2310650229992698e-05,5.413587584480409e-05,2,calm
2016-08-12,2184.050048828125,11.550000190734863,15.260000228881836,0.0709096439623707,0.0445903579449779,0.3212121192104435,-0.000796363386914,6.341946440172288e-07,5.293750174840293e-05,2,calm
2016-08-15,2190.14990234375,11.8100004196167,15.380000114440918,0.071015635273179,0.0470843689229879,0.3022861615562995,0.0027890162945217,7.778611891107956e-06,5.534766266323278e-05,2,calm
2016-08-16,2178.14990234375,12.640000343322754,16.020000457763672,0.0697303283309015,0.056669675102326,0.2674050650818572,-0.0054941422164782,3.018559869488828e-05,6.340063836476166e-05,2,calm
2016-08-17,2182.219970703125,12.1899995803833,15.520000457763672,0.0687453847710489,0.053154611032784,0.2731748147669471,0.0018668460061555,3.485114010698988e-06,5.896670228958137e-05,2,calm
2016-08-18,2187.02001953125,11.43000030517578,15.15999984741211,0.0684837968994117,0.045816206152346,0.326334159461684,0.0021972016963824,4.827695294585793e-06,5.18432170540946e-05,2,calm
2016-08-19,2183.8701171875,11.34000015258789,15.130000114440918,0.0551061139071554,0.0582938876187235,0.3342151596874639,-0.0014413095687681,2.0773732730227358e-06,5.103000137329103e-05,2,calm
2016-08-22,2182.639892578125,12.270000457763672,15.5,0.0546970225184915,0.0680029820591451,0.2632436366530525,-0.0005634818833231,3.1751183283335614e-07,5.97432187434606e-05,2,calm
2016-08-23,2186.89990234375,12.380000114440918,15.420000076293944,0.0515259960319967,0.0722740051124124,0.2455573452141533,0.0019498671783617,3.8019820132523456e-06,6.08192074736338e-05,2,calm
2016-08-24,2175.43994140625,13.449999809265137,16.0,0.0541872334803308,0.0803127646123205,0.1895910949365423,-0.0052540552596718,2.760509667168568e-05,7.17867043131874e-05,2,calm
2016-08-25,2172.469970703125,13.630000114440918,16.1299991607666,0.0523588555054131,0.083941145638996,0.183418857324656,-0.0013661603966454,1.8663942293624667e-06,7.372099330145216e-05,2,calm
2016-08-26,2169.0400390625,13.649999618530272,16.239999771118164,0.0525074484423572,0.0839925477429455,0.1897436062248596,-0.0015800642387132,2.4966029984605738e-06,7.393749586741135e-05,2,calm
2016-08-29,2180.3798828125,12.9399995803833,15.93000030517578,0.0541871025880277,0.0752128932158052,0.2310665240921059,0.0052144284286743,2.71902638377672e-05,6.644586870647621e-05,2,calm
2016-08-30,2176.1201171875,13.119999885559082,16.030000686645508,0.0543446361722198,0.076855362683371,0.2217988434808909,-0.0019555914071227,3.824337751612447e-06,6.830730039566283e-05,2,calm
2016-08-31,2170.949951171875,13.420000076293944,16.139999389648438,0.0534212083879474,0.080778792374992,0.2026825110201971,-0.0023786911055626,5.658171375682655e-06,7.146682620941646e-05,2,calm
2016-09-01,2170.860107421875,13.479999542236328,16.309999465942383,0.0523287108912897,0.0824712845310735,0.2099406542885207,-4.138538941144249e-05,1.712750456736736e-09,7.2107296689957e-05,2,calm
2016-09-02,2179.97998046875,11.979999542236328,15.649999618530272,0.0520780015535636,0.0677219938687996,0.3063439245848968,0.0041922415990346,1.7574889624676326e-05,5.695253533015184e-05,2,calm
2016-09-06,2186.47998046875,12.020000457763672,15.5600004196167,0.0518825798085773,0.0683174247690593,0.2945091370247457,0.0029772423700053,8.863972129755068e-06,5.733349643041225e-05,2,calm
2016-09-07,2186.159912109375,11.9399995803833,15.489999771118164,0.0518966866286737,0.0675033091751592,0.2973199594217155,-0.0001463959382934,2.1431770748819896e-08,5.657285316648944e-05,2,calm
2016-09-08,2181.300048828125,12.510000228881836,15.8100004196167,0.0522315709450089,0.0728684313438093,0.2637889792452724,-0.0022254881924702,4.952797694824671e-06,6.210321655818394e-05,2,calm
2016-09-09,2127.81005859375,17.5,18.82999992370605,0.089238502167227,0.0857614978327729,0.0759999956403457,-0.0248277424108364,0.0006164167932188,0.0001215277777777,2,calm
2016-09-12,2159.0400390625,15.15999984741211,17.270000457763672,0.0994187753383238,0.0521812231357972,0.1391820997090412,0.0145703872334344,0.0002122961841322,9.120063308473616e-05,2,calm
2016-09-13,2127.02001953125,17.850000381469727,19.049999237060547,0.108179080981182,0.0703209228335152,0.0672268252070488,-0.0149417482782108,0.0002232558416094,0.0001264375054041,2,calm
2016-09-14,2125.77001953125,18.13999938964844,19.350000381469727,0.1068200266683767,0.0745799672281077,0.0667034747813591,-0.0005878493998128,3.4556691686031133e-07,0.000130579197562,2,calm
2016-09-15,2147.260009765625,16.299999237060547,18.190000534057617,0.1106765409006746,0.0523234514699308,0.1159510052429857,0.0100585164494398,0.0001011737531636,0.0001054325298127,2,calm
2016-09-16,2139.159912109375,15.369999885559082,17.8799991607666,0.1111336010288982,0.0425663978266925,0.1633050939425051,-0.0037794277955721,1.4284074461942984e-05,9.374480019130406e-05,2,calm
2016-09-19,2139.1201171875,15.529999732971191,17.780000686645508,0.1078592436249988,0.0474407537047131,0.1448809396240631,-1.8603233824686035e-05,3.4608030873594254e-10,9.570670305797036e-05,2,calm
2016-09-20,2139.760009765625,15.920000076293944,17.989999771118164,0.1078933134569356,0.0513066873060037,0.1300251058356842,0.0002990934842341,8.945691231134033e-08,0.0001005739692179,2,calm
2016-09-21,2163.1201171875,13.300000190734863,16.65999984741211,0.1129063519319005,0.020093649975448,0.2526315495106467,0.0108580003336359,0.0001178961712452,7.01944464577569e-05,2,calm
2016-09-22,2177.179931640625,12.020000457763672,15.9399995803833,0.1142898693655491,0.0059101352120875,0.3261230427065181,0.0064787519176421,4.197422641035147e-05,5.733349643041225e-05,2,calm
2016-09-23,2164.68994140625,12.289999961853027,16.049999237060547,0.1145812076304582,0.008318791988072,0.3059397304213339,-0.0057532929597187,3.3100379880349635e-05,5.9938134548550565e-05,2,calm
2016-09-26,2146.10009765625,14.5,17.280000686645508,0.1170811916649943,0.0279188083350056,0.1917241852858971,-0.008624850117916,7.438803955651645e-05,8.343253968253968e-05,2,calm
2016-09-27,2159.929931640625,13.100000381469728,16.450000762939453,0.1184569064436771,0.01254309737102,0.2557252125128471,0.0064234951652981,4.1261290138608245e-05,6.809921031528056e-05,2,calm
2016-09-28,2171.3701171875,12.390000343322754,16.010000228881836,0.1185973396821528,0.0053026637510747,0.2921710883979095,0.0052825766036424,2.7905615573350687e-05,6.0917503376007137e-05,2,calm
2016-09-29,2151.1298828125,14.020000457763672,16.8700008392334,0.1214098395662948,0.0187901650113418,0.2032810476758236,-0.0093651277300811,8.77056174007358e-05,7.800016382368792e-05,2,calm
2016-09-30,2168.27001953125,13.289999961853027,16.3700008392334,0.123628053249445,0.0092719463690851,0.2317532645764527,0.0079363925880277,6.298632731130101e-05,7.008892816906884e-05,2,calm
2016-10-03,2161.199951171875,13.56999969482422,16.399999618530273,0.123888940195653,0.0118110567525892,0.2085482673065536,-0.0032660231815271,1.0666907422272543e-05,7.307336972917834e-05,2,calm
2016-10-04,2150.489990234375,13.630000114440918,16.469999313354492,0.1246110984409815,0.0116889027034276,0.2083638426315645,-0.004967881786362,2.4679849443267315e-05,7.372099330145216e-05,2,calm
2016-10-05,2159.72998046875,12.989999771118164,16.219999313354492,0.1251924065120042,0.0047075911991774,0.2486527789952604,0.0042874862311969,1.8382538182703803e-05,6.696035478319442e-05,2,calm
2016-10-06,2160.77001953125,12.84000015258789,16.06999969482422,0.1243675373570229,0.0040324641688559,0.2515575937579194,0.0004814438526045,2.3178818321066595e-07,6.542285869780042e-05,2,calm
2016-10-07,2153.739990234375,13.479999542236328,16.440000534057617,0.1246390440550611,0.0101609513673021,0.2195846507670003,-0.0032587874416142,1.061969558962245e-05,7.2107296689957e-05,2,calm
2016-10-10,2163.659912109375,13.380000114440918,15.949999809265137,0.1253659740514464,0.0084340270929627,0.1920777035009469,0.0045953303173243,2.111706072532065e-05,7.104142978668213e-05,2,calm
2016-10-11,2136.72998046875,15.359999656677246,16.940000534057617,0.1293320869450392,0.0242679096217332,0.1028646427536551,-0.0125245776977559,0.0001568650465071,9.362285295758932e-05,2,calm
2016-10-12,2139.179931640625,15.90999984741211,17.020000457763672,0.1293774161427003,0.0297225823314207,0.0697674808923466,0.0011459322063988,1.3131606216620689e-06,0.0001004476568034,2,calm
2016-10-13,2132.550048828125,16.690000534057617,17.59000015258789,0.1294825415041573,0.0374174638364188,0.0539244811103351,-0.0031040764122339,9.635290372987464e-06,0.0001105381419947,2,calm
2016-10-14,2132.97998046875,16.1200008392334,17.420000076293945,0.1294934810998498,0.0317065272924841,0.0806451097630569,0.0002015841591211,4.0636173208581406e-08,0.0001031168361336,2,calm
2016-10-17,2126.5,16.209999084472656,17.469999313354492,0.1288694892736486,0.0332305015710779,0.0777298149318696,-0.0030426181118402,9.257524974498404e-06,0.0001042714564756,2,calm
2016-10-18,2139.60009765625,15.279999732971191,16.920000076293945,0.1300027237870777,0.0227972735426342,0.1073298672763691,0.0061415056056986,3.77180911048277e-05,9.265015549190465e-05,2,calm
2016-10-19,2144.2900390625,14.40999984741211,16.459999084472656,0.1302686911680747,0.0138313073060463,0.142262266396117,0.0021895721553504,4.794226223486233e-06,8.240003793746706e-05,2,calm
2016-10-20,2141.340087890625,13.75,16.229999542236328,0.1302023924413126,0.0072976075586873,0.1803636030717329,-0.0013766711313809,1.8952234039777195e-06,7.50248015873016e-05,2,calm
2016-10-21,2141.159912109375,13.34000015258789,16.040000915527344,0.1080923839643966,0.0253076175614822,0.2023988554764496,-8.414514015477906e-05,7.080404611667412e-09,7.061730320279563e-05,2,calm
2016-10-24,2151.330078125,13.020000457763672,15.609999656677246,0.1002094125925435,0.0299905919850931,0.1989246626615276,0.0047385946474273,2.245427923262728e-05,6.727000473022469e-05,2,calm
2016-10-25,2143.159912109375,13.460000038146973,15.8100004196167,0.0906359262876524,0.0439640740938172,0.1745914097183947,-0.0038049574647063,1.4477701308224642e-05,7.18934924709986e-05,2,calm
2016-10-26,2139.429931640625,14.239999771118164,16.25,0.090790437791289,0.0516095599198925,0.1411517037351753,-0.0017419279211872,3.034312882611668e-06,8.046729900057355e-05,2,calm
2016-10-27,2133.0400390625,15.359999656677246,16.93000030517578,0.08625881602659,0.0673411805401824,0.102213586171275,-0.0029911959060088,8.947252948124205e-06,9.362285295758932e-05,2,calm
2016-10-28,2126.409912109375,16.190000534057617,17.3700008392334,0.0860413432629193,0.0758586620776568,0.0728845130482552,-0.003113140139625,9.6916415289448e-06,0.000104014332259,2,calm
2016-10-31,2126.14990234375,17.059999465942383,17.850000381469727,0.0860399761949539,0.0845600184644699,0.0463072063457245,-0.0001222838841985,1.4953348334685316e-08,0.0001154934848325,2,calm
2016-11-01,2111.719970703125,18.559999465942383,18.739999771118164,0.0881215554852337,0.0974784391741901,0.0096982925837946,-0.006810019108735,4.6376360261336914e-05,0.0001366958651491,2,calm
2016-11-02,2097.93994140625,19.31999969482422,19.18000030517578,0.0830219120230946,0.1101780849251475,-0.0072463453343605,-0.006546884453454,4.2861696046877696e-05,0.0001481199953206,2,calm
2016-11-03,2088.659912109375,22.07999992370605,20.700000762939453,0.0804411535200877,0.1403588457169727,-0.0624999622071995,-0.0044332130226093,1.965337770383356e-05,0.0001934628558058,2,calm
2016-11-04,2085.179931640625,22.51000022888184,21.1299991607666,0.0793770846255933,0.1457229176632251,-0.0613061330112562,-0.0016675202716929,2.7806238565069656e-06,0.0002010714723429,2,calm
2016-11-07,2131.52001953125,18.709999084472656,18.14999961853028,0.1012161808310373,0.0858838100136892,-0.0299304913599445,0.0219801997294649,0.0004831291801471,0.0001389143118019,2,calm
2016-11-08,2139.56005859375,18.739999771118164,18.100000381469727,0.0999839596282867,0.0874160380828949,-0.0341515153396531,0.0037648783971575,1.4174309345383456e-05,0.0001393601553259,2,calm
2016-11-09,2163.260009765625,14.380000114440918,16.280000686645508,0.1040710588695732,0.0397289422748359,0.132127994233918,0.011016119879656,0.0001213548972029,8.205730289338129e-05,2,calm
2016-11-10,2167.47998046875,14.739999771118164,16.75,0.1004445404226584,0.0469554572885232,0.136363654009023,0.0019488457160953,3.797999625143377e-06,8.621729890974744e-05,2,calm
2016-11-11,2164.449951171875,14.170000076293944,16.489999771118164,0.0978493152750782,0.0438506854878612,0.1637261596565212,-0.0013989283477976,1.9570005222717392e-06,7.967813577863902e-05,2,calm
2016-11-14,2164.199951171875,14.479999542236328,16.700000762939453,0.0973768761194716,0.0474231193028915,0.1533150062765998,-0.0001155094571832,1.3342434698766067e-08,8.320253442189056e-05,2,calm
2016-11-15,2180.389892578125,13.369999885559082,15.75,0.0984672960956431,0.0352327027599476,0.1780104812874047,0.0074529550220894,5.5546538561288495e-05,7.093527656343247e-05,2,calm
2016-11-16,2176.93994140625,13.720000267028809,16.06999969482422,0.0979532479754623,0.0392467546948257,0.1712827537943134,-0.0015835165223759,2.507524576637634e-06,7.469778068542483e-05,2,calm
2016-11-17,2187.1201171875,13.350000381469728,15.640000343322754,0.0987808692340018,0.0347191345806954,0.1715355727653481,0.0046654693611979,2.1766604360276347e-05,7.072321832747694e-05,2,calm
2016-11-18,2181.89990234375,12.850000381469728,15.520000457763672,0.0985326271003484,0.0299673767143488,0.2077821009362927,-0.0023896513655484,5.710433648867524e-06,6.552480547768736e-05,2,calm
2016-11-21,2198.179931640625,12.420000076293944,15.31999969482422,0.099908333426338,0.0242916673366013,0.2334943317806822,0.0074337020708738,5.525992647851455e-05,6.121285789489745e-05,2,calm
2016-11-22,2202.93994140625,12.40999984741211,15.350000381469728,0.0919894746112399,0.0321105238628811,0.2369057671399331,0.002163091103593,4.678963122443391e-06,6.111432389395579e-05,2,calm
2016-11-23,2204.719970703125,12.43000030517578,15.43000030517578,0.0919905850214719,0.0323094180302858,0.2413515628596418,0.0008076981569088,6.52376312673874e-07,6.131147126455158e-05,2,calm
2016-11-25,2213.35009765625,12.34000015258789,15.510000228881836,0.09151155450369,0.0318884470221888,0.2568881715636889,0.0039067456134237,1.5262661288005387e-05,6.042682689121792e-05,2,calm
2016-11-28,2201.719970703125,13.149999618530272,16.020000457763672,0.0934043816506172,0.0380956145346855,0.2182510207216393,-0.0052683892547352,2.7755925339409488e-05,6.862003570132791e-05,2,calm
2016-11-29,2204.659912109375,12.899999618530272,15.899999618530272,0.0925928165320567,0.036407179653246,0.2325581464119296,0.0013344023532619,1.7806296403908992e-06,6.603571038019095e-05,2,calm
2016-11-30,2198.81005859375,13.329999923706056,16.100000381469727,0.0920248530804872,0.0412751461565733,0.2078019860178322,-0.0026569305551563,7.059279974923661e-06,7.051146744682677e-05,2,calm
2016-12-01,2191.080078125,14.06999969482422,16.670000076293945,0.0928200161359825,0.0478799808122597,0.1847903651644114,-0.0035217229667638,1.2402532654631712e-05,7.855749659220383e-05,2,calm
2016-12-02,2191.949951171875,14.119999885559082,16.780000686645508,0.092614067684392,0.0485859311711987,0.1883853273828198,0.0003969277200846,1.575516149715775e-07,7.911682411436051e-05,2,calm
2016-12-05,2204.7099609375,12.140000343322754,15.770000457763672,0.0937034650501183,0.0276965383831091,0.2990115330958365,0.0058044269267436,3.3691371947906976e-05,5.848397156185579e-05,2,calm
2016-12-06,2212.22998046875,11.789999961853027,15.479999542236328,0.0933169447533298,0.0245830548652004,0.3129770646583908,0.0034050844688746,1.159460024017108e-05,5.516035678591048e-05,2,calm
2016-12-07,2241.35009765625,12.220000267028809,15.479999542236328,0.0985533506471215,0.0236466520231665,0.2667757122725629,0.0130773587447233,0.0001710173117381,5.925730417705721e-05,2,calm
2016-12-08,2246.18994140625,12.640000343322754,15.720000267028809,0.0980879194708768,0.0283120839623507,0.2436708734215426,0.0021570150168711,4.652713783007437e-06,6.340063836476166e-05,2,calm
2016-12-09,2259.530029296875,11.75,15.220000267028809,0.0978455110684666,0.0196544889315333,0.2953191716620262,0.0059214185329697,3.506319744259721e-05,5.4786706349206346e-05,2,calm
2016-12-12,2256.9599609375,12.640000343322754,15.729999542236328,0.0971274321473801,0.0292725712858474,0.2444619552993847,-0.0011380822905995,1.295231300176241e-06,6.340063836476166e-05,2,calm
2016-12-13,2271.719970703125,12.720000267028809,15.699999809265137,0.09777955280323,0.0294204498670579,0.2342766886539074,0.0065184832012369,4.249062324480884e-05,6.420571698143371e-05,2,calm
2016-12-14,2253.280029296875,13.1899995803833,15.869999885559082,0.0989240899217949,0.0329759058820381,0.2031842600784905,-0.0081502954618586,6.642731611559314e-05,6.903813052798084e-05,2,calm
2016-12-15,2262.030029296875,12.789999961853027,15.75,0.0955029838751432,0.032397015743387,0.2314308089894728,0.0038757076875535,1.502111007936186e-05,6.491432500960335e-05,2,calm
2016-12-16,2258.070068359375,12.199999809265137,15.56999969482422,0.0941151994199759,0.0278847986726754,0.2762295031348918,-0.0017521567509802,3.070053280005636e-06,5.90634902166942e-05,2,calm
2016-12-19,2262.530029296875,11.710000038146973,15.3100004196167,0.0932685251656794,0.0238314752157902,0.3074295789703005,0.0019731727152112,3.893410564054171e-06,5.441432575135004e-05,2,calm
2016-12-20,2270.760009765625,11.449999809265137,15.140000343322754,0.0733861830515853,0.0411138150410659,0.3222707943690736,0.0036309124011527,1.3183524864844863e-05,5.202479985403637e-05,2,calm
2016-12-21,2265.179931640625,11.270000457763672,15.09000015258789,0.0743770611538844,0.0383229434237522,0.3389529316471943,-0.0024603857246776,6.053497914197647e-06,5.040194853888626e-05,2,calm
2016-12-22,2260.9599609375,11.43000030517578,15.289999961853027,0.069894981903076,0.0444050211486817,0.3377077474730554,-0.0018647112223965,3.477147942931466e-06,5.18432170540946e-05,2,calm
2016-12-23,2263.7900390625,11.4399995803833,15.25,0.0698829129429002,0.0445170828609327,0.3330420069376474,0.0012509325350792,1.5648322073197637e-06,5.193396444411511e-05,2,calm
2016-12-27,2268.8798828125,11.989999771118164,15.359999656677246,0.0693887678256468,0.0505112298855348,0.2810675521176263,0.0022458489045486,5.043837302062303e-06,5.704765655214826e-05,2,calm
2016-12-28,2249.919921875,12.949999809265137,15.93000030517578,0.0750511969761958,0.0544488011164555,0.2301158717993638,-0.0083916407097715,7.04196338018946e-05,6.654860915078059e-05,2,calm
2016-12-29,2249.260009765625,13.369999885559082,16.15999984741211,0.0728538347358409,0.0608461641197498,0.2086761395463063,-0.0002933477318683,8.605289179231884e-08,7.093527656343247e-05,2,calm
2016-12-30,2238.830078125,14.039999961853027,16.540000915527344,0.0743376962756728,0.0660623033428574,0.1780627464719993,-0.0046478346968542,2.160236736928209e-05,7.822285671779088e-05,2,calm
2017-01-03,2257.830078125,12.850000381469728,15.5600004196167,0.0767587203522074,0.0517412834624898,0.210894938342174,0.0084507667531571,7.14154587162656e-05,6.552480547768736e-05,2,calm
2017-01-04,2270.75,11.850000381469728,14.84000015258789,0.0771815313042536,0.0413184725104436,0.2523206476679724,0.0057059637705494,3.2558022550822763e-05,5.572321787334632e-05,2,calm
2017-01-05,2269.0,11.670000076293944,14.699999809265137,0.0751809784731888,0.0415190222897506,0.2596400782486913,-0.0007709676024811,5.943910440755861e-07,5.404321499234152e-05,2,calm
2017-01-06,2276.97998046875,11.31999969482422,14.5600004196167,0.0754542490098199,0.0377457479384222,0.2862191530158685,0.003510789180579,1.2325640670470985e-05,5.085015598842081e-05,2,calm
2017-01-09,2268.89990234375,11.5600004196167,14.630000114440918,0.0766519515904837,0.0389480526056832,0.2655708982168023,-0.0035549054715596,1.263735291172459e-05,5.302921019902312e-05,2,calm
2017-01-10,2268.89990234375,11.489999771118164,14.65999984741211,0.0761801523904367,0.0387198453207449,0.2758920922054512,0.0,0.0,5.238892648424424e-05,2,calm
2017-01-11,2275.320068359375,11.260000228881836,14.470000267028809,0.0741377180659052,0.0384622842229131,0.2850799265450582,0.0028256423891019,7.984254911089783e-06,5.031254172794405e-05,2,calm
2017-01-12,2270.43994140625,11.539999961853027,14.579999923706056,0.0747248024618506,0.0406751971566796,0.2634315400261824,-0.0021471123937296,4.610091631307326e-06,5.284587266649519e-05,2,calm
2017-01-13,2274.639892578125,11.229999542236328,14.539999961853027,0.073956237497837,0.0383437579245262,0.2947462648745175,0.0018481313951466,3.4155896537267246e-06,5.004479750739212e-05,2,calm
2017-01-17,2267.889892578125,11.869999885559082,14.890000343322754,0.0736723421305857,0.045027656725005,0.2544229559292391,-0.0029719144562184,8.832275535080178e-06,5.591146717586216e-05,2,calm
2017-01-18,2271.889892578125,12.479999542236328,14.9399995803833,0.0736575741505632,0.0511424212718,0.1971153949021826,0.0017622004698093,3.105350495796189e-06,6.180570975167419e-05,2,calm
2017-01-19,2263.68994140625,12.779999732971191,15.020000457763672,0.0735938862344831,0.0542061110952287,0.1752739257899583,-0.0036158376243193,1.3074281725443576e-05,6.481285443442213e-05,2,calm
2017-01-20,2271.31005859375,11.539999961853027,14.489999771118164,0.0735807302601182,0.0418192693584119,0.2556325666392327,0.0033605840612999,1.1293525233063216e-05,5.284587266649519e-05,2,calm
2017-01-23,2265.199951171875,11.770000457763672,14.539999961853027,0.0644968787876001,0.0532031257900366,0.2353440438706373,-0.0026937496460698,7.256287155701253e-06,5.497337729196708e-05,2,calm
2017-01-24,2280.070068359375,11.06999969482422,13.869999885559082,0.0667755733914074,0.0439244235568347,0.2529358868947396,0.0065431405289623,4.281268798174927e-05,4.86289258902414e-05,2,calm
2017-01-25,2298.3701171875,10.8100004196167,13.609999656677246,0.0684863622510084,0.0396136419451585,0.2590193458253195,0.0079940527959686,6.390488010473469e-05,4.637147185401319e-05,2,calm
2017-01-26,2296.679931640625,10.630000114440918,13.630000114440918,0.0684091309713975,0.0378908701730116,0.2822201286643903,-0.0007356549352631,5.411881837769608e-07,4.4840040648021405e-05,2,calm
2017-01-27,2294.68994140625,10.579999923706056,13.68000030517578,0.0661509730930649,0.0396490261439956,0.2930057092461516,-0.0008668394897415,7.514107009754647e-07,4.441920570857943e-05,2,calm
2017-01-30,2280.89990234375,11.880000114440918,14.40999984741211,0.0640372133038802,0.0547627878405288,0.2129629384343028,-0.0060276734960966,3.633284777554606e-05,5.6005715364728666e-05,2,calm
2017-01-31,2278.8701171875,11.989999771118164,14.479999542236328,0.0632786081447319,0.0566213895664496,0.2076730457590285,-0.0008903016080325,7.926369532653359e-07,5.704765655214826e-05,2,calm
2017-02-01,2279.550048828125,11.8100004196167,14.289999961853027,0.0629940436673656,0.0551059605288013,0.2099914863776794,0.0002983189881162,8.899421867072696e-08,5.534766266323278e-05,2,calm
2017-02-02,2280.85009765625,11.93000030517578,14.59000015258789,0.0628041942472397,0.056495808804518,0.2229672908103851,0.000570146838691,3.250674176693568e-07,5.647813781011674e-05,2,calm
2017-02-03,2297.419921875,10.970000267028809,14.050000190734863,0.0653030192091359,0.0443969834611521,0.2807657109146327,0.0072384968545536,5.239583671338248e-05,4.775432772167147e-05,2,calm
2017-02-06,2292.56005859375,11.369999885559082,14.239999771118164,0.0651804873370582,0.0485195115185326,0.252418638033958,-0.0021175975137091,4.484219230066976e-06,5.13003561101641e-05,2,calm
2017-02-07,2293.080078125,11.289999961853027,14.350000381469728,0.0648297995578212,0.048070200060709,0.2710363534061928,0.0002268034638457,5.14398112124402e-08,5.058099172168308e-05,2,calm
2017-02-08,2294.669921875,11.449999809265137,14.5600004196167,0.0647915724750718,0.0497084256175795,0.2716157783544245,0.0006930821486096,4.803628647213437e-07,5.202479985403637e-05,2,calm
2017-02-09,2307.8701171875,10.880000114440918,14.170000076293944,0.0664011054558842,0.0423988956885249,0.3023896991955212,0.0057360637359602,3.290242718299825e-05,4.697396924215651e-05,2,calm
2017-02-10,2316.10009765625,10.850000381469728,13.90999984741211,0.0612205348880636,0.0472794689266336,0.2820275906320177,0.003559706822009,1.2671512658658066e-05,4.671528106265605e-05,2,calm
2017-02-13,2328.25,11.06999969482422,13.68000030517578,0.0623173117716114,0.0483826851766307,0.2357724193589513,0.0052321335840112,2.7375221840937924e-05,4.86289258902414e-05,2,calm
2017-02-14,2337.580078125,10.739999771118164,13.1899995803833,0.0603337148364661,0.0470662828747154,0.2281191677353324,0.0039993271956725,1.5994618018046298e-05,4.577285519191199e-05,2,calm
2017-02-15,2349.25,11.970000267028809,13.40999984741211,0.057605358758968,0.06209464391132,0.1203007141403128,0.0049798886657344,2.479929112311044e-05,5.685750253677372e-05,2,calm
2017-02-16,2347.219970703125,11.760000228881836,13.630000114440918,0.056396183613236,0.0612038186755823,0.1590135926159659,-0.0008644916015501,7.473457291507764e-07,5.4880002136230486e-05,2,calm
2017-02-17,2351.159912109375,11.489999771118164,13.720000267028809,0.0561346373206852,0.0587653603904964,0.1940818572961232,0.0016771493272371,2.8128298658520514e-06,5.238892648424424e-05,2,calm
2017-02-21,2365.3798828125,11.56999969482422,14.039999961853027,0.057499517573581,0.0582004793746611,0.2134831747777615,0.0060298500200691,3.635909126452798e-05,5.31209892612034e-05,2,calm
2017-02-22,2362.820068359375,11.739999771118164,14.390000343322754,0.056127091488366,0.0612729062228156,0.2257240735833671,-0.001082786146804,1.1724258397108548e-06,5.469348993089467e-05,2,calm
2017-02-23,2363.81005859375,11.710000038146973,14.739999771118164,0.0560524880700422,0.0610475123114274,0.2587531787447089,0.0004188989712592,1.7547634812204418e-07,5.441432575135004e-05,2,calm
2017-02-24,2367.340087890625,11.470000267028809,14.760000228881836,0.0558837264064573,0.0588162762638307,0.2868352123155852,0.0014922502320316,2.2268107549985217e-06,5.220670878001625e-05,2,calm
2017-02-27,2369.75,12.09000015258789,14.90999984741211,0.0549212475232369,0.065978754002642,0.2332505921615387,0.0010174652677336,1.035235571044337e-06,5.800321574983143e-05,2,calm
2017-02-28,2363.639892578125,12.920000076293944,15.279999732971191,0.0561138200679798,0.0730861806949596,0.1826625110480808,-0.0025817061151949,6.665206465234788e-06,6.624063570295061e-05,2,calm
2017-03-01,2395.9599609375,12.539999961853027,14.859999656677246,0.0650184141865606,0.0603815854319696,0.1850079507082705,0.0135812110837253,0.0001844492945007,6.240142819177536e-05,2,calm
2017-03-02,2381.919921875,11.8100004196167,14.770000457763672,0.068751463641892,0.0493485405542749,0.2506350493629399,-0.0058771169721052,3.454050390380781e-05,5.534766266323278e-05,2,calm
2017-03-03,2383.1201171875,10.960000038146973,14.260000228881836,0.0670639405264054,0.0425360598550642,0.301094906865785,0.0005037503685347,2.537644337989364e-07,4.766730191911969e-05,2,calm
2017-03-06,2375.31005859375,11.239999771118164,14.34000015258789,0.0683970447983411,0.0440029529128404,0.2758007512985328,-0.0032826227635658,1.077561220788045e-05,5.013396621219698e-05,2,calm
2017-03-07,2368.389892578125,11.449999809265137,14.40999984741211,0.0685190789441709,0.0459809191484803,0.258515291480773,-0.0029176259020898,8.512540904545773e-06,5.202479985403637e-05,2,calm
2017-03-08,2362.97998046875,11.859999656677246,14.539999961853027,0.0676281640352388,0.0509718325315335,0.2259696781413417,-0.0022868279640638,5.229582137224637e-06,5.58172983557081e-05,2,calm
2017-03-09,2364.8701171875,12.300000190734863,14.779999732971191,0.0644801055627685,0.05851989634458,0.2016259759170101,0.0007995756127663,6.393211605307426e-07,6.003571614764987e-05,2,calm
2017-03-10,2372.60009765625,11.65999984741211,14.380000114440918,0.0646127761393917,0.0519872223347294,0.2332761837584845,0.0032633397058585,1.0649386035832916e-05,5.395063350859144e-05,2,calm
2017-03-13,2373.469970703125,11.350000381469728,14.359999656677246,0.0643876591936007,0.0491123446210964,0.2651981651138719,0.0003665656191696,1.3437035315721626e-07,5.112004311879484e-05,2,calm
2017-03-14,2365.449951171875,12.300000190734863,14.630000114440918,0.0622567179739971,0.0607432839333514,0.1894308851686976,-0.003384748980891,1.1456525663642696e-05,6.003571614764987e-05,2,calm
2017-03-15,2385.260009765625,11.630000114440918,14.199999809265137,0.0652234933454269,0.0510765077989822,0.2209801951448875,0.0083398791246863,6.955358381437941e-05,5.367337407218086e-05,2,calm
2017-03-16,2381.3798828125,11.210000038146973,13.779999732971191,0.0657739089153369,0.0463260914661327,0.2292595616484086,-0.0016280347991836,2.650497307352832e-06,4.9866706688593305e-05,2,calm
2017-03-17,2378.25,11.279999732971191,13.920000076293944,0.0662201943400689,0.0465798029896429,0.2340425891683391,-0.0013151792642314,1.7296964970643394e-06,5.049142618088498e-05,2,calm
2017-03-20,2373.469970703125,11.34000015258789,13.899999618530272,0.0645313135493472,0.0488686879765316,0.2257495089502416,-0.0020119160803802,4.047806314492808e-06,5.103000137329103e-05,2,calm
2017-03-21,2344.02001953125,12.470000267028809,14.619999885559082,0.0751293617103765,0.0495706409599115,0.1724137588204356,-0.0124855945901021,0.0001558900722683,6.170670899194387e-05,2,calm
2017-03-22,2348.449951171875,12.8100004196167,14.68000030517578,0.0751850303985634,0.0529149737976035,0.1459796896411838,0.0018881028474626,3.5649323625966333e-06,6.511750426610316e-05,2,calm
2017-03-23,2345.9599609375,13.119999885559082,14.90999984741211,0.0753773532953227,0.055822645560268,0.1364329251117787,-0.00106083214483,1.1253648395047945e-06,6.830730039566283e-05,2,calm
2017-03-24,2343.97998046875,12.960000038146973,14.550000190734863,0.0739848380631889,0.0556151623182807,0.1226851965978257,-0.0008443522139384,7.129306611828175e-07,6.665142896379745e-05,2,calm
2017-03-27,2341.590087890625,12.5,14.229999542236328,0.0735377656176315,0.0514622343823684,0.1383999633789062,-0.0010201075858456,1.0406194866997998e-06,6.200396825396825e-05,2,calm
2017-03-28,2358.570068359375,11.529999732971191,13.68000030517578,0.0748984437309084,0.0404015535988034,0.1864701320032511,0.0072253088296239,5.220508768344183e-05,5.2754322953299896e-05,2,calm
2017-03-29,2361.1298828125,11.420000076293944,13.43000030517578,0.0741646784987593,0.04003532226418,0.1760070241202772,0.0010847362038301,1.1766526318998877e-06,5.175254037402923e-05,2,calm
2017-03-30,2368.06005859375,11.539999961853027,13.369999885559082,0.0732818274165669,0.0421181722019633,0.1585788500654556,0.002930810911705,8.589652600169171e-06,5.284587266649519e-05,2,calm
2017-03-31,2362.719970703125,12.369999885559082,13.600000381469728,0.0735791739013323,0.0501208249542585,0.0994341558035555,-0.0022575939382668,5.096730390099079e-06,6.072099093997291e-05,2,calm
2017-04-03,2358.840087890625,12.380000114440918,13.670000076293944,0.0736368833401105,0.0501631178042986,0.1042003190572088,-0.0016434753080133,2.701011088049515e-06,6.08192074736338e-05,2,calm
2017-04-04,2360.159912109375,11.789999961853027,13.369999885559082,0.0714900582334043,0.0464099413851259,0.1340118684324174,0.0005593660746613,3.128904054820709e-07,5.516035678591048e-05,2,calm
2017-04-05,2352.949951171875,12.890000343322754,14.119999885559082,0.0719605481882786,0.0569394552449489,0.0954227703239348,-0.0030595368115221,9.360765501058958e-06,6.593337652811935e-05,2,calm
2017-04-06,2357.489990234375,12.390000343322754,13.65999984741211,0.0721947668948487,0.0517052365383787,0.1025019748908874,0.0019276502937349,3.715835654936605e-06,6.0917503376007137e-05,2,calm
2017-04-07,2355.5400390625,12.869999885559082,14.0600004196167,0.0720661333457255,0.0566338655098653,0.0924631347815993,-0.0008274724629448,6.847106769320518e-07,6.572892740249636e-05,2,calm
2017-04-10,2357.159912109375,14.050000190734863,14.579999923706056,0.0720253530645989,0.0684746488427496,0.0377224004111186,0.0006874501357832,4.7258768918844477e-07,7.833432752367051e-05,2,calm
2017-04-11,2353.780029296875,15.06999969482422,15.15999984741211,0.0717689547649925,0.0789310421832496,0.005972140305935,-0.0014349082919582,2.0589618063306417e-06,9.01209884134929e-05,2,calm
2017-04-12,2344.929931640625,15.770000457763672,15.279999732971191,0.0595156035330119,0.0981844010446247,-0.0310717000994917,-0.0037670374189869,1.4190570916047534e-05,9.86876644594708e-05,2,calm
2017-04-13,2328.949951171875,15.960000038146973,15.75,0.0602994686749698,0.0993005317064998,-0.0131578970955538,-0.0068380202898042,4.675852148377414e-05,0.0001010800004831,2,calm
2017-04-17,2349.010009765625,14.65999984741211,14.859999656677246,0.0660249379202851,0.0805750605538359,0.0136425519336169,0.0085764656911072,7.355576375074046e-05,8.528396647862026e-05,2,calm
2017-04-18,2342.18994140625,14.420000076293944,14.760000228881836,0.0658954556691031,0.0783045450938362,0.0235783738411238,-0.0029076028458332,8.45415430909764e-06,8.251444531758624e-05,2,calm
2017-04-19,2338.169921875,14.93000030517578,15.079999923706056,0.0655989733302006,0.0837010297215571,0.0100468597095926,-0.0017178253968685,2.950924094126676e-06,8.845432901291623e-05,2,calm
2017-04-20,2355.840087890625,14.149999618530272,14.529999732971191,0.0692492456812694,0.0722507505040332,0.0268551324865964,0.0075288503629738,5.668358778805151e-05,7.945336873190746e-05,2,calm
2017-04-21,2348.68994140625,14.630000114440918,14.75,0.0697079075692827,0.0765920935751264,0.0082023161052905,-0.0030396881071153,9.239703788538672e-06,8.4935279106564e-05,2,calm
2017-04-24,2374.14990234375,10.84000015258789,12.899999618530272,0.076094140387587,0.0323058611382919,0.190036848426666,0.0107817365881118,0.0001162458438554,4.662920766194662e-05,2,calm
2017-04-25,2388.610107421875,10.760000228881836,12.850000381469728,0.0780894726409576,0.0295105296478607,0.1942379282649032,0.0060722142117511,3.6871785433392966e-05,4.594349401807031e-05,2,calm
2017-04-26,2387.449951171875,10.850000381469728,12.979999542236328,0.0773779727248239,0.0311220310898732,0.1963132798045185,-0.0004858214756873,2.3602250623903434e-07,4.671528106265605e-05,2,calm
2017-04-27,2388.77001953125,10.359999656677246,12.800000190734863,0.0735513905098392,0.0300486060569331,0.2355212948762004,0.0005527670002992,3.055513566197828e-07,4.259110828823518e-05,2,calm
2017-04-28,2384.199951171875,10.81999969482422,12.93000030517578,0.0736129197965521,0.03458707715169,0.1950093040539441,-0.00191497947149,3.6671463762282776e-06,4.645729896666516e-05,2,calm
2017-05-01,2388.330078125,10.109999656677246,12.630000114440918,0.073655188453813,0.0274448081129594,0.2492582139801867,0.0017307918268938,2.995640348042466e-06,4.0560354388100806e-05,2,calm
2017-05-02,2391.169921875,10.59000015258789,12.829999923706056,0.0734259909917508,0.032474010534128,0.2115202775111173,0.0011883435858115,1.4121604779394037e-06,4.450321556817918e-05,2,calm
2017-05-03,2388.1298828125,10.68000030517578,13.09000015258789,0.0629771634655983,0.0438228395861594,0.2256554099763619,-0.0012721693958273,1.6184149716798172e-06,4.526285972958521e-05,2,calm
2017-05-04,2389.52001953125,10.460000038146973,12.829999923706056,0.0628625524434401,0.0417374479380295,0.2265774260913806,0.0005819332878695,3.386463515306605e-07,4.341730190398201e-05,2,calm
2017-05-05,2399.2900390625,10.56999969482422,12.850000381469728,0.0634610646474772,0.042238932300765,0.2157048961658862,0.0040803594074783,1.664933289419715e-05,4.433527521769211e-05,2,calm
2017-05-08,2399.3798828125,9.770000457763672,12.59000015258789,0.0633199488941631,0.0343800556834735,0.2886386451070555,3.7445271907879016e-05,1.4021483882549935e-09,3.787813847011999e-05,2,calm
2017-05-09,2396.919921875,9.960000038146973,12.710000038146973,0.0633213499181326,0.036278650463337,0.276104416613198,-0.0010257745567932,1.052213441364322e-06,3.936571458725702e-05,2,calm
2017-05-10,2399.6298828125,10.210000038146973,12.90999984741211,0.0603220439711899,0.0417779564102797,0.2644466012906268,0.0011299627174494,1.2768157428258e-06,4.136670665831793e-05,2,calm
2017-05-11,2394.43994140625,10.600000381469728,13.010000228881836,0.0608168927366433,0.0451831110780539,0.2273584679888428,-0.0021651513741066,4.687880472795779e-06,4.4587304796491416e-05,2,calm
2017-05-12,2390.89990234375,10.399999618530272,12.970000267028809,0.0606072084868076,0.043392787698495,0.2471154560351541,-0.0014795353407942,2.1890248246591847e-06,4.292063177199595e-05,2,calm
2017-05-15,2402.320068359375,10.420000076293944,12.779999732971191,0.0614241060889698,0.0427758946739695,0.2264874893855685,0.0047651423030152,2.2706581167985324e-05,4.308587364681182e-05,2,calm
2017-05-16,2400.669921875,10.649999618530272,12.649999618530272,0.0611888818253717,0.0453111143599309,0.1877934339565737,-0.000687133036986,4.721518105176664e-07,4.500892534710116e-05,2,calm
2017-05-17,2357.030029296875,15.59000015258789,15.600000381469728,0.0821882305015452,0.0737117710243337,0.0006414514935189,-0.018345468171115,0.0003365562024173,9.644766061813111e-05,2,calm
2017-05-18,2365.719970703125,14.65999984741211,14.970000267028809,0.0823606037090806,0.0642393947650404,0.0211460042867205,0.0036800386272159,1.3542684297801464e-05,8.528396647862026e-05,2,calm
2017-05-19,2381.72998046875,12.039999961853027,13.489999771118164,0.0844064909441206,0.0359935086744096,0.1204318782275123,0.0067447032082007,4.549102136671282e-05,5.752444407992893e-05,2,calm
2017-05-22,2394.02001953125,10.93000030517578,12.960000038146973,0.0854573186704275,0.0238426843813302,0.1857273262846945,0.0051468632960084,2.6490201787798763e-05,4.740670899648517e-05,2,calm
2017-05-23,2398.419921875,10.720000267028809,12.899999618530272,0.0855393417431435,0.0216606609271445,0.2033581433954272,0.0018361851723804,3.3715759872696778e-06,4.560254195440386e-05,2,calm
2017-05-24,2404.389892578125,10.020000457763672,12.59000015258789,0.0854922442391932,0.0147077603384434,0.2564869837738319,0.0024860338045762,6.180364077496085e-06,3.984143221173976e-05,2,calm
2017-05-25,2415.070068359375,9.989999771118164,12.510000228881836,0.0850634466098087,0.0148365511013729,0.252252303853818,0.0044321120419781,1.9643617152647944e-05,3.960321247100832e-05,2,calm
2017-05-26,2415.820068359375,9.8100004196167,12.4399995803833,0.0818135531434305,0.0162864510527364,0.2680936848389413,0.0003105017853024,9.641135867599225e-08,3.8188931838444366e-05,2,calm
2017-05-30,2412.909912109375,10.380000114440918,12.739999771118164,0.0790361629303371,0.024763838214072,0.2273602727030759,-0.0012053507295338,1.4528703811877115e-06,4.275571522848948e-05,2,calm
2017-05-31,2411.800048828125,10.40999984741211,12.630000114440918,0.078328158524925,0.025771839949196,0.2132565129269135,-0.0004600746199513,2.1166865592335854e-07,4.300321302504767e-05,2,calm
2017-06-01,2430.06005859375,9.890000343322754,12.420000076293944,0.0801377850754557,0.0187622183577717,0.2558139176081346,0.0075425955848472,5.689074815655685e-05,3.881432809163658e-05,2,calm
2017-06-02,2439.070068359375,9.75,12.460000038146973,0.0782927787657025,0.0192072212342974,0.277948721861228,0.003700874618046,1.3696472938497274e-05,3.7723214285714286e-05,2,calm
2017-06-05,2436.10009765625,10.06999969482422,12.850000381469728,0.0776194334457271,0.023080563502515,0.2760676038624284,-0.0012184071404286,1.4845159598474924e-06,4.024003724355552e-05,2,calm
2017-06-06,2429.330078125,10.449999809265137,13.079999923706056,0.0729094209780956,0.0315905771145557,0.2516746566932106,-0.002782908666204,7.74458064443379e-06,4.3334323814937065e-05,2,calm
2017-06-07,2433.139892578125,10.390000343322754,13.09000015258789,0.0712095848843705,0.0326904185488569,0.2598652281085169,0.0015670287963475,2.455579248582413e-06,4.28381377516853e-05,2,calm
2017-06-08,2433.7900390625,10.15999984741211,12.760000228881836,0.0711417793062556,0.0304582191678654,0.2559055532005723,0.0002671690356647,7.137929361804161e-08,4.096253845214845e-05,2,calm
2017-06-09,2431.77001953125,10.699999809265137,12.960000038146973,0.0712694723718412,0.0357305257208101,0.2112149784269061,-0.0008303338661872,6.894543293375095e-07,4.5432538062807134e-05,2,calm
2017-06-12,2429.389892578125,11.460000038146973,13.300000190734863,0.0710343529701242,0.0435656474113454,0.1605584770037583,-0.0009792424797181,9.589158340844804e-07,5.211571463267008e-05,2,calm
2017-06-13,2440.35009765625,10.420000076293944,12.729999542236328,0.0718579149442577,0.0323420858186816,0.2216890066246503,0.0045013588432301,2.0262231435526183e-05,4.308587364681182e-05,2,calm
2017-06-14,2437.919921875,10.640000343322754,12.770000457763672,0.0720125148077716,0.0343874886254558,0.2001879742210368,-0.0009963269653176,9.926674218189838e-07,4.4924447343614414e-05,2,calm
2017-06-15,2432.4599609375,10.899999618530272,12.90999984741211,0.0722912815394095,0.0367087146458931,0.1844036971767216,-0.0022421097968403,5.027056341087583e-06,4.714682209680955e-05,2,calm
2017-06-16,2433.14990234375,10.380000114440918,12.710000038146973,0.0722975692570683,0.0315024318873408,0.2244701250498542,0.0002835991500596,8.042847791458154e-08,4.275571522848948e-05,2,calm
2017-06-19,2453.4599609375,10.369999885559082,12.399999618530272,0.0750543631898149,0.0286456356657758,0.1957569677313208,0.0083125832068939,6.909903957153605e-05,4.26733720740061e-05,2,calm
2017-06-20,2437.030029296875,10.859999656677246,12.6899995803833,0.0781000906362656,0.0304999059305067,0.1685082855947314,-0.0067191604469316,4.514711711161092e-05,4.680142561231346e-05,2,calm
2017-06-21,2435.610107421875,10.75,12.760000228881836,0.0780344808613308,0.0294655191386691,0.1869767654773801,-0.0005828141932715,3.396723838788218e-07,4.585813492063491e-05,2,calm
2017-06-22,2434.5,10.479999542236328,12.619999885559082,0.0780645471497487,0.0267354482726145,0.2041985149615854,-0.000455885972438,2.0783201986581857e-07,4.358348825606097e-05,2,calm
2017-06-23,2438.300048828125,10.020000457763672,12.359999656677246,0.0777131046533755,0.0224868999242612,0.2335328435140441,0.001559698555409,2.432659583745226e-06,3.984143221173976e-05,2,calm
2017-06-26,2439.070068359375,9.899999618530272,12.270000457763672,0.0774684401428563,0.0215315560424464,0.2393940333893916,0.0003157519397323,9.969928744474868e-08,3.8892854145595046e-05,2,calm
2017-06-27,2419.3798828125,11.0600004196167,12.960000038146973,0.0804717761156183,0.0301282280805486,0.171790194072716,-0.0081055865756729,6.570053373572884e-05,4.854111479441331e-05,2,calm
2017-06-28,2440.68994140625,10.029999732971191,12.399999618530272,0.0841142379187884,0.0161857594109234,0.2362911215010585,0.008769501646551,7.690415912886218e-05,3.9920989937858e-05,2,calm
2017-06-29,2419.699951171875,11.4399995803833,13.149999618530272,0.0684004852422413,0.0459995105615916,0.1494755332927798,-0.0086372168441413,7.460151481271904e-05,5.193396444411511e-05,2,calm
2017-06-30,2423.409912109375,11.18000030517578,13.140000343322754,0.0679165533693762,0.0438834496823815,0.1753130576606149,0.0015320576108735,2.3472005230355187e-06,4.960016143798831e-05,2,calm
2017-07-03,2429.010009765625,11.220000267028809,13.3100004196167,0.0657257462365458,0.0464742564337422,0.1862745189703411,0.0023081679791475,5.327639419962226e-06,4.995571666354227e-05,2,calm
2017-07-05,2432.5400390625,11.06999969482422,13.3100004196167,0.0643904277878536,0.0463095691603885,0.2023487612054579,0.0014522240362887,2.1089546515746458e-06,4.86289258902414e-05,2,calm
2017-07-06,2409.75,12.539999961853027,14.109999656677246,0.0703856310911833,0.0550143685273468,0.1251993380861399,-0.0094129873068661,8.860433003922388e-05,6.240142819177536e-05,2,calm
2017-07-07,2425.179931640625,11.1899995803833,13.520000457763672,0.0723837204104944,0.0395162753933385,0.208221712667889,0.0063827125696158,4.073901974633154e-05,4.968892484483271e-05,2,calm
2017-07-10,2427.429931640625,11.109999656677246,13.350000381469728,0.0713449495887835,0.0397550469779889,0.2016202334845451,0.0009273361035125,8.599522488778675e-07,4.898098903625735e-05,2,calm
2017-07-11,2425.530029296875,10.890000343322754,13.15999984741211,0.0713966299424883,0.0375033734907392,0.208448065429237,-0.0007829870660821,6.130687456519699e-07,4.70603601101467e-05,2,calm
2017-07-12,2443.25,10.300000190734863,12.779999732971191,0.0741936988168747,0.0288063030904738,0.2407766501273618,0.0072790509478214,5.2984582700980125e-05,4.209920790838818e-05,2,calm
2017-07-13,2447.830078125,9.899999618530272,12.550000190734863,0.0742622412540485,0.0247377549312542,0.2676768357894143,0.001872829473473,3.5074902367093973e-06,3.8892854145595046e-05,2,calm
2017-07-14,2459.27001953125,9.510000228881836,12.229999542236328,0.0723309756724407,0.0227690266163776,0.286014642259825,0.0046626161700092,2.1739989548831568e-05,3.58889302989415e-05,2,calm
2017-07-17,2459.139892578125,9.81999969482422,12.279999732971191,0.0716566727486685,0.0265433241995736,0.2505091766391348,-5.291423670686425e-05,2.7999164462700603e-09,3.826682301839198e-05,2,calm
2017-07-18,2460.610107421875,9.890000343322754,12.25,0.0715213676845314,0.027378635748696,0.2386248306119223,0.0005976786981109,3.572198261756449e-07,3.881432809163658e-05,2,calm
2017-07-19,2473.830078125,9.789999961853027,12.0,0.0723262363791804,0.0255737632393498,0.225740556359376,0.0053582582160534,2.8710931109904295e-05,3.803337271947709e-05,2,calm
2017-07-20,2473.449951171875,9.579999923706056,12.039999961853027,0.0722992962824447,0.0235007029546157,0.2567849747117024,-0.000153671088607,2.3614803473674205e-08,3.6419205769130174e-05,2,calm
2017-07-21,2472.5400390625,9.359999656677246,12.0600004196167,0.0723441293395794,0.0212558672271929,0.2884616305528733,-0.0003679393292088,1.3537934997868241e-07,3.476571173531674e-05,2,calm
2017-07-24,2469.909912109375,9.43000030517578,12.039999961853027,0.0723854279608612,0.0219145750908965,0.2767762006587333,-0.0010643009954088,1.1327366088281725e-06,3.5287661014133054e-05,2,calm
2017-07-25,2477.1298828125,9.43000030517578,12.050000190734863,0.0725658925137047,0.021734110538053,0.2778366702831454,0.002918907519898,8.520021109717286e-06,3.5287661014133054e-05,2,calm
2017-07-26,2477.830078125,9.600000381469728,12.109999656677246,0.0716438155084583,0.0243561883062389,0.2614582474446991,0.0002826240061194,7.987632883502357e-08,3.6571431477864654e-05,2,calm
2017-07-27,2475.419921875,10.109999656677246,12.420000076293944,0.0716396199556407,0.0294603766111316,0.2284866961485043,-0.0009731616373937,9.47043572494814e-07,4.0560354388100806e-05,2,calm
2017-07-28,2472.10009765625,10.289999961853027,12.579999923706056,0.0713863264049207,0.0315136732136095,0.2225461584395035,-0.001342015678116,1.801006080309251e-06,4.2017499688466393e-05,2,calm
2017-07-31,2470.300048828125,10.260000228881836,12.470000267028809,0.0714779659707717,0.0311220363180466,0.2153996090493094,-0.0007284108345598,5.30582343904107e-07,4.177285900660925e-05,2,calm
2017-08-01,2476.35009765625,10.09000015258789,12.399999618530272,0.067839340616091,0.0330606609097878,0.2289394877114953,0.0024461207749384,5.983506845585563e-06,4.040004090445384e-05,2,calm
2017-08-02,2477.570068359375,10.279999732971191,12.5600004196167,0.0644834054865585,0.0383165918431534,0.221789955823912,0.0004925274073474,2.425832469884008e-07,4.193587083725705e-05,2,calm
2017-08-03,2472.159912109375,10.4399995803833,12.739999771118164,0.0648942395221219,0.039505756281711,0.2203065405344029,-0.0021860418349456,4.778778904132634e-06,4.325142509460457e-05,2,calm
2017-08-04,2476.830078125,10.029999732971191,12.75,0.0649507450873647,0.0353492522423471,0.2711864745207786,0.0018873214175395,3.561982133103566e-06,3.9920989937858e-05,2,calm
2017-08-07,2480.909912109375,9.93000030517578,12.65999984741211,0.0649625774369897,0.034337425614768,0.2749244167508617,0.0016458446442804,2.708804593106698e-06,3.912893097650439e-05,2,calm
2017-08-08,2474.919921875,10.960000038146973,13.199999809265137,0.0655386531668587,0.044061347214611,0.2043795404490605,-0.0024173522303853,5.843591805748954e-06,4.766730191911969e-05,2,calm
2017-08-09,2474.02001953125,11.109999656677246,13.489999771118164,0.0603551753003311,0.0507448212664412,0.2142214390628274,-0.0003636747927123,1.3225935485438978e-07,4.898098903625735e-05,2,calm
2017-08-10,2438.2099609375,16.040000915527344,16.209999084472656,0.0704692753587106,0.0899307337965627,0.0105983889801868,-0.0145802184007415,0.0002125827686133,0.0001020958846706,2,calm
2017-08-11,2441.320068359375,15.510000228881836,16.389999389648438,0.0656441754059292,0.0894558268828891,0.0567375337060226,0.0012747571279871,1.6250057353540128e-06,9.546035996028358e-05,2,calm
2017-08-14,2465.840087890625,12.329999923706056,13.920000076293944,0.0713602196103942,0.0519397796266663,0.1289537844627964,0.0099936512460494,9.98730652276648e-05,6.032892782483784e-05,2,calm
2017-08-15,2464.610107421875,12.039999961853027,13.899999618530272,0.0712326602038255,0.0491673394147047,0.1544850218081711,-0.0004989323268834,2.489334668093737e-07,5.752444407992893e-05,2,calm
2017-08-16,2468.110107421875,11.739999771118164,13.579999923706056,0.0712288159100481,0.0461711818011335,0.1567291472283089,0.0014190955233323,2.0138321043419774e-06,5.469348993089467e-05,2,calm
2017-08-17,2430.010009765625,15.550000190734863,16.139999389648438,0.0802963572074541,0.0752036446998944,0.0379420702042893,-0.0155573424871914,0.0002420309052637,9.595337536978344e-05,2,calm
2017-08-18,2425.550048828125,14.260000228881836,15.649999618530272,0.0783780555221297,0.0642219467666886,0.0974754114542836,-0.0018370536613519,3.3747661546867647e-06,8.069349465385318e-05,2,calm
2017-08-21,2428.3701171875,13.1899995803833,14.989999771118164,0.0784049926529762,0.0534950031508568,0.1364670392720782,0.0011619757145661,1.350187561241623e-06,6.903813052798084e-05,2,calm
2017-08-22,2452.510009765625,11.350000381469728,13.630000114440918,0.0834077921189688,0.0300922116957284,0.2008810269904104,0.009891695260625,9.784563512907262e-05,5.112004311879484e-05,2,calm
2017-08-23,2444.0400390625,12.25,14.329999923706056,0.0814607818593594,0.0410392181406405,0.1697959121392699,-0.003459570132639,1.1968625502647878e-05,5.95486111111111e-05,2,calm
2017-08-24,2438.969970703125,12.229999542236328,14.390000343322754,0.0814805157642551,0.0408194796581081,0.1766149535514583,-0.0020766167471384,4.312337114495843e-06,5.935432095361143e-05,2,calm
2017-08-25,2443.050048828125,11.279999732971191,13.989999771118164,0.0804087298438045,0.0323912674859073,0.2402482360195188,0.0016714716689374,2.7938175400604497e-06,5.049142618088498e-05,2,calm
2017-08-28,2444.239990234375,11.31999969482422,13.989999771118164,0.0804337315348657,0.0327662654133764,0.2358657374800754,0.000486953473296,2.371236851551108e-07,5.085015598842081e-05,2,calm
2017-08-29,2446.300048828125,11.699999809265137,14.119999885559082,0.0804580201607282,0.036541977931923,0.2068376167303495,0.0008424667620097,7.097502450912629e-07,5.432142680031914e-05,2,calm
2017-08-30,2457.590087890625,11.220000267028809,14.140000343322754,0.0800345498452403,0.0321654528250477,0.2602495549732457,0.004604531788061,2.1201712987264632e-05,4.995571666354227e-05,2,calm
2017-08-31,2471.64990234375,10.59000015258789,13.800000190734863,0.0818567393726954,0.0240432621531835,0.3031161465434485,0.0057046735847135,3.254330070812848e-05,4.450321556817918e-05,2,calm
2017-09-01,2476.550048828125,10.130000114440918,13.59000015258789,0.0820538181488468,0.0192461829955623,0.3415597235003518,0.0019805780423351,3.922689381780322e-06,4.072099298356072e-05,2,calm
2017-09-05,2457.85009765625,12.229999542236328,14.579999923706056,0.0849471138589445,0.0373528815634187,0.1921504880972397,-0.0075794585521449,5.7448191943682895e-05,5.935432095361143e-05,2,calm
2017-09-06,2465.5400390625,11.630000114440918,14.399999618530272,0.0850137759492979,0.0312862251951112,0.238177083132601,0.0031238424931441,9.758391921972954e-06,5.367337407218086e-05,2,calm
2017-09-07,2465.10009765625,11.550000190734863,14.31999969482422,0.0850035910770485,0.0304964108303,0.2398267929303919,-0.0001784520448537,3.18451323124702e-08,5.293750174840293e-05,2,calm
2017-09-08,2461.429931640625,12.119999885559082,14.6899995803833,0.0850591114727085,0.0361408873828823,0.21204618144315,-0.0014899601434577,2.219981229092505e-06,5.829142747061594e-05,2,calm
2017-09-11,2488.110107421875,10.729999542236328,13.859999656677246,0.0907007695131666,0.0165992259091966,0.291705521712312,0.010780975197147,0.0001162294262014,4.568765483190151e-05,2,calm
2017-09-12,2496.47998046875,10.579999923706056,13.5600004196167,0.0911037982598315,0.014696200977229,0.281663564971632,0.0033583025948831,1.127819631879865e-05,4.441920570857943e-05,2,calm
2017-09-13,2498.3701171875,10.5,13.229999542236328,0.0908976072921437,0.0141023927078562,0.2599999564034598,0.0007568342480825,5.727980790706477e-07,4.374999999999999e-05,2,calm
2017-09-14,2495.6201171875,10.4399995803833,13.15999984741211,0.090984862163332,0.0134151336405009,0.2605364345166903,-0.0011013238508279,1.2129142244025566e-06,4.325142509460457e-05,2,calm
2017-09-15,2500.22998046875,10.170000076293944,12.960000038146973,0.0908000725339912,0.0108999282289481,0.2743362773768764,0.0018454775461593,3.405787373378332e-06,4.1043214901515406e-05,2,calm
2017-09-18,2503.8701171875,10.149999618530272,12.6899995803833,0.0907461730189093,0.0107538231663934,0.2502463110654602,0.0014548619291293,2.116623232829916e-06,4.088194137149391e-05,2,calm
2017-09-19,2506.64990234375,10.18000030517578,12.729999542236328,0.0906935370105284,0.0111064660412293,0.2504910766814086,0.0011095796167313,1.2311669258657686e-06,4.112397071959482e-05,2,calm
2017-09-20,2508.239990234375,9.779999732971191,12.65999984741211,0.0903166081464069,0.0074833891833049,0.2944785473491997,0.0006341467023094,4.021420400499337e-07,3.795571221306213e-05,2,calm
2017-09-21,2500.60009765625,9.670000076293944,12.65999984741211,0.0908599520307733,0.0058400487321661,0.309203696745377,-0.0030505659469148,9.305952596476396e-06,3.7106706934732094e-05,2,calm
2017-09-22,2502.219970703125,9.59000015258789,12.850000381469728,0.0790598881172408,0.016840113408638,0.3399374532858705,0.000647583995167,4.193650307964799e-07,3.6495278939141176e-05,2,calm
2017-09-25,2496.659912109375,10.210000038146973,13.0600004196167,0.0795508110762454,0.0225491893052243,0.2791381362214938,-0.0022245226998538,4.948501242165092e-06,4.136670665831793e-05,2,calm
2017-09-26,2496.840087890625,10.170000076293944,13.020000457763672,0.0745710007422939,0.0271290000206454,0.2802360236076123,7.216412589487934e-05,5.207661066171995e-09,4.1043214901515406e-05,2,calm
2017-09-27,2507.0400390625,9.869999885559082,12.90999984741211,0.0752589880204547,0.023441010835136,0.3080040523912152,0.0040768224019879,1.662048089735059e-05,3.865749910354615e-05,2,calm
2017-09-28,2510.06005859375,9.550000190734863,12.760000228881836,0.0752404462463563,0.0202595556609923,0.336125651731528,0.001203890628938,1.4493526464448e-06,3.619146969961743e-05,2,calm
2017-09-29,2519.360107421875,9.510000228881836,12.489999771118164,0.0581498584061702,0.036950143882648,0.3133543081509168,0.0036982630684988,1.3677149723822351e-05,3.58889302989415e-05,2,calm
2017-10-02,2529.1201171875,9.449999809265137,12.359999656677246,0.0579073124461726,0.0365926856464787,0.3079364980049032,0.0038665188297123,1.4949967860519876e-05,3.543749856948853e-05,2,calm
2017-10-03,2534.580078125,9.510000228881836,12.3100004196167,0.0579444462162291,0.0371555560725892,0.294426932002722,0.0021565111846609,4.650540489567641e-06,3.58889302989415e-05,2,calm
2017-10-04,2537.739990234375,9.630000114440918,12.380000114440918,0.0520918186094175,0.0442081825349916,0.285565936377941,0.0012459436611136,1.5523756066692576e-06,3.680035801751273e-05,2,calm
2017-10-05,2552.070068359375,9.1899995803833,12.18000030517578,0.0517806726579562,0.0401193231458767,0.3253537389898085,0.0056309040312927,3.170708020962883e-05,3.35143223362878e-05,2,calm
2017-10-06,2549.330078125,9.649999618530272,12.4399995803833,0.0512677744938789,0.0452322216914237,0.2891191784604398,-0.0010742111652397,1.1539296275256876e-06,3.695337009429937e-05,2,calm
2017-10-09,2544.72998046875,10.329999923706056,12.729999542236328,0.052135434351468,0.0511645648855925,0.2323329754361927,-0.0018060638680135,3.2618666953440902e-06,4.234480096181236e-05,2,calm
2017-10-10,2550.639892578125,10.079999923706056,12.470000267028809,0.0521395728308839,0.0486604264061766,0.2371032104575685,0.002319719630478,5.381099164025287e-06,4.0319999389648455e-05,2,calm
2017-10-11,2555.239990234375,9.850000381469728,12.239999771118164,0.0521213173358309,0.0463786864788663,0.2426395225470866,0.0018018829296635,3.246782092212949e-06,3.850099504561658e-05,2,calm
2017-10-12,2550.929931640625,9.90999984741211,12.260000228881836,0.0520050072529509,0.0470949912211701,0.2371342500154936,-0.0016881771203513,2.8499419896779065e-06,3.89714670538524e-05,2,calm
2017-10-13,2553.169921875,9.609999656677246,11.979999542236328,0.0502584664072854,0.045841530159487,0.2466181030414868,0.0008777220048463,7.703959177914158e-07,3.6647656111641576e-05,2,calm
2017-10-16,2557.639892578125,9.90999984741211,11.9399995803833,0.0502269717220996,0.0488730267520214,0.2048435685396407,0.0017492225323057,3.059779467526152e-06,3.89714670538524e-05,2,calm
2017-10-17,2559.360107421875,10.3100004196167,12.050000190734863,0.0430549988237284,0.0600450053724385,0.1687681571581209,0.0006723529054339,4.5205842944553203e-07,4.218099549702243e-05,2,calm
2017-10-18,2561.260009765625,10.06999969482422,11.920000076293944,0.0427541595767924,0.0579458373714497,0.183714045435432,0.0007420595113295,5.506523183546457e-07,4.024003724355552e-05,2,calm
2017-10-19,2562.10009765625,10.050000190734863,11.960000038146973,0.0426301308609023,0.0578698710464462,0.1900497324540298,0.0003279441150104,1.0754734257001057e-07,4.008035866419476e-05,2,calm
2017-10-20,2575.2099609375,9.970000267028809,11.850000381469728,0.0431783782663548,0.0565216244039332,0.1885657035194026,0.0051037961850303,2.604873549833072e-05,3.944480370022005e-05,2,calm
2017-10-23,2564.97998046875,11.06999969482422,12.550000190734863,0.0362679604781736,0.0744320364700686,0.1336947187634176,-0.0039803953129971,1.584354684773004e-05,4.86289258902414e-05,2,calm
2017-10-24,2569.1298828125,11.15999984741211,12.670000076293944,0.035635555744175,0.075964442729946,0.1353046818573199,0.001616600874558,2.6133983876218234e-06,4.9422855791364405e-05,2,calm
2017-10-25,2557.14990234375,11.229999542236328,12.949999809265137,0.0391976202724641,0.0731023751498991,0.153161205444385,-0.0046739556872599,2.184586176646996e-05,5.004479750739212e-05,2,calm
2017-10-26,2560.39990234375,11.300000190734863,12.93000030517578,0.0388117970399566,0.074188204867392,0.144247795303348,0.0012701392506023,1.6132537159208246e-06,5.0670636631193625e-05,2,calm
2017-10-27,2581.070068359375,9.800000190734863,12.229999542236328,0.043993999769266,0.0540060021380825,0.2479591126741854,0.008040609979727,6.465140884608702e-05,3.8111112594604506e-05,2,calm
2017-10-30,2572.830078125,10.5,12.56999969482422,0.0456664223746804,0.0593335776253195,0.1971428280784972,-0.0031975773767407,1.022450108024406e-05,4.374999999999999e-05,2,calm
2017-10-31,2575.260009765625,10.18000030517578,12.380000114440918,0.045662517946254,0.0561374851055037,0.2161099944315916,0.0009440129366793,8.911604246179054e-07,4.112397071959482e-05,2,calm
2017-11-01,2579.360107421875,10.199999809265137,12.56999969482422,0.0456982678689647,0.0563017302236866,0.2323529343016558,0.0015908441079038,2.5307849756524587e-06,4.128571274167017e-05,2,calm
2017-11-02,2579.85009765625,9.93000030517578,12.68000030517578,0.0441842697283338,0.0551157333234239,0.2769385614788578,0.0001899477696667,3.608015520135948e-08,3.912893097650439e-05,2,calm
2017-11-03,2587.840087890625,9.140000343322754,12.420000076293944,0.0445620861372952,0.0468379172959322,0.3588621017249086,0.0030922893263143,9.56225327763793e-06,3.315063741108733e-05,2,calm
2017-11-06,2591.1298828125,9.399999618530272,12.56999969482422,0.0434182618463622,0.0505817343389404,0.3372340643551634,0.0012704438847764,1.614027664365827e-06,3.506348921760685e-05,2,calm
2017-11-07,2590.639892578125,9.890000343322754,12.760000228881836,0.0434857789046969,0.0554142245285305,0.2901920916005595,-0.0001891208050819,3.576667891483257e-08,3.881432809163658e-05,2,calm
2017-11-08,2594.3798828125,9.779999732971191,12.880000114440918,0.042649024461382,0.0551509728683299,0.3169734627925125,0.0014426139320604,2.081134956974811e-06,3.795571221306213e-05,2,calm
2017-11-09,2584.6201171875,10.5,13.140000343322754,0.0449585790145913,0.0600414209854086,0.2514286041259765,-0.0037689813393701,1.4205220336520309e-05,4.374999999999999e-05,2,calm
2017-11-10,2582.300048828125,11.289999961853027,13.609999656677246,0.0445112888074118,0.0683887108111184,0.2054915591375641,-0.0008980469760537,8.064883711992131e-07,5.058099172168308e-05,2,calm
2017-11-13,2584.840087890625,11.5,13.75,0.0435723891433257,0.0714276108566742,0.1956521739130435,0.000983150911293,9.665857143763194e-07,5.2480158730158736e-05,2,calm
2017-11-14,2578.8701171875,11.59000015258789,13.93000030517578,0.0442180224263251,0.0716819790995537,0.2018981986005753,-0.0023122805602819,5.346641389457682e-06,5.330480299086799e-05,2,calm
2017-11-15,2564.6201171875,13.130000114440918,14.65999984741211,0.0475742408346484,0.0837257603097607,0.1165270159661639,-0.0055409987421236,3.070266706021544e-05,6.841146944651529e-05,2,calm
2017-11-16,2585.639892578125,11.760000228881836,13.960000038146973,0.0504921466735599,0.0671078556152584,0.1870748100720332,0.0081626527829724,6.662890045536712e-05,5.4880002136230486e-05,2,calm
2017-11-17,2578.85009765625,11.43000030517578,13.800000190734863,0.0510938511638016,0.0632061518879561,0.2073490658163754,-0.0026294169788973,6.913833648913904e-06,5.18432170540946e-05,2,calm
2017-11-20,2582.139892578125,10.649999618530272,13.279999732971191,0.0507253618732234,0.0557746343120792,0.2469483763985211,0.0012748698887901,1.625293233343709e-06,4.500892534710116e-05,2,calm
2017-11-21,2599.030029296875,9.729999542236328,12.550000190734863,0.0534328134920104,0.0438671819303528,0.2898253629157304,0.0065198388797526,4.250829901793489e-05,3.75686075761584e-05,2,calm
2017-11-22,2597.080078125,9.880000114440918,12.4399995803833,0.0534569904605227,0.0453430106838864,0.2591092546851904,-0.0007505427033295,5.633143495212203e-07,3.8735873913235134e-05,2,calm
2017-11-24,2602.419921875,9.670000076293944,12.420000076293944,0.05320036797386,0.0434996327890793,0.2843846926890558,0.0020539842782319,4.218851415224091e-06,3.7106706934732094e-05,2,calm
2017-11-27,2601.419921875,9.869999885559082,12.56999969482422,0.0532824307958283,0.0454175680597624,0.2735562148501684,-0.0003843315868032,1.4771076861470713e-07,3.865749910354615e-05,2,calm
2017-11-28,2627.0400390625,10.029999732971191,12.270000457763672,0.0595058373206315,0.0407941600090804,0.2233300881782699,0.0098003321967936,9.604651116751012e-05,3.9920989937858e-05,2,calm
2017-11-29,2626.070068359375,10.699999809265137,12.81999969482422,0.0596157944686503,0.047384203624001,0.198130833957901,-0.0003692938827907,1.3637797186668896e-07,4.5432538062807134e-05,2,calm
2017-11-30,2647.580078125,11.279999732971191,13.039999961853027,0.0632538941834371,0.0495461031462747,0.1560283927788928,0.0081575866628111,6.654622016127475e-05,5.049142618088498e-05,2,calm
2017-12-01,2642.219970703125,11.43000030517578,13.279999732971191,0.0638703039033514,0.0504296991484063,0.16185471377089,-0.0020265829358053,4.10703839569736e-06,5.18432170540946e-05,2,calm
2017-12-04,2639.43994140625,11.68000030517578,13.550000190734863,0.0629407148945779,0.0538592881571798,0.1601027257448296,-0.0010527105492864,1.108199500578986e-06,5.413587584480409e-05,2,calm
2017-12-05,2629.570068359375,11.329999923706056,13.539999961853027,0.0627890617475223,0.0505109374895381,0.195057374495028,-0.0037463905259553,1.403544197296769e-05,5.09400389964997e-05,2,calm
2017-12-06,2629.27001953125,11.020000457763672,13.449999809265137,0.0628007732321949,0.0473992313454418,0.2205080989619662,-0.0001141121705303,1.3021587463147668e-08,4.8190638924250615e-05,2,calm
2017-12-07,2636.97998046875,10.15999984741211,12.93000030517578,0.060909471475834,0.040690526998287,0.2726378444256795,0.0029280670101093,8.573576415690914e-06,4.096253845214845e-05,2,calm
2017-12-08,2651.5,9.579999923706056,12.460000038146973,0.0622706580790055,0.033529341158055,0.3006263191416371,0.0054912020355181,3.0153299794878576e-05,3.6419205769130174e-05,2,calm
2017-12-11,2659.989990234375,9.34000015258789,12.279999732971191,0.0591265772184228,0.034273424307456,0.3147751105302388,0.0031968421216958,1.0219799551048713e-05,3.461730271838961e-05,2,calm
2017-12-12,2664.110107421875,9.920000076293944,12.479999542236328,0.057780642976544,0.0414193577863954,0.2580644603078255,0.0015477237220895,2.395448719918625e-06,3.905015933082216e-05,2,calm
2017-12-13,2662.85009765625,10.18000030517578,12.5,0.0579727732180091,0.0438272298337486,0.2278978020899146,-0.0004730689701501,2.2379425051895666e-07,4.112397071959482e-05,2,calm
2017-12-14,2652.010009765625,10.489999771118164,12.800000190734863,0.0598664576938726,0.045033540017309,0.2202097683525944,-0.0040791677307626,1.663960937569557e-05,4.3666704443674256e-05,2,calm
2017-12-15,2675.81005859375,9.420000076293944,12.079999923706056,0.0641439699571984,0.030056030805741,0.2823779008352854,0.0089343134101427,7.982195611065677e-05,3.52128577132452e-05,2,calm
2017-12-18,2690.159912109375,9.529999732971191,12.06999969482422,0.0650440308685113,0.0302559664612005,0.2665267610727547,0.0053484785795975,2.8606223116414243e-05,3.604003766286943e-05,2,calm
2017-12-19,2681.469970703125,10.029999732971191,12.510000228881836,0.0663551658663127,0.0339448314633991,0.2472582813495243,-0.0032354980431185,1.0468447587023651e-05,3.9920989937858e-05,2,calm
2017-12-20,2679.25,9.720000267028809,12.369999885559082,0.0664923195060504,0.0307076831642376,0.2726336981202903,-0.0008282360735725,6.859749935669015e-07,3.749143063136512e-05,2,calm
2017-12-21,2684.570068359375,9.619999885559082,12.350000381469728,0.0665335359147331,0.0296664629408576,0.2837838387096808,0.0019836870126583,3.9350141641896e-06,3.6723967380220926e-05,2,calm
2017-12-22,2683.340087890625,9.899999618530272,12.489999771118164,0.0650874912892192,0.0339125048960834,0.2616161871097524,-0.0004582716381137,2.1001289429946485e-07,3.8892854145595046e-05,2,calm
2017-12-26,2680.5,10.25,12.619999885559082,0.0651352844202592,0.0373647155797407,0.2312195010301543,-0.0010589757000585,1.1214295333145373e-06,4.1691468253968245e-05,2,calm
2017-12-27,2682.6201171875,10.470000267028809,12.649999618530272,0.0651443759477863,0.0395556267225017,0.2082138773545711,0.0007906283102422,6.250931249565333e-07,4.3500359361739415e-05,2,calm
2017-12-28,2687.5400390625,10.18000030517578,12.760000228881836,0.0642835745452652,0.0375164285064925,0.2534380988568651,0.0018323190029195,3.357392928460114e-06,4.112397071959482e-05,2,calm
2017-12-29,2673.610107421875,11.039999961853027,13.09000015258789,0.0639685696256903,0.0464314299928399,0.185688423715427,-0.0051966322927482,2.700498718603444e-05,4.836571395147414e-05,2,calm
2018-01-02,2695.81005859375,9.770000457763672,12.609999656677246,0.0640671891096539,0.0336328154679828,0.2906856771594914,0.0082690782183981,6.837765458198634e-05,3.787813847011999e-05,2,calm
2018-01-03,2713.06005859375,9.149999618530272,12.31999969482422,0.0644733848013317,0.027026611383971,0.346448110213488,0.006378433243936,4.0684410647348366e-05,3.322321151551751e-05,2,calm
2018-01-04,2723.989990234375,9.220000267028809,12.239999771118164,0.0648095676724677,0.0273904349978203,0.3275487436685905,0.0040205428553269,1.61647648515209e-05,3.3733494017464805e-05,2,calm
2018-01-05,2743.14990234375,9.220000267028809,12.0600004196167,0.0651350555992629,0.0270649470710251,0.3080260379974039,0.0070091458885853,4.912812608747289e-05,3.3733494017464805e-05,2,calm
2018-01-08,2747.7099609375,9.520000457763672,12.149999618530272,0.0646882864055651,0.0305117181720716,0.2762604027630907,0.0016609637672969,2.758800636273373e-06,3.5964447903103383e-05,2,calm
2018-01-09,2751.2900390625,10.079999923706056,12.40999984741211,0.0647073500336489,0.0360926492034116,0.2311507878314938,0.0013020835172984,1.6954214860202313e-06,4.0319999389648455e-05,2,calm
2018-01-10,2748.22998046875,9.81999969482422,12.359999656677246,0.0649603142766335,0.0332396826716086,0.2586558086342682,-0.0011128458115206,1.238425800219138e-06,3.826682301839198e-05,2,calm
2018-01-11,2767.56005859375,9.880000114440918,12.15999984741211,0.0624390975976288,0.0363609035467803,0.2307692010690032,0.007009025768882,4.912644222885218e-05,3.8735873913235134e-05,2,calm
2018-01-12,2786.239990234375,10.15999984741211,12.199999809265137,0.0637328584849235,0.0378671399891975,0.200787400835704,0.006726926399094,4.525153877882824e-05,4.096253845214845e-05,2,calm
2018-01-16,2776.419921875,11.65999984741211,13.229999542236328,0.0628748733697512,0.0537251251043698,0.1346483460866145,-0.0035307132616026,1.2465936135656962e-05,5.395063350859144e-05,2,calm
2018-01-17,2802.56005859375,11.90999984741211,13.25,0.0657972977956862,0.0533027006784348,0.1125105096352335,0.009371006206502,8.781575732230061e-05,5.6288927129109705e-05,2,calm
2018-01-18,2798.030029296875,12.220000267028809,13.579999923706056,0.0660422976687667,0.0561577050015213,0.1112929318296914,-0.0016176974974736,2.616945193332426e-06,5.925730417705721e-05,2,calm
2018-01-19,2810.300048828125,11.270000457763672,13.039999961853027,0.0641275827791333,0.0485724217985033,0.1570540756163003,0.0043756479869901,1.9146295306051005e-05,5.040194853888626e-05,2,calm
2018-01-22,2832.969970703125,11.029999732971191,12.989999771118164,0.0658798274858491,0.0444201698438627,0.1776971972436304,0.0080343643822132,6.455101102617674e-05,4.827813258307323e-05,2,calm
2018-01-23,2839.1298828125,11.100000381469728,13.220000267028809,0.0658723152507073,0.0451276885639899,0.1909909741172797,0.0021720049682223,4.717605581982437e-06,4.889286050342385e-05,2,calm
2018-01-24,2837.5400390625,11.470000267028809,13.529999732971191,0.0657890188242565,0.0489109838460315,0.1795989030500699,-0.000560132547232,3.1374847046866145e-07,5.220670878001625e-05,2,calm
2018-01-25,2839.25,11.579999923706056,13.68000030517578,0.0658977356381354,0.0499022635989251,0.1813471843959771,0.0006024393988328,3.629332292661334e-07,5.321285644167947e-05,2,calm
2018-01-26,2872.8701171875,11.079999923706056,13.460000038146973,0.0714792632252515,0.0393207360118089,0.2148014558509897,0.0117716381060841,0.0001385714637006,4.87168247259231e-05,2,calm
2018-01-29,2853.530029296875,13.84000015258789,14.989999771118164,0.0759402607299784,0.0624597407959004,0.0830924570701857,-0.006754736284863,4.562646227804525e-05,7.601016040620352e-05,2,calm
2018-01-30,2822.429931640625,14.789999961853027,15.829999923706056,0.0832334375005793,0.0646665621179509,0.0703177798874536,-0.010958642805337,0.0001200918521349,8.68032138379415e-05,2,calm
2018-01-31,2823.81005859375,13.539999961853027,14.899999618530272,0.0807484088728097,0.0546515907457205,0.1004431063891318,0.0004888658586947,2.3898982779739253e-07,7.275063451070634e-05,2,calm
2018-02-01,2821.97998046875,13.470000267028809,14.720000267028809,0.0803242508606945,0.0543757518095935,0.0927988103355638,-0.0006482983520233,4.202907532361594e-07,7.20003599975223e-05,2,calm
2018-02-02,2762.1298828125,17.309999465942383,17.030000686645508,0.1037431445470046,0.0693568501124191,-0.0161755510072531,-0.0214366805166988,0.000459531271575,0.0001189032069487,2,calm
2018-02-05,2648.93994140625,37.31999969482422,28.1299991607666,0.1618253252042931,0.211374671743949,-0.2462486765596664,-0.0418425409383814,0.0017507982321801,0.0005526914195324,0,stressed
2018-02-06,2695.139892578125,29.979999542236328,23.75,0.1696589433352618,0.1301410520871014,-0.2078051913729818,0.017290573348937,0.0002989639267349,0.0003566668145049,0,stressed
2018-02-07,2681.659912109375,27.729999542236328,23.030000686645508,0.170309021369592,0.1069909740527711,-0.1694914869519605,-0.0050141382237526,2.514158212689715e-05,0.0003051400296081,0,stressed
2018-02-08,2581.0,33.459999084472656,27.32999992370605,0.2032255120058656,0.1313744788388609,-0.1832038053943424,-0.0382590522458017,0.0014637550787469,0.0004442744201321,0,stressed
2018-02-09,2619.550048828125,29.059999465942383,24.920000076293945,0.2084602045315638,0.0821397901278599,-0.142463849474616,0.0148256451995243,0.0002197997555821,0.0003351125273653,0,stressed
2018-02-12,2656.0,25.61000061035156,22.86000061035156,0.212625039802975,0.0434749663005405,-0.1073799271558178,0.0138186656781862,0.0001909555211254,0.0002602667187548,0,stressed
2018-02-13,2662.93994140625,24.96999931335449,22.64999961853028,0.2122961395768883,0.0374038535566565,-0.0929114841258095,0.0026095219802775,6.80960496555171e-06,0.0002474209784559,0,stressed
2018-02-14,2698.6298828125,19.26000022888184,19.34000015258789,0.2145227475477517,-0.0219227452589333,0.0041536823860513,0.013313439808897,0.0001772476795451,0.00014720143207,0,stressed
2018-02-15,2731.199951171875,19.1299991607666,19.07999992370605,0.2165746647950533,-0.0252746731873873,-0.0026136559986418,0.0119968617767752,0.000143924692491,0.0001452209793217,0,stressed
2018-02-16,2732.219970703125,19.459999084472656,19.170000076293945,0.2162765764504763,-0.0216765856057497,-0.0149023135571524,0.0003733996499216,1.394272985616438e-07,0.0001502744303046,0,stressed
2018-02-20,2716.260009765625,20.600000381469727,20.01000022888184,0.2159199552375222,-0.009919951422825,-0.0286407835758395,-0.0058585171068373,3.43222226911058e-05,0.0001683968316335,0,stressed
2018-02-21,2701.330078125,20.020000457763672,20.030000686645508,0.2163460148810792,-0.0161460103034424,0.0004995119207381,-0.0055116644833109,3.03784453765909e-05,0.0001590477850511,0,stressed
2018-02-22,2703.9599609375,18.71999931335449,19.059999465942383,0.2163234097394359,-0.029123416605891,0.0181624019796488,0.0009730774855778,9.468797929385312e-07,0.0001390628469412,0,stressed
2018-02-23,2747.300048828125,16.489999771118164,17.5,0.2215161987450294,-0.0566162010338478,0.0612492566950077,0.015901278245121,0.0002528506498287,0.0001079047985918,0,stressed
2018-02-26,2779.60009765625,15.800000190734863,16.920000076293945,0.2232135446953604,-0.0652135427880118,0.0708860678505466,0.0116884386206273,0.0001366195973881,9.906349445524672e-05,0,stressed
2018-02-27,2744.280029296875,18.59000015258789,19.020000457763672,0.2253684610376692,-0.0394684595117903,0.0231307316646751,-0.0127883114414675,0.0001635409095239,0.0001371381371719,0,stressed
2018-02-28,2713.830078125,19.850000381469727,19.88999938964844,0.2273335757309453,-0.0288335719162481,0.0020150633455933,-0.011157806083656,0.0001244966366004,0.0001563581409302,0,stressed
2018-03-01,2677.669921875,22.46999931335449,21.420000076293945,0.2281001768051264,-0.0034001836715815,-0.0467289394368829,-0.0134139658548764,0.0001799344799557,0.0002003574877548,0,stressed
2018-03-02,2691.25,19.59000015258789,19.86000061035156,0.2288945941336738,-0.0329945926077948,0.0137825653731809,0.0050587854851985,2.559131058525552e-05,0.0001522889309438,0,stressed
2018-03-05,2720.93994140625,18.729999542236328,19.209999084472656,0.2311027191526929,-0.0438027237303296,0.0256273120110827,0.0109716176105265,0.0001203763929916,0.0001392114614492,0,stressed
2018-03-06,2728.1201171875,18.36000061035156,19.239999771118164,0.2297789845749692,-0.0461789784714536,0.0479302359211498,0.0026353829319968,6.9452431982601046e-06,0.0001337657231794,0,stressed
2018-03-07,2726.800048828125,17.760000228881836,18.84000015258789,0.2295633961653579,-0.0519633938765396,0.0608108057312818,-0.0004839918257163,2.3424808736026995e-07,0.0001251657175118,0,stressed
2018-03-08,2738.969970703125,16.540000915527344,18.18000030517578,0.2301714754105428,-0.0647714662552693,0.0991535247201133,0.0044531482088846,1.9830528970292364e-05,0.0001085601707482,0,stressed
2018-03-09,2786.570068359375,14.640000343322754,17.010000228881836,0.2362537138506303,-0.0898537104174028,0.1618852342882648,0.0172295467412075,0.0002968572809074,8.505143256051204e-05,0,stressed
2018-03-12,2783.02001953125,15.779999732971191,17.799999237060547,0.233312987566761,-0.0755129902370491,0.1280101101566376,-0.0012747973379984,1.6251082529678476e-06,9.881285379863924e-05,0,stressed
2018-03-13,2765.31005859375,16.350000381469727,18.049999237060547,0.2332367874469929,-0.0697367836322956,0.1039754627478488,-0.0063839104143147,4.075431217799572e-05,0.0001060803620928,0,stressed
2018-03-14,2749.47998046875,17.229999542236328,18.780000686645508,0.2317957726917335,-0.0594957772693702,0.0899594419958992,-0.0057409698251887,3.295873453372816e-05,0.0001178067000894,0,stressed
2018-03-15,2747.330078125,16.59000015258789,18.209999084472656,0.2317601561172025,-0.0658601545913235,0.0976491209755691,-0.0007822363990965,6.118937840715383e-07,0.000109217502009,0,stressed
2018-03-16,2752.010009765625,15.800000190734863,17.739999771118164,0.2318837525742816,-0.0738837506669329,0.1227847820863267,0.0017019979472317,2.8967970123810637e-06,9.906349445524672e-05,0,stressed
2018-03-19,2712.919921875,19.020000457763672,19.3799991607666,0.2272539150362373,-0.0370539104586005,0.0189273761481947,-0.0143060405413734,0.0002046627959714,0.0001435557211957,0,stressed
2018-03-20,2716.93994140625,18.200000762939453,18.8799991607666,0.1906753124590913,-0.0086753048296968,0.0373625477649333,0.0014807086617189,2.192498140889452e-06,0.0001314444554646,0,stressed
2018-03-21,2711.929931640625,17.860000610351562,18.709999084472656,0.1842924356281048,-0.0056924295245892,0.0475922981563863,-0.0018456921256294,3.4065794226103963e-06,0.0001265792150006,0,stressed
2018-03-22,2643.68994140625,23.34000015258789,21.65999984741211,0.1983462910208283,0.0350537105050505,-0.0719794470519532,-0.0254848869728544,0.0006494794640191,0.0002161728599693,0,stressed
2018-03-23,2588.260009765625,24.8700008392334,22.790000915527344,0.1748715711103595,0.0738284372819743,-0.0836348955977827,-0.0211898073117506,0.0004490079339091,0.0002454432308505,0,stressed
2018-03-26,2658.550048828125,21.030000686645508,20.700000762939453,0.1866763393942392,0.0236236674722158,-0.0156918646187021,0.0267950407060353,0.000717974206438,0.0001755003686032,0,stressed
2018-03-27,2612.6201171875,22.5,21.940000534057617,0.1892420841025278,0.0357579158974721,-0.0248888651529947,-0.0174272856453219,0.0003037102849636,0.0002008928571428,0,stressed
2018-03-28,2605.0,22.8700008392334,22.309999465942383,0.1891187784461125,0.0395812299462214,-0.0244862856467558,-0.0029209188994626,8.531767217238259e-06,0.0002075543406295,0,stressed
2018-03-29,2640.8701171875,19.96999931335449,20.549999237060547,0.1893554061222857,0.0103445870112591,0.0290435625262238,0.0136757774938434,0.0001870268900611,0.000158254314514,0,stressed
2018-04-02,2581.8798828125,23.6200008392334,22.56999969482422,0.1956002443146829,0.040599764077651,-0.0444538995386106,-0.0225906823434958,0.0005103389287447,0.0002213906506529,0,stressed
2018-04-03,2614.449951171875,21.100000381469727,21.020000457763672,0.1999427957696523,0.0110572080450449,-0.0037914655099395,0.012535961315741,0.0001571503261097,0.0001766706413087,0,stressed
2018-04-04,2644.68994140625,20.059999465942383,20.420000076293945,0.2029381608517475,-0.0023381661923237,0.0179461924195345,0.0115001023464467,0.0001322523539787,0.0001596839597514,0,stressed
2018-04-05,2662.840087890625,18.940000534057617,19.61000061035156,0.2036498728353581,-0.0142498674947819,0.0353748710349378,0.0068394214016512,4.677768510936448e-05,0.0001423506429484,0,stressed
2018-04-06,2604.469970703125,21.489999771118164,21.200000762939453,0.2130408044568981,0.0018591932542834,-0.0134946026648385,-0.0221640670570649,0.00049124586851,0.0001832619405407,0,stressed
2018-04-09,2613.159912109375,21.770000457763672,21.229999542236328,0.2072844768666454,0.0104155277109912,-0.0248048187493155,0.0033309949675928,1.1095527474128755e-05,0.0001880686190202,0,stressed
2018-04-10,2656.8701171875,20.46999931335449,20.39999961853028,0.2104900402196931,-0.0057900470861482,-0.0034196237016258,0.016588598996314,0.0002751816166605,0.0001662781237653,0,stressed
2018-04-11,2642.18994140625,20.239999771118164,20.3700008392334,0.2081492157752129,-0.0057492180640312,0.0064229777463111,-0.0055406857724611,3.069919882915367e-05,0.0001625625360058,0,stressed
2018-04-12,2663.989990234375,18.489999771118164,19.280000686645508,0.2077203499569694,-0.0228203522457877,0.0427258477721208,0.008216898697657,6.751742420755802e-05,0.0001356667029904,0,stressed
2018-04-13,2656.300048828125,17.40999984741211,18.549999237060547,0.2042981037464772,-0.0301981052723561,0.0654795749362336,-0.0028907998267066,8.356723638087108e-06,0.0001202809899551,0,stressed
2018-04-16,2677.840087890625,16.559999465942383,17.81999969482422,0.2051670226983593,-0.0395670280389355,0.0760869727968999,0.008076336801563,6.522721613228196e-05,0.0001088228501238,0,stressed
2018-04-17,2706.389892578125,15.25,16.799999237060547,0.2049967863327449,-0.0524967863327449,0.1016392942334784,0.0106050716138667,0.0001124675439352,9.228670634920634e-05,0,stressed
2018-04-18,2708.639892578125,15.600000381469728,16.799999237060547,0.2048481975417665,-0.0488481937270692,0.0769230016825014,0.0008310204075532,6.905949177699971e-07,9.657143329438715e-05,0,stressed
2018-04-19,2693.1298828125,15.960000038146973,17.1200008392334,0.2054689003191239,-0.0458688999376542,0.0726817542803155,-0.0057425817958325,3.2977245681827624e-05,0.0001010800004831,0,stressed
2018-04-20,2670.139892578125,16.8799991607666,17.719999313354492,0.206254507619943,-0.0374545160122769,0.0497630446890225,-0.0085731771883527,7.349936710289124e-05,0.0001130691951061,0,stressed
2018-04-23,2670.2900390625,16.34000015258789,17.350000381469727,0.1990545945261568,-0.0356545930002778,0.0618115189381974,5.623011118453955e-05,3.1618254038256804e-09,0.0001059506368994,0,stressed
2018-04-24,2634.56005859375,18.020000457763672,18.229999542236328,0.2020921500968885,-0.0218921455192518,0.0116536669887919,-0.0134708880064751,0.0001814648236829,0.000128857308134,0,stressed
2018-04-25,2639.39990234375,17.84000015258789,18.229999542236328,0.2018856820424758,-0.0234856805165969,0.021860952147574,0.0018353742328236,3.368598574512946e-06,0.0001262958751763,0,stressed
2018-04-26,2666.93994140625,16.239999771118164,17.290000915527344,0.2043713583724553,-0.0419713606612736,0.0646552437935708,0.0103801441873769,0.0001077473933507,0.0001046577748277,0,stressed
2018-04-27,2669.909912109375,15.40999984741211,17.079999923706055,0.2044639924486854,-0.0503639939745643,0.1083711935645734,0.0011130052713638,1.238780734083639e-06,9.42333711496989e-05,0,stressed
2018-04-30,2648.050048828125,15.93000030517578,17.34000015258789,0.2053650976008101,-0.0460650945490523,0.088512229780309,-0.0082211925489212,6.758800692643824e-05,0.0001007003610011,0,stressed
2018-05-01,2654.800048828125,15.489999771118164,16.90999984741211,0.2018572952984266,-0.046957297587245,0.0916720527615244,0.0025458021710273,6.481108694007785e-06,9.521432258303206e-05,0,stressed
2018-05-02,2635.669921875,15.970000267028809,17.260000228881836,0.2026092310053863,-0.0429092283350982,0.0807764521154281,-0.0072319512014023,5.2301118179464966e-05,0.0001012067097336,0,stressed
2018-05-03,2629.72998046875,15.899999618530272,17.030000686645508,0.2026273973328532,-0.0436274011475504,0.0710692512720757,-0.002256217585064,5.090517791152372e-06,0.0001003214237576,0,stressed
2018-05-04,2663.419921875,14.770000457763672,16.649999618530273,0.1925633619260666,-0.0448633573484299,0.1272849764725906,0.0127298100283349,0.0001620480633574,8.656861647711868e-05,0,stressed
2018-05-07,2672.6298828125,14.75,16.649999618530273,0.1816602506811254,-0.0341602506811254,0.1288135334596795,0.0034519805549899,1.1916169752028778e-05,8.633432539682539e-05,0,stressed
2018-05-08,2671.919921875,14.710000038146973,16.479999542236328,0.164477539810021,-0.0173775394285512,0.1203262746090599,-0.0002656766117338,7.058406202236379e-08,8.586670679455712e-05,0,stressed
2018-05-09,2697.7900390625,13.420000076293944,15.779999732971191,0.157891513806014,-0.0236915130430746,0.1758569033726103,0.0096356479348687,9.28457111247411e-05,7.146682620941646e-05,0,stressed
2018-05-10,2723.070068359375,13.229999542236328,15.239999771118164,0.1591868918122019,-0.0268868963898386,0.1519274601986929,0.0093270116038483,8.699314545832221e-05,6.945749519348154e-05,0,stressed
2018-05-11,2727.719970703125,12.649999618530272,14.81999969482422,0.15494009777468,-0.0284401015893773,0.1715415131803828,0.0017061392709612,2.910911211916206e-06,6.350098823365716e-05,0,stressed
2018-05-14,2730.1298828125,12.93000030517578,14.529999732971191,0.1377639915131652,-0.0084639884614074,0.1237431856173231,0.0008830995101265,7.798647447857683e-07,6.63432174173991e-05,2,calm
2018-05-15,2711.449951171875,14.630000114440918,15.789999961853027,0.1361669158371326,0.0101330853072765,0.0792891208706896,-0.0068656550439908,4.713721918307648e-05,8.4935279106564e-05,2,calm
2018-05-16,2722.4599609375,13.420000076293944,15.140000343322754,0.1329511574071933,0.0012488433557461,0.1281669342213449,0.0040523398475144,1.6421458239753086e-05,7.146682620941646e-05,2,calm
2018-05-17,2720.1298828125,13.43000030517578,15.020000457763672,0.1318633830009951,0.0024366200507626,0.1183916691331066,-0.0008562387886101,7.331448631204919e-07,7.157337626865934e-05,2,calm
2018-05-18,2712.969970703125,13.420000076293944,15.1899995803833,0.1132620145966537,0.0209379861662857,0.1318926597635429,-0.0026356652545503,6.946731334043779e-06,7.146682620941646e-05,2,calm
2018-05-21,2733.010009765625,13.079999923706056,14.6899995803833,0.1144664887409455,0.016333510496115,0.1230886594853336,0.0073596045479333,5.416377910196157e-05,6.789142777942479e-05,2,calm
2018-05-22,2724.43994140625,13.220000267028809,14.880000114440918,0.1058151366485075,0.0263848660217805,0.1255673081605159,-0.0031406885928751,9.863924837416338e-06,6.935254248422293e-05,2,calm
2018-05-23,2733.2900390625,12.579999923706056,14.479999542236328,0.1042656806432686,0.0215343185937919,0.1510333569199683,0.0032431452068987,1.0517990833030343e-05,6.280015796843031e-05,2,calm
2018-05-24,2727.760009765625,12.529999732971191,14.43000030517578,0.102425658747647,0.0228743385820648,0.151636122322091,-0.0020252629577225,4.101690047923098e-06,6.230194178899133e-05,2,calm
2018-05-25,2721.330078125,13.220000267028809,14.829999923706056,0.1022714079662755,0.0299285947040125,0.1217851455489489,-0.0023600030541859,5.56961441576688e-06,6.935254248422293e-05,2,calm
2018-05-29,2689.860107421875,17.020000457763672,17.1299991607666,0.1059807902371191,0.0642192143405176,0.006462908345737,-0.0116315725117922,0.000135293479097,0.0001149525458659,2,calm
2018-05-30,2724.010009765625,14.9399995803833,16.0,0.1078484291859718,0.0415515666178611,0.0709504986203958,0.0126158753519238,0.0001591603108952,8.857285216740206e-05,2,calm
2018-05-31,2705.27001953125,15.43000030517578,16.329999923706055,0.1097777131908039,0.0445222898609538,0.0583279067226189,-0.0069033332434342,4.765600986990386e-05,9.447813865782722e-05,2,calm
2018-06-01,2734.6201171875,13.460000038146973,15.270000457763672,0.1127349377797632,0.0218650626017064,0.1344725419381113,0.0107907997092398,0.0001164413583649,7.18934924709986e-05,2,calm
2018-06-04,2746.8701171875,12.739999771118164,14.899999618530272,0.1099058068765713,0.0174941908346103,0.1695447320422148,0.0044695948983522,1.99772785553762e-05,6.440777546352812e-05,2,calm
2018-06-05,2748.800048828125,12.399999618530272,14.720000267028809,0.1098763854098187,0.0141236107754839,0.187096832247606,0.0007023462695756,4.932902823868653e-07,6.101586926172654e-05,2,calm
2018-06-06,2772.35009765625,11.640000343322754,14.1899995803833,0.1030475443843437,0.0133524590488837,0.2190720929422777,0.0085309006373119,7.27762656836898e-05,5.376571745736263e-05,2,calm
2018-06-07,2770.3701171875,12.130000114440918,14.43000030517578,0.1032830084717011,0.018016992672708,0.1896125448504062,-0.0007144436219845,5.104296889943725e-07,5.838765983187964e-05,2,calm
2018-06-08,2779.030029296875,12.18000030517578,14.600000381469728,0.1000206588869813,0.0217793441647764,0.1986863723858522,0.0031210289077513,9.74082144301957e-06,5.887000295003257e-05,2,calm
2018-06-11,2782.0,12.350000381469728,14.550000190734863,0.1000217543309486,0.0234782494837486,0.1781376308753863,0.0010681370069403,1.1409166655954268e-06,6.0524805326310485e-05,2,calm
2018-06-12,2786.85009765625,12.34000015258789,14.59000015258789,0.0957981463523967,0.0276018551734822,0.1823338713272333,0.0017418672787038,3.0341016166191504e-06,6.042682689121792e-05,2,calm
2018-06-13,2775.6298828125,12.9399995803833,14.920000076293944,0.0971833044311131,0.0322166913727198,0.153013953641256,-0.0040342545414114,1.6275209704898963e-05,6.644586870647621e-05,2,calm
2018-06-14,2782.489990234375,12.119999885559082,14.399999618530272,0.0936252753639312,0.0275747234916595,0.1881187916253859,0.0024685005225036,6.093494829600975e-06,5.829142747061594e-05,2,calm
2018-06-15,2779.659912109375,11.979999542236328,14.420000076293944,0.0932261496871487,0.0265738457352145,0.2036728403415394,-0.001017620315494,1.035551106506271e-06,5.695253533015184e-05,2,calm
2018-06-18,2773.75,12.3100004196167,14.479999542236328,0.0879525773293548,0.0351474268668121,0.176279370320866,-0.0021283911808865,4.530049018875499e-06,6.013337711546164e-05,2,calm
2018-06-19,2762.590087890625,13.350000381469728,15.170000076293944,0.0890678743673771,0.0444321294473201,0.1363295612598213,-0.0040315179513912,1.6253136992390256e-05,7.072321832747694e-05,2,calm
2018-06-20,2767.320068359375,12.789999961853027,14.789999961853027,0.0889880200475904,0.0389119795709398,0.1563721662208854,0.0017106902241125,2.9264610428742297e-06,6.491432500960335e-05,2,calm
2018-06-21,2749.760009765625,14.640000343322754,15.869999885559082,0.0878364114824257,0.0585635919508018,0.0840163602043442,-0.0063657288432202,4.0522503705406455e-05,8.505143256051204e-05,2,calm
2018-06-22,2754.8798828125,13.770000457763672,15.5,0.0839985138021599,0.0537014907754768,0.1256354019408137,0.0018602032551338,3.460356150410696e-06,7.524321928841736e-05,2,calm
2018-06-25,2717.070068359375,17.329999923706055,17.520000457763672,0.093406015733419,0.0798939835036414,0.0109636777203738,-0.0138197229677706,0.0001909847429059,0.0001191781338712,2,calm
2018-06-26,2723.06005859375,15.920000076293944,16.8700008392334,0.0936083999086513,0.065591600854288,0.0596734144715285,0.0022021505056967,4.849466849740336e-06,0.0001005739692179,2,calm
2018-06-27,2699.6298828125,17.90999984741211,18.049999237060547,0.0948591728345811,0.0842408256395399,0.0078168280760017,-0.0086415863131411,7.467701400746788e-05,0.0001272889264025,2,calm
2018-06-28,2716.31005859375,16.850000381469727,17.520000457763672,0.0958609042588331,0.0726390995558641,0.039762614903603,0.0061596800190312,3.794165793685328e-05,0.0001126676638315,2,calm
2018-06-29,2718.3701171875,16.09000015258789,17.139999389648438,0.0958608188209511,0.0650391827049278,0.0652578761406454,0.000758115887517,5.747396989056887e-07,0.0001027333749643,2,calm
2018-07-02,2726.7099609375,15.600000381469728,16.950000762939453,0.09593331553953,0.0600666882751672,0.0865384838755072,0.0030632608342934,9.38356693891627e-06,9.657143329438715e-05,2,calm
2018-07-03,2713.219970703125,16.139999389648438,17.350000381469727,0.0945429936149169,0.0668570002815674,0.0749690853518455,-0.0049596292805336,2.4597922600327e-05,0.0001033728493245,2,calm
2018-07-05,2736.610107421875,14.970000267028809,16.530000686645508,0.097480685928285,0.052219316742003,0.1042084430053468,0.0085838567455378,7.368259662791525e-05,8.892893174398515e-05,2,calm
2018-07-06,2759.820068359375,13.369999885559082,15.710000038146973,0.1000480848971695,0.0336519139584212,0.1750187114896927,0.0084455176005801,7.132676754170925e-05,7.093527656343247e-05,2,calm
2018-07-09,2784.169921875,12.6899995803833,14.869999885559082,0.1027140203734737,0.0241859754303592,0.1717888398157011,0.0087842907853415,7.716376460143568e-05,6.390321005957474e-05,2,calm
2018-07-10,2793.840087890625,12.640000343322754,14.710000038146973,0.1026026441298786,0.0237973593033489,0.1637657941930138,0.0034672493188218,1.2021817838870644e-05,6.340063836476166e-05,2,calm
2018-07-11,2774.02001953125,13.630000114440918,15.380000114440918,0.098577225446792,0.0377227756976171,0.1283932491053968,-0.0071194863719165,5.06870861999048e-05,7.372099330145216e-05,2,calm
2018-07-12,2798.2900390625,12.579999923706056,14.760000228881836,0.0951792006096611,0.0306207986273994,0.1732909633065843,0.0087109915801719,7.588137430982573e-05,6.280015796843031e-05,2,calm
2018-07-13,2801.31005859375,12.18000030517578,14.539999961853027,0.0922616867155244,0.0295383163362333,0.1937602296836058,0.0010786555366086,1.1634977666564892e-06,5.887000295003257e-05,2,calm
2018-07-16,2798.429931640625,12.829999923706056,14.850000381469728,0.0877950985504247,0.0405049006866358,0.1574435284314621,-0.0010286646208985,1.0581509022883337e-06,6.532099128662596e-05,2,calm
2018-07-17,2809.550048828125,12.0600004196167,14.399999618530272,0.0876225459545003,0.0329774582416666,0.1940297775701026,0.0039658243434434,1.5727762723048525e-05,5.771571830204562e-05,2,calm
2018-07-18,2815.6201171875,12.100000381469728,14.390000343322754,0.0877169072786116,0.0332830965360856,0.189256189227894,0.0021581820767374,4.657749876350827e-06,5.8099210012526806e-05,2,calm
2018-07-19,2804.489990234375,12.869999885559082,14.970000267028809,0.0855966693236342,0.0431033295319566,0.163170194261311,-0.0039608268490495,1.5688149328151437e-05,6.572892740249636e-05,2,calm
2018-07-20,2801.830078125,12.859999656677246,15.079999923706056,0.0856255112179977,0.0429744853487747,0.1726283301940936,-0.0009488977712743,9.00406980329462e-07,6.562682189275352e-05,2,calm
2018-07-23,2806.97998046875,12.619999885559082,14.859999656677246,0.0853481862002573,0.0408518126553334,0.1774960215080009,0.0018363623432315,3.3722266556387542e-06,6.320015758393304e-05,2,calm
2018-07-24,2820.39990234375,12.40999984741211,14.699999809265137,0.0862939592374673,0.0378060392366537,0.1845286051579257,0.0047695188860535,2.2748310404421608e-05,6.111432389395579e-05,2,calm
2018-07-25,2846.070068359375,12.289999961853027,14.550000190734863,0.0897774683815259,0.0331225312370043,0.1838893601217785,0.0090604350703727,8.20914836644398e-05,5.9938134548550565e-05,2,calm
2018-07-26,2837.43994140625,12.140000343322754,14.399999618530272,0.0893659527838416,0.0320340506493859,0.1861613847853442,-0.0030369027488673,9.222778306078126e-06,5.848397156185579e-05,2,calm
2018-07-27,2818.820068359375,13.029999732971191,15.0,0.0916610922636035,0.0386389050661083,0.1511895861397378,-0.0065838346448454,4.33468786306673e-05,6.737337025445609e-05,2,calm
2018-07-30,2802.60009765625,14.260000228881836,15.65999984741211,0.09333443000746,0.0492655722813583,0.0981766897657372,-0.0057707893155871,3.330200932489472e-05,8.069349465385318e-05,2,calm
2018-07-31,2816.2900390625,12.829999923706056,14.869999885559082,0.0939720688658161,0.0343279303712444,0.1590023362419283,0.004872837219303,2.3744542565825504e-05,6.532099128662596e-05,2,calm
2018-08-01,2813.360107421875,13.149999618530272,15.220000267028809,0.0931126777976168,0.0383873183876858,0.1574145025511334,-0.0010408930675711,1.0834583781176445e-06,6.862003570132791e-05,2,calm
2018-08-02,2827.219970703125,12.1899995803833,14.760000228881836,0.0939022502524326,0.0279977455514003,0.2108286084467383,0.0049143495822087,2.4150831816154823e-05,5.896670228958137e-05,2,calm
2018-08-03,2840.35009765625,11.640000343322754,14.489999771118164,0.0920899932710031,0.0243100101622244,0.24484530444454,0.0046334320653479,2.146869270419492e-05,5.376571745736263e-05,2,calm
2018-08-06,2850.39990234375,11.270000457763672,14.229999542236328,0.092340124744421,0.0203598798332156,0.2626440962061873,0.0035319826508016,1.2474901445563682e-05,5.040194853888626e-05,2,calm
2018-08-07,2858.449951171875,10.93000030517578,13.93000030517578,0.0807926102134911,0.0285073928382666,0.2744739173135598,0.0028202017464857,7.953537890881375e-06,4.740670899648517e-05,2,calm
2018-08-08,2857.699951171875,10.850000381469728,13.960000038146973,0.0809726356559873,0.0275273681587099,0.286635902980122,-0.0002624143932951,6.886131380843959e-08,4.671528106265605e-05,2,calm
2018-08-09,2853.580078125,11.270000457763672,14.130000114440918,0.0755609693160828,0.0371390352615538,0.253771032875784,-0.0014427146770399,2.081425639346486e-06,5.040194853888626e-05,2,calm
2018-08-10,2833.280029296875,13.15999984741211,15.220000267028809,0.0787319224115156,0.0528680760626054,0.1565349881080579,-0.0071393122632444,5.096977959211293e-05,6.872444285074871e-05,2,calm
2018-08-13,2821.929931640625,14.779999732971191,16.209999084472656,0.0802726143627088,0.067527382967003,0.0967523259362058,-0.0040140376659802,1.6112498383908305e-05,8.668586988358274e-05,2,calm
2018-08-14,2839.9599609375,13.3100004196167,15.350000381469728,0.0814853907962225,0.0516146133999444,0.1532682116858849,0.0063689300164174,4.056326955402282e-05,7.030004411515742e-05,2,calm
2018-08-15,2818.3701171875,14.640000343322754,16.190000534057617,0.0836246405127241,0.0627753629205033,0.1058743274853687,-0.0076312085813788,5.823534441250967e-05,8.505143256051204e-05,2,calm
2018-08-16,2840.68994140625,13.449999809265137,15.510000228881836,0.0831185376705258,0.0513814604221255,0.1531598846713478,0.0078882145526381,6.222392882845166e-05,7.17867043131874e-05,2,calm
2018-08-17,2850.1298828125,12.640000343322754,15.170000076293944,0.0805468681571155,0.045853135276112,0.2001582012857851,0.003317606375263,1.1006512061186292e-05,6.340063836476166e-05,2,calm
2018-08-20,2857.050048828125,12.489999771118164,15.0,0.0772999468914207,0.0476000508197609,0.200960790622747,0.0024250749021282,5.880988280932492e-06,6.1904799318465e-05,2,calm
2018-08-21,2862.9599609375,12.859999656677246,15.1899995803833,0.076995600943361,0.0516043956234114,0.1811819584688914,0.002066399954627,4.270008772482707e-06,6.562682189275352e-05,2,calm
2018-08-22,2861.820068359375,12.25,15.079999923706056,0.0733553274708242,0.0491446725291757,0.2310204019351882,-0.0003982310542435,1.5858797256389373e-07,5.95486111111111e-05,2,calm
2018-08-23,2856.97998046875,12.40999984741211,15.0600004196167,0.0700212059362568,0.0540787925378642,0.213537518516344,-0.0016926939235351,2.865212718772672e-06,6.111432389395579e-05,2,calm
2018-08-24,2874.68994140625,11.989999771118164,14.81999969482422,0.0718041186071658,0.0480958791040157,0.2360300231633896,0.0061797059282853,3.818876536008489e-05,5.704765655214826e-05,2,calm
2018-08-27,2896.739990234375,12.15999984741211,14.789999961853027,0.0741778771936909,0.0474221212804301,0.2162829068620946,0.0076411414071104,5.8387042003457775e-05,5.8676823924231154e-05,2,calm
2018-08-28,2897.52001953125,12.5,15.109999656677246,0.0737312682800071,0.0512687317199928,0.2087999725341797,0.0002692420775983,7.24912963494787e-08,6.200396825396825e-05,2,calm
2018-08-29,2914.0400390625,12.25,14.949999809265137,0.0749005584892299,0.04759944151077,0.2204081476951132,0.0056852424689116,3.232198193031685e-05,5.95486111111111e-05,2,calm
2018-08-30,2901.1298828125,13.529999732971191,15.539999961853027,0.075196815090556,0.0601031822391558,0.1485587781634375,-0.004440172044458,1.9715127784387005e-05,7.264321141833351e-05,2,calm
2018-08-31,2901.52001953125,12.859999656677246,15.149999618530272,0.0750019437248122,0.0535980528419601,0.1780715414454928,0.0001344684673049,1.8081768699334424e-08,6.562682189275352e-05,2,calm
2018-09-04,2896.719970703125,13.15999984741211,15.449999809265137,0.075412229812274,0.056187768661847,0.1740121571736455,-0.0016556920488793,2.741316160722159e-06,6.872444285074871e-05,2,calm
2018-09-05,2888.60009765625,13.90999984741211,15.920000076293944,0.0753611325347647,0.0637388659393563,0.1445003774932309,-0.0028070628012659,7.879601570251165e-06,7.67809903789702e-05,2,calm
2018-09-06,2878.050048828125,14.649999618530272,16.34000015258789,0.0721906418809264,0.0743093543043762,0.1153584012329936,-0.0036589910366181,1.338821540605202e-05,8.51676542948163e-05,2,calm
2018-09-07,2871.679931640625,14.880000114440918,16.59000015258789,0.0718922785627286,0.0769077225816805,0.1149193565185145,-0.0022157978950144,4.909760311550618e-06,8.786285849434988e-05,2,calm
2018-09-10,2877.1298828125,14.15999984741211,16.170000076293945,0.068871731196645,0.072728267277476,0.1419491702359859,0.0018960282146933,3.5949229909133648e-06,7.956571257091704e-05,2,calm
2018-09-11,2887.889892578125,13.220000267028809,15.539999961853027,0.0666042747204994,0.0655957279497886,0.1754916526446968,0.0037328656897154,1.3934286257454622e-05,6.935254248422293e-05,2,calm
2018-09-12,2888.919921875,13.140000343322754,15.31999969482422,0.065600513566783,0.0657994898664445,0.1659055779712562,0.0003566083498935,1.271695152138023e-07,6.851571786608021e-05,2,calm
2018-09-13,2904.179931640625,12.369999885559082,14.770000457763672,0.066562778301383,0.0571372205542077,0.1940178330160201,0.0052683521593913,2.775553447536333e-05,6.072099093997291e-05,2,calm
2018-09-14,2904.97998046875,12.06999969482422,14.369999885559082,0.0655785697741663,0.0551214271740758,0.1905551158979012,0.0002754439007663,7.586934246938594e-08,5.781146533057809e-05,2,calm
2018-09-17,2888.800048828125,13.68000030517578,15.279999732971191,0.0671970587663996,0.0696029442853581,0.1169590198905227,-0.0055852909915492,3.119547546028073e-05,7.426286045619421e-05,2,calm
2018-09-18,2904.31005859375,12.789999961853027,15.039999961853027,0.068098260416786,0.0598017392017442,0.1759186869984961,0.0053546528676252,2.86723073327672e-05,6.491432500960335e-05,2,calm
2018-09-19,2907.949951171875,11.75,14.649999618530272,0.0678099976069452,0.0496900023930547,0.2468084781727891,0.0012524880331719,1.568726273239032e-06,5.4786706349206346e-05,2,calm
2018-09-20,2930.75,11.800000190734863,14.510000228881836,0.070911706891247,0.0470882950161016,0.2296610164697127,0.007810014185329,6.099632157504114e-05,5.525397004021541e-05,2,calm
2018-09-21,2929.669921875,11.68000030517578,14.579999923706056,0.0706790173564382,0.0461209856953195,0.2482876320855227,-0.000368600937007,1.3586665076247432e-07,5.413587584480409e-05,2,calm
2018-09-24,2919.3701171875,12.199999809265137,14.770000457763672,0.0678340614257929,0.0541659366668584,0.2106557941539294,-0.0035218823140138,1.2403655033763544e-05,5.90634902166942e-05,2,calm
2018-09-25,2915.56005859375,12.420000076293944,14.920000076293944,0.0665370909392205,0.0576629098237189,0.2012882435300262,-0.0013059484931179,1.7055014666770337e-06,6.121285789489745e-05,2,calm
2018-09-26,2905.969970703125,12.890000343322754,15.149999618530272,0.0657625443902713,0.0631374590429561,0.1753296520568548,-0.0032946996811599,1.0855045989035415e-05,6.593337652811935e-05,2,calm
2018-09-27,2914.0,12.40999984741211,14.890000343322754,0.0609528771279754,0.0631471213461456,0.1998388820631456,0.0027594762285113,7.614709055719482e-06,6.111432389395579e-05,2,calm
2018-09-28,2913.97998046875,12.119999885559082,14.770000457763672,0.0575248594596774,0.0636751393959134,0.2186469139626025,-6.870144138179519e-06,4.7198880479362405e-11,5.829142747061594e-05,2,calm
2018-10-01,2924.590087890625,12.0,14.739999771118164,0.0576502184214177,0.0623497815785822,0.228333314259847,0.0036344923421985,1.3209534585499549e-05,5.714285714285714e-05,2,calm
2018-10-02,2923.429931640625,12.050000190734863,14.84000015258789,0.0575644383181952,0.0629355635891534,0.2315352628789361,-0.000396768910279,1.5742556816404817e-07,5.762004150663105e-05,2,calm
2018-10-03,2925.510009765625,11.609999656677246,14.68000030517578,0.0574321742046468,0.0586678223621256,0.264427281591941,0.0007112667367183,5.059003707620013e-07,5.348892540795467e-05,2,calm
2018-10-04,2901.610107421875,14.220000267028809,15.84000015258789,0.0629434463147956,0.0792565563554924,0.1139240404457159,-0.0082030354210098,6.728979011834167e-05,8.024143158503946e-05,2,calm
2018-10-05,2885.570068359375,14.81999969482422,16.25,0.0650423331461904,0.0831576638020517,0.0964912506492963,-0.0055433145846221,3.072833658408459e-05,8.715571069626588e-05,2,calm
2018-10-08,2884.429931640625,15.6899995803833,16.510000228881836,0.0626531732460903,0.0942468225577427,0.0522626303651247,-0.0003951947083496,1.5617885750760289e-07,9.768892334620168e-05,2,calm
2018-10-09,2880.340087890625,15.949999809265137,16.6299991607666,0.0585621780483633,0.100937820044288,0.0426331886917304,-0.0014189098341542,2.0133051174597764e-06,0.0001009533706014,2,calm
2018-10-10,2785.679931640625,22.959999084472656,20.700000762939453,0.1126622082987784,0.1169377825459481,-0.0984319865701384,-0.033416389042602,0.0011166550566465,0.0002091910944281,0,stressed
2018-10-11,2728.3701171875,24.979999542236328,21.559999465942383,0.1239364491907434,0.1258635462316198,-0.1369095331851944,-0.0207875799725415,0.0004321234811148,0.0002476191972738,0,stressed
2018-10-12,2767.1298828125,21.309999465942383,19.84000015258789,0.1323849035839364,0.0807150910754874,-0.068981668240013,0.0141062354083762,0.0001989858773965,0.0001802047925549,0,stressed
2018-10-15,2750.7900390625,21.299999237060547,20.290000915527344,0.1328677659558224,0.080132226414783,-0.0474177632727739,-0.0059224822913,3.5075796490762666e-05,0.0001800357013884,0,stressed
2018-10-16,2809.919921875,17.6200008392334,17.959999084472656,0.1487170295231165,0.0274829788692174,0.0192961537483133,0.0212678280349012,0.0004523205093221,0.0001232001704661,0,stressed
2018-10-17,2809.2099609375,17.399999618530273,18.100000381469727,0.1486336704343291,0.0253663257509735,0.040229929786549,-0.0002526942626648,6.385439038374843e-08,0.0001201428518749,0,stressed
2018-10-18,2768.780029296875,20.059999465942383,19.86000061035156,0.1535993390945274,0.0470006555648963,-0.009970032946929,-0.0144964905753411,0.0002101482390009,0.0001596839597514,0,stressed
2018-10-19,2767.780029296875,19.88999938964844,19.84000015258789,0.1535962734003022,0.0453037204961821,-0.0025137877624356,-0.0003612351352793,1.3049082296031129e-07,0.0001569889189365,0,stressed
2018-10-22,2755.8798828125,19.63999938964844,19.81999969482422,0.1535522411770043,0.04284775271948,0.0091649852734032,-0.0043087970964778,1.8565732418616105e-05,0.0001530672920735,0,stressed
2018-10-23,2740.68994140625,20.709999084472656,20.280000686645508,0.1531889520568976,0.0539110387878289,-0.0207628400210572,-0.0055270761806941,3.054857110719679e-05,0.0001702000246344,0,stressed
2018-10-24,2656.10009765625,25.229999542236328,22.6200008392334,0.1753692780856614,0.0769307173367018,-0.1034482263320558,-0.0313507738611408,0.0009828710216923,0.0002526003479766,0,stressed
2018-10-25,2705.570068359375,24.21999931335449,22.440000534057617,0.1845638683082099,0.0576361248253349,-0.0734929326903577,0.0184537179787141,0.0003405397072379,0.0002327810979122,0,stressed
2018-10-26,2658.68994140625,24.15999984741211,22.479999542236328,0.1894679892972365,0.0521320091768845,-0.0695364369116804,-0.0174791380100031,0.0003055202655727,0.0002316292034233,0,stressed
2018-10-29,2641.25,24.700000762939453,23.059999465942383,0.1896101511448209,0.0573898564845735,-0.0663968115927256,-0.0065812082951939,4.331230262472992e-05,0.0002420992213052,0,stressed
2018-10-30,2682.6298828125,23.350000381469727,22.229999542236328,0.1957079112285804,0.0377920925861168,-0.0479657739158847,0.0155453229718774,0.0002416570662999,0.0002163581419899,0,stressed
2018-10-31,2711.739990234375,21.229999542236328,21.14999961853028,0.1992802996902698,0.0130196957320934,-0.0037682489604813,0.010792878754571,0.0001164862318108,0.0001788543176838,0,stressed
2018-11-01,2740.3701171875,19.34000015258789,20.06999969482422,0.2006189291096909,-0.007218927583812,0.0377455809967326,0.0105024988685292,0.0001103024824834,0.0001484268277389,0,stressed
2018-11-02,2723.06005859375,19.51000022888184,20.299999237060547,0.2008809711797876,-0.0057809688909692,0.0404920040446347,-0.0063367210558797,4.015403374002973e-05,0.0001510476622741,0,stressed
2018-11-05,2738.31005859375,19.959999084472656,20.200000762939453,0.2021835755589437,-0.0025835847142171,0.0120241327392394,0.0055846936971941,3.11888036914797e-05,0.0001580958585127,0,stressed
2018-11-06,2755.449951171875,19.90999984741211,19.57999992370605,0.2036298092537843,-0.0045298107796632,-0.0165745819304439,0.0062397877444086,3.893495109527221e-05,0.0001573047991761,0,stressed
2018-11-07,2813.889892578125,16.360000610351562,17.6200008392334,0.2140605452567036,-0.0504605391531879,0.0770171260314372,0.020987078560774,0.0004404574665161,0.000106210166655,0,stressed
2018-11-08,2806.830078125,16.719999313354492,17.68000030517578,0.2137854112349037,-0.0465854181013588,0.0574163296199733,-0.0025120689884914,6.310490602940493e-06,0.0001109358639041,0,stressed
2018-11-09,2781.010009765625,17.360000610351562,18.459999084472656,0.2149911524834321,-0.0413911463799165,0.0633639651755068,-0.0092415859153724,8.540691023121008e-05,0.0001195911195203,0,stressed
2018-11-12,2726.219970703125,20.450000762939453,20.229999542236328,0.220793634415003,-0.0162936267856085,-0.0107580055009984,-0.0198981509854674,0.0003959364126404,0.0001659533853985,0,stressed
2018-11-13,2722.179931640625,20.020000457763672,20.270000457763672,0.2207329416508343,-0.0205329370731975,0.0124875122019815,-0.0014830188221738,2.199344826922042e-06,0.0001590477850511,0,stressed
2018-11-14,2701.580078125,21.25,21.21999931335449,0.2210357442576627,-0.0085357442576627,-0.0014117970186122,-0.0075961888184505,5.770208456555309e-05,0.0001791914682539,0,stressed
2018-11-15,2730.199951171875,19.979999542236328,20.309999465942383,0.2236065383693223,-0.0238065429469589,0.0165165130764121,0.0105380327426419,0.0001110501340849,0.000158412849884,0,stressed
2018-11-16,2736.27001953125,18.13999938964844,19.350000381469727,0.2236786563622815,-0.042278662465797,0.0667034747813591,0.0022208375374839,4.932119367897921e-06,0.000130579197562,0,stressed
2018-11-19,2690.72998046875,20.100000381469727,20.63999938964844,0.2278075421929066,-0.0268075383782093,0.0268656217875767,-0.0167831612357214,0.0002816745010642,0.0001603214346567,0,stressed
2018-11-20,2641.889892578125,22.479999542236328,22.270000457763672,0.2324464024727157,-0.0076464070503524,-0.0093415964745951,-0.0183179955565859,0.0003355489612111,0.0002005358648487,0,stressed
2018-11-21,2649.929931640625,20.799999237060547,21.31999969482422,0.2141220009404144,-0.0061220085698089,0.0250000229248642,0.0030386693107672,9.233511180198418e-06,0.0001716825270879,0,stressed
2018-11-23,2632.56005859375,21.520000457763672,21.75,0.2069343980700135,0.0082656065076232,0.0106877108431172,-0.0065764197118556,4.324929622648309e-05,0.0001837739760722,0,stressed
2018-11-26,2673.449951171875,18.89999961853028,20.11000061035156,0.2078066554358487,-0.0188066592505459,0.0640212177906581,0.0154129758453664,0.0002375598244098,0.0001417499942779,0,stressed
2018-11-27,2682.169921875,19.020000457763672,19.940000534057617,0.2076768821720085,-0.0174768775943718,0.0483701395453129,0.0032563843646126,1.0604039130093672e-05,0.0001435557211957,0,stressed
2018-11-28,2743.7900390625,18.489999771118164,19.280000686645508,0.2090525643036525,-0.0241525665924708,0.0427258477721208,0.0227140513031137,0.0005159281266004,0.0001356667029904,0,stressed
2018-11-29,2737.800048828125,18.790000915527344,19.59000015258789,0.2090841374054347,-0.0211841282501613,0.0425757955338606,-0.0021854945453934,4.776386407944537e-06,0.0001401048152402,0,stressed
2018-11-30,2760.169921875,18.06999969482422,18.88999938964844,0.2065301811568765,-0.0258301842086343,0.0453790652281579,0.0081375477166175,6.621968284022765e-05,0.0001295733686392,0,stressed
2018-12-03,2790.3701171875,16.440000534057617,17.950000762939453,0.2089647428877264,-0.0445647375471502,0.0918491593570007,0.0108820017943624,0.0001184179630525,0.0001072514355396,0,stressed
2018-12-04,2700.06005859375,20.739999771118164,20.75,0.2298014097425467,-0.022401412031365,0.0004821711182351,-0.0329002288385561,0.0010824250576293,0.000170693488296,0,stressed
2018-12-06,2695.949951171875,21.190000534057617,21.059999465942383,0.2293604485739775,-0.0174604432334013,-0.0061350195771014,-0.0015233879141442,2.320710736960877e-06,0.0001781810010449,0,stressed
2018-12-07,2633.080078125,23.229999542236328,22.440000534057617,0.2212695483963646,0.0110304470259986,-0.0340077065753854,-0.0235963354563222,0.0005567870469672,0.0002141400312429,0,stressed
2018-12-10,2637.719970703125,22.63999938964844,22.01000022888184,0.2141566776724052,0.0122433162240791,-0.0278268188052448,0.0017606032229163,3.09972370854334e-06,0.0002034006239536,0,stressed
2018-12-11,2636.780029296875,21.76000022888184,21.71999931335449,0.208269841705432,0.0093301605833863,-0.001838277348649,-0.0003564096753056,1.2702785665149057e-07,0.0001878958769686,0,stressed
2018-12-12,2651.070068359375,21.459999084472656,21.59000015258789,0.2080135834785784,0.0065864073661481,0.0060578319506684,0.0054048710103512,2.9212630638535263e-05,0.0001827506193276,0,stressed
2018-12-13,2650.5400390625,20.64999961853028,21.350000381469727,0.202810557953412,0.0036894382318907,0.0338983426571739,-0.000199950312415,3.9980127434871694e-08,0.0001692152715259,0,stressed
2018-12-14,2599.949951171875,21.6299991607666,21.959999084472656,0.2070643870416868,0.0092356045659791,0.0152565851368419,-0.0192712122686998,0.0003713796223052,0.0001856574855931,0,stressed
2018-12-17,2545.93994140625,24.520000457763672,23.40999984741211,0.2114026566660561,0.0337973479115805,-0.0452691920729596,-0.0209922848285766,0.000440676022324,0.0002385835009717,0,stressed
2018-12-18,2546.159912109375,25.57999992370605,23.89999961853028,0.211196854946336,0.0446031442907244,-0.0656763217430211,8.639685378910398e-05,7.46441634465581e-09,0.0002596573000384,0,stressed
2018-12-19,2506.9599609375,25.57999992370605,24.020000457763672,0.2132485262530046,0.0425514729840559,-0.0609851239482085,-0.0155154591759368,0.0002407294734401,0.0002596573000384,0,stressed
2018-12-20,2467.419921875,28.3799991607666,25.239999771118164,0.2146132645654868,0.0691867270421791,-0.1106412784532168,-0.0158978094841039,0.0002527403463928,0.0003196128382401,0,stressed
2018-12-21,2416.6201171875,30.11000061035156,26.229999542236328,0.2069136912696021,0.0941863148339134,-0.1288608764352306,-0.0208031204985406,0.0004327698224768,0.0003597667209346,0,stressed
2018-12-24,2351.10009765625,36.06999969482422,28.84000015258789,0.2166585162375907,0.1440414807106514,-0.2004435709289396,-0.0274865728783144,0.0007555116885948,0.0005162876499938,0,stressed
2018-12-26,2467.699951171875,30.40999984741211,25.690000534057617,0.2674163412106995,0.0366836572634216,-0.1552120794816828,0.048403177670805,0.0023428676086315,0.0003669714645712,0,stressed
2018-12-27,2488.830078125,29.959999084472656,25.88999938964844,0.2653993930848499,0.0342005977598766,-0.1358477910279233,0.0085262289688169,7.269658042869406e-05,0.0003561910893419,0,stressed
2018-12-28,2485.739990234375,28.34000015258789,25.31999969482422,0.2654125526474223,0.0179874488784566,-0.1065631771878412,-0.0012423539102312,1.543443238266932e-06,0.0003187125431145,0,stressed
2018-12-31,2506.85009765625,25.420000076293945,23.729999542236328,0.2670846097255506,-0.0128846089626111,-0.0664831049954901,0.0084566258622068,7.151452097334616e-05,0.0002564192078884,0,stressed
2019-01-02,2510.030029296875,23.21999931335449,22.75,0.264492938540071,-0.0322929454065261,-0.0202411424312221,0.0012676930626261,1.607045701030504e-06,0.0002139557016318,0,stressed
2019-01-03,2447.889892578125,25.450000762939453,24.11000061035156,0.2717158443850695,-0.017215836755675,-0.0526522637492104,-0.0250683318189151,0.0006284212601832,0.0002570248169974,0,stressed
2019-01-04,2531.93994140625,21.3799991607666,21.86000061035156,0.2894932731524375,-0.0756932815447714,0.0224509573632624,0.0337593990603464,0.0011396970249157,0.0001813906206803,0,stressed
2019-01-07,2549.68994140625,21.39999961853028,21.6200008392334,0.2863927823491379,-0.0723927861638351,0.0102804310572333,0.0069859759952297,4.880386060592645e-05,0.0001817301522512,0,stressed
2019-01-08,2574.409912109375,20.46999931335449,21.13999938964844,0.2878765768668518,-0.0831765837333069,0.0327308304234699,0.0096485873364973,9.309523759001784e-05,0.0001662781237653,0,stressed
2019-01-09,2584.9599609375,19.979999542236328,20.690000534057617,0.2877292810470975,-0.0879292856247342,0.0355355859903998,0.0040896713328221,1.672541161050739e-05,0.000158412849884,0,stressed
2019-01-10,2596.639892578125,19.5,20.520000457763672,0.2841667188866901,-0.08916671888669,0.0523077157827524,0.0045082413744622,2.032424029041309e-05,0.0001508928571428,0,stressed
2019-01-11,2596.260009765625,18.190000534057617,19.739999771118164,0.2838977757966522,-0.101997770456076,0.0852116103107552,-0.0001463085444824,2.1406190188577765e-08,0.0001313000473924,0,stressed
2019-01-14,2582.610107421875,19.06999969482422,19.93000030517578,0.2749573489129252,-0.084257351964683,0.0450970437395955,-0.0052713945872494,2.778760089448322e-05,0.0001443114636351,0,stressed
2019-01-15,2610.300048828125,18.600000381469727,19.239999771118164,0.2774007724825912,-0.0914007686678939,0.0344085686302478,0.010664618879761,0.0001137340958505,0.0001372857199169,0,stressed
2019-01-16,2616.10009765625,19.040000915527344,19.530000686645508,0.2761248410218484,-0.0857248318665749,0.0257352808590761,0.0022195205290883,4.926271379044692e-06,0.0001438577916124,0,stressed
2019-01-17,2635.9599609375,18.059999465942383,19.170000076293945,0.2749666304823982,-0.0943666358229743,0.0614618296332071,0.0075627307062357,5.7194895735041066e-05,0.0001294299923451,0,stressed
2019-01-18,2670.7099609375,17.799999237060547,18.84000015258789,0.2619071389877266,-0.0839071466171212,0.0584270202305406,0.0130969128398557,0.0001715291259347,0.0001257301479521,0,stressed
2019-01-22,2632.89990234375,20.799999237060547,20.690000534057617,0.2649796499675874,-0.0569796575969819,-0.0052883993768104,-0.0142584768279724,0.0002033041614538,0.0001716825270879,0,stressed
2019-01-23,2638.699951171875,19.520000457763672,20.07999992370605,0.2560837762462042,-0.0608837716685674,0.0286884965578805,0.0022004899194508,4.8421558856049e-06,0.0001512025467742,0,stressed
2019-01-24,2642.330078125,18.88999938964844,19.670000076293945,0.2560640973918192,-0.0671641034953347,0.0412917264080452,0.0013747801109775,1.8900203535394585e-06,0.0001416000305321,0,stressed
2019-01-25,2664.760009765625,17.420000076293945,18.81999969482422,0.2572104443059827,-0.0830104435430432,0.0803673715498696,0.008452867700518,7.145097236246076e-05,0.000120419207404,0,stressed
2019-01-28,2643.85009765625,18.8700008392334,19.57999992370605,0.2578231140925124,-0.0691231057001784,0.0376258109642721,-0.0078777758487088,6.205935232250121e-05,0.0001413003697113,0,stressed
2019-01-29,2640.0,19.1299991607666,19.600000381469727,0.2578534874629136,-0.0665534958552475,0.0245688050874065,-0.0014573079351148,2.123746417748674e-06,0.0001452209793217,0,stressed
2019-01-30,2681.050048828125,17.65999984741211,18.68000030517578,0.2550712492367301,-0.078471250762609,0.0577576708140879,0.01542960989156,0.0002380728614057,0.0001237601565915,0,stressed
2019-01-31,2704.10009765625,16.56999969482422,17.8799991607666,0.2471638870777796,-0.0814638901295374,0.079058508754926,0.0085606488097677,7.328470804417811e-05,0.0001089543213835,0,stressed
2019-02-01,2706.530029296875,16.139999389648438,17.59000015258789,0.2471202094065998,-0.0857202155101154,0.0898389602089716,0.0008982065848071,8.067750689908595e-07,0.0001033728493245,0,stressed
2019-02-04,2724.8701171875,15.729999542236328,17.190000534057617,0.2417462304091109,-0.0844462349867476,0.0928163403883813,0.0067533811174796,4.560815651793104e-05,9.8187653015379e-05,0,stressed
2019-02-05,2737.699951171875,15.56999969482422,17.06999969482422,0.2352008604399302,-0.079500863491688,0.096339115568424,0.0046973704373502,2.2065289025691607e-05,9.620035337175648e-05,0,stressed
2019-02-06,2731.610107421875,15.380000114440918,16.899999618530273,0.2244624049379001,-0.0706624037934909,0.0988296159154228,-0.0022269157175087,4.95915361288767e-06,9.38668267937312e-05,0,stressed
2019-02-07,2706.050048828125,16.3700008392334,17.520000457763672,0.2078649702871806,-0.0441649618948467,0.0702504312506881,-0.0094011932022302,8.838243362565994e-05,0.0001063400505859,0,stressed
2019-02-08,2707.8798828125,15.720000267028809,17.260000228881836,0.1614958770523864,-0.0042958743820983,0.0979643724996003,0.0006759725660127,4.569389100017941e-07,9.806286047435945e-05,0,stressed
2019-02-11,2709.800048828125,15.970000267028809,17.219999313354492,0.160799556190075,-0.0010995535197869,0.0782716985237874,0.0007088518038183,5.024708797765919e-07,0.0001012067097336,0,stressed
2019-02-12,2744.72998046875,15.43000030517578,16.81999969482422,0.1628465796371437,-0.0085465765853859,0.0900842101203448,0.0128078529028386,0.0001640410959807,9.447813865782722e-05,0,stressed
2019-02-13,2753.030029296875,15.649999618530272,16.959999084472656,0.1621123634343329,-0.0056123672490302,0.0837060382027926,0.0030194315937109,9.1169671491e-06,9.719146351587209e-05,0,stressed
2019-02-14,2745.72998046875,16.219999313354492,17.31999969482422,0.1628991678607668,-0.0006991747272218,0.0678175356372585,-0.0026551633836986,7.049892594133913e-06,0.0001044001498909,0,stressed
2019-02-15,2775.60009765625,14.90999984741211,16.479999542236328,0.1409029229667113,0.0081970755074097,0.105298438020891,0.0108200046649575,0.0001170725009497,8.821749819437663e-05,2,calm
2019-02-19,2779.760009765625,14.880000114440918,16.450000762939453,0.1096186107026045,0.0391813904418045,0.1055107954585875,0.001497621326592,2.2428696378631994e-06,8.786285849434988e-05,2,calm
2019-02-20,2784.699951171875,14.020000457763672,15.81999969482422,0.1090575175955774,0.0311424869820592,0.1283879585085025,0.0017755335607409,3.152519425317401e-06,7.800016382368792e-05,2,calm
2019-02-21,2774.8798828125,14.460000038146973,16.15999984741211,0.1087012057914476,0.0358987945900221,0.117565684977895,-0.0035326693258413,1.2479752565740652e-05,8.297285758063906e-05,2,calm
2019-02-22,2792.669921875,13.510000228881836,15.460000038146973,0.1091971264773025,0.0259028758115158,0.1443375111938491,0.0063906386947104,4.08402629263299e-05,7.242861356523304e-05,2,calm
2019-02-25,2796.110107421875,14.850000381469728,16.0,0.1091063289867142,0.039393674827983,0.0774410497635592,0.0012311044497517,1.5156181661984623e-06,8.750893306732186e-05,2,calm
2019-02-26,2793.89990234375,15.170000076293944,16.299999237060547,0.1092563497649141,0.0424436509980252,0.0744890675730744,-0.0007907696728402,6.253166754839526e-07,9.132099298204692e-05,2,calm
2019-02-27,2792.3798828125,14.699999809265137,15.989999771118164,0.1071945466866727,0.0398054514059786,0.0877551005844207,-0.000544197436298,2.961508496733962e-07,8.574999777475996e-05,2,calm
2019-02-28,2784.489990234375,14.779999732971191,16.100000381469727,0.1054972421947827,0.0423027551349291,0.0893099237041175,-0.0028295075989504,8.006113252518296e-06,8.668586988358274e-05,2,calm
2019-03-01,2803.68994140625,13.56999969482422,15.380000114440918,0.1063805269652859,0.0293194699829562,0.1333824952337365,0.006871656588713,4.721966427320317e-05,7.307336972917834e-05,2,calm
2019-03-04,2792.81005859375,14.630000114440918,16.030000686645508,0.1066423207418294,0.0396576804025797,0.0956938182674847,-0.0038881073952551,1.5117379117037928e-05,8.4935279106564e-05,2,calm
2019-03-05,2789.64990234375,14.739999771118164,16.149999618530273,0.1015431153975568,0.0458568823136248,0.0956580644034262,-0.0011321734897068,1.2818168107950073e-06,8.621729890974744e-05,2,calm
2019-03-06,2771.449951171875,15.739999771118164,16.739999771118164,0.0932991641194823,0.0641008335916993,0.0635324024486285,-0.006545473604125,4.284322470229751e-05,9.831253682333324e-05,2,calm
2019-03-07,2748.929931640625,16.59000015258789,17.299999237060547,0.0975592106221301,0.0683407909037488,0.0427968100025546,-0.0081589111383311,6.656783096318421e-05,0.000109217502009,2,calm
2019-03-08,2743.070068359375,16.049999237060547,17.110000610351562,0.0980844937996378,0.0624154985709676,0.0660437024098667,-0.0021339641314536,4.553802914330729e-06,0.0001022232045673,2,calm
2019-03-11,2783.300048828125,14.329999923706056,16.010000228881836,0.103433788458378,0.0398662107786825,0.1172365885638675,0.0145595355634894,0.0002119800758245,8.148765786246652e-05,2,calm
2019-03-12,2791.52001953125,13.770000457763672,15.649999618530272,0.0996388983577772,0.0380611062198595,0.1365286200630905,0.0029489657278051,8.696398863769434e-06,7.524321928841736e-05,2,calm
2019-03-13,2810.919921875,13.40999984741211,15.329999923706056,0.1002095090219277,0.0338904894521933,0.1431767410992531,0.0069255467570192,4.796319788366031e-05,7.136035551888604e-05,2,calm
2019-03-14,2808.47998046875,13.5,15.300000190734863,0.0921687969007498,0.0428312030992501,0.1333333474618417,-0.0008683993315961,7.541173991166968e-07,7.232142857142858e-05,2,calm
2019-03-15,2822.47998046875,12.880000114440918,14.979999542236328,0.0903654826457522,0.0384345184986568,0.1630434323863796,0.0049725194084307,2.4725949267220203e-05,6.583111228095161e-05,2,calm
2019-03-18,2832.93994140625,13.100000381469728,15.239999771118164,0.0905870760434534,0.0404129277712438,0.1633587272772539,0.003699096798908,1.3683317127691658e-05,6.809921031528056e-05,2,calm
2019-03-19,2832.570068359375,13.5600004196167,15.5600004196167,0.0893205528708694,0.0462794513252975,0.1474926208045452,-0.0001305700799267,1.704854577208035e-08,7.296571880158931e-05,2,calm
2019-03-20,2824.22998046875,13.90999984741211,15.789999961853027,0.0895362723529172,0.0495637261212038,0.1351545747709467,-0.0029486967407696,8.694812469025692e-06,7.67809903789702e-05,2,calm
2019-03-21,2854.8798828125,13.630000114440918,15.510000228881836,0.0932858749996121,0.043014126144797,0.137931041720907,0.0107940154946893,0.0001165107704995,7.372099330145216e-05,2,calm
2019-03-22,2800.7099609375,16.479999542236328,17.3700008392334,0.1065133317422759,0.0582866636800873,0.0540049345703014,-0.0191568271342732,0.0003669840258524,0.0001077739622667,2,calm
2019-03-25,2798.360107421875,16.329999923706055,17.450000762939453,0.1066618936817418,0.0566381055553186,0.0685854773096175,-0.00083937283331,7.045467532989561e-07,0.0001058209910746,2,calm
2019-03-26,2818.4599609375,14.68000030517578,16.450000762939453,0.1080864756445752,0.0387135274071826,0.1205722357607593,0.007157052947934,5.1223406899531546e-05,8.551682895236549e-05,2,calm
2019-03-27,2805.3701171875,15.149999618530272,16.780000686645508,0.1037060232168303,0.0477939729684723,0.1075908322876489,-0.0046551432765988,2.1670358925663663e-05,9.108035255613784e-05,2,calm
2019-03-28,2815.43994140625,14.43000030517578,16.299999237060547,0.1038270146061344,0.0404729884456233,0.1295910528299873,0.0035830547152617,1.2838281092559292e-05,8.26289320664179e-05,2,calm
2019-03-29,2834.39990234375,13.710000038146973,15.800000190734863,0.1047051966798854,0.0323948037015843,0.1524434826238244,0.0067117060433246,4.504699801200087e-05,7.458892898650395e-05,2,calm
2019-04-01,2867.18994140625,13.399999618530272,15.460000038146973,0.1052749197649269,0.0287250764203758,0.1537313789746693,0.0115021955180444,0.0001323005017353,7.125396419706804e-05,2,calm
2019-04-02,2867.239990234375,13.359999656677246,15.539999961853027,0.1053115632039498,0.0282884333628225,0.1631736797303157,1.7455554858152623e-05,3.046963954059756e-10,7.082920270889529e-05,2,calm
2019-04-03,2873.39990234375,13.739999771118164,15.630000114440918,0.1053397425816071,0.0320602551295745,0.1375546124313323,0.0021460724200891,4.60562683226746e-06,7.491571178981238e-05,2,calm
2019-04-04,2879.389892578125,13.579999923706056,15.479999542236328,0.1044728213359263,0.0313271779011342,0.1399116074524801,0.0020824652429942,4.336661488279199e-06,7.318111028883196e-05,2,calm
2019-04-05,2892.739990234375,12.81999969482422,15.0600004196167,0.1038388928303047,0.0243611041179375,0.1747270497749565,0.0046257176230991,2.1397263528649794e-05,6.521920324416394e-05,2,calm
2019-04-08,2895.77001953125,13.18000030517578,15.279999732971191,0.103839377705656,0.0279606253461017,0.1593322745956799,0.0010469117505236,1.0960242133845271e-06,6.893349525572762e-05,2,calm
2019-04-09,2878.199951171875,14.279999732971191,15.989999771118164,0.1058222560738671,0.0369777412558448,0.1197479040702459,-0.0060859764356695,3.70391091755249e-05,8.091999697367353e-05,2,calm
2019-04-10,2888.2099609375,13.300000190734863,15.380000114440918,0.1059560611029885,0.02704394080436,0.1563909694644244,0.0034718377544999,1.2053657393571076e-05,7.01944464577569e-05,2,calm
2019-04-11,2888.320068359375,13.020000457763672,15.25,0.1053503311542941,0.0248496734233426,0.1712749204172728,3.8122340342693696e-05,1.4533128332041712e-09,6.727000473022469e-05,2,calm
2019-04-12,2907.409912109375,12.010000228881836,14.460000038146973,0.1052210490173361,0.0148789532714821,0.2039966496731065,0.0065875783895457,4.339618903840988e-05,5.723813710227847e-05,2,calm
2019-04-15,2905.580078125,12.31999969482422,14.529999732971191,0.104268402202513,0.0189315947457291,0.1793831244229184,-0.0006295672443571,3.9635491516740353e-07,6.023110812717018e-05,2,calm
2019-04-16,2907.06005859375,12.18000030517578,14.470000267028809,0.1040413076404188,0.0177586954113389,0.1880131284463034,0.0005092283251399,2.59313487124851e-07,5.887000295003257e-05,2,calm
2019-04-17,2900.449951171875,12.600000381469728,14.81999969482422,0.1019318129194676,0.0240681908952296,0.17619041636057,-0.0022764008207388,5.182000696660554e-06,6.300000381469734e-05,2,calm
2019-04-18,2905.030029296875,12.09000015258789,14.56999969482422,0.0977199848836155,0.0231800166422633,0.2051281646762825,0.0015778468242496,2.489600600794783e-06,5.800321574983143e-05,2,calm
2019-04-22,2907.969970703125,12.420000076293944,14.720000267028809,0.0970309509889912,0.0271690497739481,0.1851851994046985,0.0010115058169329,1.0231440176891118e-06,6.121285789489745e-05,2,calm
2019-04-23,2933.679931640625,12.279999732971191,14.539999961853027,0.0918224259165302,0.0309775714131816,0.1840391105884023,0.0088023511749953,7.748138620794274e-05,5.984063231816371e-05,2,calm
2019-04-24,2927.25,13.140000343322754,15.039999961853027,0.0924485975147911,0.0389514059184364,0.1445966186367552,-0.0021941686030362,4.81437585854999e-06,6.851571786608021e-05,2,calm
2019-04-25,2926.169921875,13.25,15.210000038146973,0.0911940818905492,0.0413059181094507,0.1479245311809036,-0.0003690417402728,1.3619180606361926e-07,6.966765873015874e-05,2,calm
2019-04-26,2939.8798828125,12.729999542236328,14.890000343322754,0.0914425977981792,0.035857397624184,0.169677995189226,0.0046743503233048,2.1849550944979905e-05,6.430670172434012e-05,2,calm
2019-04-29,2943.030029296875,13.109999656677246,15.229999542236328,0.0908614068006015,0.0402385897661709,0.1617086148800403,0.0010709485042338,1.1469306987207983e-06,6.820321071352283e-05,2,calm
2019-04-30,2945.830078125,13.119999885559082,15.229999542236328,0.0906043434180174,0.0405956554375734,0.1608231459666154,0.0009509646987914,9.043338583475042e-07,6.830730039566283e-05,2,calm
2019-05-01,2923.72998046875,14.800000190734863,16.190000534057617,0.0940926025076129,0.0539073993997356,0.0939189409060228,-0.0075304458502913,5.6707614704170064e-05,8.69206371610127e-05,2,calm
2019-05-02,2917.52001953125,14.420000076293944,16.030000686645508,0.0938182292112276,0.0503817715517117,0.111650527172906,-0.0021262446486827,4.520916306052196e-06,8.251444531758624e-05,2,calm
2019-05-03,2945.639892578125,12.869999885559082,15.06999969482422,0.0927963166553321,0.0359036822002586,0.1709401576400689,0.0095921274789174,9.200890957180364e-05,6.572892740249636e-05,2,calm
2019-05-06,2932.469970703125,15.4399995803833,16.399999618530273,0.0725824578699086,0.0818175379339244,0.0621761699635448,-0.0044810131890725,2.0079479200641904e-05,9.460062977866528e-05,2,calm
2019-05-07,2884.050048828125,19.31999969482422,18.780000686645508,0.0895520270179972,0.1036479699302449,-0.0279502596639986,-0.0166494880889055,0.0002772054536226,0.0001481199953206,2,calm
2019-05-08,2879.419921875,19.39999961853028,18.75,0.0879077277922226,0.1060922683930801,-0.0335051356346119,-0.0016067153894199,2.58153434259896e-06,0.0001493492004757,2,calm
2019-05-09,2870.719970703125,19.100000381469727,18.440000534057617,0.0871668798046832,0.1038331240100139,-0.0345549651429547,-0.0030259986619282,9.1566679019918e-06,0.0001447658787984,2,calm
2019-05-10,2881.39990234375,16.040000915527344,16.899999618530273,0.0872042732590597,0.0731957358962137,0.0536158761793097,0.0037133940699186,1.3789295518506904e-05,0.0001020958846706,2,calm
2019-05-13,2811.8701171875,20.549999237060547,19.790000915527344,0.1119586296819866,0.0935413626886188,-0.0369828880656402,-0.0244264691384975,0.0005966523945739,0.0001675803446996,2,calm
2019-05-14,2834.409912109375,18.059999465942383,18.290000915527344,0.1091748705632942,0.0714251240961295,0.0127354073303655,0.007983987523216,6.374405677087025e-05,0.0001294299923451,2,calm
2019-05-15,2850.9599609375,16.440000534057617,17.489999771118164,0.1106462716748722,0.0537537336657039,0.0638685646563901,0.005821994327723,3.3895617952039426e-05,0.0001072514355396,2,calm
2019-05-16,2876.320068359375,15.289999961853027,16.739999771118164,0.1135481433077116,0.0393518563108186,0.0948332120917421,0.008855957116499,7.84279764492708e-05,9.277146779105776e-05,2,calm
2019-05-17,2859.530029296875,15.960000038146973,17.059999465942383,0.1146287638634603,0.0449712365180093,0.0689222697472577,-0.0058544371740438,3.4274434624826e-05,0.0001010800004831,2,calm
2019-05-20,2840.22998046875,16.309999465942383,17.290000915527344,0.1151912591690515,0.0479087354903722,0.0600859277544027,-0.0067722579754053,4.586347808544162e-05,0.0001055619375313,2,calm
2019-05-21,2864.360107421875,14.949999809265137,16.420000076293945,0.1180854784635455,0.0314145196291058,0.0983277783132671,0.0084599490931906,7.157073865937655e-05,8.869146599088396e-05,2,calm
2019-05-22,2856.27001953125,14.75,16.420000076293945,0.1170869178269942,0.0304130821730057,0.1132203441555217,-0.0028283923638994,7.999803364164642e-06,8.633432539682539e-05,2,calm
2019-05-23,2822.239990234375,16.920000076293945,17.690000534057617,0.1213063623169855,0.0478936384459538,0.0455083010810676,-0.0119856922412819,0.0001436568185027,0.0001136057153102,2,calm
2019-05-24,2826.06005859375,15.850000381469728,17.09000015258789,0.1214422290111064,0.0370577748035908,0.0782334221624277,0.0013526437720373,1.8296451740313423e-06,9.969147305261529e-05,2,calm
2019-05-28,2802.389892578125,17.5,17.899999618530273,0.1213728017696704,0.0536271982303295,0.0228571210588727,-0.0084109500002602,7.074407990687779e-05,0.0001215277777777,2,calm
2019-05-29,2783.02001953125,17.899999618530273,18.239999771118164,0.1224745649497836,0.0565254312355191,0.0189944223370775,-0.0069359101672313,4.810684984790349e-05,0.0001271468199775,2,calm
2019-05-30,2788.860107421875,17.299999237060547,17.959999084472656,0.1227796565121809,0.0502203358584245,0.03815028187968,0.002096272674997,4.394359127939234e-06,0.0001187658625405,2,calm
2019-05-31,2752.06005859375,18.709999084472656,18.82999992370605,0.1275275572986555,0.059572433546071,0.0064137276913595,-0.0132832052504529,0.0001764435417256,0.0001389143118019,2,calm
2019-06-03,2744.449951171875,18.86000061035156,18.770000457763672,0.1271634935934671,0.0614365125100484,-0.0047720121779046,-0.0027690706543079,7.667752288549399e-06,0.0001411506440565,2,calm
2019-06-04,2803.27001953125,16.969999313354492,17.59000015258789,0.1435842332368624,0.0261157598966824,0.0365351128061325,0.0212059270810777,0.0004496913433679,0.0001142781256727,2,calm
2019-06-05,2826.14990234375,16.09000015258789,17.1299991607666,0.1431882816700771,0.0177117198558018,0.0646363578816647,0.0081287269788136,6.607620229609355e-05,0.0001027333749643,2,calm
2019-06-06,2843.489990234375,15.93000030517578,16.920000076293945,0.1447271962684324,0.0145728067833253,0.0621468770968263,0.0061168406760044,3.741573985562216e-05,0.0001007003610011,2,calm
2019-06-07,2873.340087890625,16.299999237060547,17.149999618530273,0.1484601372652543,0.0145398551053511,0.0521472651076645,0.01044297924726,0.0001090558155587,0.0001054325298127,2,calm
2019-06-10,2886.72998046875,15.9399995803833,16.8799991607666,0.1484523860254644,0.0109476097783686,0.0589711170093203,0.0046492200747654,2.1615247303602515e-05,0.0001008268200883,2,calm
2019-06-11,2885.719970703125,15.989999771118164,16.989999771118164,0.1483698292308009,0.0115301684803807,0.0625390878245191,-0.0003499414579512,1.2245902399307154e-07,0.0001014603542382,2,calm
2019-06-12,2879.840087890625,15.90999984741211,17.049999237060547,0.1483416259100082,0.0107583725641128,0.0716530107216731,-0.0020396578272374,4.160204052210885e-06,0.0001004476568034,2,calm
2019-06-13,2891.639892578125,15.81999969482422,16.860000610351562,0.1475505181446057,0.0106494788036365,0.0657396293040129,0.0040890105028501,1.672000689241917e-05,9.931444061279304e-05,2,calm
2019-06-14,2886.97998046875,15.279999732971191,16.600000381469727,0.1475048462967252,0.0052951510329867,0.0863874785056597,-0.0016128117861529,2.6011618575539026e-06,9.265015549190465e-05,2,calm
2019-06-17,2889.669921875,15.350000381469728,16.610000610351562,0.1445377704094045,0.0089622334052927,0.0820847034246908,0.0009313154323528,8.673484345385646e-07,9.350099671076222e-05,2,calm
2019-06-18,2917.75,15.149999618530272,16.5,0.1470666134180336,0.0044333827672691,0.0891089383143294,0.0096704895929706,9.351836896775436e-05,9.108035255613784e-05,2,calm
2019-06-19,2926.4599609375,14.329999923706056,16.100000381469727,0.1387176400774961,0.0045823591595643,0.1235171296013453,0.0029807167930238,8.884672600214341e-06,8.148765786246652e-05,2,calm
2019-06-20,2954.179931640625,14.75,16.139999389648438,0.1409393622114593,0.0065606377885406,0.0942372467558262,0.0094276053358731,8.887974236898371e-05,8.633432539682539e-05,2,calm
2019-06-21,2950.4599609375,15.399999618530272,16.670000076293945,0.1406094062816137,0.0133905899036889,0.0824675642352307,-0.0012600162797279,1.587641025179584e-06,9.411110644870338e-05,2,calm
2019-06-24,2945.35009765625,15.260000228881836,16.469999313354492,0.140553009753671,0.0120469925351472,0.0792922061811343,-0.001733388460587,3.004635555296259e-06,9.240778054979115e-05,2,calm
2019-06-25,2917.3798828125,16.280000686645508,17.1200008392334,0.1229151758437312,0.0398848310227238,0.0515970587935504,-0.0095417756403875,9.104548237149331e-05,0.0001051739771258,2,calm
2019-06-26,2913.780029296875,16.209999084472656,17.049999237060547,0.1214066727769292,0.0406933180677973,0.0518198766212464,-0.0012346956788039,1.5244734192572668e-06,0.0001042714564756,2,calm
2019-06-27,2924.919921875,15.81999969482422,16.760000228881836,0.1208408004860475,0.0373591964621946,0.0594184925531416,0.0038158857925908,1.456098438209668e-05,9.931444061279304e-05,2,calm
2019-06-28,2941.760009765625,15.079999923706056,16.059999465942383,0.1193766762364641,0.0314233230005964,0.0649867073736351,0.0057409418405996,3.295841321714742e-05,9.024063400752964e-05,2,calm
2019-07-01,2964.330078125,14.0600004196167,15.43000030517578,0.1192975147987872,0.0213024893973798,0.0974395337604427,0.0076430186109539,5.841573348738809e-05,7.844587769826262e-05,2,calm
2019-07-02,2973.010009765625,12.93000030517578,14.720000267028809,0.1169539879715765,0.0123460150801812,0.1384377354683051,0.0029238472769886,8.548882899154213e-06,6.63432174173991e-05,2,calm
2019-07-03,2995.820068359375,12.56999969482422,14.529999732971191,0.1165562559052814,0.0091437410429607,0.1559268166851279,0.0076430956606841,5.8416911278368985e-05,6.270035409836549e-05,2,calm
2019-07-05,2990.409912109375,13.279999732971191,14.979999542236328,0.1162643386148044,0.0165356587149075,0.1280120364042197,-0.0018075342045486,3.2671799006133744e-06,6.998348924909323e-05,2,calm
2019-07-08,2975.949951171875,13.960000038146973,15.479999542236328,0.1107640809254002,0.0288359194560694,0.1088824856687548,-0.0048471730101237,2.349508619007256e-05,7.733396867661249e-05,2,calm
2019-07-09,2979.6298828125,14.09000015258789,15.56999969482422,0.1107684039007627,0.0301315976251161,0.1050390011503655,0.0012357930584538,1.527184483322821e-06,7.878099376981221e-05,2,calm
2019-07-10,2993.070068359375,13.029999732971191,15.1899995803833,0.1067090558704608,0.023590941459251,0.1657712886936162,0.0045005469360826,2.02549227238826e-05,6.737337025445609e-05,2,calm
2019-07-11,2999.909912109375,12.93000030517578,14.979999542236328,0.1031402416524572,0.0261597613993005,0.158545954267298,0.0022826195789485,5.2103521421992505e-06,6.63432174173991e-05,2,calm
2019-07-12,3013.77001953125,12.390000343322754,14.800000190734863,0.1033115058478384,0.0205884975853891,0.1945116852810187,0.0046095343020665,2.1247806481928045e-05,6.0917503376007137e-05,2,calm
2019-07-15,3014.300048828125,12.68000030517578,15.039999961853027,0.0921037910659867,0.034696211985771,0.1861198422616703,0.0001758537283841,3.092453378660036e-08,6.380254275367375e-05,2,calm
2019-07-16,3004.0400390625,12.859999656677246,15.220000267028809,0.0924724375219375,0.0361275590448349,0.1835148268550838,-0.0034095845550103,1.162526683776497e-05,6.562682189275352e-05,2,calm
2019-07-17,2984.419921875,13.970000267028809,15.81999969482422,0.0790364092899033,0.0606635933803847,0.1324265849988331,-0.0065526654660931,4.2937424710530185e-05,7.744480454793056e-05,2,calm
2019-07-18,2995.110107421875,13.529999732971191,15.539999961853027,0.0770897797052014,0.0582102176245104,0.1485587781634375,0.003575597708819,1.2784898975312272e-05,7.264321141833351e-05,2,calm
2019-07-19,2976.610107421875,14.449999809265137,15.93000030517578,0.0795082088790379,0.0649917892136134,0.1024221809997317,-0.0061958894648446,3.838904626057344e-05,8.28581327332391e-05,2,calm
2019-07-22,2985.030029296875,13.529999732971191,15.470000267028809,0.0750222941546005,0.0602777031751114,0.1433851125163025,0.0028247016862503,7.978939616305434e-06,7.264321141833351e-05,2,calm
2019-07-23,3005.469970703125,12.609999656677246,14.93000030517578,0.0761299256528095,0.0499700709139628,0.1839810239225539,0.0068241451392764,4.656895688190998e-05,6.31000362465874e-05,2,calm
2019-07-24,3019.56005859375,12.06999969482422,14.5600004196167,0.0765511912539779,0.0441488056942642,0.2062966684133575,0.0046771928134757,2.1876132614428867e-05,5.781146533057809e-05,2,calm
2019-07-25,3003.669921875,12.739999771118164,15.050000190734863,0.0784080410359899,0.0489919566751917,0.1813187175131287,-0.0052762964835995,2.783930458284484e-05,6.440777546352812e-05,2,calm
2019-07-26,3025.860107421875,12.15999984741211,14.6899995803833,0.0799401280306308,0.0416598704434902,0.2080591911775086,0.007360535770783,5.417748683297671e-05,5.8676823924231154e-05,2,calm
2019-07-29,3020.969970703125,12.829999923706056,15.0,0.0799416952687992,0.0483583039682613,0.1691348471705306,-0.0016174219290574,2.6160536965958788e-06,6.532099128662596e-05,2,calm
2019-07-30,3013.179931640625,13.9399995803833,15.699999809265137,0.0808073531643036,0.0585926426395293,0.126255400420424,-0.0025819853720443,6.666648461451108e-06,7.711253504011373e-05,2,calm
2019-07-31,2980.3798828125,16.1200008392334,16.90999984741211,0.0844685376520572,0.0767314707402767,0.0490073800899553,-0.0109452069521399,0.0001197975552251,0.0001031168361336,2,calm
2019-08-01,2953.56005859375,17.8700008392334,17.989999771118164,0.0887345817559096,0.0899654266364243,0.0067151049943606,-0.009039527568806,8.171305866720401e-05,0.0001267210039659,2,calm
2019-08-02,2932.050048828125,17.610000610351562,17.889999389648438,0.0870286712276749,0.0890713348758406,0.015899986916087,-0.0073093885395651,5.34271608223257e-05,0.0001230603656732,2,calm
2019-08-05,2844.739990234375,24.59000015258789,21.89999961853028,0.1230124527628755,0.1228875487630033,-0.1093940836667507,-0.0302301821696947,0.0009138639140129,0.000239947661708,2,calm
2019-08-06,2881.77001953125,20.170000076293945,19.690000534057617,0.1296423382854939,0.0720576624774455,-0.0237976965999359,0.0129330239111666,0.0001672631074868,0.0001614400409038,2,calm
2019-08-07,2883.97998046875,19.489999771118164,19.5,0.1269670441105332,0.0679329536006484,0.00051309538221,0.0007665823338588,5.876484745845223e-07,0.0001507381313802,2,calm
2019-08-08,2938.090087890625,16.90999984741211,17.860000610351562,0.1383052310941913,0.0307947673799297,0.0561798209054886,0.018588462466865,0.000345530936882,0.0001134714662061,2,calm
2019-08-09,2918.64990234375,17.969999313354492,18.559999465942383,0.139296193593415,0.0404037995401299,0.0328325083546012,-0.0066385931336571,4.407091879423934e-05,0.0001281432044928,2,calm
2019-08-12,2882.699951171875,21.09000015258789,20.5,0.1425973931606932,0.0683026083651856,-0.027975350797496,-0.0123938091159153,0.0001536065044017,0.0001765032168397,2,calm
2019-08-13,2926.320068359375,17.520000457763672,18.530000686645508,0.1478420017191394,0.0273580028584972,0.0576484133842743,0.0150183462673018,0.0002255507246045,0.0001218057206508,2,calm
2019-08-14,2840.60009765625,22.100000381469727,21.299999237060547,0.1700315121088504,0.0509684917058467,-0.0361991461810091,-0.0297303524545356,0.0008838938570709,0.0001938134987543,0,stressed
2019-08-15,2847.60009765625,21.18000030517578,21.06999969482422,0.1682592888063454,0.0435407142454123,-0.0051936075904909,0.0024612366981802,6.057686084469181e-06,0.0001780128622727,0,stressed
2019-08-16,2888.679931640625,18.46999931335449,19.700000762939453,0.1745401747700605,0.0101598183634843,0.0665945584900822,0.014323058172245,0.0002051499954055,0.0001353733629505,0,stressed
2019-08-19,2923.64990234375,16.8799991607666,18.36000061035156,0.1782533845522854,-0.0094533929446194,0.0876778153535016,0.0120331755643975,0.0001447973141636,0.0001130691951061,0,stressed
2019-08-20,2900.510009765625,17.5,18.8700008392334,0.1794183666363906,-0.0044183666363906,0.0782857622419084,-0.0079462153121154,6.31423377864983e-05,0.0001215277777777,0,stressed
2019-08-21,2924.429931640625,15.800000190734863,17.719999313354492,0.1807068701382936,-0.0227068682309449,0.1215189303444134,0.0082129795573529,6.745303320949724e-05,9.906349445524672e-05,0,stressed
2019-08-22,2922.949951171875,16.68000030517578,18.229999542236328,0.1804776681663728,-0.013677665114615,0.092925612032488,-0.0005062029592785,2.562414359823513e-07,0.0001104057183256,0,stressed
2019-08-23,2847.110107421875,19.8700008392334,20.36000061035156,0.194039394198804,0.0046606141935299,0.0246602793368107,-0.0262888811228378,0.0006911052706907,0.0001566733862504,0,stressed
2019-08-26,2878.3798828125,19.31999969482422,19.81999969482422,0.1975058044508449,-0.0043058075026027,0.0258799175930602,0.0109231127307978,0.0001193143917297,0.0001481199953206,0,stressed
2019-08-27,2869.159912109375,20.309999465942383,20.63999938964844,0.197490092437253,0.0056099022221707,0.0162481502896852,-0.0032083218005562,1.0293328775924425e-05,0.0001636889199629,0,stressed
2019-08-28,2887.93994140625,19.350000381469727,20.049999237060547,0.1982361608334381,-0.0047361570187408,0.036175650738548,0.0065241515305625,4.256455319374117e-05,0.0001485803630011,0,stressed
2019-08-29,2924.580078125,17.8799991607666,19.030000686645508,0.2017820647575331,-0.0229820731498671,0.0643177617369418,0.0126074824410943,0.0001589486135025,0.0001268628452337,0,stressed
2019-08-30,2926.4599609375,18.979999542236328,19.540000915527344,0.2011637683348601,-0.0113637729124968,0.0295048148997496,0.0006425807598767,4.1291003296381356e-07,0.000142952532787,0,stressed
2019-09-03,2906.27001953125,19.65999984741211,20.1200008392334,0.2017189443981144,-0.0051189459239933,0.023397812583495,-0.0069230093326854,4.7928058220449375e-05,0.0001533792039683,0,stressed
2019-09-04,2937.780029296875,17.329999923706055,18.809999465942383,0.2033547820665922,-0.0300547828295317,0.0854010126227298,0.0107837252784214,0.0001162887308804,0.0001191781338712,0,stressed
2019-09-05,2976.0,16.270000457763672,18.07999992370605,0.2066496509727946,-0.0439496463951579,0.1112476591897506,0.0129259129217597,0.0001670792248609,0.0001050448074982,0,stressed
2019-09-06,2978.7099609375,15.0,17.459999084472656,0.2061803944158584,-0.0561803944158584,0.1639999389648437,0.0009101908043767,8.284473003720608e-07,8.928571428571429e-05,0,stressed
2019-09-09,2978.429931640625,15.270000457763672,17.549999237060547,0.2049085553459365,-0.0522085507682998,0.1493122927928704,-9.401467889992668e-05,8.83875984865632e-09,9.25289341190884e-05,0,stressed
2019-09-10,2979.389892578125,15.199999809265137,17.40999984741211,0.2048959469563714,-0.05289594886372,0.145394741176238,0.000322252425931,1.0384662601842452e-07,9.168253738161118e-05,0,stressed
2019-09-11,3000.929931640625,14.609999656677246,17.100000381469727,0.2059761650028744,-0.0598761684361019,0.1704312651133067,0.0072036723263872,5.189289498595677e-05,8.470321030480526e-05,0,stressed
2019-09-12,3009.570068359375,14.220000267028809,16.809999465942383,0.2035541671065228,-0.0613541644362347,0.182137774281121,0.0028750162782333,8.26571860010655e-06,8.024143158503946e-05,0,stressed
2019-09-13,3007.389892578125,13.739999771118164,16.670000076293945,0.2016477887774342,-0.0642477910662525,0.2132460228518138,-0.000724676876966,5.251565760092681e-07,7.491571178981238e-05,0,stressed
2019-09-16,2997.9599609375,14.670000076293944,17.200000762939453,0.2005856878547557,-0.0538856870918163,0.172460850271833,-0.0031405129163559,9.862821377798804e-06,8.540035803113661e-05,0,stressed
2019-09-17,3005.699951171875,14.4399995803833,17.229999542236328,0.1778114894840904,-0.0334114936802573,0.1932132993717835,0.0025784253724619,6.648277401355728e-06,8.274348725455154e-05,0,stressed
2019-09-18,3006.72998046875,13.949999809265137,16.860000610351562,0.174699772603751,-0.0351997745110996,0.2086022108153505,0.0003426332842671,1.1739756748772163e-07,7.72232121740069e-05,0,stressed
2019-09-19,3006.7900390625,14.050000190734863,16.790000915527344,0.1747372478215724,-0.0342372459142237,0.1950178425335074,1.9974521929475905e-05,3.9898152631111376e-10,7.833432752367051e-05,0,stressed
2019-09-20,2992.070068359375,15.31999969482422,17.709999084472656,0.1677723559055158,-0.0145723589572736,0.1560051851995718,-0.0049075991048803,2.408452897422277e-05,9.313586930532311e-05,0,stressed
2019-09-23,2991.780029296875,14.90999984741211,17.8700008392334,0.1663829780424554,-0.0172829795683343,0.1985245487668498,-9.694061782751376e-05,9.397483384780077e-09,8.821749819437663e-05,0,stressed
2019-09-24,2966.60009765625,17.049999237060547,18.549999237060547,0.1640373458112626,0.0064626465593428,0.0879765435261452,-0.0084519889635514,7.143611743999603e-05,0.0001153581245967,0,stressed
2019-09-25,2984.8701171875,15.960000038146973,18.0,0.1593756098065154,0.0002243905749543,0.1278195461765099,0.0061396852419639,3.769573487038936e-05,0.0001010800004831,0,stressed
2019-09-26,2977.6201171875,16.06999969482422,18.1200008392334,0.1313091765450968,0.0293908204031453,0.127566968471657,-0.0024318710096131,5.91399660739708e-06,0.0001024781310284,2,calm
2019-09-27,2961.7900390625,17.219999313354492,18.75,0.1327834007898405,0.0394165923437043,0.0888502176338043,-0.0053305345791285,2.841459889928548e-05,0.0001176699906158,2,calm
2019-09-30,2976.739990234375,16.239999771118164,17.959999084472656,0.1274974551333443,0.0349025425778372,0.1059112892608166,0.0050349102152483,2.535032087561262e-05,0.0001046577748277,2,calm
2019-10-01,2940.25,18.559999465942383,19.350000381469727,0.1287293136259708,0.0568706810334529,0.0425647057251804,-0.0123341269454128,0.0001521306875055,0.0001366958651491,2,calm
2019-10-02,2887.610107421875,20.559999465942383,20.739999771118164,0.1373390949497595,0.0682608997096642,0.0087548788838225,-0.0180654041876438,0.0003263588284629,0.000167743483349,2,calm
2019-10-03,2910.6298828125,19.1200008392334,19.780000686645508,0.1371970370154976,0.0540029713768363,0.0345188189562114,0.0079403047738667,6.304843990189168e-05,0.0001450692190842,2,calm
2019-10-04,2952.010009765625,17.040000915527344,18.59000015258789,0.1432851642166505,0.0271148449386228,0.0909623916538726,0.0141167852392592,0.0001992836254913,0.0001152228695242,2,calm
2019-10-07,2938.7900390625,17.860000610351562,18.90999984741211,0.1201566669049102,0.0584433391986053,0.0587905487781435,-0.0044883522736815,2.014530613266207e-05,0.0001265792150006,2,calm
2019-10-08,2893.06005859375,20.280000686645508,20.38999938964844,0.1257839403949414,0.0770160664715136,0.0054239989782331,-0.0156831595521099,0.0002459614935369,0.0001632057253374,2,calm
2019-10-09,2919.39990234375,18.63999938964844,19.51000022888184,0.1279303183904885,0.0584696755059959,0.0466738662940378,0.0090632965148459,8.214334371601826e-05,0.0001378768163674,2,calm
2019-10-10,2938.1298828125,17.56999969482422,18.790000915527344,0.1278787779074819,0.0478212190407602,0.0694366102386736,0.0063952024117826,4.089861388767004e-05,0.0001225019401889,2,calm
2019-10-11,2970.27001953125,15.579999923706056,17.549999237060547,0.1265571356374565,0.029242863599604,0.1264441157253793,0.010879579673789,0.0001183652538783,9.632396731058758e-05,2,calm
2019-10-14,2966.14990234375,14.56999969482422,17.1200008392334,0.1266763803534057,0.0190236165948364,0.1750172407563624,-0.0013880816732189,1.926770731526404e-06,8.424003615364202e-05,2,calm
2019-10-15,2995.679931640625,13.539999961853027,16.479999542236328,0.1275532523819441,0.0078467472365861,0.2171343861644254,0.0099064453764891,9.813765999736369e-05,7.275063451070634e-05,2,calm
2019-10-16,2989.68994140625,13.68000030517578,16.479999542236328,0.1243833361968182,0.0124166668549395,0.2046783022366731,-0.0020015445531937,4.006180598419501e-06,7.426286045619421e-05,2,calm
2019-10-17,2997.949951171875,13.789999961853027,16.440000534057617,0.1189904319427298,0.0189095676758004,0.1921682798792768,0.0027590219697752,7.612202229702704e-06,7.546194402694702e-05,2,calm
2019-10-18,2986.199951171875,14.25,16.649999618530273,0.1195798820353863,0.0229201179646136,0.1684210258617735,-0.0039270457097998,1.5421688006857385e-05,8.058035714285714e-05,2,calm
2019-10-21,3006.719970703125,14.0,16.280000686645508,0.121172307389338,0.018827692610662,0.1628571919032505,0.0068481141053337,4.689666679967101e-05,7.77777777777778e-05,2,calm
2019-10-22,2995.989990234375,14.460000038146973,16.549999237060547,0.1216956530856376,0.0229043472958321,0.1445365970539378,-0.0035750492583768,1.278097719982078e-05,8.297285758063906e-05,2,calm
2019-10-23,3004.52001953125,14.010000228881836,16.290000915527344,0.1201568519880654,0.0199431503007529,0.1627409457099972,0.0028431033458307,8.083236635073887e-06,7.788893111637663e-05,2,calm
2019-10-24,3010.2900390625,13.710000038146973,16.25,0.1199926136115581,0.0171073867699115,0.1852662257319972,0.0019186046591713,3.681043838194023e-06,7.458892898650395e-05,2,calm
2019-10-25,3022.550048828125,12.649999618530272,15.710000038146973,0.1205400613220831,0.0059599348632195,0.2418972736674457,0.004064429510656,1.651958724709177e-05,6.350098823365716e-05,2,calm
2019-10-28,3039.419921875,13.109999656677246,15.989999771118164,0.1211035756070375,0.0099964209597348,0.2196796483494996,0.0055658199161177,3.097835133865245e-05,6.820321071352283e-05,2,calm
2019-10-29,3036.889892578125,13.199999809265137,16.09000015258789,0.1209880234606753,0.011011974631976,0.2189394231122829,-0.0008327519564807,6.934758210225443e-07,6.914285514468241e-05,2,calm
2019-10-30,3046.77001953125,12.329999923706056,15.6899995803833,0.1212804067297953,0.0020195925072652,0.272506056566732,0.0032480894008573,1.0550084755961602e-05,6.032892782483784e-05,2,calm
2019-10-31,3037.56005859375,13.220000267028809,16.049999237060547,0.1216932289642894,0.0105067737059986,0.2140695092941764,-0.003027438634539,9.165384685899911e-06,6.935254248422293e-05,2,calm
2019-11-01,3066.909912109375,12.300000190734863,15.420000076293944,0.123517987374643,-0.0005179854672944,0.2536585233477688,0.0096159305596475,9.246612052796295e-05,6.003571614764987e-05,2,calm
2019-11-04,3078.27001953125,12.829999923706056,15.619999885559082,0.1237615615097244,0.0045384377273361,0.2174590786004548,0.0036972458053124,1.366962654490034e-05,6.532099128662596e-05,2,calm
2019-11-05,3074.6201171875,13.100000381469728,15.90999984741211,0.120719325025568,0.0102806787891291,0.2145037697798233,-0.0011864027118206,1.407551394615425e-06,6.809921031528056e-05,2,calm
2019-11-06,3076.780029296875,12.619999885559082,15.829999923706056,0.1198080622455879,0.0063919366100028,0.2543581669774926,0.0007022505922896,4.931558943711274e-07,6.320015758393304e-05,2,calm
2019-11-07,3085.179931640625,12.729999542236328,15.800000190734863,0.119452251684309,0.0078477437380542,0.2411626676271833,0.0027263752442806,7.433121972626457e-06,6.430670172434012e-05,2,calm
2019-11-08,3093.080078125,12.06999969482422,15.529999732971191,0.1178922575820892,0.002807739366153,0.2866611537389405,0.0025574031451158,6.540310846648329e-06,5.781146533057809e-05,2,calm
2019-11-11,3087.010009765625,12.6899995803833,15.600000381469728,0.1177858668502226,0.0091141289536103,0.229314491513839,-0.0019643954133371,3.8588493399402e-06,6.390321005957474e-05,2,calm
2019-11-12,3091.840087890625,12.68000030517578,15.489999771118164,0.1105621718082273,0.0162378312435304,0.2216087853558951,0.001563423301263,2.4442924189321994e-06,6.380254275367375e-05,2,calm
2019-11-13,3094.0400390625,13.0,15.619999885559082,0.0935066283628052,0.0364933716371947,0.201538452735314,0.0007112815701162,5.059214719871025e-07,6.706349206349208e-05,2,calm
2019-11-14,3096.6298828125,13.050000190734863,15.600000381469728,0.092039313620026,0.0384606882873225,0.1954023106103319,0.0008366926144567,7.000545310864875e-07,6.75803591183254e-05,2,calm
2019-11-15,3120.4599609375,12.050000190734863,14.989999771118164,0.0864270620715298,0.0340729398358187,0.2439833638047441,0.0076660287779731,5.876799722471298e-05,5.762004150663105e-05,2,calm
2019-11-18,3122.030029296875,12.460000038146973,15.170000076293944,0.0844339933989206,0.0401660069825491,0.2174959895545872,0.0005030263228096,2.530354814393848e-07,6.160777815500896e-05,2,calm
2019-11-19,3120.179931640625,12.859999656677246,15.5,0.0663332982023121,0.0622666983644603,0.2052877460188731,-0.0005927700996925,3.5137639108948733e-07,6.562682189275352e-05,2,calm
2019-11-20,3108.4599609375,12.779999732971191,15.640000343322754,0.0657517256528856,0.0620482716768262,0.2237872198833487,-0.003763256420941,1.4162098889754173e-05,6.481285443442213e-05,2,calm
2019-11-21,3103.5400390625,13.130000114440918,15.81999969482422,0.0652787160795746,0.0660212850648345,0.2048742998429017,-0.0015840060861895,2.509075281085401e-06,6.841146944651529e-05,2,calm
2019-11-22,3110.2900390625,12.34000015258789,15.399999618530272,0.0593976242068017,0.0640023773190771,0.2479740217264625,0.0021725739423759,4.720077535090921e-06,6.042682689121792e-05,2,calm
2019-11-25,3133.639892578125,11.869999885559082,14.989999771118164,0.0611394174757085,0.0575605813798822,0.2628475076360229,0.0074792518874672,5.593920879618179e-05,5.591146717586216e-05,2,calm
2019-11-26,3140.52001953125,11.539999961853027,14.850000381469728,0.056171703632002,0.0592282959865282,0.286828460187031,0.0021931636449402,4.809966773487505e-06,5.284587266649519e-05,2,calm
2019-11-27,3153.6298828125,11.75,14.960000038146973,0.0556015236638877,0.0618984763361122,0.273191492608253,0.0041657356252997,1.7353353299891453e-05,5.4786706349206346e-05,2,calm
2019-11-29,3140.97998046875,12.619999885559082,15.510000228881836,0.0579834389423426,0.0682165599132481,0.2290016140673461,-0.004019286229989,1.6154661798579616e-05,6.320015758393304e-05,2,calm
2019-12-02,3113.8701171875,14.90999984741211,16.84000015258789,0.0632656121094118,0.0858343863647092,0.1294433484189985,-0.0086684836939636,7.51426095525129e-05,8.821749819437663e-05,2,calm
2019-12-03,3093.199951171875,15.960000038146973,17.6299991607666,0.0652322080314479,0.0943677923500217,0.1046365362548911,-0.0066602252580451,4.435860048790256e-05,0.0001010800004831,2,calm
2019-12-04,3112.760009765625,14.800000190734863,16.979999542236328,0.0655661933729259,0.0824338085344227,0.1472972515815367,0.0063036576087699,3.973609924860382e-05,8.69206371610127e-05,2,calm
2019-12-05,3117.429931640625,14.520000457763672,16.780000686645508,0.0654022934541995,0.0797977111234371,0.1556473937763163,0.0014991269266302,2.247381542147921e-06,8.366286241803858e-05,2,calm
2019-12-06,3145.909912109375,13.619999885559082,16.209999084472656,0.0692523347965935,0.0669476640589972,0.1901614699468302,0.009094246030426,8.270531086191928e-05,7.361285590580531e-05,2,calm
2019-12-09,3135.9599609375,15.859999656677246,17.299999237060547,0.0700643663403246,0.0885356302264478,0.0907944269580765,-0.0031678336844743,1.0035170252490457e-05,9.98172972657946e-05,2,calm
2019-12-10,3132.52001953125,15.68000030517578,17.1299991607666,0.0691347779610158,0.0876652250907419,0.0924744150108335,-0.0010975361689841,1.2045856422283591e-06,9.756444824218752e-05,2,calm
2019-12-11,3141.6298828125,14.989999771118164,16.90999984741211,0.0691195640177995,0.0807804336933821,0.1280853973055614,0.0029039375293507,8.432853174371856e-06,8.916670362623914e-05,2,calm
2019-12-12,3168.570068359375,13.9399995803833,16.09000015258789,0.0721620338213616,0.0672379619824713,0.1542324703675114,0.008538667375555,7.29088405503683e-05,7.711253504011373e-05,2,calm
2019-12-13,3168.800048828125,12.630000114440918,15.279999732971191,0.0710955832270872,0.0552044179173219,0.2098178617987747,7.25791502146863e-05,5.267733045885998e-09,6.330035828999111e-05,2,calm
2019-12-16,3191.449951171875,12.140000343322754,14.979999542236328,0.0689289013498532,0.0524711020833743,0.2339373244314306,0.0071223609425427,5.072802539585898e-05,5.848397156185579e-05,2,calm
2019-12-17,3192.52001953125,12.289999961853027,15.149999618530272,0.0686122250853972,0.054287774533133,0.2327094927220835,0.0003352360284609,1.1238319477825493e-07,5.9938134548550565e-05,2,calm
2019-12-18,3191.139892578125,12.579999923706056,15.199999809265137,0.0684174528605594,0.0573825463765011,0.208267082786057,-0.0004323936405227,1.8696426036451065e-07,6.280015796843031e-05,2,calm
2019-12-19,3205.3701171875,12.5,15.140000343322754,0.0690208612911793,0.0559791387088206,0.2112000274658203,0.0044493788218642,1.9796971900454137e-05,6.200396825396825e-05,2,calm
2019-12-20,3221.219970703125,12.510000228881836,15.31999969482422,0.0696919787744866,0.0554080235143317,0.2246202569569055,0.004932595804334,2.4330501368934348e-05,6.210321655818394e-05,2,calm
2019-12-23,3224.010009765625,12.609999656677246,15.5,0.069628368671999,0.0564716278947733,0.229183221412099,0.0008657687142985,7.495554666580967e-07,6.31000362465874e-05,2,calm
2019-12-24,3223.3798828125,12.670000076293944,15.520000457763672,0.0690761775889557,0.0576238231739837,0.2249408338049017,-0.0001954673024681,3.82074663341715e-08,6.370194521162245e-05,2,calm
2019-12-26,3239.909912109375,12.649999618530272,15.520000457763672,0.0698930530843779,0.0566069431009247,0.2268775435399458,0.0051150624100539,2.6163863458747343e-05,6.350098823365716e-05,2,calm
2019-12-27,3240.02001953125,13.43000030517578,15.949999809265137,0.0699919584949859,0.0643080445567718,0.1876395716177442,3.3984139657930306e-05,1.1549217482897114e-09,7.157337626865934e-05,2,calm
2019-12-30,3221.2900390625,14.81999969482422,16.68000030517578,0.0731389335471123,0.0750610634011298,0.1255061166432515,-0.0057975960793499,3.3612120299293384e-05,8.715571069626588e-05,2,calm
2019-12-31,3230.780029296875,13.779999732971191,15.869999885559082,0.0708193361689936,0.0669806611607182,0.1516690996435348,0.0029416906441907,8.653543846119206e-06,7.535253676217702e-05,2,calm
2020-01-02,3257.85009765625,12.470000267028809,15.1899995803833,0.0737735512203661,0.0509264514499219,0.2181234366567161,0.0083438953623167,6.962058981729025e-05,6.170670899194387e-05,2,calm
2020-01-03,3234.85009765625,14.020000457763672,16.010000228881836,0.0776119686094752,0.0625880359681614,0.1419400646321796,-0.0070849093649545,5.019594070962073e-05,7.800016382368792e-05,2,calm
2020-01-06,3246.280029296875,13.850000381469728,15.920000076293944,0.0764253480147899,0.0620746557999073,0.1494584576036345,0.0035271451942725,1.2440753221480043e-05,7.612004387567922e-05,2,calm
2020-01-07,3237.179931640625,13.789999961853027,15.859999656677246,0.0769273321046183,0.0609726675139118,0.1501087527592758,-0.0028071750845948,7.880231955570051e-06,7.546194402694702e-05,2,calm
2020-01-08,3253.050048828125,13.449999809265137,15.399999618530272,0.0775635684734619,0.0569364296191893,0.14498140051436,0.0048904734856411,2.3916730913758896e-05,7.17867043131874e-05,2,calm
2020-01-09,3274.699951171875,12.539999961853027,14.949999809265137,0.0770333901565978,0.0483666094619324,0.1921849963910195,0.0066332141169064,4.399952952072756e-05,6.240142819177536e-05,2,calm
2020-01-10,3265.35009765625,12.5600004196167,14.949999809265137,0.0780055692811359,0.047594434915031,0.1902865692516732,-0.0028592624875049,8.175381972452717e-06,6.260063910348081e-05,2,calm
2020-01-13,3288.1298828125,12.31999969482422,14.640000343322754,0.079302476734483,0.0438975202137591,0.1883117456141816,0.0069519940459332,4.833022121469144e-05,6.023110812717018e-05,2,calm
2020-01-14,3283.14990234375,12.390000343322754,14.640000343322754,0.0781413923629336,0.0457586110702938,0.1815980579219737,-0.0015156808368957,2.2972883993329114e-06,6.0917503376007137e-05,2,calm
2020-01-15,3289.2900390625,12.420000076293944,14.630000114440918,0.0719796452416177,0.0522203555213216,0.1779388103519582,0.0018684502436879,3.4911063131376067e-06,6.121285789489745e-05,2,calm
2020-01-16,3316.81005859375,12.31999969482422,14.449999809265137,0.0696974841067046,0.0535025128415375,0.1728896239612534,0.008331747422232,6.941801510786989e-05,6.023110812717018e-05,2,calm
2020-01-17,3329.6201171875,12.100000381469728,14.40999984741211,0.0688392970047878,0.0521607068099094,0.1909090407534182,0.0038547232474851,1.4858891314702416e-05,5.8099210012526806e-05,2,calm
2020-01-21,3320.7900390625,12.850000381469728,14.869999885559082,0.0702687145636712,0.058231289251026,0.15719840032085,-0.0026555003695853,7.051682212868111e-06,6.552480547768736e-05,2,calm
2020-01-22,3321.75,12.90999984741211,14.979999542236328,0.0672281822545385,0.0618718162195825,0.1603407993253511,0.000289034296681,8.354082465792354e-08,6.613813335721456e-05,2,calm
2020-01-23,3325.5400390625,12.979999542236328,14.989999771118164,0.065594274530586,0.0642057208917772,0.154853644049939,0.0011403261933582,1.3003438272588964e-06,6.685729687160925e-05,2,calm
2020-01-24,3295.469970703125,14.5600004196167,16.06999969482422,0.0725407749158716,0.0730592292802954,0.1037087384402198,-0.0090832894261937,8.250614680000387e-05,8.412444929334862e-05,2,calm
2020-01-27,3243.6298828125,18.229999542236328,18.15999984741211,0.0884459210143104,0.0938540744080528,-0.0038398078212804,-0.015855752356844,0.0002514048828015,0.0001318781282975,2,calm
2020-01-28,3276.239990234375,16.280000686645508,17.030000686645508,0.0896155622546959,0.0731844446117591,0.0460687941257413,0.0100033835003525,0.0001000676814551,0.0001051739771258,2,calm
2020-01-29,3273.39990234375,16.389999389648438,17.030000686645508,0.0897517493420558,0.0741482445544285,0.0390482807095942,-0.0008672501435846,7.521228115475638e-07,0.0001066000317431,2,calm
2020-01-30,3283.659912109375,15.489999771118164,16.59000015258789,0.0881485860035393,0.0667514117076423,0.071013582809777,0.003129456930211,9.793500678046027e-06,9.521432258303206e-05,2,calm
2020-01-31,3225.52001953125,18.84000015258789,18.6299991607666,0.1036665980161373,0.0847334035097415,-0.0111465493694512,-0.0178644435713629,0.0003191383441144,0.0001408514308529,2,calm
2020-02-03,3248.919921875,17.969999313354492,18.040000915527344,0.1055297905867816,0.0741702025467633,0.003895470497922,0.0072284257612325,5.225013898565087e-05,0.0001281432044928,2,calm
2020-02-04,3297.590087890625,16.049999237060547,16.700000762939453,0.1128981489023831,0.0476018434682223,0.0404985393630429,0.014869315917506,0.0002210965558545,0.0001022232045673,2,calm
2020-02-05,3334.68994140625,15.149999618530272,16.110000610351562,0.1162243692177215,0.0352756269675811,0.0633664036959508,0.0111877786589729,0.0001251663913221,9.108035255613784e-05,2,calm
2020-02-06,3345.780029296875,14.960000038146973,15.890000343322754,0.1163890531418344,0.0332109472396353,0.0621657956420016,0.0033201550570019,1.102342960253545e-05,8.881015918307834e-05,2,calm
2020-02-07,3327.7099609375,15.470000267028809,16.290000915527344,0.1179200800405354,0.0367799226297526,0.0530058587165122,-0.0054154910094583,2.9327542873524243e-05,9.49686143896315e-05,2,calm
2020-02-10,3352.090087890625,15.039999961853027,16.1299991607666,0.1187397437424519,0.0316602558760783,0.0724733511754131,0.0072996901205732,5.328547585639408e-05,8.976253922719802e-05,2,calm
2020-02-11,3357.75,15.18000030517578,16.139999389648438,0.1187032456761746,0.0330967573755831,0.0632410451365627,0.0016870486860021,2.846133268941472e-06,9.144143224807012e-05,2,calm
2020-02-12,3379.449951171875,13.739999771118164,15.359999656677246,0.1177392069821508,0.0196607907290308,0.1179039237660224,0.006441853105203,4.14974714290144e-05,7.491571178981238e-05,2,calm
2020-02-13,3373.93994140625,14.149999618530272,15.68000030517578,0.1180313309146134,0.0234686652706893,0.1081272599217515,-0.0016317763599886,2.6626940890178385e-06,7.945336873190746e-05,2,calm
2020-02-14,3380.159912109375,13.68000030517578,15.5,0.1162194663252545,0.0205805367265032,0.1330409103964442,0.0018418360984854,3.392360213683973e-06,7.426286045619421e-05,2,calm
2020-02-18,3370.2900390625,14.829999923706056,16.100000381469727,0.1142420061688806,0.0340579930681799,0.0856372531555815,-0.0029242139861477,8.551027436781901e-06,8.727337211790541e-05,2,calm
2020-02-19,3386.14990234375,14.380000114440918,15.81999969482422,0.1144836993825326,0.0293163017618765,0.1001390520808969,0.0046947482842849,2.2040661452796245e-05,8.205730289338129e-05,2,calm
2020-02-20,3373.22998046875,15.5600004196167,16.600000381469727,0.1148457746742858,0.0407542295218811,0.0668380420184234,-0.0038228174279975,1.461393308780164e-05,9.607683057875868e-05,2,calm
2020-02-21,3337.75,17.079999923706055,17.610000610351562,0.1193851550870069,0.0514148441500536,0.0310304853052076,-0.0105738092328197,0.000111805441692,0.0001157644434102,2,calm
2020-02-24,3225.889892578125,25.030000686645508,21.920000076293945,0.1552220273452569,0.0950779795211982,-0.124250919897532,-0.0340880794204407,0.0011619971585742,0.0002486114818942,0,stressed
2020-02-25,3128.2099609375,27.850000381469727,23.86000061035156,0.1782425818206431,0.1002574219940541,-0.1432674943075747,-0.0307479043753532,0.0009454336234758,0.0003077867147808,0,stressed
2020-02-26,3116.389892578125,27.559999465942383,23.700000762939453,0.1765635552822742,0.0990364393771495,-0.1400580108055869,-0.00378569732353,1.433150422538243e-05,0.0003014101470487,0,stressed
2020-02-27,2978.760009765625,39.15999984741211,29.920000076293945,0.2167360366496823,0.1748639618244387,-0.2359550512543934,-0.0451681363522611,0.0020401605415364,0.0006085339635116,0,stressed
2020-02-28,2954.219970703125,40.11000061035156,29.850000381469727,0.2166505500679967,0.1844494560355189,-0.2557965612753928,-0.008272463109653,6.843364590057107e-05,0.0006384175194295,0,stressed
2020-03-02,3090.22998046875,33.41999816894531,27.700000762939453,0.2565784336458835,0.0776215480435696,-0.1711549287672021,0.0450108687694132,0.0020259783073773,0.0004432128085763,0,stressed
2020-03-03,3003.3701171875,36.81999969482422,30.170000076293945,0.2667145443356963,0.1014854526125458,-0.1806083561555559,-0.0285104849229145,0.0008128477505397,0.0005379811021931,1,crisis
2020-03-04,3130.1201171875,31.989999771118164,27.51000022888184,0.2966325237070971,0.0232674740040845,-0.1400437503685462,0.0413363493606331,0.0017086937784643,0.0004060952719667,1,crisis
2020-03-05,3023.93994140625,39.619998931884766,32.56999969482422,0.3111215107543119,0.0850784785645357,-0.1779404196648515,-0.0345107824399811,0.0011909941046197,0.0006229144108581,1,crisis
2020-03-06,2972.3701171875,41.93999862670898,35.459999084472656,0.3134658489272641,0.1059341373398256,-0.1545064319126995,-0.0172009436523861,0.0002958724625325,0.0006980013828604,1,crisis
2020-03-09,2746.56005859375,54.459999084472656,43.04999923706055,0.3818715318940529,0.1627284589506736,-0.2095115688436591,-0.0790104129403714,0.006242645353008,0.0011769410715399,1,crisis
2020-03-10,2882.22998046875,47.29999923706055,39.43999862670898,0.411601306276764,0.0613986860938414,-0.1661733771063804,0.0482150524258591,0.0023246912804283,0.0008878134634229,1,crisis
2020-03-11,2741.3798828125,53.900001525878906,44.369998931884766,0.4303486969702224,0.1086513182885666,-0.1768089485010222,-0.0501028928086054,0.0025102998677906,0.0011528611763848,1,crisis
2020-03-12,2480.639892578125,75.47000122070312,57.2400016784668,0.5088425489525268,0.2458574632545044,-0.2415529249684897,-0.0999448524024735,0.0099889735217522,0.0022602067794654,1,crisis
2020-03-13,2711.02001953125,57.83000183105469,48.310001373291016,0.5822442543142828,-0.0039442360037359,-0.1646204419217471,0.0888084069492359,0.0078869331448611,0.0013271067903888,1,crisis
2020-03-16,2386.1298828125,82.69000244140625,67.69999694824219,0.6798193752010593,0.1470806492130032,-0.1812795386453871,-0.1276521974728174,0.0162950835196391,0.0027133478189522,1,crisis
2020-03-17,2529.18994140625,75.91000366210938,65.2699966430664,0.7066205911310415,0.0524794454900522,-0.1401660717394214,0.0582263126356917,0.0033903034831493,0.0022866383555481,1,crisis
2020-03-18,2398.10009765625,76.44999694824219,72.9800033569336,0.7146919547814887,0.0498080147009331,-0.0453890612141924,-0.0532222723320802,0.0028326102721901,0.002319286521185,1,crisis
2020-03-19,2409.389892578125,72.0,69.47000122070312,0.7132171524321881,0.0067828475678118,-0.0351388719346788,0.004696760970401,2.2059563613082644e-05,0.0020571428571428,1,crisis
2020-03-20,2304.919921875,66.04000091552734,65.58999633789062,0.7183514801221013,-0.0579514709668278,-0.0068141213112992,-0.0443276240533668,0.0019649382542166,0.0017306673495725,1,crisis
2020-03-23,2237.39990234375,61.59000015258789,56.63999938964844,0.7197462536177447,-0.1038462520918658,-0.0803702021541798,-0.0297315010095767,0.0008839621522824,0.00150528893603,1,crisis
2020-03-24,2447.330078125,61.66999816894531,52.11000061035156,0.7774593159293193,-0.1607593342398661,-0.1550186126551209,0.0896832325179632,0.008043082194871,0.0015092018548244,1,crisis
2020-03-25,2475.56005859375,63.95000076293945,53.84999847412109,0.7793049784597774,-0.1398049708303829,-0.1579359213185742,0.0114689904208222,0.0001315377412729,0.0016228581736428,1,crisis
2020-03-26,2630.070068359375,61.0,49.790000915527344,0.8046821528855138,-0.1946821528855138,-0.1837704767946337,0.0605438310742465,0.0036655554811469,0.0014765873015873,1,crisis
2020-03-27,2541.469970703125,65.54000091552734,55.75,0.807865064988192,-0.1524650558329185,-0.1493744397127092,-0.0342678455416263,0.0011742852380647,0.0017045602063521,1,crisis
2020-03-30,2626.64990234375,57.08000183105469,51.2599983215332,0.8166324823602975,-0.2458324640497506,-0.1019622165876504,0.0329665905699747,0.0010867960938083,0.0012929073845369,1,crisis
2020-03-31,2584.590087890625,53.540000915527344,48.31999969482422,0.8167598795435459,-0.2813598703882725,-0.0974972194890129,-0.0161423107884158,0.0002605741975898,0.0011375125785851,1,crisis
2020-04-01,2470.5,57.060001373291016,51.16999816894531,0.8223338105158022,-0.2517337967828921,-0.1032247294529987,-0.0451463627327869,0.0020381940680003,0.0012920014907618,1,crisis
2020-04-02,2526.89990234375,50.90999984741211,47.29999923706055,0.8277394430866816,-0.3186394446125604,-0.0709094602469355,0.0225726570569603,0.0005095248466111,0.0010285032081204,1,crisis
2020-04-03,2488.64990234375,46.79999923706055,44.84000015258789,0.8278969147822852,-0.3598969224116797,-0.04188032300053,-0.0152528608259442,0.0002326497633756,0.0008691428288051,1,crisis
2020-04-06,2663.679931640625,45.2400016784668,43.09000015258789,0.854282286979977,-0.401882270195309,-0.0475243467310094,0.0679682441448303,0.0046196822121312,0.0008121657745506,1,crisis
2020-04-07,2659.409912109375,46.70000076293945,43.41999816894531,0.8512298239433411,-0.3842298163139466,-0.0702356004370156,-0.0016043390483624,2.5739037821005606e-06,0.0008654325679597,1,crisis
2020-04-08,2749.97998046875,43.34999847412109,41.59000015258789,0.8586715920177739,-0.425171607276563,-0.0405997320296071,0.0334893711912846,0.0011215379827876,0.0007457231617882,1,crisis
2020-04-09,2789.820068359375,41.66999816894531,40.61000061035156,0.851278042623366,-0.4345780609339129,-0.0254379074915274,0.0143834703036993,0.0002068842179774,0.0006890431537301,1,crisis
2020-04-13,2761.6298828125,41.16999816894531,39.970001220703125,0.8514125951104791,-0.4397126134210259,-0.0291473646250329,-0.0101560594446771,0.0001031455434438,0.0006726066465202,1,crisis
2020-04-14,2846.06005859375,37.7599983215332,36.459999084472656,0.8453004560140065,-0.4677004727986744,-0.0344279474270845,0.0301145595723075,0.000906886698234,0.0005658005846199,1,crisis
2020-04-15,2783.360107421875,40.84000015258789,39.27999877929688,0.8438410680665992,-0.4354410665407203,-0.0381978787331653,-0.0222767326723692,0.0004962528185562,0.000661867306533,1,crisis
2020-04-16,2799.550048828125,40.11000061035156,39.209999084472656,0.8340144771881685,-0.4329144710846528,-0.0224383323905169,0.0057998378395412,3.363811896497496e-05,0.0006384175194295,1,crisis
2020-04-17,2874.56005859375,38.150001525878906,37.27999877929688,0.8331691871880238,-0.4516691719292347,-0.0228047892997294,0.0264409320213205,0.000699122886156,0.0005775486573113,1,crisis
2020-04-20,2823.159912109375,43.83000183105469,40.970001220703125,0.8333089574258866,-0.3950089391153397,-0.0652521216260862,-0.0180428456153477,0.0003255442778992,0.0007623289922659,1,crisis
2020-04-21,2736.56005859375,45.40999984741211,43.27999877929688,0.805826525933143,-0.3517265274590219,-0.0469059915276924,-0.0311551152363306,0.000970641205389,0.0008182809865642,1,crisis
2020-04-22,2799.31005859375,41.97999954223633,40.91999816894531,0.7958511360431628,-0.3760511406207995,-0.025250152092654,0.0226713005821367,0.0005139878700855,0.0006993334768119,1,crisis
2020-04-23,2797.800048828125,41.380001068115234,40.86000061035156,0.7821090286436875,-0.3683090179625351,-0.0125664679637804,-0.0005395676601955,2.911332599289505e-07,0.0006794859080941,1,crisis
2020-04-24,2836.739990234375,35.93000030517578,37.810001373291016,0.7221234862040026,-0.3628234831522448,0.0523239925451494,0.0138220905668392,0.0001910501876379,0.0005122876674325,1,crisis
2020-04-27,2878.47998046875,33.290000915527344,35.33000183105469,0.6774606158972151,-0.3445606067419416,0.0612796893789159,0.0146068681817359,0.0002133605980786,0.0004397714924427,1,crisis
2020-04-28,2863.389892578125,33.56999969482422,35.369998931884766,0.5558823249122012,-0.220182327963959,0.0536192807096768,-0.0052561701904836,2.7627325071328852e-05,0.0004472003490121,1,crisis
2020-04-29,2939.510009765625,31.229999542236328,33.33000183105469,0.5372232451858763,-0.2249232497635129,0.0672431098174771,0.026236704045073,0.0006883646391487,0.0003870289172254,1,crisis
2020-04-30,2912.429931640625,34.150001525878906,35.04999923706055,0.5102445099468957,-0.1687444946881067,0.0263542509800364,-0.0092551433190548,8.565767785624542e-05,0.0004627867477053,1,crisis
2020-05-01,2830.7099609375,37.18999862670898,37.970001220703125,0.5202020425353586,-0.1483020562682688,0.0209734504650927,-0.0284602110147759,0.0008099836110055,0.0005488476181962,1,crisis
2020-05-04,2842.739990234375,35.970001220703125,37.0,0.4984719466667241,-0.1387719344596928,0.0286349386806259,0.0042408225788494,1.7984576145278888e-05,0.0005134289634195,1,crisis
2020-05-05,2868.43994140625,33.61000061035156,35.52000045776367,0.4861652361100041,-0.1500652300064884,0.0568283193313554,0.0089999351977798,8.099883356423576e-05,0.00044826672263,1,crisis
2020-05-06,2848.419921875,34.119998931884766,35.68000030517578,0.4220187665628881,-0.0808187772440404,0.0457210264398106,-0.0070038803990425,4.905434064409296e-05,0.00046197393933,1,crisis
2020-05-07,2881.18994140625,31.440000534057617,34.0099983215332,0.4220148112971537,-0.1076148059565775,0.0817429307830836,0.0114389557548908,0.0001308497087623,0.0003922514418974,1,crisis
2020-05-08,2929.800048828125,27.979999542236328,31.63999938964844,0.3898355513218908,-0.1100355558995275,0.1308077164864594,0.0167307950652262,0.0002799195035145,0.0003106668152315,1,crisis
2020-05-11,2930.18994140625,27.56999969482422,30.38999938964844,0.37319459040075,-0.0974945934525078,0.1022850825549202,0.0001330693667907,1.7707456378094994e-08,0.0003016289218938,1,crisis
2020-05-12,2870.1201171875,33.040000915527344,34.2599983215332,0.3703374482688182,-0.0399374391135447,0.0369248599334182,-0.0207133657720476,0.0004290435216066,0.0004331911351182,1,crisis
2020-05-13,2820.0,35.279998779296875,36.5099983215332,0.3710222822125225,-0.0182222944195538,0.0348639338093775,-0.01761699662428,0.0003103585700598,0.0004939199658203,1,crisis
2020-05-14,2852.5,32.61000061035156,34.900001525878906,0.3424919862127666,-0.016391980109251,0.0702238844730477,0.0114589178040714,0.0001313067972404,0.0004219889443679,1,crisis
2020-05-15,2863.699951171875,31.88999938964844,34.5099983215332,0.3383186537568951,-0.0194186598604106,0.0821573841966023,0.003918675203723,1.5356015352273723e-05,0.0004035603416951,1,crisis
2020-05-18,2953.909912109375,29.299999237060547,31.770000457763672,0.3417938681889795,-0.048793875818374,0.0843003851542394,0.0310152087700734,0.0009619431750512,0.0003406706171792,1,crisis
2020-05-19,2922.93994140625,30.530000686645508,32.810001373291016,0.2892308497065624,0.0160691571598926,0.0746806628026978,-0.0105397477115992,0.0001110862818241,0.0003698733896534,1,crisis
2020-05-20,2971.610107421875,27.989999771118164,31.11000061035156,0.2914307961773648,-0.0115307984661831,0.1114684124596816,0.0165139906134157,0.0002727118859799,0.0003108889234869,1,crisis
2020-05-21,2948.510009765625,29.530000686645508,32.380001068115234,0.2790640445098271,0.0162359623566279,0.0965120323467718,-0.0078039683099536,6.0901921382761386e-05,0.0003460400557751,1,crisis
2020-05-22,2955.449951171875,28.15999984741211,31.540000915527344,0.2767146029592326,0.0048853955148884,0.1200284476715242,0.0023509456868123,5.526945622341669e-06,0.0003146768219866,1,crisis
2020-05-26,2991.77001953125,28.01000022888184,30.850000381469727,0.2758236792877713,0.004276323001047,0.1013923644905753,0.0122142850214605,0.0001491887585854,0.0003113333781039,1,crisis
2020-05-27,3036.1298828125,27.6200008392334,30.190000534057617,0.2659434090059465,0.0102565993863875,0.093048501692064,0.0147184474903143,0.0002166326965251,0.0003027239866504,1,crisis
2020-05-28,3029.72998046875,28.59000015258789,31.209999084472656,0.256084474897534,0.0298155266283449,0.0916403958692392,-0.0021101393249195,4.452687970571929e-06,0.0003243603606051,1,crisis
2020-05-29,3044.31005859375,27.51000022888184,30.270000457763672,0.2560000555108457,0.0190999467779726,0.1003271612475015,0.0048007935523079,2.304761873188161e-05,0.0003003175049972,1,crisis
2020-06-01,3055.72998046875,28.229999542236328,30.920000076293945,0.2460397212189724,0.0362602742033908,0.095288720427819,0.0037442164783643,1.4019157036855442e-05,0.0003162432040296,1,crisis
2020-06-02,3080.820068359375,26.84000015258789,29.93000030517578,0.2390820599547308,0.029317941571148,0.1151266816326733,0.0081773072823986,6.686835439077013e-05,0.0002858673048376,1,crisis
2020-06-03,3122.8701171875,25.65999984741211,28.90999984741211,0.2179022486697425,0.0386977498043785,0.1266562751101408,0.0135566708125639,0.0001837833235202,0.0002612839651465,1,crisis
2020-06-04,3112.35009765625,25.809999465942383,28.850000381469727,0.2119195963144179,0.0461803983450058,0.1177838426358272,-0.0033743890836089,1.138650168757894e-05,0.0002643476477904,1,crisis
2020-06-05,3193.929931640625,24.520000457763672,27.420000076293945,0.2211349390839347,0.0240650654937019,0.1182707815819823,0.0258740128216358,0.0006694645394941,0.0002385835009717,1,crisis
2020-06-08,3232.389892578125,25.809999465942383,28.07999992370605,0.2205143992120511,0.0375855954473726,0.0879504263748261,0.011969656405806,0.000143272674473,0.0002643476477904,1,crisis
2020-06-09,3207.179931640625,27.56999969482422,29.670000076293945,0.2210351664602012,0.054664830488041,0.0761697644075043,-0.0078297434197219,6.13048820186796e-05,0.0003016289218938,1,crisis
2020-06-10,3190.139892578125,27.56999969482422,29.56999969482422,0.2210600227712627,0.0546399741769794,0.0725426195915216,-0.005327255735182,2.837965366803033e-05,0.0003016289218938,1,crisis
2020-06-11,3002.10009765625,40.790000915527344,40.43000030517578,0.2796641980205607,0.1282358111347127,-0.0088257073368812,-0.0607526929962889,0.0036908897063013,0.0006602476883685,1,crisis
2020-06-12,3041.31005859375,36.09000015258789,38.04999923706055,0.2802078177573103,0.0806921837685686,0.0543086471650267,0.0129762866052117,0.0001683840140605,0.0005168603615134,1,crisis
2020-06-15,3066.590087890625,34.400001525878906,36.43000030517578,0.2660091816802075,0.0779908335785815,0.0590115898038469,0.0082778608181752,6.852297972508118e-05,0.0004695873432462,1,crisis
2020-06-16,3124.739990234375,33.66999816894531,35.79999923706055,0.2700653491520913,0.0666346325373618,0.0632610984244064,0.0187848528667105,0.0003528706972239,0.0004498685621812,1,crisis
2020-06-17,3113.489990234375,33.470001220703125,35.720001220703125,0.2701651475740907,0.0645348646329405,0.0672243775900505,-0.0036067962326294,1.3008979063709732e-05,0.0004445400721086,1,crisis
2020-06-18,3115.340087890625,32.939998626708984,35.13999938964844,0.2686791115135561,0.0607208747535337,0.0667881255209163,0.0005940434038017,3.528875656003777e-07,0.0004305728212411,1,crisis
2020-06-19,3097.739990234375,35.119998931884766,36.68000030517578,0.2685761980712656,0.082623791247582,0.0444191748501085,-0.0056655135656737,3.209804396283304e-05,0.0004894501289585,1,crisis
2020-06-22,3117.860107421875,31.770000457763672,33.75,0.2654526615436638,0.0522473430339728,0.0623229308689692,0.0064740932966583,4.191388401383702e-05,0.0004005289401136,1,crisis
2020-06-23,3131.2900390625,31.3700008392334,33.060001373291016,0.2654625386972263,0.0482374696951076,0.0538731427748,0.0042981691914837,1.847425839862041e-05,0.0003905067272434,1,crisis
2020-06-24,3050.330078125,33.84000015258789,35.38999938964844,0.2700129321192667,0.0683870694066121,0.0458037597538843,-0.0261952655956623,0.0006861919396272,0.0004544228612409,1,crisis
2020-06-25,3083.760009765625,32.220001220703125,34.09000015258789,0.2645768382360553,0.0576231739709759,0.0580384500632231,0.0108998277282181,0.0001188062445048,0.0004119557455008,1,crisis
2020-06-26,3009.050048828125,34.72999954223633,35.79999923706055,0.2749098565342598,0.0723901388881034,0.0308090903808667,-0.0245252042748311,0.0006014856447221,0.0004786400270649,1,crisis
2020-06-29,3053.239990234375,31.780000686645508,33.90999984741211,0.2773554684032778,0.0404445384631773,0.0670232572292442,0.0145788881135335,0.0002125439786269,0.0004007811284298,1,crisis
2020-06-30,3100.2900390625,30.43000030517578,32.52000045776367,0.2666671549717492,0.0376328480800085,0.0686822258175398,0.0152923494357555,0.0002338559512652,0.000367454332767,1,crisis
2020-07-01,3115.860107421875,28.6200008392334,31.68000030517578,0.2643074636606295,0.0218925447317044,0.1069182171982195,0.0050095639758705,2.5095731228340105e-05,0.000325041447634,1,crisis
2020-07-02,3130.010009765625,27.68000030517578,30.8700008392334,0.2609006696806528,0.0158993333711049,0.115245682763274,0.0045309704768169,2.0529693461786495e-05,0.0003040406416248,1,crisis
2020-07-06,3179.719970703125,27.940000534057617,30.979999542236328,0.2623505256484827,0.0170494796920934,0.1088045436675309,0.0157569308321632,0.0002482808692495,0.0003097792181917,1,crisis
2020-07-07,3145.320068359375,29.43000030517578,32.06999969482422,0.2652089202424604,0.0290910828092973,0.0897043616130764,-0.0108774778696435,0.0001183195248045,0.0003437003642708,1,crisis
2020-07-08,3169.93994140625,28.07999992370605,31.190000534057617,0.2640479604902315,0.016752038746829,0.1107550077920763,0.0077969862634302,6.07929947921203e-05,0.0003128914268711,1,crisis
2020-07-09,3152.050048828125,29.26000022888184,32.060001373291016,0.2620683457805245,0.0305316565082938,0.0956938182674845,-0.0056595914761946,3.2030975677414834e-05,0.0003397411164262,1,crisis
2020-07-10,3185.0400390625,27.290000915527344,31.020000457763672,0.2631841751583738,0.0097158339968996,0.1366800812422857,0.010411809774443,0.0001084057827791,0.000295533392845,1,crisis
2020-07-13,3155.219970703125,32.189998626708984,34.540000915527344,0.2649292840184852,0.0569707022486046,0.0730041127391814,-0.0094066452160588,8.84849742208033e-05,0.0004111888934871,1,crisis
2020-07-14,3197.52001953125,29.520000457763672,32.560001373291016,0.2671737700477196,0.028026234529917,0.10298105922718,0.0133173005829039,0.0001773504948154,0.0003458057250104,1,crisis
2020-07-15,3226.56005859375,27.76000022888184,31.559999465942383,0.267372674835875,0.0102273274529433,0.1368875794571132,0.009041056936355,8.174071052641372e-05,0.0003058006399633,1,crisis
2020-07-16,3215.570068359375,28.0,31.549999237060547,0.2652607087304728,0.0147392912695272,0.1267856870378766,-0.0034119152141152,1.1641165428311026e-05,0.0003111111111111,1,crisis
2020-07-17,3224.72998046875,25.68000030517578,30.3700008392334,0.264986833800672,-0.0081868307489141,0.1826324173801645,0.0028445625875835,8.09153631468008e-06,0.0002616914347912,1,crisis
2020-07-20,3251.840087890625,24.459999084472656,29.100000381469727,0.2555006023472182,-0.0109006115024916,0.1896975253749117,0.0083717972551403,7.008698928117524e-05,0.0002374172838144,1,crisis
2020-07-21,3257.300048828125,24.84000015258789,29.46999931335449,0.2532518071365147,-0.0048518056106358,0.1863928797232408,0.00167762933456,2.814440184176457e-06,0.0002448514315795,1,crisis
2020-07-22,3276.02001953125,24.31999969482422,29.049999237060547,0.2525382328568104,-0.0093382359085682,0.1944901151969572,0.0057306305944738,3.284012701031985e-05,0.0002347072956969,1,crisis
2020-07-23,3235.659912109375,26.07999992370605,30.25,0.2548269746682211,0.0059730245688393,0.1598926414299382,-0.0123963784122468,0.0001536701977396,0.0002699073000081,1,crisis
2020-07-24,3215.6298828125,25.84000015258789,30.559999465942383,0.1785774749732132,0.0798225265526656,0.1826625110480806,-0.0062096400242761,3.8559629231092105e-05,0.0002649625428118,0,stressed
2020-07-27,3239.409912109375,24.739999771118164,30.0,0.1763875730997292,0.0710124246114523,0.2126111672410942,0.0073679288214823,5.428637511843062e-05,0.0002428839637598,0,stressed
2020-07-28,3218.43994140625,25.440000534057617,30.100000381469727,0.1770888294806455,0.0773111758599306,0.1831760907855944,-0.0064944354186463,4.2177691406967615e-05,0.0002568228679257,0,stressed
2020-07-29,3258.43994140625,24.100000381469727,29.290000915527344,0.1725920272392214,0.0684079765754758,0.2153527158467666,0.0123517833517425,0.0001525665519683,0.0002304801660265,0,stressed
2020-07-30,3246.219970703125,24.76000022888184,29.76000022888184,0.1726304880099078,0.0749695142789105,0.2019386087956348,-0.0037573017634548,1.4117316541660936e-05,0.0002432768298945,0,stressed
2020-07-31,3271.1201171875,24.459999084472656,29.709999084472656,0.1735533843692111,0.0710466064755154,0.2146361486715152,0.0076412362421762,5.838849130874812e-05,0.0002374172838144,0,stressed
2020-08-03,3294.610107421875,24.280000686645508,29.65999984741211,0.1728488954879926,0.0699511113784624,0.2215815077684783,0.0071553626643586,5.119921485849805e-05,0.0002339358862474,0,stressed
2020-08-04,3306.510009765625,23.76000022888184,29.09000015258789,0.1724108240514464,0.0651891782373719,0.2243265939546198,0.0036054230261335,1.2999075197374056e-05,0.0002240228614589,0,stressed
2020-08-05,3327.77001953125,22.989999771118164,28.600000381469727,0.1727679727082136,0.0571320250029679,0.2440191677339329,0.0064091604355179,4.107733748820828e-05,0.0002097381307444,0,stressed
2020-08-06,3349.159912109375,22.64999961853028,28.200000762939453,0.1509484566435713,0.0755515395417315,0.2450331672354044,0.0064071260206648,4.105126384467999e-05,0.0002035803502854,0,stressed
2020-08-07,3351.280029296875,22.209999084472656,28.280000686645508,0.1492711496397758,0.0728288412049507,0.2733003985766249,0.0006328292699566,4.004728849138915e-07,0.0001957476425921,0,stressed
2020-08-10,3360.469970703125,22.1299991607666,28.049999237060547,0.1248642431075576,0.0964357485001083,0.2675101807861466,0.0027384652733919,7.49919205357349e-06,0.0001943400249426,0,stressed
2020-08-11,3333.68994140625,24.030000686645508,29.170000076293945,0.1248903750636225,0.1154096318028325,0.2138992610393454,-0.0080010554013772,6.401688753590883e-05,0.000229143227381,0,stressed
2020-08-12,3380.35009765625,22.280000686645508,28.1200008392334,0.1237522970312062,0.0990477098352488,0.2621184906914455,0.0138995022936135,0.0001931961640101,0.0001969835042051,0,stressed
2020-08-13,3373.429931640625,22.1299991607666,28.170000076293945,0.1243875844917203,0.0969124071159457,0.2729327223037325,-0.0020492726761566,4.199518501242365e-06,0.0001943400249426,0,stressed
2020-08-14,3372.85009765625,22.049999237060547,28.3700008392334,0.1245155096730267,0.0959844826975787,0.2866213977708673,-0.000171897396279,2.9548714847509605e-08,0.0001929374866485,0,stressed
2020-08-17,3381.989990234375,21.350000381469727,27.450000762939453,0.1180079249894088,0.0954920788252884,0.2857142984767387,0.0027061775074234,7.323396701684629e-06,0.0001808819509082,0,stressed
2020-08-18,3389.780029296875,21.51000022888184,27.350000381469727,0.1114566933983404,0.1036433088904779,0.271501631355002,0.0023007404198168,5.293406479379004e-06,0.000183603218193,0,stressed
2020-08-19,3374.85009765625,22.540000915527344,28.11000061035156,0.112026483948613,0.1133735252066604,0.2471162142228289,-0.004414123345182,1.948448490648089e-05,0.0002016077941555,0,stressed
2020-08-20,3385.510009765625,22.71999931335449,28.1299991607666,0.1096162103383175,0.1175837827952273,0.2381161976634477,0.0031536547683461,9.945538397912305e-06,0.0002048406225392,0,stressed
2020-08-21,3397.159912109375,22.540000915527344,28.170000076293945,0.1070090157079598,0.1183909934473135,0.249778124759889,0.0034351999829724,1.1800598923014037e-05,0.0002016077941555,0,stressed
2020-08-24,3431.280029296875,22.3700008392334,28.100000381469727,0.1035193003228849,0.1201807080694489,0.2561465948712361,0.0099936153649035,9.987234806163548e-05,0.0001985781498203,0,stressed
2020-08-25,3443.6201171875,22.030000686645508,27.90999984741211,0.0986527339182964,0.1216472729481586,0.2669087143665425,0.0035898997455401,1.2887380183028998e-05,0.0001925876707355,0,stressed
2020-08-26,3478.72998046875,23.270000457763672,28.700000762939453,0.0993403574173508,0.1333596471602858,0.2333476664528447,0.0101440013448414,0.0001029007632841,0.0002148781433747,0,stressed
2020-08-27,3484.550048828125,24.46999931335449,29.93000030517578,0.0977882178034069,0.1469117753301379,0.2231304105039962,0.0016716460318091,2.794400455663239e-06,0.0002376114549188,0,stressed
2020-08-28,3508.010009765625,22.959999084472656,29.6200008392334,0.0984847577622017,0.1311152330825248,0.2900697744045101,0.0067100028495702,4.502413824124093e-05,0.0002091910944281,0,stressed
2020-08-31,3500.31005859375,26.40999984741211,31.850000381469727,0.0980579284085448,0.1660420700655762,0.2059826037670605,-0.0021973751755085,4.828457661941191e-06,0.0002767809888652,0,stressed
2020-09-01,3526.64990234375,26.1200008392334,32.099998474121094,0.0991022436795262,0.1620977647128077,0.2289432405341072,0.0074968314207059,5.620248135048389e-05,0.0002707358904133,0,stressed
2020-09-02,3580.840087890625,26.56999969482422,32.66999816894531,0.1053194348950186,0.1603805620532235,0.2295821808123453,0.0152490501438697,0.0002325335302902,0.0002801447951519,0,stressed
2020-09-03,3455.06005859375,33.599998474121094,37.630001068115234,0.1480319101615081,0.1879680745797028,0.1199405588395508,-0.0357575941421853,0.0012786055388372,0.0004479999593098,0,stressed
2020-09-04,3426.9599609375,30.75,34.75,0.1491010737130521,0.1583989262869478,0.1300813008130081,-0.0081662807542751,6.668814135764393e-05,0.0003752232142857,0,stressed
2020-09-08,3331.840087890625,31.459999084472656,34.310001373291016,0.1720143667804777,0.1425856240642488,0.0905913023444747,-0.0281488290864667,0.0007923565789391,0.0003927506120615,0,stressed
2020-09-09,3398.9599609375,28.809999465942383,32.119998931884766,0.1790132273346082,0.1090867673248155,0.1148906465567722,0.0199447606621803,0.0003977934778716,0.0003293714560426,0,stressed
2020-09-10,3339.18994140625,29.709999084472656,32.91999816894531,0.1847813253605615,0.112318665484165,0.108044401998999,-0.0177412459253955,0.0003147518069853,0.0003502714466664,0,stressed
2020-09-11,3340.969970703125,26.8700008392334,31.1299991607666,0.1842763112338751,0.0844236971584588,0.1585410565121047,0.0005329301580873,2.840145533990074e-07,0.0002865067242461,0,stressed
2020-09-14,3383.5400390625,25.850000381469727,30.479999542236328,0.186420085170004,0.0720799186446932,0.17911021634203,0.0126613350250229,0.0001603094046158,0.0002651676665563,0,stressed
2020-09-15,3401.199951171875,25.59000015258789,30.270000457763672,0.1859572476693938,0.069942753856485,0.1828839498737751,0.0052057859304996,2.7100207154188176e-05,0.0002598603602418,0,stressed
2020-09-16,3385.489990234375,26.040000915527344,30.56999969482422,0.1865091097968769,0.0738908993583964,0.1739630806462718,-0.0046296468921518,2.143363034601114e-05,0.0002690800189208,0,stressed
2020-09-17,3357.010009765625,26.459999084472656,30.75,0.1875848987182706,0.0770150921264559,0.1621315594846266,-0.0084479495285524,7.136785123696968e-05,0.0002778299807739,0,stressed
2020-09-18,3319.469970703125,25.82999992370605,30.459999084472656,0.1895507700322088,0.0687492292048516,0.1792489033852966,-0.0112455769478285,0.0001264630008895,0.0002647574984359,0,stressed
2020-09-21,3281.06005859375,27.780000686645508,31.63999938964844,0.1923438653110806,0.0854561415553744,0.1389488339666789,-0.0116385640272977,0.0001354561726175,0.0003062414437103,0,stressed
2020-09-22,3315.570068359375,26.86000061035156,31.670000076293945,0.1948326748485808,0.0737673312549347,0.1790766700164803,0.0104630163983761,0.0001094747121526,0.0002862935050746,0,stressed
2020-09-23,3236.919921875,28.57999992370605,33.279998779296875,0.2054576628569709,0.0803423363800896,0.1644506251972502,-0.0240073389143741,0.0005763523217496,0.0003241334903329,0,stressed
2020-09-24,3246.590087890625,28.51000022888184,33.060001373291016,0.2009740223938419,0.0841259798949764,0.159593164078611,0.002983005554629,8.89832213894777e-06,0.000322547663909,0,stressed
2020-09-25,3298.4599609375,26.3799991607666,32.029998779296875,0.207033997017193,0.056765994590473,0.2141773994797232,0.0158504392241884,0.0002512364235996,0.0002761525221119,0,stressed
2020-09-28,3351.60009765625,26.190000534057617,31.739999771118164,0.212643257261259,0.0492567480793171,0.2119129104195052,0.0159821918538544,0.0002554304564534,0.0002721889396721,0,stressed
2020-09-29,3335.469970703125,26.270000457763672,31.09000015258789,0.2128655912260018,0.0498344133516348,0.1834792390877079,-0.0048242827044439,2.3273703612397488e-05,0.0002738543349408,0,stressed
2020-09-30,3363.0,26.3700008392334,31.63999938964844,0.2142200536306174,0.0494799547617165,0.1998482511450783,0.0082198425683796,6.756581184894551e-05,0.0002759432318496,0,stressed
2020-10-01,3380.800048828125,26.700000762939453,31.71999931335449,0.2144304054101541,0.0525696022192404,0.188014921609402,0.005278949564295,2.7867308502371187e-05,0.0002828928733099,0,stressed
2020-10-02,3348.419921875,27.6299991607666,32.38999938964844,0.21601976867832,0.0602802229293459,0.1722765245552678,-0.0096238128663708,9.261777408692532e-05,0.0003029431958825,0,stressed
2020-10-05,3408.60009765625,27.959999084472656,31.280000686645508,0.222151211787524,0.0574487790572025,0.118741119845622,0.0178131090029009,0.0003173068523492,0.0003102228368268,0,stressed
2020-10-06,3360.969970703125,29.479999542236328,31.8799991607666,0.2237926954177825,0.0710073000045808,0.0814111145114424,-0.0140720643875232,0.0001980229961265,0.0003448691956389,0,stressed
2020-10-07,3419.43994140625,28.059999465942383,30.700000762939453,0.2294903617303369,0.0511096329290868,0.0940841535011913,0.0172471637702415,0.0002974646581175,0.0003124458611224,0,stressed
2020-10-08,3446.830078125,26.36000061035156,29.489999771118164,0.2287237793034674,0.0348762268000481,0.1187404813464782,0.0079782128948692,6.365188099585856e-05,0.0002757339810229,0,stressed
2020-10-09,3477.139892578125,25.0,28.280000686645508,0.2301730454603174,0.0198269545396826,0.1312000274658203,0.0087550951807528,7.665169162404225e-05,0.0002480158730158,0,stressed
2020-10-12,3534.219970703125,25.06999969482422,27.979999542236328,0.2342593823060391,0.016440614642203,0.1160749853544229,0.0162825301583242,0.0002651207883567,0.0002494067002771,0,stressed
2020-10-13,3511.929931640625,26.06999969482422,28.350000381469727,0.2349387398464428,0.0257612571017993,0.0874568743128204,-0.0063268916291632,4.002955768717623e-05,0.0002697003508286,0,stressed
2020-10-14,3488.669921875,26.39999961853028,28.239999771118164,0.23465032188981,0.0293496742954927,0.069696976483908,-0.0066451720840594,4.415831202676244e-05,0.0002765714205787,0,stressed
2020-10-15,3483.340087890625,26.96999931335449,28.71999931335449,0.2299427527583555,0.0397572403751893,0.0648869130350132,-0.001528923514213,2.3376071123136684e-06,0.0002886431995882,0,stressed
2020-10-16,3483.81005859375,27.40999984741211,29.209999084472656,0.2048512547833056,0.0692487436908154,0.0656694362306059,0.0001349104566304,1.820083130823809e-08,0.0002981381316012,0,stressed
2020-10-19,3426.919921875,29.18000030517578,30.39999961853028,0.2091890687048491,0.0826109343469086,0.0418094345646082,-0.0164646635149426,0.0002710851446602,0.0003378858800833,0,stressed
2020-10-20,3443.1201171875,29.350000381469727,30.11000061035156,0.191716988573218,0.1017830152414792,0.0258943856560105,0.0047161953200011,2.2242498296400532e-05,0.0003418343342826,0,stressed
2020-10-21,3435.56005859375,28.64999961853028,29.61000061035156,0.1833578764947487,0.103142119690554,0.0335078884678368,-0.0021981140115702,4.831705207861578e-06,0.0003257232056118,0,stressed
2020-10-22,3453.489990234375,28.11000061035156,29.299999237060547,0.1755721654611973,0.1055278406423182,0.0423336393052502,0.0052053540034913,2.7095710301663337e-05,0.0003135603707595,0,stressed
2020-10-23,3465.389892578125,27.549999237060547,28.989999771118164,0.1756895311304509,0.0998104612401545,0.0522686233733361,0.0034398383203894,1.1832487670419912e-05,0.0003011914515722,0,stressed
2020-10-26,3400.969970703125,32.459999084472656,32.06999969482422,0.1814195488739781,0.1431804419707484,-0.0120147689663674,-0.018764472985322,0.0003521054464168,0.0004181156906999,1,crisis
2020-10-27,3390.679931640625,33.349998474121094,32.720001220703125,0.1810033656043739,0.152496619136837,-0.0188904732306609,-0.0030302053504455,9.182144465868602e-06,0.0004413580945332,1,crisis
2020-10-28,3271.030029296875,40.27999877929688,37.75,0.2084499035407007,0.1943500842522681,-0.0628102993041114,-0.0359255421085777,0.0012906445757951,0.0006438405958968,1,crisis
2020-10-29,3310.110107421875,37.59000015258789,35.84000015258789,0.2105758722227361,0.1653241293031427,-0.0465549346341122,0.0118765249399974,0.0001410518446503,0.0005607175045522,1,crisis
2020-10-30,3269.9599609375,38.02000045776367,36.27000045776367,0.2110198063627592,0.1691801982148774,-0.046028405547866,-0.0122037134452599,0.000148930621854,0.000573619220162,1,crisis
2020-11-02,3310.239990234375,37.130001068115234,35.060001373291016,0.2114177977154249,0.1598822129657274,-0.0557500575081263,0.0122429508905916,0.0001498898465094,0.0005470781663961,1,crisis
2020-11-03,3369.159912109375,35.54999923706055,33.52000045776367,0.2154047943735098,0.1400951979970956,-0.0571026391803862,0.0176427376840778,0.0003112661929891,0.0005015089070456,1,crisis
2020-11-04,3443.43994140625,29.56999969482422,29.979999542236328,0.2109263006588368,0.0847736962894052,0.0138653991086741,0.0218075256550917,0.0004755681751974,0.0003469781277586,0,stressed
2020-11-05,3510.449951171875,27.57999992370605,29.049999237060547,0.21674844757485,0.0590515516622104,0.0532994676367267,0.0192732657767012,0.0003714587736993,0.0003018477761077,0,stressed
2020-11-06,3509.43994140625,24.86000061035156,27.3700008392334,0.2131960040822124,0.0354040020213031,0.1009654130031151,-0.0002877565853738,8.280385242600047e-08,0.0002452458850582,0,stressed
2020-11-09,3550.5,25.75,26.8799991607666,0.2110910627814649,0.046408937218535,0.0438834625540427,0.0116319747463441,0.0001353028364995,0.0002631200396825,0,stressed
2020-11-10,3545.530029296875,24.799999237060547,26.489999771118164,0.2103723252122349,0.0376276671583705,0.0681451849213011,-0.0014007752208676,1.9621712193968586e-06,0.0002440634770469,0,stressed
2020-11-11,3572.659912109375,23.450000762939453,25.6200008392334,0.2102268672974946,0.0242731403318998,0.0925373136756323,0.0076227283629914,5.810598769595448e-05,0.0002182152919769,0,stressed
2020-11-12,3537.010009765625,25.350000381469727,27.21999931335449,0.2128275321914115,0.0406724716232857,0.073767215137862,-0.0100286515470693,0.0001005738518525,0.0002550089362462,0,stressed
2020-11-13,3585.14990234375,23.100000381469727,25.690000534057617,0.2128804543879049,0.0181195494267922,0.1121212168751965,0.013518546706294,0.0001827511050502,0.0002117500069936,0,stressed
2020-11-16,3626.909912109375,22.450000762939453,25.350000381469727,0.2096701867081888,0.0148298209212057,0.1291759251660073,0.0115807349228326,0.0001341134213529,0.0002000010056571,0,stressed
2020-11-17,3609.530029296875,22.709999084472656,25.3799991607666,0.2051417068038657,0.0219582840408608,0.1175693608072175,-0.0048034437846475,2.3073072192269e-05,0.0002046603406415,0,stressed
2020-11-18,3567.7900390625,23.84000015258789,26.38999938964844,0.2040242456514887,0.0343757558743901,0.1069630545612115,-0.0116312106474813,0.000135285061126,0.000225533971141,0,stressed
2020-11-19,3581.8701171875,23.11000061035156,25.799999237060547,0.2032295314561494,0.0278704746473661,0.1163997644164522,0.0039386756907327,1.5513166196769334e-05,0.0002119333842104,0,stressed
2020-11-20,3557.5400390625,23.700000762939453,26.059999465942383,0.2032640216502807,0.0337359859791137,0.0995780011405461,-0.0068157373729185,4.645427593659901e-05,0.0002228928714933,0,stressed
2020-11-23,3577.590087890625,22.65999984741211,25.43000030517578,0.1984822165433226,0.0281177819307984,0.1222418568586186,0.0056201081818496,3.158561597569386e-05,0.0002037601559859,0,stressed
2020-11-24,3635.409912109375,21.63999938964844,24.84000015258789,0.2024305766747162,0.0139694172217681,0.1478743462659328,0.0160324588140317,0.0002570397356236,0.0001858291958666,0,stressed
2020-11-25,3629.64990234375,21.25,24.420000076293945,0.2012649183397988,0.0112350816602011,0.1491764741785386,-0.0015856747555094,2.5143644302598154e-06,0.0001791914682539,0,stressed
2020-11-27,3638.35009765625,20.84000015258789,24.43000030517578,0.2011033836427632,0.0072966178831156,0.1722648813004969,0.0023941110259011,5.731767604341391e-06,0.0001723434945872,0,stressed
2020-11-30,3621.6298828125,20.56999969482422,24.32999992370605,0.201841143174478,0.0038588537737641,0.182790485399371,-0.004606140636972,2.121653156756488e-05,0.000167906701367,0,stressed
2020-12-01,3662.449951171875,20.770000457763672,24.489999771118164,0.1965503561980346,0.011149648379602,0.1791044406050546,0.0112081406615929,0.00012562241709,0.0001711876662759,0,stressed
2020-12-02,3669.010009765625,21.170000076293945,24.540000915527344,0.1964097928179135,0.0152902079450259,0.1591875685917974,0.0017895645286042,3.202541202038675e-06,0.0001778448028691,0,stressed
2020-12-03,3666.719970703125,21.280000686645508,24.559999465942383,0.1961620711601478,0.0166379357063072,0.1541352760084859,-0.0006243520802942,3.8981552016773146e-07,0.0001796977893744,0,stressed
2020-12-04,3699.1201171875,20.790000915527344,24.290000915527344,0.196919783646844,0.0109802255084294,0.1683501609365476,0.0087974637151868,7.739536782002975e-05,0.0001715175151062,0,stressed
2020-12-07,3691.9599609375,21.299999237060547,24.520000457763672,0.1972634462668573,0.0157365461037481,0.1511737716450497,-0.0019375134389632,3.753958326163207e-06,0.0001800357013884,0,stressed
2020-12-08,3702.25,20.68000030517578,23.8700008392334,0.1870707151857392,0.0197292878660185,0.1542553426974189,0.0027832711701704,7.746598406702115e-06,0.000169707306596,0,stressed
2020-12-09,3672.820068359375,22.270000457763672,24.729999542236328,0.1889589801162204,0.0337410244614162,0.1104624622320141,-0.0079809649484717,6.369580150873404e-05,0.0001968067144399,0,stressed
2020-12-10,3668.10009765625,22.520000457763672,25.049999237060547,0.150176906777828,0.0750230977998086,0.1123445261043353,-0.0012859345277717,1.6536276097154837e-06,0.0002012501669117,0,stressed
2020-12-11,3663.4599609375,23.309999465942383,26.049999237060547,0.1488743548186577,0.0842256398407661,0.117546110420187,-0.0012657980842328,1.6022447900475155e-06,0.0002156174901199,0,stressed
2020-12-14,3647.489990234375,24.71999931335449,27.11000061035156,0.1433775785609893,0.1038224145725555,0.0966829030495126,-0.0043687882451469,1.908631073093424e-05,0.0002424914151,0,stressed
2020-12-15,3694.6201171875,22.88999938964844,25.8700008392334,0.1436980437898845,0.0852019501065999,0.130187921758207,0.0128384820222186,0.0001648266206348,0.0002079174889119,0,stressed
2020-12-16,3701.169921875,22.5,25.46999931335449,0.137508952181922,0.0874910478180779,0.1319999694824217,0.001771225620323,3.1372401980888234e-06,0.0002008928571428,0,stressed
2020-12-17,3722.47998046875,21.93000030517578,25.14999961853028,0.1259468161419142,0.0933531869098436,0.1468307919993294,0.0057411428089832,3.296072075314047e-05,0.0001908432195972,0,stressed
2020-12-18,3709.409912109375,21.56999969482422,25.170000076293945,0.1167071411813552,0.0989928557668869,0.166898490143862,-0.0035172969521487,1.2371377849594563e-05,0.0001846289233471,0,stressed
2020-12-21,3694.919921875,25.15999984741211,27.57999992370605,0.1177495283407012,0.1338504701334197,0.0961844233295119,-0.0039139284869094,1.5318836200641568e-05,0.0002512006318737,0,stressed
2020-12-22,3687.260009765625,24.229999542236328,27.25,0.1143730036564719,0.1279269917658912,0.1246388986718461,-0.0020752446917703,4.306640530721059e-06,0.000232973364213,0,stressed
2020-12-23,3690.010009765625,23.309999465942383,26.26000022888184,0.1141079978539328,0.1189919968054909,0.1265551621847792,0.0007455332718186,5.558198593886787e-07,0.0002156174901199,0,stressed
2020-12-24,3703.06005859375,21.530000686645508,25.3700008392334,0.112755741181929,0.102544265684526,0.1783557840279002,0.0035303499794869,1.2463370977663523e-05,0.0001839448133202,0,stressed
2020-12-28,3735.360107421875,21.700000762939453,25.14999961853028,0.109568452757409,0.1074315548719854,0.1589861167877439,0.0086847075384115,7.542414502774153e-05,0.0001868611242506,0,stressed
2020-12-29,3727.0400390625,23.07999992370605,26.239999771118164,0.1043377049089436,0.1264622943281169,0.1369150718309317,-0.0022298648272786,4.972297147934654e-06,0.0002113834906659,0,stressed
2020-12-30,3732.0400390625,22.770000457763672,25.440000534057617,0.0996817679818097,0.1280182365958269,0.1172595530354317,0.0013406480950792,1.797337314839529e-06,0.0002057432225581,0,stressed
2020-12-31,3756.070068359375,22.75,25.280000686645508,0.0993563517213361,0.1281436482786638,0.1112088213910113,0.0064182047117037,4.119335172133677e-05,0.0002053819444444,0,stressed
2021-01-04,3700.64990234375,26.96999931335449,28.26000022888184,0.1033813245719404,0.1663186685616044,0.0478309584119489,-0.0148647627120257,0.0002209611704848,0.0002886431995882,0,stressed
2021-01-05,3726.860107421875,25.34000015258789,27.25,0.1044837194688021,0.1489162820570767,0.0753748948662515,0.007057631383362,4.981016074341659e-05,0.0002548077808464,0,stressed
2021-01-06,3748.139892578125,25.06999969482422,26.790000915527344,0.1022838359766937,0.1484161609715484,0.0686079474128683,0.005693603382474,3.241711947692045e-05,0.0002494067002771,0,stressed
2021-01-07,3803.7900390625,22.3700008392334,25.020000457763672,0.1085139879770355,0.1151860204152983,0.1184622046988303,0.0147382601077529,0.0002172163110037,0.0001985781498203,0,stressed
2021-01-08,3824.679931640625,21.559999465942383,24.89999961853028,0.1007222836181719,0.1148777110412518,0.15491652297413,0.0054768373935153,2.9995747835008227e-05,0.0001844577686394,0,stressed
2021-01-11,3799.610107421875,24.07999992370605,26.700000762939453,0.1031429090541424,0.1376570901829181,0.1088040219075785,-0.0065763276166213,4.324808492113621e-05,0.0002300977763197,0,stressed
2021-01-12,3801.18994140625,23.32999992370605,26.200000762939453,0.1031574971570095,0.130142502080051,0.123017610313712,0.0004157020305695,1.7280817821965873e-07,0.0002159876573175,0,stressed
2021-01-13,3809.840087890625,22.209999084472656,25.549999237060547,0.1015569201970354,0.1205430706476911,0.1503827235599903,0.0022730563867261,5.166785337236348e-06,0.0001957476425921,0,stressed
2021-01-14,3795.5400390625,23.25,26.31999969482422,0.0985875299373412,0.1339124700626587,0.1320429976268481,-0.0037605130687431,1.4141458540187656e-05,0.0002145089285714,0,stressed
2021-01-15,3768.25,24.34000015258789,27.26000022888184,0.1015227826630074,0.1418772188628714,0.1199671346749555,-0.0072160007982785,5.207066752075601e-05,0.0002350934950111,0,stressed
2021-01-19,3798.909912109375,23.239999771118164,26.690000534057617,0.1035234133112592,0.1288765843999224,0.1484509809344744,0.0081034576357616,6.566602565458389e-05,0.0002143244402228,0,stressed
2021-01-20,3851.85009765625,21.57999992370605,25.71999931335449,0.1076943490378528,0.1081056501992076,0.1918442726730767,0.0138394173765108,0.0001915294733212,0.0001848001574234,0,stressed
2021-01-21,3853.070068359375,21.31999969482422,25.700000762939453,0.1072940724197461,0.105905924528496,0.2054409536027597,0.0003166731613135,1.0028189109631708e-07,0.0001803739630902,0,stressed
2021-01-22,3841.469970703125,21.90999984741211,25.989999771118164,0.107969620079683,0.111130378394438,0.1862163373856875,-0.0030151526629377,9.091145580820366e-06,0.0001904952751244,0,stressed
2021-01-25,3855.360107421875,23.190000534057617,26.8799991607666,0.1045484508007865,0.1273515545397896,0.159120247595067,0.0036093175130174,1.3027172909774585e-05,0.0002134032241149,0,stressed
2021-01-26,3849.6201171875,23.020000457763672,26.88999938964844,0.1045993306607448,0.1256006739168919,0.1681146331419634,-0.0014899431611535,2.2199306234680877e-06,0.0002102858813791,0,stressed
2021-01-27,3750.77001953125,37.209999084472656,35.72999954223633,0.1316145408874943,0.2404854499572322,-0.0397742429091839,-0.0260133151261003,0.0006766925638498,0.0005494381078835,0,stressed
2021-01-28,3787.3798828125,30.209999084472656,31.770000457763672,0.1331420406313553,0.1689579502133711,0.0516385773110739,0.0097132987787603,9.434817316546818e-05,0.0003621603351919,0,stressed
2021-01-29,3714.239990234375,33.09000015258789,33.880001068115234,0.1414250000512,0.1894750014746788,0.0238743098182052,-0.019500377654792,0.0003802647286795,0.0004345032182929,0,stressed
2021-02-01,3773.860107421875,30.239999771118164,32.529998779296875,0.1485795254174025,0.1538204722937791,0.0757274810023596,0.0159243002346786,0.0002535833379641,0.0003628799945068,0,stressed
2021-02-02,3826.31005859375,25.559999465942383,29.36000061035156,0.1527588603616416,0.1028411342977821,0.1486698444369107,0.0138025288143106,0.0001905098016698,0.0002592514177376,0,stressed
2021-02-03,3830.169921875,22.90999984741211,27.56999969482422,0.152179311218319,0.076920687255802,0.203404621494945,0.0010082606153447,1.016589468455435e-06,0.000208280989289,0,stressed
2021-02-04,3871.739990234375,21.770000457763672,26.790000915527344,0.153955758143831,0.0637442464338056,0.2305925747453729,0.0107948476439219,0.0001165287356554,0.0001880686190202,0,stressed
2021-02-05,3886.830078125,20.8700008392334,26.520000457763672,0.1537029485676644,0.0549970598246695,0.2707234974283695,0.0038899196077638,1.513147455486547e-05,0.0001728400535831,0,stressed
2021-02-08,3915.590087890625,21.239999771118164,26.64999961853028,0.1545217326959746,0.057878265015207,0.2547080934891793,0.007372107476289,5.434796864195672e-05,0.0001790228532845,0,stressed
2021-02-09,3911.22998046875,21.6299991607666,27.11000061035156,0.1547024689923077,0.0615975226153583,0.2533519030146248,-0.0011141454217211,1.2413200207422546e-06,0.0001856574855931,0,stressed
2021-02-10,3909.8798828125,21.989999771118164,27.489999771118164,0.1534306523957579,0.0664693453154236,0.2501136906433143,-0.0003452445223915,1.191937802413815e-07,0.0001918889245768,0,stressed
2021-02-11,3916.3798828125,21.25,27.21999931335449,0.1530177200602394,0.0594822799397606,0.2809411441578583,0.0016610748145877,2.7591695396575867e-06,0.0001791914682539,0,stressed
2021-02-12,3934.830078125,19.96999931335449,26.5,0.1532679105868824,0.0464320825466624,0.326990531355638,0.0046999709261626,2.20897267067738e-05,0.000158254314514,0,stressed
2021-02-16,3932.590087890625,21.459999084472656,27.549999237060547,0.1527611279667004,0.0618388628780261,0.283783803000919,-0.0005694345154154,3.242556673464472e-07,0.0001827506193276,0,stressed
2021-02-17,3931.330078125,21.5,27.520000457763672,0.1448052352936478,0.0701947647063521,0.2800000212913335,-0.0003204533489169,1.0269034883208857e-07,0.0001834325396825,0,stressed
2021-02-18,3913.969970703125,22.489999771118164,27.86000061035156,0.1451550478677353,0.0797449498434463,0.2387728276515855,-0.0044256142272433,1.9586061288378332e-05,0.0002007143213114,0,stressed
2021-02-19,3906.7099609375,22.049999237060547,27.09000015258789,0.144968952751069,0.0755310396195364,0.2285714780006141,-0.0018566190956649,3.447034466387646e-06,0.0001929374866485,0,stressed
2021-02-22,3876.5,23.450000762939453,27.809999465942383,0.141582459790416,0.0929175478389784,0.1859274439723474,-0.0077628928937108,6.026250607922661e-05,0.0002182152919769,0,stressed
2021-02-23,3881.3701171875,23.11000061035156,27.1200008392334,0.1408537560708381,0.0902462500326774,0.1735179629153994,0.0012555296115265,1.5763546054199674e-06,0.0002119333842104,0,stressed
2021-02-24,3925.429931640625,21.34000015258789,25.88999938964844,0.1425707874145001,0.0708292141113788,0.2132145831549478,0.0112876676709859,0.0001274114414506,0.0001807125422668,0,stressed
2021-02-25,3829.340087890625,28.88999938964844,30.239999771118164,0.1611021338989171,0.1277978599975672,0.0467289861540613,-0.0247833944241718,0.000614216639184,0.0003312032002912,0,stressed
2021-02-26,3811.14990234375,27.950000762939453,29.600000381469727,0.1616222385545477,0.1178777690748467,0.0590339740068309,-0.0047615322937987,2.267218978488865e-05,0.0003100010089874,0,stressed
2021-03-01,3901.820068359375,23.350000381469727,26.780000686645508,0.1748765921189752,0.058623411695722,0.1468950856162635,0.0235121732256935,0.000552822289795,0.0002163581419899,0,stressed
2021-03-02,3870.2900390625,24.100000381469727,27.15999984741211,0.1752584659534223,0.0657415378612749,0.1269709301870048,-0.0081136787395087,6.58317826879565e-05,0.0002304801660265,0,stressed
2021-03-03,3819.719970703125,26.670000076293945,28.790000915527344,0.1784551021224712,0.0882448986404682,0.0794900949819567,-0.0131523358948011,0.0001729839394896,0.0002822575016148,0,stressed
2021-03-04,3768.469970703125,28.56999969482422,30.07999992370605,0.177869036011938,0.1078309609363041,0.0528526512079517,-0.0135080380643904,0.000182467092349,0.0003239066994294,0,stressed
2021-03-05,3841.93994140625,24.65999984741211,27.88999938964844,0.1871161049237057,0.0594838935504153,0.1309813285572788,0.0193083563387091,0.0003728126245025,0.0002413157112993,0,stressed
2021-03-08,3821.35009765625,25.46999931335449,28.1299991607666,0.1875601156751535,0.0671398774583914,0.1044365888937191,-0.0053736432240254,2.887604149911441e-05,0.0002574289146913,0,stressed
2021-03-09,3875.43994140625,24.030000686645508,27.280000686645508,0.1917874997828908,0.0485125070835642,0.1352476032930853,0.0140554007439305,0.0001975542900724,0.000229143227381,0,stressed
2021-03-10,3898.81005859375,22.559999465942383,26.68000030517578,0.1924535704780737,0.03314642418135,0.1826241549984583,0.0060122037709881,3.614659418388469e-05,0.0002019657047235,0,stressed
2021-03-11,3939.340087890625,21.90999984741211,26.09000015258789,0.177305653248747,0.041794345225374,0.1907804807981092,0.0103418255006576,0.000106953354686,0.0001904952751244,0,stressed
2021-03-12,3943.340087890625,20.690000534057617,25.739999771118164,0.1756463867349181,0.031253618605658,0.2440792221705258,0.0010148833275308,1.0299881685000922e-06,0.0001698714770235,0,stressed
2021-03-15,3968.93994140625,20.030000686645508,24.88999938964844,0.1646469928687232,0.0356530139977318,0.2426359728606107,0.006470939539413,4.187305852273916e-05,0.0001592067172646,0,stressed
2021-03-16,3962.7099609375,19.790000915527344,24.709999084472656,0.15971875398428,0.0381812551709934,0.2486103052721465,-0.0015709169785959,2.467780153640905e-06,0.0001554143397764,0,stressed
2021-03-17,3974.1201171875,19.229999542236328,23.8799991607666,0.1555666207976829,0.0367333746246803,0.2418096583058736,0.0028752446501592,8.26703179826944e-06,0.0001467432072993,0,stressed
2021-03-18,3915.4599609375,21.57999992370605,25.280000686645508,0.1624479520363189,0.0533520472007415,0.171455086933292,-0.0148705600659477,0.0002211335566749,0.0001848001574234,0,stressed
2021-03-19,3913.10009765625,20.950000762939453,24.989999771118164,0.1596486475207105,0.0498513601086839,0.1928400411004026,-0.000602885673755,3.634711356190485e-07,0.0001741676714155,0,stressed
2021-03-22,3940.590087890625,18.8799991607666,22.940000534057617,0.1604995742920336,0.0283004173156323,0.2150424551780628,0.0070005568983427,4.9007796886934295e-05,0.0001414501461549,0,stressed
2021-03-23,3910.52001953125,20.299999237060547,23.799999237060547,0.1607852736903303,0.0422147186802751,0.1724137995833147,-0.007660118119334,5.867740960214949e-05,0.0001635277654859,0,stressed
2021-03-24,3889.139892578125,21.200000762939453,24.39999961853028,0.1615347897163321,0.0504652179130624,0.1509433368127451,-0.0054823366003488,3.0056014599524363e-05,0.0001783492191859,0,stressed
2021-03-25,3909.52001953125,19.809999465942383,23.3700008392334,0.1622933112727898,0.0358066833866339,0.1797072927443243,0.0052265834327292,2.7317174379280292e-05,0.0001557286027145,0,stressed
2021-03-26,3974.5400390625,18.86000061035156,22.31999969482422,0.169163706843754,0.0194362992597615,0.1834569974814101,0.0164944186587165,0.000272065846889,0.0001411506440565,0,stressed
2021-03-29,3971.090087890625,20.739999771118164,23.200000762939453,0.1687291671946358,0.0386708305165458,0.1186114281084518,-0.0008683896263867,7.541005432160985e-07,0.000170693488296,0,stressed
2021-03-30,3958.550048828125,19.61000061035156,22.309999465942383,0.1690132367074027,0.0270867693961128,0.137684792022167,-0.00316282940965,1.0003489874547154e-05,0.0001526000491817,0,stressed
2021-03-31,3972.889892578125,19.39999961853028,22.14999961853028,0.16928882960892,0.0247111665763827,0.1417525801069235,0.0036159535924198,1.3075120382534273e-05,0.0001493492004757,0,stressed
2021-04-01,4019.8701171875,17.329999923706055,20.96999931335449,0.1717992948748293,0.0015007043622311,0.2100403580884732,0.0117558304276741,0.0001381995490442,0.0001191781338712,0,stressed
2021-04-05,4077.909912109375,17.90999984741211,20.959999084472656,0.1759100301228963,0.0031899683512247,0.1702958829171209,0.0143349877622439,0.0002054918741436,0.0001272889264025,0,stressed
2021-04-06,4073.93994140625,18.1200008392334,21.15999984741211,0.1739163452083613,0.0072836631839726,0.1677703569194384,-0.0009740049407969,9.486856246968282e-07,0.0001302914406404,0,stressed
2021-04-07,4079.949951171875,17.15999984741211,20.65999984741211,0.1739131257638268,-0.0023131272897057,0.2039627057763542,0.0014741456981068,2.1731055392468253e-06,0.0001168514264933,0,stressed
2021-04-08,4097.169921875,16.950000762939453,20.59000015258789,0.1717055299153623,-0.0022055222859677,0.2147492168618163,0.0042117509405917,1.77388459855757e-05,0.0001140089388347,0,stressed
2021-04-09,4128.7998046875,16.690000534057617,20.739999771118164,0.1534547507726889,0.0134452545678872,0.2426602221369686,0.0076902881356872,5.914053160989247e-05,0.0001105381419947,0,stressed
2021-04-12,4127.990234375,16.90999984741211,20.81999969482422,0.1521397558238536,0.0169602426502674,0.2312241207979958,-0.0001960980747395,3.845445491655182e-08,0.0001134714662061,0,stressed
2021-04-13,4141.58984375,16.649999618530273,20.780000686645508,0.1387580845769651,0.0277419116083376,0.2480481178821671,0.0032890718770625,1.0817993812483887e-05,0.0001100089235305,0,stressed
2021-04-14,4124.66015625,16.989999771118164,21.059999465942383,0.1366896898908678,0.0332103078203137,0.2395526633109754,-0.0040961043207301,1.6778070606304214e-05,0.0001145476556438,0,stressed
2021-04-15,4170.419921875,16.56999969482422,20.76000022888184,0.1310626039389575,0.0346373930092846,0.252866663320845,0.0110331014011194,0.0001217293265273,0.0001089543213835,2,calm
2021-04-16,4185.47021484375,16.25,20.530000686645508,0.1214459054680855,0.0410540945319144,0.2633846576397236,0.0036023233905179,1.297673380987286e-05,0.0001047867063492,2,calm
2021-04-19,4163.259765625,17.290000915527344,21.3700008392334,0.1143556143113723,0.0585443948439011,0.2359745348562704,-0.0053206898937579,2.8309740945537957e-05,0.0001186286236741,2,calm
2021-04-20,4134.93994140625,18.68000030517578,22.350000381469727,0.1153172493738603,0.0714827536778975,0.196466810296415,-0.0068255610050778,4.658828303403871e-05,0.0001384692108735,2,calm
2021-04-21,4173.419921875,17.5,21.489999771118164,0.1119790260370108,0.0630209739629891,0.2279999869210379,0.0092630209198532,8.580355656163869e-05,0.0001215277777777,2,calm
2021-04-22,4134.97998046875,18.709999084472656,22.520000457763672,0.1164338504793078,0.0706661403654187,0.203634503459325,-0.0092533378605543,8.562426156156805e-05,0.0001389143118019,2,calm
2021-04-23,4180.169921875,17.329999923706055,21.56999969482422,0.1167734115669981,0.0565265876700624,0.2446624229535156,0.0108694098955309,0.000118144071477,0.0001191781338712,2,calm
2021-04-26,4187.6201171875,17.639999389648438,21.540000915527344,0.1167396171606708,0.0596603767358134,0.2210885295249793,0.0017806845645826,3.170837518542809e-06,0.000123479991455,2,calm
2021-04-27,4186.72021484375,17.559999465942383,21.31999969482422,0.1161228885687875,0.0594771060906363,0.2141230263801747,-0.0002149189814442,4.6190168585027173e-08,0.0001223625322396,2,calm
2021-04-28,4183.18017578125,17.280000686645508,21.1299991607666,0.1159599509815259,0.0568400558849291,0.222800828769439,-0.000845897587396,7.155427283624544e-07,0.0001184914379882,2,calm
2021-04-29,4211.47021484375,17.610000610351562,21.309999465942383,0.1168078680359699,0.0592921380675456,0.2101078209739456,0.0067400415367024,4.542815991647378e-05,0.0001230603656732,2,calm
2021-04-30,4181.169921875,18.61000061035156,22.06999969482422,0.1090942167213944,0.0770057893821211,0.185921492261966,-0.0072207134171198,5.213870225217429e-05,0.0001374333820306,2,calm
2021-05-03,4192.66015625,18.309999465942383,21.739999771118164,0.1087808472519729,0.0743191474074509,0.187329350367037,0.0027443216495121,7.53130131598118e-06,0.0001330381271598,2,calm
2021-05-04,4164.66015625,19.479999542236328,22.670000076293945,0.1108644131910287,0.0839355822313345,0.163757731469197,-0.0067007374898472,4.489988290784416e-05,0.0001505834849863,2,calm
2021-05-05,4167.58984375,19.14999961853028,22.26000022888184,0.107224632456617,0.0842753637286857,0.1624021238800551,0.0007032164471135,4.945133714909569e-07,0.0001455247957895,2,calm
2021-05-06,4201.6201171875,18.38999938964844,21.8799991607666,0.1060885831393837,0.0778114107571006,0.1897770465986338,0.008132299498632,6.613429513545117e-05,0.0001342032053774,2,calm
2021-05-07,4232.60009765625,16.690000534057617,20.790000915527344,0.1067247505572256,0.0601752547833505,0.245656096481439,0.0073462914191863,5.396799761561101e-05,0.0001105381419947,2,calm
2021-05-10,4188.43017578125,19.65999984741211,22.39999961853028,0.1049411733305452,0.0916588251435758,0.1393692671609476,-0.010490480503138,0.0001100501811867,0.0001533792039683,2,calm
2021-05-11,4152.10009765625,21.84000015258789,24.229999542236328,0.1090226802880234,0.1093773212378554,0.1094322057211725,-0.0087117501417815,7.589459053283071e-05,0.0001892800026448,0,stressed
2021-05-12,4063.0400390625,27.59000015258789,28.18000030517578,0.1275275339489895,0.1483724675768893,0.0213845650353339,-0.0216827823583024,0.0004701430507975,0.0003020667096903,0,stressed
2021-05-13,4112.5,23.1299991607666,25.26000022888184,0.1314265508636473,0.0998734407440186,0.0920882466666135,0.012099644578094,0.0001464013989162,0.0002123003417369,0,stressed
2021-05-14,4173.85009765625,18.809999465942383,22.26000022888184,0.1338419004830335,0.0542580941763903,0.1834131239177369,0.0148077785636236,0.0002192703059893,0.0001404032063129,0,stressed
2021-05-17,4163.2900390625,19.71999931335449,23.13999938964844,0.1283303109001453,0.0688696822333995,0.1734280017939914,-0.0025332581839619,6.41739702661002e-06,0.0001543168146502,0,stressed
2021-05-18,4127.830078125,21.34000015258789,24.21999931335449,0.1310365084642505,0.0823634930616283,0.1349577853877073,-0.0085537723840327,7.316702199784045e-05,0.0001807125422668,0,stressed
2021-05-19,4115.68017578125,22.18000030517578,25.270000457763672,0.1313590089541308,0.0904409940976269,0.1393147028887474,-0.0029477518113784,8.689240741484703e-06,0.0001952192117212,0,stressed
2021-05-20,4159.1201171875,20.670000076293945,23.809999465942383,0.1342228114331412,0.0724771893297982,0.1519109520105733,0.0104994293345084,0.0001102380163503,0.0001695432155372,0,stressed
2021-05-21,4155.85986328125,20.14999961853028,23.489999771118164,0.1325144100963355,0.0689855860889671,0.1657568345319653,-0.0007841880752528,6.149509373687053e-07,0.000161120033582,0,stressed
2021-05-24,4197.0498046875,18.39999961853028,22.229999542236328,0.1354163795559055,0.0485836166293972,0.2081521740820545,0.009862497481216,9.726885656699345e-05,0.0001343492007785,0,stressed
2021-05-25,4188.1298828125,18.84000015258789,22.39999961853028,0.1353753582575396,0.0530246432683392,0.1889596304198214,-0.0021275454008285,4.526449432586923e-06,0.0001408514308529,0,stressed
2021-05-26,4195.990234375,17.360000610351562,21.299999237060547,0.1347674339240004,0.0388325721795152,0.2269584382594785,0.0018750575506104,3.515840818101277e-06,0.0001195911195203,0,stressed
2021-05-27,4200.8798828125,16.739999771118164,20.309999465942383,0.1310956666002849,0.0363043311108967,0.2132616334310593,0.0011646360898629,1.3563772218113662e-06,0.0001112014255305,2,calm
2021-05-28,4204.10986328125,16.760000228881836,20.479999542236328,0.1307213225358358,0.0368786797529825,0.2219569965723488,0.0007685864528873,5.907251355619387e-07,0.0001114673046317,2,calm
2021-06-01,4202.0400390625,17.899999618530273,21.34000015258789,0.1297111732257734,0.0492888229595293,0.1921788048808946,-0.0004924547586291,2.425116892965091e-07,0.0001271468199775,2,calm
2021-06-02,4208.1201171875,17.479999542236328,21.420000076293945,0.1279612196343952,0.046838775787968,0.2254004941211541,0.0014458890369002,2.0905951070284545e-06,0.0001212501523795,2,calm
2021-06-03,4192.85009765625,18.040000915527344,21.81999969482422,0.1258022423025053,0.054597766852768,0.2095342897706487,-0.0036353030560493,1.321542830932152e-05,0.0001291435051715,2,calm
2021-06-04,4229.89013671875,16.420000076293945,20.6200008392334,0.1249457705894316,0.0392542301735078,0.2557856725593517,0.0087953033830163,7.735736159929837e-05,0.0001069906359148,2,calm
2021-06-07,4226.52001953125,16.420000076293945,20.549999237060547,0.1212612274749327,0.0429387732880067,0.2515224812166236,-0.0007970562694215,6.352986966241314e-07,0.0001069906359148,2,calm
2021-06-08,4227.259765625,17.06999969482422,20.850000381469727,0.1211879052140091,0.049512091734233,0.2214411689644985,0.0001750095494412,3.062834239561588e-08,0.000115628924437,2,calm
2021-06-09,4219.5498046875,17.889999389648438,21.280000686645508,0.1213388028104952,0.0575611910859891,0.1894914149051677,-0.0018255325906156,3.332569239400009e-06,0.0001270047929212,2,calm
2021-06-10,4239.18017578125,16.100000381469727,20.07999992370605,0.1219448155295867,0.0390551882851104,0.2472049346543556,0.0046414547764629,2.1543102441950373e-05,0.0001028611159854,2,calm
2021-06-11,4247.43994140625,15.649999618530272,19.63999938964844,0.1205776950097891,0.0359223011755136,0.2549520682667518,0.0019465389328083,3.7890138169387096e-06,9.719146351587209e-05,2,calm
2021-06-14,4255.14990234375,16.389999389648438,20.13999938964844,0.1185172647873671,0.0453827291091172,0.2287980561102656,0.0018135563851361,3.288986762068173e-06,0.0001066000317431,2,calm
2021-06-15,4246.58984375,17.020000457763672,20.68000030517578,0.1185661048032133,0.0516338997744234,0.2150411133357285,-0.0020137199542758,4.055068054248851e-06,0.0001149525458659,2,calm
2021-06-16,4223.7001953125,18.14999961853028,21.26000022888184,0.1179470483254572,0.0635529478598455,0.1713498994885047,-0.0054047037470264,2.92108225931222e-05,0.0001307232087907,2,calm
2021-06-17,4221.85986328125,17.75,20.979999542236328,0.1179736086401667,0.0595263913598332,0.1819718051964128,-0.0004358105436726,1.8993082997624877e-07,0.0001250248015873,2,calm
2021-06-18,4166.4501953125,20.700000762939453,22.93000030517578,0.1220155664316712,0.0849844411977232,0.107729442514265,-0.0132113556872841,0.0001745399190959,0.0001700357268197,2,calm
2021-06-21,4224.7900390625,17.889999389648438,21.1200008392334,0.1269586123452218,0.0519413815512625,0.1805478792500079,0.0139051635123198,0.0001933535723043,0.0001270047929212,2,calm
2021-06-22,4246.43994140625,16.65999984741211,20.06999969482422,0.123836209267728,0.042763789206393,0.2046818654648309,0.0051114063789906,2.612647517118591e-05,0.0001101411090935,2,calm
2021-06-23,4241.83984375,16.31999969482422,19.700000762939453,0.1208655529345375,0.0423344440137046,0.2071079124583059,-0.0010838705186495,1.174775301197721e-06,0.0001056914246186,2,calm
2021-06-24,4266.490234375,15.970000267028809,19.26000022888184,0.1012709348222872,0.0584290678480008,0.2060112653000681,0.0057944295459168,3.3575413762594644e-05,0.0001012067097336,2,calm
2021-06-25,4280.7001953125,15.619999885559082,19.0,0.0964663776470229,0.0597336212085678,0.2163892534702114,0.0033250631646875,1.1056045049162084e-05,9.681920493050228e-05,2,calm
2021-06-28,4290.60986328125,15.760000228881836,19.020000457763672,0.0877028101751166,0.0698971921137017,0.2068528033970169,0.0023122888604717,5.346679774261741e-06,9.856254254537916e-05,2,calm
2021-06-29,4291.7998046875,16.020000457763672,19.489999771118164,0.0871176015350921,0.0730824030425445,0.2166041956430062,0.0002772977426878,7.689403809975776e-08,0.0001018414343915,2,calm
2021-06-30,4297.5,15.829999923706056,19.51000022888184,0.0822598895340533,0.0760401097030072,0.2324700140816069,0.0013272784229071,1.7616680119150022e-06,9.944003872402131e-05,2,calm
2021-07-01,4319.93994140625,15.479999542236328,19.450000762939453,0.0819590850694991,0.0728409103528641,0.2564600347610602,0.0052080414322547,2.712369556008205e-05,9.509142294747496e-05,2,calm
2021-07-02,4352.33984375,15.06999969482422,19.299999237060547,0.0795412923985474,0.0711587045496947,0.2806900881152052,0.0074720958946916,5.583221705946813e-05,9.01209884134929e-05,2,calm
2021-07-06,4343.5400390625,16.440000534057617,20.26000022888184,0.0799326923152374,0.0844673130253386,0.2323600712123209,-0.0020239027700217,4.096182422501829e-06,0.0001072514355396,2,calm
2021-07-07,4358.1298828125,16.200000762939453,20.40999984741211,0.0761314848616737,0.0858685227677207,0.2598764744569531,0.0033533465536629,1.124493310896308e-05,0.000104142866952,2,calm
2021-07-08,4320.81982421875,19.0,21.979999542236328,0.080796535173535,0.1092034648264649,0.156842081170333,-0.0085978810095563,7.39235578544905e-05,0.0001432539682539,2,calm
2021-07-09,4369.5498046875,16.18000030517578,20.440000534057617,0.0860024288248319,0.0757975742269259,0.2632880190687706,0.0112148259024137,0.0001257723200214,0.0001038858769347,2,calm
2021-07-12,4384.6298828125,16.170000076293945,20.459999084472656,0.0862132228165119,0.0754867779464274,0.2653060598600782,0.003445232695594,1.186962832679024e-05,0.0001037575009791,2,calm
2021-07-13,4369.2099609375,17.1200008392334,21.1299991607666,0.0873872999989452,0.0838127083933887,0.2342288624392826,-0.0035230111811655,1.2411607782617722e-05,0.0001163073129902,2,calm
2021-07-14,4374.2998046875,16.329999923706055,20.6200008392334,0.0872264146225096,0.0760735846145509,0.2627067321231033,0.0011642565654693,1.3554933502384302e-06,0.0001058209910746,2,calm
2021-07-15,4360.02978515625,17.010000228881836,21.09000015258789,0.0882401791995422,0.0818598230892761,0.2398588988128577,-0.0032675735627459,1.067703698795601e-05,0.0001148175030899,2,calm
2021-07-16,4327.16015625,18.450000762939453,22.06999969482422,0.0908042638506521,0.0936957437787423,0.1962058960537423,-0.0075674150068132,5.7265769885341874e-05,0.0001350803683144,2,calm
2021-07-19,4258.490234375,22.5,24.89999961853028,0.1003577654249348,0.1246422345750651,0.1066666497124567,-0.0159967813999839,0.0002558970151588,0.0002008928571428,2,calm
2021-07-20,4323.06005859375,19.729999542236328,23.200000762939453,0.1090847751991514,0.0882152202232118,0.1758743690426772,0.0150488060047999,0.0002264665621701,0.0001544733658478,2,calm
2021-07-21,4358.68994140625,17.90999984741211,21.8700008392334,0.111179449014951,0.06792054945917,0.221105584900018,0.008208041662144,6.737194792749235e-05,0.0001272889264025,2,calm
2021-07-22,4367.47998046875,17.690000534057617,21.86000061035156,0.1108818984253755,0.0660181069152006,0.2357263962918295,0.0020146392092429,4.058771143419161e-06,0.0001241809995614,2,calm
2021-07-23,4411.7900390625,17.200000762939453,21.64999961853028,0.1134705645461285,0.058529443083266,0.2587208522210743,0.0100943323862544,0.0001018955463241,0.0001173968358115,2,calm
2021-07-26,4422.2998046875,17.579999923706055,21.739999771118164,0.1134979196917328,0.0623020795453277,0.2366325293211455,0.0023793669227295,5.661386952979692e-06,0.0001226414275069,2,calm
2021-07-27,4401.4599609375,19.36000061035156,23.0,0.1148367843715826,0.0787632217319329,0.1880164914717088,-0.004723583382178,2.231223996838818e-05,0.000148733977632,2,calm
2021-07-28,4400.64013671875,18.309999465942383,22.350000381469727,0.1145242109507725,0.0685757837086512,0.2206445130182537,-0.0001862792315527,3.469995210786665e-08,0.0001330381271598,2,calm
2021-07-29,4419.14990234375,17.700000762939453,21.8799991607666,0.1130934702181347,0.0639065374112598,0.2361580913928148,0.0041973318452726,1.7617594619339834e-05,0.0001243214392889,2,calm
2021-07-30,4395.259765625,18.239999771118164,22.18000030517578,0.1147486602101366,0.0676513375010449,0.2160088039198524,-0.0054207136082611,2.938413602278779e-05,0.0001320228538295,2,calm
2021-08-02,4387.16015625,19.459999084472656,23.049999237060547,0.1066660814126941,0.0879339094320324,0.1844810031595731,-0.0018445056700603,3.4022011668848208e-06,0.0001502744303046,2,calm
2021-08-03,4423.14990234375,18.040000915527344,22.18000030517578,0.1021737095759375,0.0782262995793359,0.2294899766931313,0.008169961338918,6.67482682794158e-05,0.0001291435051715,2,calm
2021-08-04,4402.66015625,17.969999313354492,22.170000076293945,0.1031091316051762,0.0765908615283687,0.2337229228394128,-0.0046431506612954,2.155884806348845e-05,0.0001281432044928,2,calm
2021-08-05,4429.10009765625,17.280000686645508,21.520000457763672,0.1037801818399678,0.0690198250264872,0.2453703473747521,0.0059874859904191,3.584998848546515e-05,0.0001184914379882,2,calm
2021-08-06,4436.52001953125,16.149999618530273,20.8700008392334,0.1029617243210842,0.0585382718642184,0.2922601444081438,0.0016738645485288,2.8018225268217988e-06,0.000103500987174,2,calm
2021-08-09,4432.35009765625,16.719999313354492,21.270000457763672,0.1029758271933982,0.0642241659401466,0.2721292662240142,-0.0009403502649549,8.842586208008154e-07,0.0001109358639041,2,calm
2021-08-10,4436.75,16.790000915527344,21.209999084472656,0.1029185759264242,0.0649814332288492,0.263251812265103,0.0009921869538634,9.844349514168322e-07,0.0001118667185489,2,calm
2021-08-11,4442.41015625,16.170000076293945,20.81999969482422,0.1028885043746528,0.0588114963882865,0.2875695483358353,0.0012749307180154,1.625448335739477e-06,0.0001037575009791,2,calm
2021-08-12,4460.830078125,15.59000015258789,20.25,0.1032524604612395,0.0526475410646394,0.2989095446954543,0.0041378077354786,1.7121452855787037e-05,9.644766061813111e-05,2,calm
2021-08-13,4468.0,15.449999809265137,20.26000022888184,0.1025761497067943,0.051923848385857,0.3113268918445045,0.0016060163209228,2.579288423070548e-06,9.472321194694156e-05,2,calm
2021-08-16,4479.7099609375,16.1200008392334,20.63999938964844,0.1009167184270267,0.0602832899653072,0.2803969178099618,0.0026174222619943,6.850899297583669e-06,0.0001031168361336,2,calm
2021-08-17,4448.080078125,17.90999984741211,21.700000762939453,0.1032571533271407,0.0758428451469803,0.2116136765950323,-0.0070857435071379,5.02077610489482e-05,0.0001272889264025,2,calm
2021-08-18,4400.27001953125,21.56999969482422,23.799999237060547,0.1082411649686915,0.1074588319795506,0.103384310328545,-0.0108066528452543,0.0001167837457178,0.0001846289233471,2,calm
2021-08-19,4405.7998046875,21.670000076293945,24.200000762939453,0.1049020012301342,0.1117979995328051,0.1167513003109409,0.0012559032561569,1.5772929888255491e-06,0.0001863448028994,2,calm
2021-08-20,4441.669921875,18.559999465942383,22.40999984741211,0.1025431845265215,0.0830568101329022,0.2074353713497934,0.0081086038907417,6.574945705695242e-05,0.0001366958651491,2,calm
2021-08-23,4479.52978515625,17.149999618530273,21.200000762939453,0.1047987778330571,0.0667012183522455,0.2361516754806935,0.0084876679844121,7.204050781361553e-05,0.0001167152725855,2,calm
2021-08-24,4486.22998046875,17.219999313354492,21.21999931335449,0.1040423386663269,0.0681576544672179,0.2322880464285447,0.001494618801962,2.23388536317854e-06,0.0001176699906158,2,calm
2021-08-25,4496.18994140625,16.790000915527344,20.790000915527344,0.1041120295953536,0.0637879795599198,0.2382370328700108,0.0022176574032508,4.918004358193435e-06,0.0001118667185489,2,calm
2021-08-26,4470.0,18.84000015258789,21.86000061035156,0.1052718745303385,0.0831281269955403,0.1602972629142381,-0.0058419498276026,3.412837778822671e-05,0.0001408514308529,2,calm
2021-08-27,4509.3701171875,16.389999389648438,20.61000061035156,0.1045930607130833,0.059306933183401,0.2574741536212857,0.0087690715404522,7.689661568156903e-05,0.0001066000317431,2,calm
2021-08-30,4528.7900390625,16.190000534057617,20.39999961853028,0.0909522757310098,0.0709477296095663,0.2600369947867771,0.0042973241068746,1.846699447952558e-05,0.000104014332259,2,calm
2021-08-31,4522.68017578125,16.479999542236328,20.420000076293945,0.0826255104969333,0.0821744849254299,0.2390777089501642,-0.0013500269158932,1.8225726736361317e-06,0.0001077739622667,2,calm
2021-09-01,4524.08984375,16.110000610351562,20.07999992370605,0.0801923706254187,0.0809076354780968,0.2464307363715148,0.0003116400609533,9.71195275910022e-08,0.0001029889363752,2,calm
2021-09-02,4536.9501953125,16.40999984741211,20.1299991607666,0.0802968905429508,0.0838031079311702,0.226691002312297,0.0028386057544042,8.05768262893696e-06,0.0001068603551555,2,calm
2021-09-03,4535.43017578125,16.40999984741211,20.31999969482422,0.0759053990451581,0.0881945994289629,0.2382693408756322,-0.0003350872611813,1.1228347260601653e-07,0.0001068603551555,2,calm
2021-09-07,4520.02978515625,18.13999938964844,21.530000686645508,0.0767844181625111,0.1046155757339732,0.1868799013814501,-0.0034013524523203,1.1569198504905634e-05,0.000130579197562,2,calm
2021-09-08,4514.06982421875,17.959999084472656,21.59000015258789,0.0753035585749182,0.1042964322698083,0.2021158826925307,-0.0013194368138166,1.7409135056546753e-06,0.0001280006218707,2,calm
2021-09-09,4493.27978515625,18.799999237060547,22.059999465942383,0.0769067423797858,0.1110932499908196,0.1734042745307871,-0.0046162471500025,2.1309737749906408e-05,0.0001402539568704,2,calm
2021-09-10,4458.580078125,20.950000762939453,23.309999465942383,0.0799167027803825,0.1295833048490119,0.1126490986662762,-0.0077525522862761,6.010206695144479e-05,0.0001741676714155,2,calm
2021-09-13,4468.72998046875,19.3700008392334,22.46999931335449,0.0782273997890719,0.115472608603262,0.1600412152715104,0.0022739003463696,5.170622785219987e-06,0.0001488876716317,2,calm
2021-09-14,4443.0498046875,19.459999084472656,22.549999237060547,0.0800735378584312,0.1145264529862953,0.1587872712210677,-0.0057632139662586,3.321463522087823e-05,0.0001502744303046,2,calm
2021-09-15,4480.7001953125,18.18000030517578,21.76000022888184,0.0803026065143932,0.1014973965373645,0.1969196844670483,0.0084382942220797,7.120480937838408e-05,0.0001311557186889,2,calm
2021-09-16,4473.75,18.690000534057617,21.809999465942383,0.0790961186209687,0.1078038867196074,0.1669341274870157,-0.0015523447127638,2.4097741072458204e-06,0.0001386175079218,2,calm
2021-09-17,4432.990234375,20.809999465942383,23.21999931335449,0.0821383329483436,0.1259616617110801,0.1158097025113483,-0.0091526302757993,8.377064096547798e-05,0.0001718476499097,0,stressed
2021-09-20,4357.72998046875,25.709999084472656,26.39999961853028,0.0957986508603892,0.1613013399843373,0.0268378280291087,-0.0171230777263818,0.0002931997908237,0.0002623031956045,0,stressed
2021-09-21,4354.18994140625,24.36000061035156,25.46999931335449,0.0957953928488776,0.1478046132546379,0.0455664480784637,-0.0008126886585469,6.604628557308516e-07,0.0002354800118001,0,stressed
2021-09-22,4395.64013671875,20.8700008392334,23.049999237060547,0.1000741648652668,0.1086258435270671,0.1044560761937767,0.00947458522422,8.976776517100954e-05,0.0001728400535831,0,stressed
2021-09-23,4448.97998046875,18.6299991607666,21.3700008392334,0.1062515355747655,0.0800484560329005,0.1470747075628987,0.0120616803699359,0.0001454841333464,0.0001377289161627,0,stressed
2021-09-24,4455.47998046875,17.75,20.81999969482422,0.1056378063377992,0.0718621936622007,0.1729577292858714,0.0014599428113642,2.13143301245419e-06,0.0001250248015873,0,stressed
2021-09-27,4443.10986328125,18.76000022888184,21.39999961853028,0.1058086942342538,0.0817913080545645,0.1407249124434467,-0.0027802439201876,7.729756255740524e-06,0.0001396577811855,0,stressed
2021-09-28,4352.6298828125,23.25,24.030000686645508,0.1207619744245431,0.1117380255754568,0.0335484166299143,-0.020574317739894,0.0004233025504621,0.0002145089285714,0,stressed
2021-09-29,4359.4599609375,22.559999465942383,23.71999931335449,0.1195454222444713,0.1060545724149524,0.0514184341698808,0.0015679543362838,2.458480800671195e-06,0.0002019657047235,0,stressed
2021-09-30,4307.5400390625,23.13999938964844,23.8700008392334,0.120455792514992,0.1109442013814924,0.0315471680570363,-0.0119812029450149,0.0001435492240096,0.0002124839570448,0,stressed
2021-10-01,4357.0400390625,21.100000381469727,22.950000762939453,0.1254028430080864,0.0855971608066108,0.0876777416124797,0.0114259521133341,0.0001305523816962,0.0001766706413087,0,stressed
2021-10-04,4300.4599609375,22.959999084472656,24.11000061035156,0.1279557770833694,0.1016442137613571,0.050087176469298,-0.0130709520486437,0.0001708497874579,0.0002091910944281,0,stressed
2021-10-05,4345.72021484375,21.299999237060547,23.11000061035156,0.1293642514633191,0.0836357409072863,0.0849765933391083,0.0104695174986015,0.0001096107966535,0.0001800357013884,0,stressed
2021-10-06,4363.5498046875,21.0,22.84000015258789,0.1300195703503856,0.0799804296496143,0.0876190548851376,0.0040943993496248,1.6764106034208182e-05,0.0001749999999999,0,stressed
2021-10-07,4399.759765625,19.540000915527344,22.1200008392334,0.1324474889287479,0.0629525202265255,0.1320368374013674,0.0082640392250654,6.829434431341961e-05,0.0001515125538804,0,stressed
2021-10-08,4391.33984375,18.770000457763672,21.8799991607666,0.131614998127941,0.0560850064496956,0.1656898576002201,-0.0019155566024214,3.669357097080418e-06,0.0001398067131684,0,stressed
2021-10-11,4361.18994140625,20.0,22.38999938964844,0.1297485355985749,0.070251464401425,0.119499969482422,-0.0068894416443398,4.746440617076394e-05,0.0001587301587301,0,stressed
2021-10-12,4350.64990234375,19.850000381469727,22.32999992370605,0.1287711272998365,0.0697288765148606,0.1249370022456745,-0.0024197056865549,5.854975609546244e-06,0.0001563581409302,0,stressed
2021-10-13,4363.7998046875,18.63999938964844,21.540000915527344,0.1293882905532274,0.0570117033432569,0.1555794860964101,0.0030179558702319,9.108057634667295e-06,0.0001378768163674,0,stressed
2021-10-14,4438.259765625,16.860000610351562,20.3700008392334,0.1396142499785362,0.0289857561249794,0.2081850594196773,0.0169191622857115,0.0002862580524502,0.0001128014367385,0,stressed
2021-10-15,4471.3701171875,16.299999237060547,20.299999237060547,0.1412339167957289,0.0217660755748765,0.2453987844922953,0.00743252063719,5.5242363022256445e-05,0.0001054325298127,0,stressed
2021-10-18,4486.4599609375,16.309999465942383,20.290000915527344,0.1416755006374496,0.0214244940219741,0.2440221692156259,0.0033690878018038,1.1350752616263336e-05,0.0001055619375313,0,stressed
2021-10-19,4519.6298828125,15.699999809265137,19.979999542236328,0.1430980452572731,0.0139019528353782,0.2726114512718279,0.0073661427842357,5.426005951774845e-05,9.781348968687512e-05,0,stressed
2021-10-20,4536.18994140625,15.489999771118164,19.8700008392334,0.1434267654879319,0.0114732322232496,0.2827631460835754,0.0036573335985606,1.337608905116088e-05,9.521432258303206e-05,0,stressed
2021-10-21,4549.77978515625,15.010000228881836,19.479999542236328,0.1429178569472793,0.007182145341539,0.2978014154026087,0.00299139316836,8.94843308771101e-06,8.940480431390191e-05,0,stressed
2021-10-22,4544.89990234375,15.43000030517578,20.01000022888184,0.1408970520713792,0.0134029509803785,0.2968243572989277,-0.0010731292246643,1.1516063328287229e-06,9.447813865782722e-05,0,stressed
2021-10-25,4566.47998046875,15.239999771118164,19.559999465942383,0.1413255658656899,0.0110744318454917,0.2834645511616867,0.0047369594408535,2.2438784744291187e-05,9.2165711517334e-05,0,stressed
2021-10-26,4574.7900390625,15.979999542236328,20.11000061035156,0.1400047613383463,0.0197952340840169,0.2584481343193616,0.0018181414322441,3.305638267642677e-06,0.0001013334862578,0,stressed
2021-10-27,4551.68017578125,16.979999542236328,20.88999938964844,0.139216422431939,0.0305835729904242,0.2302709041708932,-0.0050643703711055,2.564784725573156e-05,0.0001144128509739,0,stressed
2021-10-28,4596.419921875,16.530000686645508,20.479999542236328,0.1416024101529313,0.0236975967135237,0.23895938847613,0.009781288424184,9.567360323707642e-05,0.0001084289375795,0,stressed
2021-10-29,4605.3798828125,16.260000228881836,20.3700008392334,0.1383713290689024,0.0242286732199159,0.2527675616542225,0.0019474372317175,3.7925117714797376e-06,0.0001049157172393,0,stressed
2021-11-01,4613.669921875,16.40999984741211,20.38999938964844,0.1269056121908925,0.0371943862832285,0.242535013969789,0.0017984589459023,3.23445458009633e-06,0.0001068603551555,2,calm
2021-11-02,4630.64990234375,16.030000686645508,20.100000381469727,0.1267375518356495,0.0335624550308055,0.2538989095749016,0.0036736071203885,1.3495389274969432e-05,0.0001019686198467,2,calm
2021-11-03,4660.56982421875,15.100000381469728,19.5,0.1254923769702542,0.025507626844443,0.2913906958525524,0.0064404946128902,4.1479970858668206e-05,9.048016330174044e-05,2,calm
2021-11-04,4680.06005859375,15.4399995803833,19.700000762939453,0.1220036540501053,0.0323963417537277,0.2759068198401076,0.004173222342817,1.741578472258731e-05,9.460062977866528e-05,2,calm
2021-11-05,4697.52978515625,16.479999542236328,20.489999771118164,0.1221435396634921,0.0426564557588711,0.2433252633657343,0.0037258500452844,1.3881958559946102e-05,0.0001077739622667,2,calm
2021-11-08,4701.7001953125,17.219999313354492,20.979999542236328,0.1214183716235817,0.0507816215099632,0.2183507769344608,0.0008873940607025,7.874682189701067e-07,0.0001176699906158,2,calm
2021-11-09,4685.25,17.780000686645508,21.40999984741211,0.1026013243583914,0.0751986825080636,0.2041619246670266,-0.0035049109264001,1.2284400601999e-05,0.0001254477874671,2,calm
2021-11-10,4646.7099609375,18.729999542236328,22.0,0.1071904658606312,0.080109529561732,0.1745862540140371,-0.008259842163861,6.822499257189692e-05,0.0001392114614492,2,calm
2021-11-11,4649.27001953125,17.65999984741211,21.3799991607666,0.0986726114609218,0.0779273870131991,0.2106454895524599,0.0005507883329889,3.033677877567232e-07,0.0001237601565915,2,calm
2021-11-12,4682.85009765625,16.290000915527344,20.690000534057617,0.0960924114060812,0.0668075977491921,0.270104319904382,0.0071966975641304,5.179245582956053e-05,0.0001053032261221,2,calm
2021-11-15,4682.7998046875,16.489999771118164,20.8700008392334,0.0845819851911422,0.0803180125200393,0.2656155930206075,-1.0739878017001878e-05,1.1534497982008017e-10,0.0001079047985918,2,calm
2021-11-16,4700.89990234375,16.3700008392334,20.89999961853028,0.0815139967303508,0.0821860116619831,0.2767256290201276,0.0038577790571266,1.4882459253604885e-05,0.0001063400505859,2,calm
2021-11-17,4688.669921875,17.110000610351562,21.57999992370605,0.0827630955998791,0.0883369105036364,0.2612506811162903,-0.0026050154828958,6.786105666127248e-06,0.0001161714765421,2,calm
2021-11-18,4704.5400390625,17.59000015258789,21.89999961853028,0.0809441116589039,0.0949558898669749,0.2450255502304976,0.0033790647401719,1.1418078518273089e-05,0.0001227809941936,2,calm
2021-11-19,4697.9599609375,17.90999984741211,21.920000076293945,0.0807278873739236,0.0983721111001974,0.2238972787853629,-0.001399644604988,1.959005020272286e-06,0.0001272889264025,2,calm
2021-11-22,4682.93994140625,19.170000076293945,22.6299991607666,0.0777530932277308,0.1139469075352086,0.1804903010277694,-0.0032022583169607,1.0254458328544134e-05,0.0001458289297321,2,calm
2021-11-23,4690.7001953125,19.3799991607666,22.450000762939453,0.0764566672827165,0.1173433243249494,0.1584108222454336,0.0016557613831952,2.741545758080485e-06,0.0001490414156632,2,calm
2021-11-24,4701.4599609375,18.57999992370605,21.89999961853028,0.0764436037243954,0.109356395512665,0.1786867442657127,0.0022912237766672,5.249706394765473e-06,0.0001369906337956,2,calm
2021-11-26,4594.6201171875,28.6200008392334,29.170000076293945,0.0959660764421711,0.1902339319501628,0.0192173033170071,-0.0229870111593211,0.0005284026820387,0.000325041447634,0,stressed
2021-11-29,4655.27001953125,22.959999084472656,25.040000915527344,0.1005013916487098,0.1290985991960167,0.0905924178569043,0.0131138360828242,0.0001719726968071,0.0002091910944281,0,stressed
2021-11-30,4567.0,27.190000534057617,28.1299991607666,0.1164698724930046,0.1554301328475715,0.0345714824658264,-0.0191433811878505,0.0003664690433033,0.0002933714797785,0,stressed
2021-12-01,4513.0400390625,31.1200008392334,30.790000915527344,0.120051508633725,0.1911484997586089,-0.0106041103729669,-0.0118855414579559,0.0001412660957487,0.000384307322315,0,stressed
2021-12-02,4577.10009765625,27.950000762939453,29.14999961853028,0.1264898258550933,0.1530101817743012,0.0429337682588536,0.0140946383960577,0.0001986588315156,0.0003100010089874,0,stressed
2021-12-03,4538.43017578125,30.670000076293945,31.780000686645508,0.1287205971487058,0.1779794036142336,0.0361917381020656,-0.0084844551417386,7.198597905217543e-05,0.0003732733748729,0,stressed
2021-12-06,4591.669921875,27.18000030517578,28.8799991607666,0.1330878093077881,0.1387121937439696,0.0625459468912182,0.0116625993096861,0.0001360162226582,0.0002931557208687,0,stressed
2021-12-07,4686.75,21.88999938964844,24.959999084472656,0.1449215120046155,0.0739784818918688,0.1402466779544995,0.0204956031862525,0.0004200697499683,0.0001901476481265,0,stressed
2021-12-08,4701.2099609375,19.89999961853028,23.6299991607666,0.1450396791567976,0.053960317028505,0.1874371665194939,0.0030805355865858,9.489699500221555e-06,0.000157146819372,0,stressed
2021-12-09,4667.4501953125,21.57999992370605,24.65999984741211,0.1459365942398269,0.0698634049972335,0.1427247421035724,-0.0072069882325236,5.194067938373445e-05,0.0001848001574234,0,stressed
2021-12-10,4712.02001953125,18.690000534057617,23.18000030517578,0.1457909406628428,0.0411090646777333,0.2402354008998725,0.0095037691182097,9.032162745223685e-05,0.0001386175079218,0,stressed
2021-12-13,4668.97021484375,20.309999465942383,24.31999969482422,0.1485876352065778,0.0545123594528459,0.1974397013454462,-0.0091781583427938,8.42385905653957e-05,0.0001636889199629,0,stressed
2021-12-14,4634.08984375,21.88999938964844,25.350000381469727,0.1502918101749457,0.0686081837215386,0.1580630922017058,-0.0074987228546236,5.6230844450455385e-05,0.0001901476481265,0,stressed
2021-12-15,4709.85009765625,19.290000915527344,23.299999237060547,0.1570916826852746,0.0358083264699987,0.2078796335517737,0.0162162673518908,0.000262967326828,0.0001476603711591,0,stressed
2021-12-16,4668.669921875,20.56999969482422,24.3700008392334,0.1583348928373923,0.0473651041108498,0.1847351094208002,-0.0087818633111124,7.712112321506285e-05,0.000167906701367,0,stressed
2021-12-17,4620.64013671875,21.56999969482422,25.3799991607666,0.1606281911392497,0.0550718058089924,0.1766341919261409,-0.0103409645840536,0.0001069355485286,0.0001846289233471,0,stressed
2021-12-20,4568.02001953125,22.8700008392334,26.309999465942383,0.1632225423506219,0.065477466041712,0.1504153257750511,-0.0114533983232565,0.0001311803331511,0.0002075543406295,0,stressed
2021-12-21,4649.22998046875,21.01000022888184,25.0,0.1718226771160069,0.0382773251728114,0.1899095539101053,0.0176217553851954,0.0003105262628556,0.0001751667101657,0,stressed
2021-12-22,4696.56005859375,18.6299991607666,23.559999465942383,0.1741911704684657,0.0121088211392003,0.2646269740880073,0.0101287280291275,0.000102591131488,0.0001377289161627,0,stressed
2021-12-23,4725.7900390625,17.959999084472656,23.239999771118164,0.173214938996087,0.0063850518486394,0.2939866901892183,0.0062044126852516,3.849473676891129e-05,0.0001280006218707,0,stressed
2021-12-27,4791.18994140625,17.68000030517578,22.739999771118164,0.1773777036136606,-0.0005777005619028,0.2861990598756426,0.0137440515736058,0.0001888989536579,0.0001240406392027,0,stressed
2021-12-28,4786.35009765625,17.540000915527344,22.32999992370605,0.1764798009213299,-0.0010797917660564,0.2730900090169519,-0.0010106653988873,1.021444548508174e-06,0.0001220839809986,0,stressed
2021-12-29,4793.06005859375,16.950000762939453,21.82999992370605,0.1764758286235402,-0.0069758209941456,0.2879055422485015,0.0014009134018576,1.9625583595044537e-06,0.0001140089388347,0,stressed
2021-12-30,4778.72998046875,17.329999923706055,21.8799991607666,0.1765533408767678,-0.0032533416397072,0.2625504476105918,-0.0029942338419043,8.965436300005039e-06,0.0001191781338712,0,stressed
2021-12-31,4766.18017578125,17.219999313354492,21.8799991607666,0.1765571749887801,-0.0043571818552352,0.2706155652281691,-0.0026296343734744,6.914976938158307e-06,0.0001176699906158,0,stressed
2022-01-03,4796.56005859375,16.600000381469727,21.530000686645508,0.1771812875379889,-0.0111812837232917,0.2969879633664978,0.0063538241703883,4.03710815882118e-05,0.0001093492113749,0,stressed
2022-01-04,4793.5400390625,16.90999984741211,21.6200008392334,0.1771181019646918,-0.0080181034905707,0.2785334733484402,-0.0006298202522032,3.966735500853905e-07,0.0001134714662061,0,stressed
2022-01-05,4700.580078125,19.729999542236328,23.46999931335449,0.1863535315751597,0.0109464638472035,0.1895590399336747,-0.019583264304501,0.0003835042408199,0.0001544733658478,0,stressed
2022-01-06,4696.0498046875,19.61000061035156,23.5,0.1863212632341098,0.0097787428694057,0.1983681422016387,-0.0009642337401809,9.297467057034176e-07,0.0001526000491817,0,stressed
2022-01-07,4677.02978515625,18.76000022888184,22.8700008392334,0.1865626870000495,0.0010373152887688,0.2190831855121213,-0.0040584410823365,1.6470944018796758e-05,0.0001396577811855,0,stressed
2022-01-10,4670.2900390625,19.39999961853028,22.68000030517578,0.1736739517215223,0.0203260444637804,0.169072203667084,-0.0014420705375388,2.079567435237726e-06,0.0001493492004757,0,stressed
2022-01-11,4713.06982421875,18.40999984741211,21.979999542236328,0.1715340474368714,0.0125659510372496,0.1939163348404944,0.0091182864523993,8.314314782800994e-05,0.0001344952755482,0,stressed
2022-01-12,4726.35009765625,17.6200008392334,21.57999992370605,0.1612812215724371,0.0149187868198968,0.2247445457355008,0.002813792014667,7.917425501804166e-06,0.0001232001704661,0,stressed
2022-01-13,4659.02978515625,20.309999465942383,23.40999984741211,0.1631551918851909,0.0399448027742329,0.152634193155351,-0.0143460292344005,0.0002058085547942,0.0001636889199629,0,stressed
2022-01-14,4662.85009765625,19.190000534057617,22.81999969482422,0.1584075902083721,0.033492415132204,0.189160972368095,0.0008196442695905,6.718167286726511e-07,0.0001461333811496,0,stressed
2022-01-18,4577.10986328125,22.790000915527344,25.1200008392334,0.1659500823355314,0.061949926819742,0.1022378161520201,-0.0185591053980085,0.0003444403931743,0.0002061048181467,0,stressed
2022-01-19,4532.759765625,23.850000381469727,25.809999465942383,0.1647843552364226,0.0737156485782746,0.0821802537997223,-0.0097367909414601,9.48050978377013e-05,0.0002257232215063,0,stressed
2022-01-20,4482.72998046875,25.59000015258789,27.25,0.1550759671154763,0.1008240344104025,0.0648690831384866,-0.0110987423043307,0.0001231820807379,0.0002598603602418,0,stressed
2022-01-21,4397.93994140625,28.850000381469727,29.950000762939453,0.1625441410657068,0.1259558627489904,0.0381282622850935,-0.0190959953246354,0.0003646570374384,0.0003302867150836,0,stressed
2022-01-24,4410.1298828125,29.89999961853028,30.81999969482422,0.1624571959725356,0.1365428002127671,0.0307692337134271,0.0027679047582695,7.661296750851031e-06,0.0003547658639635,0,stressed
2022-01-25,4356.4501953125,31.15999984741211,31.76000022888184,0.1614285300357539,0.1501714684383671,0.0192554680490334,-0.0122465905568662,0.0001499789802675,0.0003852958692423,0,stressed
2022-01-26,4349.93017578125,31.959999084472656,31.950000762939453,0.1602456366064805,0.1593543542382459,-0.0003128386051193,-0.0014977569258856,2.2432758090384587e-06,0.0004053339450315,0,stressed
2022-01-27,4326.509765625,30.489999771118164,30.8700008392334,0.159775253998182,0.1451247437129996,0.0124631377818242,-0.0053986351999709,2.914526202236509e-05,0.0003689047960487,0,stressed
2022-01-28,4431.85009765625,27.65999984741211,28.81999969482422,0.1690140800913422,0.1075859183827788,0.041937811056085,0.0240559679147366,0.0005786895923148,0.0003036014252217,0,stressed
2022-01-31,4515.5498046875,24.82999992370605,26.850000381469727,0.1780098265640303,0.0702901726730302,0.0813532204579313,0.0187098262229844,0.0003500575972942,0.0002446543238933,0,stressed
2022-02-01,4546.5400390625,21.959999084472656,24.76000022888184,0.1772319572243678,0.0423680336203587,0.1275046111631667,0.006839560348317,4.677958575827108e-05,0.0001913656983293,0,stressed
2022-02-02,4589.3798828125,22.09000015258789,25.13999938964844,0.1763659540702601,0.0445340474556188,0.1380714900856728,0.0093784004483244,8.795439496913233e-05,0.0001936381375957,0,stressed
2022-02-03,4477.43994140625,24.350000381469727,26.670000076293945,0.1824855079370556,0.0610144958776416,0.095277193366688,-0.0246934717201206,0.0006097675455923,0.0002352867137212,0,stressed
2022-02-04,4500.52978515625,23.21999931335449,26.25,0.1803426107726252,0.0518573823609196,0.1304909895024359,0.0051436784398636,2.6457427892717905e-05,0.0002139557016318,0,stressed
2022-02-07,4483.8701171875,22.86000061035156,25.690000534057617,0.1789836868071083,0.0496163192964072,0.1237970187290618,-0.0037085809278284,1.375357249825321e-05,0.0002073728682163,0,stressed
2022-02-08,4521.5400390625,21.440000534057617,24.540000915527344,0.1755841885897159,0.0388158167508602,0.1445895664295973,0.0083661134666343,6.999185453660028e-05,0.0001824101678176,0,stressed
2022-02-09,4587.18017578125,19.959999084472656,23.489999771118164,0.1818645072574445,0.017735483587282,0.1768537499278533,0.0144128420792647,0.0002077300168018,0.0001580958585127,0,stressed
2022-02-10,4504.080078125,23.90999984741211,26.06999969482422,0.1880561030551165,0.0510438954190045,0.0903387645837185,-0.018281824485056,0.0003342251065023,0.0002268603542473,0,stressed
2022-02-11,4418.64013671875,27.36000061035156,28.82999992370605,0.1944653155950202,0.0791346905084953,0.0537280438801716,-0.0191516826380865,0.0003667869478699,0.0002970514418247,0,stressed
2022-02-14,4401.669921875,28.32999992370605,29.440000534057617,0.1944983634310549,0.0888016358060055,0.0391811017769448,-0.0038479907556283,1.4807032855400969e-05,0.0003184876570147,0,stressed
2022-02-15,4471.06982421875,25.700000762939453,27.280000686645508,0.2000214122863329,0.0569785953430616,0.0614785944280781,0.0156437176460641,0.0002447259017897,0.0002620992219107,0,stressed
2022-02-16,4475.009765625,24.290000915527344,26.26000022888184,0.2001816567437107,0.0427183524115626,0.0811033033800825,0.0008808197202838,7.758433796408322e-07,0.0002341286287604,0,stressed
2022-02-17,4380.259765625,28.11000061035156,29.31999969482422,0.2016098559914247,0.0794901501120909,0.0430451461472781,-0.0214005041369366,0.000457981577315,0.0003135603707595,0,stressed
2022-02-18,4348.8701171875,27.75,29.21999931335449,0.2020446908971915,0.0754553091028084,0.0529729482289905,-0.0071919616638663,5.172431257452312e-05,0.0003055803571428,0,stressed
2022-02-22,4304.759765625,28.809999465942383,29.11000061035156,0.2032194189728946,0.0848805756865291,0.010413090939617,-0.010194735435016,0.0001039326305899,0.0003293714560426,0,stressed
2022-02-23,4225.5,31.020000457763672,30.8799991607666,0.208260237121128,0.1019397674565086,-0.0045132590242122,-0.0185837357487884,0.0003453552343807,0.0003818414398411,0,stressed
2022-02-24,4288.7001953125,30.31999969482422,30.049999237060547,0.2118671596764093,0.0913328372718328,-0.0089050283799891,0.014846105252724,0.0002204068411749,0.0003648025323389,0,stressed
2022-02-25,4384.64990234375,27.59000015258789,28.040000915527344,0.2236529325271711,0.0522470689987077,0.0163102849021638,0.0221260805512657,0.0004895634405611,0.0003020667096903,0,stressed
2022-02-28,4373.93994140625,30.14999961853028,29.64999961853028,0.2208178731060174,0.0806821230792853,-0.0165837481368556,-0.0024455914631261,5.980917604515329e-06,0.0003607232051576,0,stressed
2022-03-01,4306.259765625,33.31999969482422,32.59000015258789,0.2240300241597851,0.109169972788457,-0.0219087499676575,-0.015594467786613,0.0002431874255477,0.0004405644363742,1,crisis
2022-03-02,4386.5400390625,30.739999771118164,30.96999931335449,0.2268713021659812,0.0805286955452004,0.0074820931668457,0.0184710467806521,0.000341179569173,0.0003749792007652,1,crisis
2022-03-03,4363.490234375,30.479999542236328,30.799999237060547,0.2258146679779411,0.0789853274444221,0.0104986778093875,-0.0052685207442456,2.775731083254676e-05,0.0003686628460693,1,crisis
2022-03-04,4328.8701171875,31.979999542236328,32.34000015258789,0.224809842758823,0.0949901526635402,0.0112570548938284,-0.0079656845430019,6.345213023861944e-05,0.0004058414169529,1,crisis
2022-03-07,4201.08984375,36.45000076293945,35.7400016784668,0.2343455823770846,0.1301544252523099,-0.0194787124721969,-0.0299625868144164,0.0008977566086114,0.0005272232363564,1,crisis
2022-03-08,4170.7001953125,35.130001068115234,35.0,0.2345509454417347,0.1167490652394176,-0.0037005711404098,-0.007260043975698,5.270823852907022e-05,0.0004897289583514,1,crisis
2022-03-09,4277.8798828125,32.45000076293945,33.060001373291016,0.2451775669710598,0.0793224406583347,0.0187981693685577,0.0253735981221411,0.0006438194816639,0.0004178581545693,1,crisis
2022-03-10,4259.52001953125,30.229999542236328,31.520000457763672,0.2454006185870872,0.056899376835276,0.0426728724797034,-0.0043010499202472,1.849903041645852e-05,0.0003626400286998,1,crisis
2022-03-11,4204.31005859375,30.75,32.34000015258789,0.2476635507979505,0.0598364492020494,0.0517073220353785,-0.0130462789332381,0.0001702053940038,0.0003752232142857,1,crisis
2022-03-14,4173.10986328125,31.770000457763672,33.31999969482422,0.2366016584394411,0.0810983461381955,0.0487881402180393,-0.0074486750955333,5.548276067881822e-05,0.0004005289401136,1,crisis
2022-03-15,4262.4501953125,29.82999992370605,31.959999084472656,0.2385832124109877,0.0597167868260728,0.0714045982639739,0.0211826297241449,0.0004487038020302,0.0003531067045429,1,crisis
2022-03-16,4357.85986328125,26.670000076293945,28.959999084472656,0.247421010357298,0.0192789904056414,0.0858642295323505,0.0221369216483934,0.0004900433000671,0.0002822575016148,1,crisis
2022-03-17,4411.669921875,25.670000076293945,28.21999931335449,0.2486568234546393,0.0080431773083,0.0993377183280746,0.0122722050687002,0.0001506070172482,0.0002614876602844,0,stressed
2022-03-18,4463.1201171875,23.8700008392334,26.549999237060547,0.2411401078842799,-0.0024400994919459,0.1122747508840564,0.0115948144118881,0.0001344397212461,0.0002261019603432,0,stressed
2022-03-21,4461.18017578125,23.530000686645508,26.3799991607666,0.2406261048496966,-0.0053260979832415,0.1211219035679253,-0.0004347548543014,1.8901178333868332e-07,0.000219706719172,0,stressed
2022-03-22,4511.60986328125,22.940000534057617,25.850000381469727,0.2426740520062645,-0.0132740466656883,0.126852649505906,0.0112406995540742,0.0001263533264649,0.00020882683512,0,stressed
2022-03-23,4456.240234375,23.56999969482422,26.40999984741211,0.2440436126494998,-0.0083436157012576,0.1204921590733635,-0.0123486302524952,0.0001524886691128,0.0002204543196881,0,stressed
2022-03-24,4520.16015625,21.670000076293945,25.299999237060547,0.2439534792127367,-0.0272534784497972,0.1675126510376742,0.014242012281618,0.0002028349138297,0.0001863448028994,0,stressed
2022-03-25,4543.06005859375,20.809999465942383,24.71999931335449,0.2384788062402349,-0.0303788115808111,0.1878904347792611,0.0050533807042376,2.553665654196156e-05,0.0001718476499097,0,stressed
2022-03-28,4575.52001953125,19.6299991607666,24.18000030517578,0.2319359626625408,-0.0356359710548748,0.2317881476787333,0.0071195510200425,5.068800672698918e-05,0.0001529114551792,0,stressed
2022-03-29,4631.60009765625,18.89999961853028,23.190000534057617,0.2335739073154289,-0.0445739111301261,0.2269841800060811,0.012182044101391,0.0001484021984882,0.0001417499942779,0,stressed
2022-03-30,4602.4501953125,19.32999992370605,23.56999969482422,0.2308345853361792,-0.0375345860991187,0.2193481525014539,-0.0063135889990887,3.9861406049414825e-05,0.0001482733718454,0,stressed
2022-03-31,4530.41015625,20.559999465942383,24.459999084472656,0.2358808025984825,-0.0302808079390587,0.1896887023266036,-0.0157763352268817,0.0002488927531909,0.000167743483349,0,stressed
2022-04-01,4545.85986328125,19.6299991607666,24.209999084472656,0.2267283396401689,-0.0304283480325028,0.2333163586099304,0.003404420961463,1.1590082082848848e-05,0.0001529114551792,0,stressed
2022-04-04,4582.64013671875,18.56999969482422,23.030000686645508,0.2261091489934757,-0.0404091520452335,0.2401723783045817,0.0080583825321336,6.493752903419669e-05,0.000136843209788,0,stressed
2022-04-05,4525.1201171875,21.030000686645508,24.89999961853028,0.2273340989681408,-0.0170340921016857,0.1840227677378203,-0.0126311590740053,0.0001595461795528,0.0001755003686032,0,stressed
2022-04-06,4481.14990234375,22.100000381469727,25.799999237060547,0.2218799045579886,-0.0008799007432913,0.1674207598065551,-0.0097644339124797,9.534416963118405e-05,0.0001938134987543,0,stressed
2022-04-07,4500.2099609375,21.549999237060547,25.229999542236328,0.2186325534172367,-0.0031325610466312,0.1707656814598448,0.0042443655520372,1.801463893932057e-05,0.0001842866933005,0,stressed
2022-04-08,4488.27978515625,21.15999984741211,25.170000076293945,0.2100488145381621,0.0015511839359589,0.189508518799553,-0.0026545466755523,7.046618052686271e-06,0.0001776768228343,0,stressed
2022-04-11,4412.52978515625,24.3700008392334,27.0,0.2161523969769795,0.0275476114153544,0.1079195350922003,-0.0170213345846961,0.0002897258310441,0.0002356733892477,0,stressed
2022-04-12,4397.4501953125,24.26000022888184,27.170000076293945,0.2112004598433034,0.0313995424455149,0.1199505284401322,-0.0034233005304522,1.1718986521794556e-05,0.0002335506393275,0,stressed
2022-04-13,4446.58984375,21.81999969482422,25.540000915527344,0.2068517119403746,0.0113482850078675,0.1704858511792519,0.0111126032689019,0.000123489951412,0.0001889334867786,0,stressed
2022-04-14,4392.58984375,22.700000762939453,26.030000686645508,0.2094862066820541,0.0175138009473403,0.1466960269509193,-0.0122184803835081,0.0001492912628821,0.0002044801724751,0,stressed
2022-04-18,4391.68994140625,22.170000076293945,25.75,0.2080531888021287,0.0136468119608106,0.1614794727733941,-0.0002048892724065,4.197961394726775e-08,0.0001950432156281,0,stressed
2022-04-19,4462.2099609375,21.3700008392334,25.059999465942383,0.1915645672073758,0.0221354411849581,0.1726718990078128,0.0159300447493866,0.0002537663257174,0.0001812210062971,0,stressed
2022-04-20,4459.4501953125,20.31999969482422,24.14999961853028,0.1897301158212629,0.0134698811269792,0.1884842510446302,-0.0006186664061825,3.827481221388638e-07,0.0001638501538085,0,stressed
2022-04-21,4393.66015625,22.68000030517578,26.11000061035156,0.1827948427797959,0.0440051602719618,0.1512345793219862,-0.014862855551311,0.0002209044751391,0.0002041200054931,0,stressed
2022-04-22,4271.77978515625,28.209999084472656,29.8700008392334,0.2008344969413668,0.0812654939033597,0.0588444455382644,-0.0281320763773669,0.000791413721302,0.0003157952572801,0,stressed
2022-04-25,4296.1201171875,27.020000457763672,29.06999969482422,0.1974923214933661,0.0727076830842705,0.0758696966073336,0.0056817651441118,3.228245515284388e-05,0.0002897144542609,0,stressed
2022-04-26,4175.2001953125,33.52000045776367,33.13999938964844,0.2138671325879268,0.1213328719897099,-0.0113365472233226,-0.0285500089285977,0.000815103009823,0.0004458692185271,1,crisis
2022-04-27,4183.9599609375,31.600000381469727,32.20000076293945,0.2043972931355117,0.1116027106791855,0.0189873536147666,0.0020958490249645,4.392583135445045e-06,0.0003962539778209,1,crisis
2022-04-28,4287.5,29.989999771118164,31.14999961853028,0.206727144054997,0.0931728536561845,0.0386795550605255,0.0244456553408321,0.0005975900650427,0.0003569047961395,1,crisis
2022-04-29,4131.93017578125,33.400001525878906,33.18000030517578,0.2283221476395704,0.1056778676192186,-0.0065868625943823,-0.0369591597846941,0.0013659794919905,0.0004426825801304,1,crisis
2022-05-02,4155.3798828125,32.34000015258789,33.0099983215332,0.2258442101869528,0.097555791338926,0.0207173211436023,0.0056591992938186,3.202653664715695e-05,0.0004150300039164,1,crisis
2022-05-03,4175.47998046875,29.25,30.809999465942383,0.2267509685545139,0.065749031445486,0.0533333150749532,0.0048254650753595,2.3285113193514462e-05,0.0003395089285714,1,crisis
2022-05-04,4300.169921875,25.420000076293945,28.09000015258789,0.2417505945036471,0.0124494062592923,0.1050354078788505,0.0294252215573258,0.0008658436636977,0.0002564192078884,1,crisis
2022-05-05,4146.8701171875,31.200000762939453,32.68000030517578,0.2602628951598789,0.0517371124695156,0.0474358816040263,-0.036300677564099,0.0013177391916126,0.0003862857331775,1,crisis
2022-05-06,4123.33984375,30.190000534057617,32.310001373291016,0.2555575795320002,0.0463424258085758,0.070221954346831,-0.0056903844139527,3.238047477855661e-05,0.0003616810048596,1,crisis
2022-05-09,3991.239990234375,34.75,35.04999923706055,0.2681211622424758,0.0793788377575241,0.0086330715700876,-0.0325615195396041,0.001060252554728,0.0004791914682539,1,crisis
2022-05-10,4001.050048828125,32.9900016784668,33.970001220703125,0.2667294843530876,0.0631705324315803,0.0297059561193048,0.0024548817604092,6.0264444575900425e-06,0.00043188103601,1,crisis
2022-05-11,3935.179931640625,32.560001373291016,33.630001068115234,0.2641451516501828,0.0614548620827273,0.032862397103642,-0.0166002320956977,0.000275567705631,0.0004206959085034,1,crisis
2022-05-12,3930.080078125,31.770000457763672,33.08000183105469,0.2643996366882879,0.0533003678893487,0.041233911061241,-0.0012968049941124,1.6817031927549675e-06,0.0004005289401136,1,crisis
2022-05-13,4023.889892578125,28.8700008392334,30.700000762939453,0.275195305923367,0.0135047024689669,0.0633875950990324,0.0235892679568694,0.0005564535627409,0.0003307448208164,1,crisis
2022-05-16,4008.010009765625,27.46999931335449,29.51000022888184,0.2743109545755079,0.0003890385580369,0.0742628673651115,-0.0039542085177224,1.5635765001628835e-05,0.0002994447866173,1,crisis
2022-05-17,4088.85009765625,26.100000381469727,28.3700008392334,0.2810249825028252,-0.0200249786881279,0.0869731963442923,0.0199689195814626,0.0003987577492509,0.0002703214364733,1,crisis
2022-05-18,3923.679931640625,30.959999084472656,32.79999923706055,0.3003945851938281,0.0092054056508984,0.0594315312338204,-0.0412338092912488,0.001700227028667,0.0003803656917898,1,crisis
2022-05-19,3900.7900390625,29.350000381469727,30.790000915527344,0.3000412685309015,-0.0065412647162042,0.0490630499264582,-0.0058508647773478,3.423261864280923e-05,0.0003418343342826,1,crisis
2022-05-20,3901.360107421875,29.43000030517578,31.13999938964844,0.2992227373369788,-0.0049227342852209,0.0581039438240143,0.0001461310919903,2.135429604627948e-08,0.0003437003642708,1,crisis
2022-05-23,3973.75,28.479999542236328,30.290000915527344,0.3066308210992735,-0.0218308256769101,0.0635534200275092,0.0183849954120607,0.0003380080563014,0.0003218691960022,1,crisis
2022-05-24,3941.47998046875,29.450000762939453,30.739999771118164,0.3044425872040844,-0.0099425795746898,0.0438030212142498,-0.008153950903558,6.648691533763564e-05,0.0003441676765623,1,crisis
2022-05-25,3978.72998046875,28.3700008392334,29.729999542236328,0.3068284426736722,-0.0231284342813382,0.0479379155012982,0.0094063856489315,8.848009097642608e-05,0.0003193876776262,1,crisis
2022-05-26,4057.840087890625,27.5,29.280000686645508,0.3113112990587158,-0.0363112990587157,0.0647272976962002,0.0196881660077208,0.0003876238807475,0.0003000992063492,1,crisis
2022-05-27,4158.240234375,25.71999931335449,28.020000457763672,0.3199406470926679,-0.062740653959123,0.089424619199541,0.024441130195822,0.0005973688452491,0.000262507287571,1,crisis
2022-05-31,4132.14990234375,26.190000534057617,27.989999771118164,0.3201589566731852,-0.058258951332609,0.0687284918043364,-0.0062941351936669,3.961613783615682e-05,0.0002721889396721,1,crisis
2022-06-01,4101.22998046875,25.690000534057617,27.71999931335449,0.3159120990202895,-0.0590120936797133,0.0790190244101268,-0.0075109050411554,5.641369453725436e-05,0.0002618952886666,1,crisis
2022-06-02,4176.81982421875,24.71999931335449,27.059999465942383,0.321737459383599,-0.0745374662500541,0.0946602029767758,0.0182632254155451,0.000333545402579,0.0002424914151,1,crisis
2022-06-03,4108.5400390625,24.790000915527344,27.32999992370605,0.322325820976868,-0.0744258118215946,0.1024606258319162,-0.016482405609817,0.0002716696946865,0.0002438667243618,1,crisis
2022-06-06,4121.43017578125,25.06999969482422,27.21999931335449,0.3131040952765489,-0.0624040983283067,0.0857598581851656,0.003132489407036,9.812489885192908e-06,0.0002494067002771,1,crisis
2022-06-07,4160.68017578125,24.020000457763672,26.520000457763672,0.3140206184025082,-0.0738206138248715,0.1040799314053284,0.0094783315317198,8.983876862519455e-05,0.0002289525484091,1,crisis
2022-06-08,4115.77001953125,23.959999084472656,26.540000915527344,0.3046098274736394,-0.0650098366289128,0.1076795463121142,-0.0108526230401553,0.0001177794268517,0.0002278101413206,1,crisis
2022-06-09,4017.820068359375,26.09000015258789,28.01000022888184,0.3120486071280719,-0.051148605602193,0.0735914168288535,-0.0240864576651555,0.0005801574428553,0.0002701143285563,1,crisis
2022-06-10,3900.860107421875,27.75,29.71999931335449,0.3124962369743578,-0.0349962369743577,0.0709909662470086,-0.0295424148114094,0.0008727542728893,0.0003055803571428,1,crisis
2022-06-13,3749.6298828125,34.02000045776367,34.2400016784668,0.3150019763440457,0.025198028233591,0.0064668200394723,-0.0395399319900399,0.0015634062217769,0.0004592700123596,1,crisis
2022-06-14,3735.47998046875,32.689998626708984,33.279998779296875,0.3138716390168712,0.0130283472502186,0.0180483382494191,-0.0037808180394896,1.4294585047730231e-05,0.0004240619088151,1,crisis
2022-06-15,3789.989990234375,29.6200008392334,30.780000686645508,0.3173421013879636,-0.0211420929956296,0.039162721625437,0.0144870588365344,0.0002098748737332,0.0003481525594111,1,crisis
2022-06-16,3666.77001953125,32.95000076293945,33.4900016784668,0.313111049672172,0.0163889579572225,0.0163884947806954,-0.0330522071138406,0.0010924483950962,0.0004308343453482,1,crisis
2022-06-17,3674.840087890625,31.1299991607666,32.36000061035156,0.2995902747937178,0.0117097168139481,0.0395117726548204,0.0021984473410133,4.8331707112088325e-06,0.0003845543046624,1,crisis
2022-06-21,3764.7900390625,30.190000534057617,31.25,0.3104632079288558,-0.0085632025882796,0.0351109455843363,0.0241824749606719,0.0005847920952235,0.0003616810048596,1,crisis
2022-06-22,3759.889892578125,28.950000762939453,30.239999771118164,0.2975789958553897,-0.0080789882259951,0.0445595500581164,-0.0013024200953574,1.6962981047908982e-06,0.0003325803746722,1,crisis
2022-06-23,3795.72998046875,29.049999237060547,30.190000534057617,0.2991854486912,-0.0086854563205945,0.0392427307035076,0.0094870724855565,9.000454434620356e-05,0.0003348819268544,1,crisis
2022-06-24,3911.739990234375,27.229999542236328,28.950000762939453,0.3094942120775608,-0.0371942166551975,0.0631656720388569,0.030105539729901,0.0009063435224286,0.0002942352678849,1,crisis
2022-06-27,3900.110107421875,26.950000762939453,28.18000030517578,0.3095843294065838,-0.0400843217771893,0.0456400559337932,-0.0029774998903406,8.865505596978711e-06,0.0002882152940962,1,crisis
2022-06-28,3821.550048828125,28.36000061035156,29.14999961853028,0.3063513337965605,-0.0227513276930448,0.027856099829926,-0.0203486731494949,0.0004140684989449,0.0003191625534202,1,crisis
2022-06-29,3818.830078125,28.15999984741211,29.0,0.3062899522999289,-0.0246899538258078,0.029829551034784,-0.0007119988201726,5.069423199273109e-07,0.0003146768219866,1,crisis
2022-06-30,3785.3798828125,28.709999084472656,29.709999084472656,0.2999593475400738,-0.0128593566953473,0.0348310704245488,-0.0087978662463676,7.740245048897523e-05,0.0003270889077104,1,crisis
2022-07-01,3825.330078125,26.700000762939453,28.520000457763672,0.2787381250182731,-0.0117381173888785,0.0681647806299108,0.0104985112966391,0.0001102187394456,0.0002828928733099,1,crisis
2022-07-05,3831.389892578125,27.540000915527344,28.89999961853028,0.2784107721231564,-0.0030107629678829,0.0493826673126997,0.0015828751061934,2.505493601807058e-06,0.0003009728771536,1,crisis
2022-07-06,3845.080078125,26.729999542236328,28.38999938964844,0.2786666582385574,-0.0113666628161941,0.062102501901997,0.0035667957050661,1.2722031601678534e-05,0.0002835289188602,1,crisis
2022-07-07,3902.6201171875,26.07999992370605,28.030000686645508,0.2767703394025517,-0.0159703401654912,0.0747699681228509,0.0148537231809303,0.0002206330923357,0.0002699073000081,1,crisis
2022-07-08,3899.3798828125,24.63999938964844,27.299999237060547,0.2758462635585537,-0.0294462696620693,0.1079545419359711,-0.0008306163961273,6.899235975155867e-07,0.0002409244325086,1,crisis
2022-07-11,3854.429931640625,26.170000076293945,28.25,0.276101538217602,-0.0144015374546625,0.0794803178311879,-0.0115944176605255,0.0001344305208867,0.0002717733746004,1,crisis
2022-07-12,3818.800048828125,27.290000915527344,28.81999969482422,0.2698837578587617,0.0030162512965117,0.0560644458764507,-0.0092868684974937,8.624592648974107e-05,0.000295533392845,1,crisis
2022-07-13,3801.780029296875,26.81999969482422,28.559999465942383,0.2579939367367577,0.0102060602114845,0.0648769496986218,-0.0044668641118166,1.9952874993435815e-05,0.0002854414220755,1,crisis
2022-07-14,3790.3798828125,26.39999961853028,28.61000061035156,0.2578036471391895,0.0061963490461132,0.0837121599907173,-0.0030031388127643,9.018842728731412e-06,0.0002765714205787,1,crisis
2022-07-15,3863.159912109375,24.229999542236328,27.07999992370605,0.2650260301862535,-0.0227260347638902,0.1176227996414844,0.0190192316586336,0.0003617311728847,0.000232973364213,1,crisis
2022-07-18,3830.85009765625,25.299999237060547,27.81999969482422,0.2585029782704748,-0.0055029858998694,0.099604764180082,-0.0083987424858359,7.05388753433856e-05,0.0002540039529346,1,crisis
2022-07-19,3936.68994140625,24.5,27.309999465942383,0.2693584706496307,-0.0243584706496307,0.1146938557527503,0.0272535176437308,0.0007427542239571,0.0002381944444444,1,crisis
2022-07-20,3959.89990234375,23.8799991607666,26.700000762939453,0.2698792147299472,-0.0310792231222812,0.118090523504119,0.0058784939410571,3.4556691015045815e-05,0.0002262914126659,1,crisis
2022-07-21,3998.949951171875,23.11000061035156,26.21999931335449,0.2699974530395765,-0.0388974469360609,0.1345737179085093,0.0098130666895046,9.629627785266611e-05,0.0002119333842104,1,crisis
2022-07-22,3961.6298828125,23.030000686645508,25.96999931335449,0.2695781664777072,-0.0392781596112521,0.1276595110313569,-0.0093762872938138,8.791476341613502e-05,0.0002104686236614,1,crisis
2022-07-25,3966.840087890625,23.36000061035156,25.799999237060547,0.2608080132261811,-0.0272080071226655,0.1044519932772496,0.0013143029733058,1.7273923056406452e-06,0.0002165435033792,0,stressed
2022-07-26,3921.050048828125,24.690000534057617,26.420000076293945,0.2482896795152141,-0.0013896741746379,0.0700688337308843,-0.0116103425992633,0.0001348000552722,0.0002419032247507,0,stressed
2022-07-27,4023.610107421875,23.239999771118164,25.309999465942383,0.228959876499014,0.0034401212121676,0.0890705557319643,0.025820048778629,0.0006666749189307,0.0002143244402228,0,stressed
2022-07-28,4072.429931640625,22.32999992370605,24.32999992370605,0.2298748915600244,-0.0065748923229639,0.089565607113001,0.0120603197919128,0.0001454513134832,0.000197868609759,0,stressed
2022-07-29,4130.2900390625,21.32999992370605,23.790000915527344,0.2297110274930107,-0.0164110282559502,0.1153305673052188,0.0141077757817535,0.0001990293375082,0.0001805432129941,0,stressed
2022-08-01,4118.6298828125,22.84000015258789,24.86000061035156,0.2038956328200183,0.0245043687058605,0.0884413504495879,-0.0028270765449167,7.992361790818305e-06,0.0002070101614961,0,stressed
2022-08-02,4091.18994140625,23.93000030517578,25.65999984741211,0.2061429013120263,0.0331571017397314,0.0722941713403216,-0.0066846883788709,4.4685058722612734e-05,0.0002272400454784,0,stressed
2022-08-03,4155.169921875,21.950000762939453,24.3700008392334,0.200056617091925,0.0194433905374694,0.110250569119792,0.0155174562700907,0.0002407914490941,0.0001911914815448,0,stressed
2022-08-04,4151.93994140625,21.440000534057617,24.31999969482422,0.1999577230074549,0.0144422823331212,0.1343283157195681,-0.0007776424495837,6.047277793946515e-07,0.0001824101678176,0,stressed
2022-08-05,4145.18994140625,21.14999961853028,24.18000030517578,0.199566581657418,0.0119334145278847,0.143262446396964,-0.0016270690189191,2.6473535923264262e-06,0.0001775089221681,0,stressed
2022-08-08,4140.06005859375,21.290000915527344,24.479999542236328,0.1824252117560967,0.0304747973991766,0.1498355326223794,-0.0012383171221209,1.533429294937823e-06,0.0001798667218187,0,stressed
2022-08-09,4122.47021484375,21.770000457763672,24.690000534057617,0.1827595338016344,0.0349404707760022,0.1341295367429635,-0.0042577442359264,1.812838597856532e-05,0.0001880686190202,0,stressed
2022-08-10,4210.240234375,19.739999771118164,23.459999084472656,0.1784165017058225,0.0189834960053591,0.1884498154248851,0.0210671584604074,0.0004438251655959,0.0001546299964141,0,stressed
2022-08-11,4207.27001953125,20.200000762939453,23.709999084472656,0.178415298075207,0.0235847095541875,0.1737622865823316,-0.0007057229222018,4.980448429210726e-07,0.0001619206471518,0,stressed
2022-08-12,4280.14990234375,19.530000686645508,23.309999465942383,0.1790797163747536,0.0162202904917014,0.1935483177879053,0.0171740469514926,0.000294947888692,0.000151357510643,0,stressed
2022-08-15,4297.14013671875,19.950000762939453,23.31999969482422,0.1780476683909509,0.0214523392384436,0.1689222457647779,0.0039616840562331,1.569494056141205e-05,0.0001579375120798,0,stressed
2022-08-16,4305.2001953125,19.690000534057617,23.31999969482422,0.1780170791267787,0.0188829262137974,0.1843574942767434,0.0018739228259478,3.511586757608423e-06,0.0001538476670758,0,stressed
2022-08-17,4274.0400390625,19.89999961853028,23.600000381469727,0.1809299819116717,0.018070014273631,0.1859296901440199,-0.007264114867648,5.276736481038502e-05,0.000157146819372,0,stressed
2022-08-18,4283.740234375,19.559999465942383,23.38999938964844,0.1777312624263906,0.0178687322330332,0.195807772406886,0.0022669896063847,5.139241875456699e-06,0.0001518228488522,0,stressed
2022-08-19,4228.47998046875,20.600000381469727,24.31999969482422,0.1834681782124106,0.0225318256022865,0.1805824875955213,-0.0129839287130388,0.0001685824048252,0.0001683968316335,0,stressed
2022-08-22,4137.990234375,23.799999237060547,26.0,0.1923559312810929,0.0456440610895125,0.0924370098093821,-0.0216323664664945,0.0004679592789407,0.0002247777633666,0,stressed
2022-08-23,4128.72998046875,24.11000061035156,25.920000076293945,0.1897124486874459,0.0513875574160696,0.0750725599386865,-0.0022403704344374,5.019259683501511e-06,0.0002306714799329,0,stressed
2022-08-24,4140.77001953125,22.81999969482422,24.88999938964844,0.1885252715085451,0.039674725439697,0.0907098914332464,0.0029119166987241,8.479258860308639e-06,0.0002066477722507,0,stressed
2022-08-25,4199.1201171875,21.780000686645508,24.1299991607666,0.1903687882705511,0.0274312185959039,0.1078970798913704,0.013993241836107,0.0001958108170837,0.0001882414404405,0,stressed
2022-08-26,4057.659912109375,25.559999465942383,26.559999465942383,0.2136361393535136,0.0419638553059101,0.0391236314903862,-0.0342685763170395,0.0011743353227967,0.0002592514177376,0,stressed
2022-08-29,4030.610107421875,26.209999084472656,26.81999969482422,0.2129945853782851,0.0491054054664414,0.0232735838099643,-0.0066886751973248,4.473837589530804e-05,0.0002726047825428,0,stressed
2022-08-30,3986.159912109375,26.209999084472656,26.90999984741211,0.2017034048598145,0.060396585984912,0.0267073936432965,-0.011089416492117,0.0001229751581356,0.0002726047825428,0,stressed
2022-08-31,3955.0,25.8700008392334,26.64999961853028,0.2023953455357701,0.0563046628565638,0.0301507056046926,-0.007847738208153,6.15869949837049e-05,0.0002655781521515,0,stressed
2022-09-01,3966.85009765625,25.559999465942383,26.43000030517578,0.2004657113597558,0.0551342832996679,0.0340375922304942,0.0029917522671948,8.950581628265653e-06,0.0002592514177376,0,stressed
2022-09-02,3924.260009765625,25.46999931335449,26.479999542236328,0.2010668724858069,0.053633120647738,0.0396545055402602,-0.0107945525707243,0.0001165223652021,0.0002574289146913,0,stressed
2022-09-06,3908.18994140625,26.90999984741211,27.59000015258789,0.2012981578103486,0.0678018406637724,0.0252694280576584,-0.0041034646908951,1.6838422469423174e-05,0.000287360353884,0,stressed
2022-09-07,3979.8701171875,24.63999938964844,26.100000381469727,0.2054751658285852,0.0409248280678992,0.059253288473483,0.0181748486661698,0.0003303251240381,0.0002409244325086,0,stressed
2022-09-08,4006.179931640625,23.61000061035156,25.520000457763672,0.1919970928176197,0.0441029132858958,0.0808979160540425,0.0065889668804424,4.341448455156749e-05,0.0002212032257225,0,stressed
2022-09-09,4067.360107421875,22.790000915527344,25.13999938964844,0.1939072643039437,0.0339927448513297,0.1031153303956205,0.015156014981211,0.0002297047901106,0.0002061048181467,0,stressed
2022-09-12,4110.41015625,23.8700008392334,25.3700008392334,0.1919049438998773,0.0467950644924566,0.0628403832116569,0.0105286514839956,0.0001108525020714,0.0002261019603432,0,stressed
2022-09-13,3932.68994140625,27.270000457763672,27.950000762939453,0.2304830706174046,0.042216933960232,0.024935837688341,-0.044199163031974,0.001953566012727,0.0002951003670501,0,stressed
2022-09-14,3946.010009765625,26.15999984741211,27.459999084472656,0.2303769477706513,0.0312230507034697,0.0496941607279539,0.0033812890788447,1.1433115834714542e-05,0.0002715657111176,0,stressed
2022-09-15,3901.35009765625,26.270000457763672,27.600000381469727,0.2265707606482175,0.0361292439294192,0.050628089095179,-0.0113822721681495,0.0001295561197098,0.0002738543349408,0,stressed
2022-09-16,3873.330078125,26.299999237060547,27.6299991607666,0.2270104735737775,0.0359895187968279,0.050570340771413,-0.0072080497756631,5.195598156843795e-05,0.0002744801428053,0,stressed
2022-09-19,3899.889892578125,25.76000022888184,27.01000022888184,0.2285525643748357,0.0290474379139827,0.0485248442893456,0.0068336977247057,4.66994245926488e-05,0.0002633244491238,0,stressed
2022-09-20,3855.929931640625,27.15999984741211,27.8799991607666,0.2301157615808624,0.0414842368932586,0.0265095477687602,-0.0113361147366004,0.0001285074973213,0.0002927244411553,0,stressed
2022-09-21,3789.929931640625,27.989999771118164,28.76000022888184,0.2340963890608419,0.0458036086503396,0.0275098415169767,-0.0172646740985063,0.0002980689717276,0.0003108889234869,0,stressed
2022-09-22,3757.989990234375,27.350000381469727,28.21999931335449,0.2233281129430647,0.0501718908716325,0.0318098325320027,-0.0084632938304539,7.16273424606005e-05,0.0002968343336771,0,stressed
2022-09-23,3693.22998046875,29.920000076293945,30.31999969482422,0.2265356269946432,0.0726643737682962,0.0133689711734726,-0.0173828287673307,0.0003021627359543,0.0003552406367323,1,crisis
2022-09-26,3655.0400390625,32.2599983215332,31.770000457763672,0.2176991679722383,0.1049008152430936,-0.0151890232257843,-0.0103943608902805,0.0001080427383173,0.0004129791633751,1,crisis
2022-09-27,3647.2900390625,32.599998474121094,32.119998931884766,0.2161677362386928,0.1098322485025181,-0.0147239130277066,-0.0021226109548247,4.5054772655419456e-06,0.000421730119251,1,crisis
2022-09-28,3719.0400390625,30.18000030517578,30.57999992370605,0.2271089740500483,0.0746910290017095,0.013253797696671,0.0194811441811523,0.0003795149786068,0.0003614414358811,1,crisis
2022-09-29,3640.469970703125,31.84000015258789,31.739999771118164,0.232012728509619,0.0863872730162598,-0.0031407154833697,-0.0213527948230975,0.0004559418467572,0.0004022958768717,1,crisis
2022-09-30,3585.6201171875,31.6200008392334,31.86000061035156,0.2325467744506088,0.0836532339417251,0.0075901253873584,-0.0151813515462093,0.0002304734347695,0.0003967557353464,1,crisis
2022-10-03,3678.429931640625,30.100000381469727,30.690000534057617,0.2486547448914374,0.0523452589232598,0.0196013337246038,0.0255545775309301,0.0006530364327843,0.0003595277868906,1,crisis
2022-10-04,3790.929931640625,29.06999969482422,29.670000076293945,0.2627764153564904,0.0279235815917517,0.0206398482204509,0.0301253414167998,0.0009075361954787,0.0003353432072448,1,crisis
2022-10-05,3783.280029296875,28.549999237060547,29.43000030517578,0.2627821442753731,0.0227178480952323,0.0308231555737805,-0.0020199875589381,4.080349738264775e-06,0.0003234533557286,1,crisis
2022-10-06,3744.52001953125,30.520000457763672,30.790000915527344,0.2630267480213393,0.0421732565562974,0.0088466727953468,-0.0102979229113952,0.000106047216289,0.0003696311221991,1,crisis
2022-10-07,3639.659912109375,31.36000061035156,32.099998474121094,0.2673961212012004,0.0462038849023151,0.0235968701966565,-0.028403196531478,0.0008067415732057,0.0003902577929687,1,crisis
2022-10-10,3612.389892578125,32.45000076293945,32.72999954223633,0.2525786436852571,0.0719213639441374,0.0086286216552776,-0.0075206731336527,5.656052438324661e-05,0.0004178581545693,1,crisis
2022-10-11,3588.840087890625,33.630001068115234,33.36000061035156,0.2525646643418047,0.0837353463393476,-0.008028559297896,-0.0065405184123237,4.27783811019464e-05,0.0004488003856513,1,crisis
2022-10-12,3577.030029296875,33.56999969482422,33.130001068115234,0.2516370861267757,0.0840629108214665,-0.0131068999317513,-0.0032961996501662,1.0864932133756397e-05,0.0004472003490121,1,crisis
2022-10-13,3669.909912109375,31.940000534057617,31.799999237060547,0.2650886491336591,0.054311356206917,-0.0043832590687588,0.0256342593076311,0.0006571152502508,0.0004048268389347,1,crisis
2022-10-14,3583.070068359375,32.02000045776367,32.45000076293945,0.2716609716784999,0.0485390328991368,0.0134291161470462,-0.0239471207445284,0.000573464591953,0.0004068573132203,1,crisis
2022-10-17,3677.949951171875,31.3700008392334,31.739999771118164,0.28373331878468,0.0299666896076539,0.0117946739555716,0.0261355245575618,0.0006830656438989,0.0003905067272434,1,crisis
2022-10-18,3719.97998046875,30.5,30.979999542236328,0.2863419700292733,0.0186580299707266,0.0157376899093878,0.0113627682070874,0.0001291125013279,0.0003691468253968,1,crisis
2022-10-19,3695.159912109375,30.76000022888184,31.350000381469727,0.2803935167000822,0.0272064855887361,0.0191807590441404,-0.0066944552396843,4.481573095613758e-05,0.0003754673071749,1,crisis
2022-10-20,3665.780029296875,29.979999542236328,30.809999465942383,0.2794797368060236,0.0203202586163396,0.0276851212935055,-0.0079826867387666,6.372328756928167e-05,0.0003566668145049,1,crisis
2022-10-21,3752.75,29.690000534057617,30.46999931335449,0.2851263566203859,0.0117736487201902,0.0262714302885285,0.0234477598604472,0.0005497974424732,0.0003498000522668,1,crisis
2022-10-24,3797.340087890625,29.850000381469727,30.32999992370605,0.2856668323405992,0.012833171474098,0.0160803864690835,0.0118119402051114,0.0001395219314091,0.00035358036618,1,crisis
2022-10-25,3859.110107421875,28.459999084472656,29.290000915527344,0.2619289492974666,0.0226710415472599,0.0291638038564633,0.0161357700158749,0.0002603630740052,0.000321417280908,1,crisis
2022-10-26,3830.60009765625,27.280000686645508,28.459999084472656,0.2623610634076028,0.0104389434588522,0.0432550721453903,-0.0074151403989898,5.4984307136731874e-05,0.0002953168402632,1,crisis
2022-10-27,3807.300048828125,27.38999938964844,28.280000686645508,0.2609860764770174,0.0129139174194669,0.0324936588838854,-0.0061011850531844,3.722445905320138e-05,0.0002977032010178,1,crisis
2022-10-28,3901.06005859375,25.75,26.89999961853028,0.2701166351576293,-0.0126166351576292,0.0446601793603991,0.0243280367708563,0.0005918533731241,0.0002631200396825,1,crisis
2022-10-31,3871.97998046875,25.8799991607666,26.920000076293945,0.2702655829515369,-0.0114655913438709,0.0401855080854854,-0.0074823270303364,5.5985217788902906e-05,0.0002657834748259,1,crisis
2022-11-01,3856.10009765625,25.809999465942383,26.690000534057617,0.2684930231965119,-0.0103930285370881,0.0340953539838867,-0.004109663720359,1.6889335894435022e-05,0.0002643476477904,1,crisis
2022-11-02,3759.68994140625,25.86000061035156,27.21999931335449,0.2739538070225255,-0.0153538009190098,0.0525908225407594,-0.0253198437374828,0.0006410944868905,0.0002653728696695,1,crisis
2022-11-03,3719.889892578125,25.299999237060547,26.700000762939453,0.2745923949223679,-0.0215924025517624,0.0553360303595631,-0.0106424225319565,0.0001132611573486,0.0002540039529346,1,crisis
2022-11-04,3770.550048828125,24.549999237060547,26.38999938964844,0.272527085133963,-0.0270270927633576,0.074949092047638,0.0135268232855639,0.0001829749481988,0.0002391676438649,1,crisis
2022-11-07,3806.800048828125,24.350000381469727,26.26000022888184,0.2716111937344191,-0.0281111899197218,0.0784394175560513,0.0095680616793591,9.154780430002084e-05,0.0002352867137212,1,crisis
2022-11-08,3828.110107421875,25.540000915527344,27.100000381469727,0.2716716682672724,-0.016271659111999,0.0610806346915188,0.0055822828287603,3.1161881580272326e-05,0.0002588458915734,1,crisis
2022-11-09,3748.570068359375,26.09000015258789,27.90999984741211,0.2738588179266124,-0.0129588164007334,0.0697585160666889,-0.0209967847123034,0.0004408649682548,0.0002701143285563,1,crisis
2022-11-10,3956.3701171875,23.530000686645508,26.18000030517578,0.3071539310515106,-0.0718539241850555,0.112622164946824,0.0539525156647976,0.0029108739465602,0.000219706719172,1,crisis
2022-11-11,3992.929931640625,22.520000457763672,25.739999771118164,0.302867292798707,-0.0776672882210702,0.1429839808126829,0.009198312304769,8.46089492560653e-05,0.0002012501669117,1,crisis
2022-11-14,3957.25,23.729999542236328,26.1299991607666,0.2975919391995821,-0.0602919437772188,0.101137786128423,-0.008975940544918,8.056750866590305e-05,0.0002234574913787,1,crisis
2022-11-15,3991.72998046875,24.540000915527344,26.59000015258789,0.28653693613927,-0.0411369269839965,0.0835370481083983,0.0086753764146691,7.526215593619839e-05,0.0002389728749738,1,crisis
2022-11-16,3958.7900390625,24.11000061035156,26.030000686645508,0.2878204331802156,-0.0467204270767,0.0796350073699128,-0.0082862831118737,6.866248781012426e-05,0.0002306714799329,1,crisis
2022-11-17,3946.56005859375,23.93000030517578,25.82999992370605,0.286003500232353,-0.0467034971805951,0.0793982279272818,-0.0030941046442292,9.57348354944122e-06,0.0002272400454784,1,crisis
2022-11-18,3965.340087890625,23.1200008392334,25.32999992370605,0.2713963996654515,-0.0401963912731175,0.095588192225426,0.0047472956481582,2.253681597102188e-05,0.000212116840796,1,crisis
2022-11-21,3949.93994140625,22.36000061035156,24.71999931335449,0.2703924619709509,-0.0467924558674353,0.1055455562872555,-0.0038912498002756,1.5141825008145038e-05,0.0001984006457519,1,crisis
2022-11-22,4003.580078125,21.290000915527344,23.82999992370605,0.2704970602068759,-0.0575970510516025,0.1193047862354116,0.0134886062698283,0.0001819424991024,0.0001798667218187,1,crisis
2022-11-23,4027.260009765625,20.350000381469727,23.3799991607666,0.2697582906450425,-0.0662582868303452,0.1488942861178482,0.0058972660417383,3.477774676703985e-05,0.0001643343315578,1,crisis
2022-11-25,4026.1201171875,20.5,23.59000015258789,0.2620029493618647,-0.0570029493618647,0.1507317147603849,-0.0002830842622024,8.013669950672173e-08,0.0001667658730158,0,stressed
2022-11-28,3963.93994140625,22.209999084472656,24.89999961853028,0.2555333526916665,-0.0334333618469399,0.1211166431761917,-0.0155646967940648,0.0002422597862911,0.0001957476425921,0,stressed
2022-11-29,3957.6298828125,21.88999938964844,24.64999961853028,0.2465435962860622,-0.0276436023895778,0.1260849842776611,-0.0015931337016243,2.5380749912513684e-06,0.0001901476481265,0,stressed
2022-11-30,4080.110107421875,20.57999992370605,23.530000686645508,0.2584890307692364,-0.0526890315321759,0.1433430891096048,0.0304786435212949,0.0009289477108981,0.0001680699987538,0,stressed
2022-12-01,4076.570068359375,19.84000015258789,23.309999465942383,0.257122463207562,-0.058722461681683,0.1748991575941027,-0.0008680098296065,7.534410642936596e-07,0.0001562006373232,0,stressed
2022-12-02,4071.699951171875,19.059999465942383,22.959999084472656,0.2552862236131055,-0.0646862289536816,0.20461698466986,-0.0011953746637614,1.428920586762826e-06,0.0001441601506514,0,stressed
2022-12-05,3998.840087890625,20.75,23.88999938964844,0.2554460397671026,-0.0479460397671026,0.1513252717902863,-0.0180562496309722,0.0003260281507359,0.0001708581349206,0,stressed
2022-12-06,3941.260009765625,22.170000076293945,24.71999931335449,0.2581394169817338,-0.0364394162187944,0.1150202628906266,-0.014503869422986,0.000210362228239,0.0001950432156281,0,stressed
2022-12-07,3933.919921875,22.68000030517578,25.18000030517578,0.2543575074350966,-0.0275575043833388,0.110229275412729,-0.0018641072533816,3.4748958521101314e-06,0.0002041200054931,0,stressed
2022-12-08,3963.510009765625,22.290000915527344,24.729999542236328,0.2539246029913962,-0.0310245938361227,0.1094660622023244,0.0074936344139332,5.615455672968453e-05,0.0001971603733389,0,stressed
2022-12-09,3934.3798828125,22.82999992370605,25.209999084472656,0.2542672315430865,-0.025967232306026,0.1042487590328582,-0.0073767194642132,5.441599005370207e-05,0.000206828927189,0,stressed
2022-12-12,3990.56005859375,25.0,25.670000076293945,0.2478283063666805,0.0021716936333194,0.0268000030517578,0.01417830729965,0.0002010243978833,0.0002480158730158,0,stressed
2022-12-13,4019.64990234375,22.549999237060547,24.290000915527344,0.2472530054086966,-0.0217530130380912,0.0771619395714716,0.0072632232554572,5.275441205861446e-05,0.000201786692695,0,stressed
2022-12-14,3995.320068359375,21.13999938964844,23.459999084472656,0.2476872807652636,-0.0362872868687792,0.1097445488082768,-0.0060711166238359,3.685845706021738e-05,0.0001773411008707,0,stressed
2022-12-15,3895.75,22.82999992370605,25.07999992370605,0.2476108021101748,-0.0193108028731143,0.0985545338378937,-0.025237477901826,0.0006369302908451,0.000206828927189,0,stressed
2022-12-16,3852.360107421875,22.6200008392334,25.14999961853028,0.247847500921274,-0.0216474925289401,0.1118478640773835,-0.0112002399460116,0.0001254453748482,0.0002030414436376,0,stressed
2022-12-19,3817.659912109375,22.420000076293945,25.07999992370605,0.2466978756945728,-0.0224978749316333,0.1186440605869885,-0.0090483289411038,8.187225662641663e-05,0.0001994668267543,0,stressed
2022-12-20,3821.6201171875,21.479999542236328,24.39999961853028,0.2451814611415674,-0.0303814657192041,0.1359404161323339,0.0010368006978907,1.074955687146786e-06,0.0001830914207676,0,stressed
2022-12-21,3878.43994140625,20.06999969482422,23.350000381469727,0.2483764341286775,-0.0476764371804352,0.1634280386905723,0.0147585486690542,0.0002178147588168,0.0001598432094247,0,stressed
2022-12-22,3822.389892578125,21.96999931335449,24.780000686645508,0.2442142041155869,-0.024514210982042,0.1279017506196714,-0.0145571424981456,0.0002119103977113,0.0001915400277098,0,stressed
2022-12-23,3844.820068359375,20.8700008392334,24.1299991607666,0.1857869569424353,0.0229130514498986,0.1562049923546122,0.005850952271915,3.4233642488228136e-05,0.0001728400535831,0,stressed
2022-12-27,3829.25,21.64999961853028,24.43000030517578,0.1834506002676573,0.0330493959176454,0.1284065004909328,-0.0040578440346594,1.6466098209621504e-05,0.0001860009855088,0,stressed
2022-12-28,3783.219970703125,22.13999938964844,24.57999992370605,0.184787689425853,0.0366123044706313,0.1102077959043861,-0.0120934704429486,0.0001462520273544,0.0001945157035609,0,stressed
2022-12-29,3849.280029296875,21.440000534057617,23.950000762939453,0.190525052680058,0.0238749526605181,0.1170709032816804,0.0173106343149943,0.0002996580603874,0.0001824101678176,0,stressed
2022-12-30,3839.5,21.670000076293945,24.290000915527344,0.1893956499363299,0.0273043508266095,0.1209045145366458,-0.0025439756461108,6.471812088005032e-06,0.0001863448028994,0,stressed
2023-01-03,3824.139892578125,22.89999961853028,24.57999992370605,0.1895011927886499,0.0394988033966528,0.0733624599633769,-0.0040085724812736,1.606865333762405e-05,0.0002080991994161,0,stressed
2023-01-04,3852.969970703125,22.01000022888184,23.809999465942383,0.1904029557239709,0.0296970465648474,0.0817809731186898,0.0075106945621389,5.6410532805743085e-05,0.0001922381389188,0,stressed
2023-01-05,3808.10009765625,22.459999084472656,24.06999969482422,0.1927850018777877,0.0318149889669387,0.071683022082784,-0.0117138691364571,0.000137214730146,0.0002001791900295,0,stressed
2023-01-06,3895.080078125,21.1299991607666,23.18000030517578,0.2004638259454339,0.0108361656622321,0.0970185151836421,0.0225838355890308,0.0005100296299123,0.000177173358942,0,stressed
2023-01-09,3892.090087890625,21.96999931335449,23.739999771118164,0.1994234427293103,0.0202765504042345,0.0805644293619881,-0.0007679273259905,5.897123780030398e-07,0.0001915400277098,0,stressed
2023-01-10,3919.25,20.57999992370605,22.739999771118164,0.200791408455685,0.0050085907813754,0.1049562611962896,0.0069539979705937,4.835808777502176e-05,0.0001680699987538,0,stressed
2023-01-11,3969.610107421875,21.09000015258789,22.739999771118164,0.1995935720485068,0.011306429477372,0.0782361122139587,0.0127675711922936,0.0001630108741502,0.0001765032168397,0,stressed
2023-01-12,3983.169921875,18.82999992370605,21.57999992370605,0.1997628455788846,-0.0114628463418241,0.1460435481222644,0.0034100849120427,1.1628679107341475e-05,0.0001407019433042,0,stressed
2023-01-13,3999.090087890625,18.350000381469727,21.13999938964844,0.1785124178917712,0.004987585922926,0.1520435395192756,0.003988892144656,1.591126054169875e-05,0.000133620045238,0,stressed
2023-01-17,3990.969970703125,19.36000061035156,21.450000762939453,0.1785556260393296,0.0150443800641859,0.1079545499327307,-0.0020325554309963,4.131281580072611e-06,0.000148733977632,0,stressed
2023-01-18,3928.860107421875,20.34000015258789,22.270000457763672,0.1837622413968724,0.0196377601290064,0.0948869366124475,-0.0156849669777446,0.0002460181890929,0.000164172859606,0,stressed
2023-01-19,3898.85009765625,20.520000457763672,22.450000762939453,0.1778483602900107,0.0273516442876259,0.0940545936706142,-0.0076676719018124,5.8793192393843815e-05,0.0001670914360264,0,stressed
2023-01-20,3972.610107421875,19.850000381469727,21.71999931335449,0.1817191899535672,0.01678081386113,0.0942064934986315,0.0187416735523519,0.0003512503275429,0.0001563581409302,0,stressed
2023-01-23,4019.81005859375,19.809999465942383,21.600000381469727,0.1846266496330256,0.0134733450263982,0.0903584534974237,0.0118113159513285,0.0001395071845021,0.0001557286027145,0,stressed
2023-01-24,4016.949951171875,19.200000762939453,20.90999984741211,0.1835391045808125,0.0084609030485819,0.0890624487772604,-0.0007117563642918,5.06597122109909e-07,0.0001462857259114,0,stressed
2023-01-25,4016.219970703125,19.07999992370605,20.940000534057617,0.1820527826883866,0.0087472165486738,0.0974843091084396,-0.0001817415734656,3.3029999525775064e-08,0.0001444628559875,0,stressed
2023-01-26,4060.429931640625,18.729999542236328,20.700000762939453,0.1802036786174315,0.0070963168049316,0.1051789251922165,0.0109477080291143,0.0001198523110907,0.0001392114614492,0,stressed
2023-01-27,4070.56005859375,18.51000022888184,20.46999931335449,0.1791934257647258,0.0059065765240925,0.1058886580354758,0.0024917340217038,6.2087384349164674e-06,0.0001359603605052,0,stressed
2023-01-30,4017.77001953125,19.940000534057617,21.3700008392334,0.1825033253052397,0.0168966800353364,0.0717151588202484,-0.0130535693152926,0.0001703956718691,0.0001577792148008,0,stressed
2023-01-31,4076.60009765625,19.39999961853028,20.809999465942383,0.1703572416224086,0.0236427545628941,0.0726804059349216,0.0145363044164195,0.0002113041460868,0.0001493492004757,0,stressed
2023-02-01,4119.2099609375,17.8700008392334,19.96999931335449,0.1678336991882273,0.0108663092041066,0.1175152980133367,0.0103980562968847,0.0001081195747531,0.0001267210039659,0,stressed
2023-02-02,4179.759765625,18.729999542236328,20.84000015258789,0.1680117005290503,0.0192882948933129,0.1126535324036442,0.0145923846268543,0.000212937689098,0.0001392114614492,0,stressed
2023-02-03,4136.47998046875,18.32999992370605,20.780000686645508,0.1724032995203638,0.0108966997166967,0.1336607077543349,-0.0104085926372854,0.0001083388006889,0.0001333289274615,0,stressed
2023-02-06,4111.080078125,19.43000030517578,21.43000030517578,0.1702717813474348,0.024028221704323,0.1029336062062355,-0.0061593931939392,3.79381245175453e-05,0.0001498114729599,0,stressed
2023-02-07,4164.0,18.65999984741211,20.780000686645508,0.1656294399882814,0.0209705584858397,0.1136120501912766,0.012790364037397,0.0001635934122091,0.0001381728548831,0,stressed
2023-02-08,4117.85986328125,19.6299991607666,21.81999969482422,0.1702162197191087,0.0260837718885572,0.1115639647318299,-0.0111425730124113,0.0001241569333369,0.0001529114551792,0,stressed
2023-02-09,4081.5,20.709999084472656,22.5,0.1723325634419812,0.0347674274027453,0.0864317235469797,-0.0088690098310373,7.86593353830378e-05,0.0001702000246344,0,stressed
2023-02-10,4090.4599609375,20.530000686645508,22.549999237060547,0.1669799788499369,0.0383200280165181,0.0983925223017172,0.0021928557092171,4.808616161446151e-06,0.0001672543365847,0,stressed
2023-02-13,4137.2900390625,20.34000015258789,21.96999931335449,0.1632861602617279,0.0401138412641509,0.0801376179222501,0.0113835699511551,0.0001295856648328,0.000164172859606,0,stressed
2023-02-14,4136.1298828125,18.90999984741211,21.13999938964844,0.1628211177629382,0.0262788807111828,0.1179269994833719,-0.0002804538554937,7.865436506131617e-08,0.0001419000373925,0,stressed
2023-02-15,4147.60009765625,18.229999542236328,20.68000030517578,0.1616546217057237,0.0206453737166395,0.1343939015063137,0.0027693375330766,7.66923037210728e-06,0.0001318781282975,0,stressed
2023-02-16,4090.409912109375,20.170000076293945,21.8799991607666,0.1679019357219867,0.0337980650409527,0.0847793295986369,-0.0138846892048816,0.0001927845943161,0.0001614400409038,0,stressed
2023-02-17,4079.090087890625,20.020000457763672,21.770000457763672,0.1635007036447872,0.0366993009328495,0.0874125854138708,-0.0027712421722827,7.679783177438328e-06,0.0001590477850511,0,stressed
2023-02-21,3997.340087890625,22.8700008392334,23.3799991607666,0.1644270455862449,0.064272962806089,0.0222998820646435,-0.0202447839734716,0.0004098512781325,0.0002075543406295,0,stressed
2023-02-22,3991.050048828125,22.290000915527344,22.68000030517578,0.1645132330908703,0.058386776064403,0.0174966071614991,-0.0015747954856433,2.479980821602781e-06,0.0001971603733389,0,stressed
2023-02-23,4012.320068359375,21.13999938964844,21.739999771118164,0.1640516638257113,0.0473483300707731,0.0283822326770512,0.0053152782632377,2.825218301564748e-05,0.0001773411008707,0,stressed
2023-02-24,3970.0400390625,21.670000076293945,22.43000030517578,0.1631905257023202,0.0535094750606192,0.0350715378959893,-0.0105934646197741,0.0001122214926504,0.0001863448028994,0,stressed
2023-02-27,3982.239990234375,20.950000762939453,21.59000015258789,0.1631315240192363,0.0463684836101581,0.0305488957680897,0.0030682925395522,9.414419108272166e-06,0.0001741676714155,0,stressed
2023-02-28,3970.14990234375,20.700000762939453,21.31999969482422,0.1629070469730937,0.0440929606563008,0.0299516381175593,-0.0030406198309477,9.24536895635249e-06,0.0001700357268197,0,stressed
2023-03-01,3951.389892578125,20.57999992370605,21.36000061035156,0.1633531652071355,0.0424468340299249,0.0379009081407734,-0.0047364642034928,2.243409315096899e-05,0.0001680699987538,0,stressed
2023-03-02,3981.35009765625,19.59000015258789,20.6299991607666,0.1581771233658828,0.037722878159996,0.0530882593199635,0.0075535937311959,5.705677825596311e-05,0.0001522889309438,0,stressed
2023-03-03,4045.639892578125,18.489999771118164,19.979999542236328,0.1624630953609386,0.0224369023502429,0.0805840881320929,0.016018749176483,0.000256600325179,0.0001356667029904,0,stressed
2023-03-06,4048.419921875,18.61000061035156,19.989999771118164,0.1537473546780422,0.0323526514254733,0.0741536332889209,0.0006869307788483,4.718738949291336e-07,0.0001374333820306,0,stressed
2023-03-07,3986.3701171875,19.59000015258789,20.59000015258789,0.1567875303023332,0.0391124712235456,0.0510464518739627,-0.0154455904792625,0.000238566265253,0.0001522889309438,0,stressed
2023-03-08,3992.010009765625,19.11000061035156,20.190000534057617,0.1568574960438251,0.0342425100596904,0.0565149078603922,0.0014137941356032,1.998813857866204e-06,0.0001449175092569,0,stressed
2023-03-09,3918.320068359375,22.61000061035156,22.8700008392334,0.1656967087831643,0.0604032973203512,0.0114993463893496,-0.0186318579454823,0.0003471461305006,0.0002028619553968,0,stressed
2023-03-10,3861.590087890625,24.799999237060547,25.38999938964844,0.1664581642102477,0.0815418281603577,0.023790329465261,-0.0145839694360666,0.0002126921645121,0.0002440634770469,0,stressed
2023-03-13,3855.760009765625,26.520000457763672,26.63999938964844,0.1659913854656802,0.0992086191119564,0.004524846523886,-0.0015109018407387,2.282824372347797e-06,0.0002790914382062,0,stressed
2023-03-14,3919.2900390625,23.729999542236328,24.8700008392334,0.170487963136177,0.0668120322861862,0.0480405107032562,0.0163423882353636,0.0002670736532353,0.0002234574913787,0,stressed
2023-03-15,3891.929931640625,26.13999938964844,27.200000762939453,0.1649615890468064,0.0964384048496779,0.0405509333604184,-0.0070053639293535,4.907512378268847e-05,0.0002711506222582,0,stressed
2023-03-16,3960.280029296875,22.989999771118164,24.559999465942383,0.1705304682103521,0.0593695295008294,0.068290548519125,0.0174095762490317,0.0003030933451708,0.0002097381307444,0,stressed
2023-03-17,3916.639892578125,25.51000022888184,27.420000076293945,0.1658948512412458,0.0892051510475726,0.0748725923275236,-0.0110806212739537,0.0001227801678167,0.0002582381395545,0,stressed
2023-03-20,3951.570068359375,24.14999961853028,25.850000381469727,0.1669834027256297,0.074516593459673,0.07039340744482,0.0088788696359408,7.883432601203246e-05,0.0002314374926884,0,stressed
2023-03-21,4002.8701171875,21.3799991607666,23.56999969482422,0.1714620417267001,0.0423379498809658,0.1024322086072099,0.0128986475185591,0.000166375107808,0.0001813906206803,0,stressed
2023-03-22,3936.969970703125,22.26000022888184,24.3799991607666,0.1722436828129896,0.0503563194758288,0.0952380462752247,-0.0166002486398428,0.0002755682549046,0.0001966300040435,0,stressed
2023-03-23,3948.719970703125,22.61000061035156,24.530000686645508,0.1704907448367034,0.0556092612668121,0.0849181788794341,0.0029800838691824,8.88089986736128e-06,0.0002028619553968,0,stressed
2023-03-24,3970.989990234375,21.739999771118164,23.959999084472656,0.1701461675399783,0.0472538301712033,0.1021158848540461,0.0056239630843032,3.162896077360524e-05,0.0001875506309715,0,stressed
2023-03-27,3977.530029296875,20.600000381469727,22.8700008392334,0.1700666801598328,0.0359333236548644,0.1101941949382486,0.001645599563767,2.7079979242704143e-06,0.0001683968316335,0,stressed
2023-03-28,3971.27001953125,19.96999931335449,22.3799991607666,0.1660101411555827,0.0336898519779621,0.1206810180409209,-0.0015750832883878,2.4808873653587986e-06,0.000158254314514,0,stressed
2023-03-29,4027.81005859375,19.1200008392334,21.489999771118164,0.1719801561636255,0.0192198522287084,0.1239539135909258,0.0141368707750468,0.0001998511153103,0.0001450692190842,0,stressed
2023-03-30,4050.830078125,19.020000457763672,21.450000762939453,0.1727290137808533,0.0174709907967833,0.1277602653360553,0.0056989991994826,3.2478591875703915e-05,0.0001435557211957,0,stressed
2023-03-31,4109.31005859375,18.700000762939453,21.229999542236328,0.1734952490296753,0.0135047585997191,0.1352940468489684,0.0143333277820365,0.0002054442853073,0.0001387658843388,0,stressed
2023-04-03,4124.509765625,18.549999237060547,20.82999992370605,0.1735596582166819,0.0119403341539235,0.1229110932840553,0.0036920225658028,1.363103062639726e-05,0.0001365485998789,0,stressed
2023-04-04,4100.60009765625,19.0,21.34000015258789,0.1634084208183036,0.0265915791816964,0.1231579027677837,-0.0058138397451625,3.38007325824315e-05,0.0001432539682539,0,stressed
2023-04-05,4090.3798828125,19.07999992370605,21.479999542236328,0.1635488718196952,0.0272511274173652,0.1257861440318133,-0.0024954816571214,6.227428701029484e-06,0.0001444628559875,0,stressed
2023-04-06,4105.02001953125,18.39999961853028,21.0,0.1632102600717252,0.0207897361135775,0.1413043714876664,0.0035727731328032,1.2764707858480724e-05,0.0001343492007785,0,stressed
2023-04-10,4109.10986328125,18.96999931335449,21.06999969482422,0.1596207584305777,0.0300792347029671,0.1107011311271568,0.00099580701701,9.916316151265223e-07,0.0001428019341066,0,stressed
2023-04-11,4108.93994140625,19.100000381469727,21.01000022888184,0.1595500446861071,0.0314499591285901,0.0999999900138818,-4.135333298352082e-05,1.7100981488459506e-09,0.0001447658787984,0,stressed
2023-04-12,4091.949951171875,19.09000015258789,21.049999237060547,0.1598271617998812,0.0310728397259976,0.1026715070092314,-0.0041434563234613,1.716823030443214e-05,0.0001446143277086,0,stressed
2023-04-13,4146.22021484375,17.799999237060547,20.26000022888184,0.162639969673733,0.0153600226968724,0.1382023088349037,0.0131755104978315,0.0001735940768784,0.0001257301479521,0,stressed
2023-04-14,4137.64013671875,17.06999969482422,20.030000686645508,0.1619715356450709,0.0087284613031712,0.1734036933063794,-0.0020715175845779,4.291185103215824e-06,0.000115628924437,0,stressed
2023-04-17,4151.31982421875,16.950000762939453,19.64999961853028,0.1560016658310933,0.0134983417983011,0.1592919607115458,0.0033007035826147,1.089464414028587e-05,0.0001140089388347,0,stressed
2023-04-18,4154.8701171875,16.829999923706055,19.81999969482422,0.1560008103463573,0.0122991888907032,0.1776589295705564,0.0008548548034659,7.307767350088513e-07,0.0001124003561237,0,stressed
2023-04-19,4154.52001953125,16.459999084472656,20.020000457763672,0.1482023530322527,0.0163976378124738,0.216281990966166,-8.426554793962826e-05,7.1006825695657885e-09,0.0001075125277225,0,stressed
2023-04-20,4129.7900390625,17.170000076293945,20.549999237060547,0.1497239247093316,0.0219760760536077,0.196854929863003,-0.0059703351883111,3.56449022607861e-05,0.0001169876597698,0,stressed
2023-04-21,4133.52001953125,16.770000457763672,20.38999938964844,0.1375253812775193,0.0301746233001174,0.215861588137816,0.0009027812573008,8.150139985337687e-07,0.0001116003632354,2,calm
2023-04-24,4137.0400390625,16.889999389648438,20.39999961853028,0.1285465400177564,0.0403534538787279,0.2078152963719497,0.0008512167782723,7.245700036122954e-07,0.000113203206104,2,calm
2023-04-25,4071.6298828125,18.76000022888184,21.64999961853028,0.1386616124944013,0.048938389794417,0.1540511382936529,-0.0159371838185764,0.000253993828067,0.0001396577811855,2,calm
2023-04-26,4055.989990234375,18.84000015258789,21.540000915527344,0.1324917936000029,0.055908207925876,0.1433121412458469,-0.0038485835033448,1.4811594982218314e-05,0.0001408514308529,2,calm
2023-04-27,4135.35009765625,17.030000686645508,20.3700008392334,0.1402311720797365,0.0300688347867185,0.1961244872530765,0.0193771934026963,0.0003754756241654,0.0001150876680107,2,calm
2023-04-28,4169.47998046875,15.779999732971191,19.540000915527344,0.1338528353787158,0.023947161950996,0.2382763780850956,0.0082193313132434,6.755740723686458e-05,9.881285379863924e-05,2,calm
2023-05-01,4167.8701171875,16.079999923706055,19.670000076293945,0.1284480983039897,0.0323519009330708,0.2232587170162424,-0.0003861810485107,1.491358022288909e-07,0.000102605713312,2,calm
2023-05-02,4119.580078125,17.780000686645508,20.75,0.1327081065948063,0.0450919002716487,0.1670415747275672,-0.0116539066805717,0.0001358135409194,0.0001254477874671,2,calm
2023-05-03,4090.75,18.34000015258789,21.290000915527344,0.1302300502604189,0.0531699512654599,0.1608506400433802,-0.0070229080548929,4.932123754748057e-05,0.0001334744466654,2,calm
2023-05-04,4061.219970703125,20.09000015258789,22.770000457763672,0.1219767772803107,0.0789232242455681,0.1333997155211846,-0.0072449134550627,5.248877097134916e-05,0.0001601619468773,2,calm
2023-05-05,4136.25,17.190000534057617,20.780000686645508,0.1317926051676647,0.0401074001729114,0.2088423525918581,0.0183061663818797,0.000335115727601,0.0001172603644289,2,calm
2023-05-08,4138.1201171875,16.979999542236328,20.709999084472656,0.131253531712605,0.0385464637097582,0.2196701791986664,0.000452026484882,2.043279430348363e-07,0.0001144128509739,2,calm
2023-05-09,4119.169921875,17.709999084472656,21.170000076293945,0.1323808412276024,0.0447191496171241,0.1953699136469671,-0.0045899389490595,2.10675395560943e-05,0.0001244619315761,2,calm
2023-05-10,4137.64013671875,16.940000534057617,20.690000534057617,0.1324531898635722,0.0369468154770039,0.221369532572368,0.0044739422419144,2.001615918398633e-05,0.0001138744516245,2,calm
2023-05-11,4130.6201171875,16.93000030517578,20.6200008392334,0.1270279788466894,0.0422720242050683,0.2179563182246088,-0.0016980648897067,2.8834243696548246e-06,0.000113740043783,2,calm
2023-05-12,4124.080078125,17.030000686645508,20.65999984741211,0.1263593350078318,0.0439406718586232,0.2131532010807935,-0.001584561589439,2.510835430725601e-06,0.0001150876680107,2,calm
2023-05-15,4136.27978515625,17.1200008392334,20.309999465942383,0.1197409324865438,0.0514590759057901,0.1863316863512389,0.0029537976803169,8.724920736245706e-06,0.0001163073129902,2,calm
2023-05-16,4109.89990234375,17.989999771118164,20.89999961853028,0.1207638510298613,0.0591361466813203,0.1617565249825037,-0.0063981076819174,4.093578190941125e-05,0.0001284286078431,2,calm
2023-05-17,4158.77001953125,16.8700008392334,20.049999237060547,0.1243002816122491,0.0443997267800848,0.1885001920350617,0.0118206886220715,0.0001397286794999,0.0001129352890141,2,calm
2023-05-18,4198.0498046875,16.049999237060547,19.32999992370605,0.1265950817280815,0.0339049106425239,0.2043614232125169,0.0094007230637271,8.837359412089167e-05,0.0001022232045673,2,calm
2023-05-19,4191.97998046875,16.809999465942383,20.040000915527344,0.1264983906112471,0.0416016040481767,0.1921476235694743,-0.0014469138806754,2.093559778091265e-06,0.0001121333658908,2,calm
2023-05-22,4192.6298828125,17.209999084472656,20.36000061035156,0.1265047046324054,0.0455952862123211,0.1830332186781417,0.0001550226798023,2.4032031253114792e-08,0.0001175333605109,2,calm
2023-05-23,4145.580078125,18.530000686645508,21.059999465942383,0.1311663229720404,0.0541336838944146,0.1365352771476276,-0.0112854687682842,0.0001273618053199,0.0001362543354948,2,calm
2023-05-24,4115.240234375,20.030000686645508,22.020000457763672,0.1324302842034979,0.0678697226629571,0.0993509587069033,-0.0073455126783052,5.395655650714259e-05,0.0001592067172646,2,calm
2023-05-25,4151.27978515625,19.13999938964844,21.3799991607666,0.1292241163245631,0.0621758775719212,0.1170323846681849,0.0087194560790118,7.602891431381727e-05,0.0001453728478713,2,calm
2023-05-26,4205.4501953125,17.950000762939453,20.440000534057617,0.1343356092037974,0.045164398425597,0.1387186443055285,0.0129646809316407,0.0001680829516592,0.0001278581457894,2,calm
2023-05-30,4205.52001953125,17.459999084472656,20.1299991607666,0.1340865031763612,0.0405134876683653,0.152920974587473,1.660313066576836e-05,2.7566394790457767e-10,0.0001209728444562,2,calm
2023-05-31,4179.830078125,17.940000534057617,20.209999084472656,0.1354157913955972,0.0439842139449789,0.1265328028338479,-0.006127358186214,3.754451834216494e-05,0.0001277157218896,2,calm
2023-06-01,4221.02001953125,15.649999618530272,18.75,0.138240140028914,0.0182598561563887,0.1980830962960021,0.0098062150858538,9.616185431002689e-05,9.719146351587209e-05,2,calm
2023-06-02,4282.3701171875,14.600000381469728,17.920000076293945,0.1424841615579898,0.0035158422567073,0.2273972334300723,0.0144298123901074,0.0002082194856136,8.458730600750643e-05,2,calm
2023-06-05,4273.7900390625,14.729999542236328,17.899999618530273,0.142787547522178,0.0045124479001852,0.2152070722883859,-0.0020055914906577,4.022397227398627e-06,8.61003517913819e-05,2,calm
2023-06-06,4283.85009765625,13.960000038146973,17.040000915527344,0.1428298758651442,-0.0032298754836744,0.2206304347395407,0.0023511302338505,5.527813376526264e-06,7.733396867661249e-05,2,calm
2023-06-07,4267.52001953125,13.9399995803833,17.139999389648438,0.1342858054431726,0.0051141903606603,0.2295552299562657,-0.0038192939264206,1.4587006096393412e-05,7.711253504011373e-05,2,calm
2023-06-08,4293.93017578125,13.649999618530272,16.860000610351562,0.1339139635200634,0.0025860326652393,0.2351649143977719,0.0061695716075232,3.806361382035702e-05,7.393749586741135e-05,2,calm
2023-06-09,4298.85986328125,13.829999923706056,16.959999084472656,0.1232372401513965,0.015062759085664,0.2263195356495596,0.0011474010230505,1.3165291076973887e-06,7.59003563054403e-05,2,calm
2023-06-12,4338.93017578125,15.010000228881836,17.280000686645508,0.1237912476703039,0.0263087546185144,0.1512325398500526,0.0092779749817541,8.60808197620561e-05,8.940480431390191e-05,2,calm
2023-06-13,4369.009765625,14.609999656677246,17.229999542236328,0.1247155178441828,0.0213844787225895,0.1793292229381851,0.0069085707259088,4.77283494748854e-05,8.470321030480526e-05,2,calm
2023-06-14,4372.58984375,13.880000114440918,16.860000610351562,0.1182962226997037,0.0205037784447054,0.2146974402983049,0.0008190899801265,6.70908395543768e-07,7.645015999082537e-05,2,calm
2023-06-15,4425.83984375,14.5,17.18000030517578,0.1186262800054363,0.0263737199945636,0.1848276072535021,0.0121045804935899,0.0001465208689257,8.343253968253968e-05,2,calm
2023-06-16,4409.58984375,13.539999961853027,16.75,0.1164787764763625,0.0189212231421677,0.2370753358338758,-0.003678376467751,1.353045343850498e-05,7.275063451070634e-05,2,calm
2023-06-20,4388.7099609375,13.880000114440918,17.299999237060547,0.1086101005884968,0.0301899005559123,0.2463976292810993,-0.004746353835236,2.2527874729259945e-05,7.645015999082537e-05,2,calm
2023-06-21,4365.68994140625,13.199999809265137,16.889999389648438,0.110549916876499,0.0214500812161523,0.2795454267956333,-0.0052590863669252,2.7657989414778507e-05,6.914285514468241e-05,2,calm
2023-06-22,4381.89013671875,12.90999984741211,16.559999465942383,0.1089967187205417,0.0201032797535793,0.2827265423447653,0.0037039303873345,1.3719100314220088e-05,6.613813335721456e-05,2,calm
2023-06-23,4348.330078125,13.4399995803833,16.8700008392334,0.1123066089011849,0.022093386902648,0.2552084349657603,-0.0076882880565021,5.910977323975373e-05,7.16799955240886e-05,2,calm
2023-06-26,4328.81982421875,14.25,17.049999237060547,0.1133212460696684,0.0291787539303315,0.1964911745305647,-0.0044969343631321,2.0222418666318943e-05,8.058035714285714e-05,2,calm
2023-06-27,4378.41015625,13.739999771118164,16.440000534057617,0.1163885897609853,0.0210114079501963,0.1965066090186496,0.0113907335241807,0.0001297488102188,7.491571178981238e-05,2,calm
2023-06-28,4376.85986328125,13.43000030517578,15.899999618530272,0.1165464947323282,0.0177535083194295,0.1839165493095767,-0.0003541393883898,1.2541470640911684e-07,7.157337626865934e-05,2,calm
2023-06-29,4396.43994140625,13.539999961853027,16.100000381469727,0.1140639753332778,0.0213360242852524,0.1890694554526681,0.00446356811449,1.9923440312691817e-05,7.275063451070634e-05,2,calm
2023-06-30,4450.3798828125,13.59000015258789,16.020000457763672,0.1143413205984936,0.0215586809273852,0.1788079674681273,0.0121943502618858,0.0001487021783095,7.328893021719798e-05,2,calm
2023-07-03,4455.58984375,13.56999969482422,16.06999969482422,0.1123450568002251,0.023354940148017,0.1842299230819829,0.0011699930926736,1.368883836904033e-06,7.307336972917834e-05,2,calm
2023-07-05,4446.81982421875,14.18000030517578,16.510000228881836,0.1124941053142958,0.0293058977374619,0.1643159290240348,-0.0019702580976127,3.88191697120848e-06,7.979063835507349e-05,2,calm
2023-07-06,4411.58984375,15.4399995803833,17.520000457763672,0.1160287694034983,0.0383712264003346,0.1347150863930745,-0.0079540611758947,6.326708918987637e-05,9.460062977866528e-05,2,calm
2023-07-07,4398.9501953125,14.829999923706056,17.239999771118164,0.1102667736335296,0.0380332256035308,0.1625084194073173,-0.0028692127957334,8.232382067200745e-06,8.727337211790541e-05,2,calm
2023-07-10,4409.52978515625,15.06999969482422,17.25,0.1066654771618141,0.044034519786428,0.1446582846265417,0.0024021386106263,5.770269904661709e-06,9.01209884134929e-05,2,calm
2023-07-11,4439.259765625,14.84000015258789,16.969999313354492,0.1057737426382441,0.0426262588876347,0.1435309392766521,0.0067195839982548,4.515280910960296e-05,8.739111290825739e-05,2,calm
2023-07-12,4472.16015625,13.539999961853027,16.110000610351562,0.1020249911471279,0.0333750084714023,0.1898080247960957,0.0073839052353896,5.452205652521511e-05,7.275063451070634e-05,2,calm
2023-07-13,4510.0400390625,13.609999656677246,16.1200008392334,0.1034741356724858,0.0326258608942866,0.1844233097628854,0.0084344829896271,7.114050330230909e-05,7.350479787887093e-05,2,calm
2023-07-14,4505.419921875,13.34000015258789,16.040000915527344,0.1008741524589922,0.0325258490668867,0.2023988554764496,-0.0010249321969074,1.0504860082576014e-06,7.061730320279563e-05,2,calm
2023-07-17,4522.7900390625,13.479999542236328,16.270000457763672,0.0985762479880608,0.0362237474343024,0.2069733687145573,0.0038479695744204,1.480686984566522e-05,7.2107296689957e-05,2,calm
2023-07-18,4554.97998046875,13.300000190734863,16.1299991607666,0.0928596903801446,0.0401403115272039,0.2127818743944974,0.0070920669414283,5.0297413501700704e-05,7.01944464577569e-05,2,calm
2023-07-19,4565.72021484375,13.760000228881836,16.559999465942383,0.0920584341172735,0.0455415681715448,0.2034883132620471,0.0023551348272336,5.5466600544488215e-06,7.513397075350324e-05,2,calm
2023-07-20,4534.8701171875,13.989999771118164,16.65999984741211,0.0956635527252147,0.0442364449859669,0.1908506161526937,-0.0067798273962576,4.596605952304634e-05,7.766670380789137e-05,2,calm
2023-07-21,4536.33984375,13.600000381469728,16.399999618530273,0.0942550638363774,0.0417449399783198,0.2058822910678443,0.000324042014613,1.0500322723451075e-07,7.33968295142765e-05,2,calm
2023-07-24,4554.64013671875,13.90999984741211,16.260000228881836,0.0936409836419134,0.0454590148322076,0.1689432356037684,0.0040260384968748,1.6208985978318317e-05,7.67809903789702e-05,2,calm
2023-07-25,4567.4599609375,13.859999656677246,16.219999313354492,0.0936389053453673,0.0449610912214051,0.1702741497212291,0.0028107195758387,7.900144534002907e-06,7.622999622344975e-05,2,calm
2023-07-26,4566.75,13.1899995803833,15.789999961853027,0.0912462488359366,0.0406537469678963,0.1971190647599831,-0.0001554509786759,2.416500677130089e-08,6.903813052798084e-05,2,calm
2023-07-27,4537.41015625,14.40999984741211,16.6299991607666,0.0928243659014936,0.0512756325726274,0.1540596347579546,-0.006445393055197,4.1543091635982695e-05,8.240003793746706e-05,2,calm
2023-07-28,4582.22998046875,13.329999923706056,15.920000076293944,0.0960685761186187,0.0372314231184417,0.1942985872026776,0.0098293758104338,9.661662882274208e-05,7.051146744682677e-05,2,calm
2023-07-31,4588.9599609375,13.630000114440918,16.010000228881836,0.0907219505846972,0.0455780505597119,0.1746148271795918,0.0014676354365687,2.1539537746724665e-06,7.372099330145216e-05,2,calm
2023-08-01,4576.72998046875,13.93000030517578,16.34000015258789,0.0902957121940673,0.0490042908576904,0.173007881881859,-0.0026686453076827,7.1216677782169545e-06,7.700194781833227e-05,2,calm
2023-08-02,4513.39013671875,16.09000015258789,17.959999084472656,0.0990900569280633,0.0618099445978155,0.1162211879521951,-0.0139362006383361,0.0001942176882319,0.0001027333749643,2,calm
2023-08-03,4501.89013671875,15.920000076293944,17.719999313354492,0.0979233973898192,0.0612766033731201,0.1130652781679869,-0.0025512254502915,6.508751298215207e-06,0.0001005739692179,2,calm
2023-08-04,4478.02978515625,17.100000381469727,18.61000061035156,0.0992578251780438,0.0717421786366534,0.0883041049822508,-0.0053141693739379,2.824039613490028e-05,0.0001160357194628,2,calm
2023-08-07,4518.43994140625,15.770000457763672,17.719999313354492,0.0987403262284017,0.0589596783492349,0.1236524285977952,0.0089836189648565,8.070540970573067e-05,9.86876644594708e-05,2,calm
2023-08-08,4499.3798828125,15.989999771118164,18.1299991607666,0.0986062193394844,0.0612937783716972,0.133833609773641,-0.0042272051000588,1.7869262957963687e-05,0.0001014603542382,2,calm
2023-08-09,4467.7099609375,15.960000038146973,18.049999237060547,0.0966632197158923,0.0629367806655773,0.1309523304459987,-0.0070636191020451,4.989471481877666e-05,0.0001010800004831,2,calm
2023-08-10,4468.830078125,15.850000381469728,18.15999984741211,0.0966232585158876,0.0618767452988096,0.1457412877190215,0.0002506825210808,6.284172637545745e-08,9.969147305261529e-05,2,calm
2023-08-11,4464.0498046875,14.84000015258789,17.559999465942383,0.0960764011770402,0.0523236003488386,0.183288361548983,-0.0010702648992294,1.1454669545227028e-06,8.739111290825739e-05,2,calm
2023-08-14,4489.72021484375,14.81999969482422,17.40999984741211,0.0909353434097538,0.0572646535384883,0.1747638465534131,0.005734004879419,3.287881195720148e-05,8.715571069626588e-05,2,calm
2023-08-15,4437.85986328125,16.459999084472656,18.59000015258789,0.0972013994619727,0.0673985913827538,0.1294046893431814,-0.0116181393960964,0.0001349811630271,0.0001075125277225,2,calm
2023-08-16,4404.330078125,16.780000686645508,18.96999931335449,0.0994590279471516,0.0683409789193034,0.1305124277171161,-0.0075840817926245,5.751829663721886e-05,0.0001117335012078,2,calm
2023-08-17,4370.35986328125,17.889999389648438,19.82999992370605,0.0993199160339955,0.0795800778624888,0.1084405030880069,-0.007742811377529,5.995112802799378e-05,0.0001270047929212,2,calm
2023-08-18,4369.7099609375,17.299999237060547,19.239999771118164,0.0990240171753406,0.0739759751952648,0.1121387641394627,-0.0001487178839572,2.2117009008708053e-08,0.0001187658625405,2,calm
2023-08-21,4399.77001953125,17.1299991607666,18.770000457763672,0.1008736204969551,0.0704263711107109,0.0957385509249305,0.0068556348597997,4.699972933090202e-05,0.0001164432028761,2,calm
2023-08-22,4387.5498046875,16.969999313354492,18.71999931335449,0.09905556199671,0.0706444311368348,0.1031231626876283,-0.0027813310465456,7.735802390478907e-06,0.0001142781256727,2,calm
2023-08-23,4436.009765625,15.979999542236328,17.940000534057617,0.1020164928868465,0.0577835025355167,0.1226533822257541,0.0109843307107913,0.000120655521164,0.0001013334862578,2,calm
2023-08-24,4376.31005859375,17.200000762939453,18.75,0.1055514894336259,0.0664485181957686,0.0901162307155418,-0.013549353984008,0.0001835849933839,0.0001173968358115,2,calm
2023-08-25,4405.7099609375,15.68000030517578,17.719999313354492,0.1078837436389067,0.048916259412851,0.1301019750302768,0.0066955010602951,4.4829734448413566e-05,9.756444824218752e-05,2,calm
2023-08-28,4433.31005859375,15.079999923706056,17.1200008392334,0.1089887812746909,0.0418112179623696,0.1352785759846338,0.0062450785941964,3.900100664769085e-05,9.024063400752964e-05,2,calm
2023-08-29,4497.6298828125,14.449999809265137,16.559999465942383,0.1153843601631125,0.0291156379295388,0.1460207394137364,0.0144040687120565,0.0002074771954616,8.28581327332391e-05,2,calm
2023-08-30,4514.8701171875,13.880000114440918,16.18000030517578,0.1157700855856411,0.023029915558768,0.1657060642486534,0.0038258541811929,1.4637160215751531e-05,7.645015999082537e-05,2,calm
2023-08-31,4507.66015625,13.56999969482422,15.920000076293944,0.1142423812364588,0.0214576157117833,0.1731761558083192,-0.0015982129743398,2.554284711348254e-06,7.307336972917834e-05,2,calm
2023-09-01,4515.77001953125,13.09000015258789,15.739999771118164,0.1143809172478203,0.0165190842780585,0.2024445827073859,0.0017975127655185,3.231052142202113e-06,6.799527936299644e-05,2,calm
2023-09-05,4496.830078125,14.010000228881836,16.239999771118164,0.1142557127864675,0.0258442895023508,0.1591719847112599,-0.0042029978213812,1.7665190686535156e-05,7.788893111637663e-05,2,calm
2023-09-06,4465.47998046875,14.449999809265137,16.610000610351562,0.1153715746597871,0.0291284234328642,0.1494810262697348,-0.0069960144914322,4.89442187643302e-05,8.28581327332391e-05,2,calm
2023-09-07,4451.14013671875,14.399999618530272,16.579999923706055,0.1155747960869862,0.0284252000983164,0.1513889140920882,-0.0032164331157329,1.034544198798368e-05,8.22857099260603e-05,2,calm
2023-09-08,4457.490234375,13.84000015258789,16.139999389648438,0.1145127627753966,0.0238872387504822,0.1661849141403714,0.001425606062257,2.0323526447440786e-06,7.601016040620352e-05,2,calm
2023-09-11,4487.4599609375,13.800000190734863,16.020000457763672,0.1123777388382908,0.0256222630690577,0.1608695823438674,0.0067009514981355,4.490275098036464e-05,7.557143066042945e-05,2,calm
2023-09-12,4461.89990234375,14.229999542236328,16.25,0.1131004660895789,0.0291995293327843,0.1419536558499577,-0.0057121690230039,3.262887494736644e-05,8.035432022700241e-05,2,calm
2023-09-13,4467.43994140625,13.479999542236328,15.920000076293944,0.113147587188199,0.0216524082341642,0.1810089478425026,0.0012408621175346,1.5397387947324618e-06,7.2107296689957e-05,2,calm
2023-09-14,4505.10009765625,12.81999969482422,15.34000015258789,0.1090654268173682,0.0191345701308739,0.1965679031007358,0.0083945855336662,7.046906628203867e-05,6.521920324416394e-05,2,calm
2023-09-15,4450.31982421875,13.789999961853027,16.020000457763672,0.1144633407304307,0.0234366588880995,0.1617114214705907,-0.0122341458424939,0.0001496743244954,7.546194402694702e-05,2,calm
2023-09-18,4453.52978515625,14.0,16.1299991607666,0.1135372449830602,0.0264627550169397,0.1521427971976144,0.0007210276941755,5.198809357680654e-07,7.77777777777778e-05,2,calm
2023-09-19,4443.9501953125,14.109999656677246,16.1299991607666,0.1102650187018262,0.0308349778649462,0.1431608471466854,-0.0021533273615331,4.636818725927216e-06,7.900479774263176e-05,2,calm
2023-09-20,4402.2001953125,15.140000343322754,16.809999465942383,0.1127797533936922,0.0386202500395352,0.1103037704590379,-0.009439204206291,8.909857604806249e-05,9.09601628554814e-05,2,calm
2023-09-21,4330.0,17.540000915527344,18.239999771118164,0.1204833459681663,0.054916663187107,0.0399087126028108,-0.016536918318488,0.0002734696674723,0.0001220839809986,2,calm
2023-09-22,4320.06005859375,17.200000762939453,18.09000015258789,0.1204718889842386,0.0515281186451559,0.0517441482657433,-0.0022982374027607,5.281895159448475e-06,0.0001173968358115,2,calm
2023-09-25,4337.43994140625,16.899999618530273,18.020000457763672,0.1213913196230269,0.0476086765622757,0.0662722405038018,0.0040149942038066,1.6120178456600735e-05,0.0001133372964707,2,calm
2023-09-26,4273.52978515625,18.940000534057617,19.71999931335449,0.1260922360931332,0.0633077692474428,0.041182616541868,-0.0148441654822649,0.0002203492488648,0.0001423506429484,2,calm
2023-09-27,4274.509765625,18.21999931335449,19.11000061035156,0.1225757727498239,0.0596242203837209,0.0488474934433579,0.0002292877722947,5.2572882523908545e-08,0.0001317334821343,2,calm
2023-09-28,4299.7001953125,17.34000015258789,18.3799991607666,0.1227394615386485,0.0506605399872303,0.0599768742230084,0.0058758771430006,3.4525932199638044e-05,0.0001193157163856,2,calm
2023-09-29,4288.0498046875,17.520000457763672,18.51000022888184,0.1211227389226722,0.0540772656549644,0.0565068347746228,-0.0027132596482893,7.3617779190350574e-06,0.0001218057206508,2,calm
2023-10-02,4288.39013671875,17.610000610351562,18.6200008392334,0.1211324795330812,0.0549675265704343,0.0573537872729053,7.936440615299324e-05,6.2987089640172725e-09,0.0001230603656732,2,calm
2023-10-03,4229.4501953125,19.780000686645508,20.40999984741211,0.1248187407418674,0.0729812661245876,0.031850310358783,-0.0138393958634491,0.0001915288778652,0.0001552573123665,2,calm
2023-10-04,4263.75,18.57999992370605,19.520000457763672,0.1276463562794136,0.0581536429576468,0.0505920633970661,0.0080770476078289,6.523869805913529e-05,0.0001369906337956,2,calm
2023-10-05,4258.18994140625,18.489999771118164,19.5,0.1225251869943884,0.0623748107167932,0.0546241342014228,-0.0013048811469951,1.7027148077833071e-06,0.0001356667029904,2,calm
2023-10-06,4308.5,17.450000762939453,18.729999542236328,0.1225973976159582,0.0519026100134362,0.0733523623686798,0.0117456420939611,0.0001379601081994,0.0001208343359629,2,calm
2023-10-09,4335.66015625,17.700000762939453,18.809999465942383,0.1223925901484225,0.0546074174809719,0.0627117884269848,0.0062840681193874,3.9489512129101206e-05,0.0001243214392889,2,calm
2023-10-10,4358.240234375,17.030000686645508,18.270000457763672,0.12192389302031,0.048376113846145,0.0728126671239972,0.0051944760999853,2.698258195331905e-05,0.0001150876680107,2,calm
2023-10-11,4376.9501953125,16.09000015258789,17.6299991607666,0.114421168467107,0.0464788330587718,0.0957115595757791,0.004283819500095,1.8351109509394805e-05,0.0001027333749643,2,calm
2023-10-12,4349.60986328125,16.690000534057617,18.09000015258789,0.1145324560058789,0.0523675493346972,0.0838825388695125,-0.0062660249406549,3.926306855690946e-05,0.0001105381419947,2,calm
2023-10-13,4327.77978515625,19.31999969482422,20.56999969482422,0.1150560395706816,0.0781439573775605,0.0646997939826506,-0.0050314956602198,2.531594857881161e-05,0.0001481199953206,2,calm
2023-10-16,4373.6298828125,17.209999084472656,18.790000915527344,0.119829043779617,0.0522709470651095,0.0918072001805165,0.0105386423025899,0.0001110629815819,0.0001175333605109,2,calm
2023-10-17,4373.2001953125,17.8799991607666,19.26000022888184,0.1194853570022757,0.0593146346053903,0.0771812714143366,-9.824987944376509e-05,9.65303881071437e-09,0.0001268628452337,2,calm
2023-10-18,4314.60009765625,19.21999931335449,20.46999931335449,0.1237569474747602,0.0684430456587846,0.0650364227188848,-0.0134904082511518,0.0001819911147827,0.0001465906244465,2,calm
2023-10-19,4278.0,21.39999961853028,22.190000534057617,0.1254702982862398,0.0885296978990629,0.0369159312901705,-0.0085190323280579,7.25739118064969e-05,0.0001817301522512,2,calm
2023-10-20,4224.16015625,21.709999084472656,22.440000534057617,0.1293740167227706,0.0877259741219558,0.0336251257655312,-0.0126651491961559,0.0001604060041608,0.0001870333572411,2,calm
2023-10-23,4217.0400390625,20.3700008392334,21.32999992370605,0.1268484901975638,0.0768515181947701,0.0471280827158169,-0.0016869920654349,2.8459422288403698e-06,0.0001646575135676,2,calm
2023-10-24,4247.68017578125,18.96999931335449,20.209999084472656,0.1291518016362018,0.060548191497343,0.0653663582499569,0.0072395235196288,5.241070079125885e-05,0.0001428019341066,2,calm
2023-10-25,4186.77001953125,20.190000534057617,21.32999992370605,0.1340196887601542,0.0678803165804219,0.0564635641155838,-0.014443434657238,0.0002086128046979,0.0001617603657004,2,calm
2023-10-26,4137.22998046875,20.68000030517578,21.56999969482422,0.1330330660247686,0.0737669370269892,0.0430367203343652,-0.0119030812055848,0.0001416833421867,0.000169707306596,2,calm
2023-10-27,4117.3701171875,21.270000457763672,22.270000457763672,0.1301871490934937,0.082512855484143,0.0470145735062734,-0.0048118385786207,2.315379050670296e-05,0.0001795289362989,2,calm
2023-10-30,4166.81982421875,19.75,20.799999237060547,0.136570726680519,0.060929273319481,0.0531645183321795,0.0119384743002859,0.0001425271686185,0.0001547867063492,2,calm
2023-10-31,4193.7998046875,18.13999938964844,19.489999771118164,0.1388653755976861,0.0425346182987982,0.0744211922212135,0.0064540848216882,4.1655210885546574e-05,0.000130579197562,2,calm
2023-11-01,4237.85986328125,16.8700008392334,18.549999237060547,0.1414619927565762,0.0272380156357577,0.0995849623148857,0.0104511949901918,0.000109227476723,0.0001129352890141,2,calm
2023-11-02,4317.77978515625,15.65999984741211,17.799999237060547,0.1452075920906964,0.0113924063834247,0.136653857630917,0.0186829389340864,0.0003490522072148,9.73157123892648e-05,2,calm
2023-11-03,4358.33984375,14.90999984741211,17.219999313354492,0.1475763202081284,0.0015236782659927,0.1549295432315731,0.0093498835445514,8.742032229667416e-05,8.821749819437663e-05,2,calm
2023-11-06,4365.97998046875,14.890000343322754,17.030000686645508,0.1472257855260451,0.0016742179071824,0.1437206376078031,0.0017514577241005,3.067604159311605e-06,8.798099612069513e-05,2,calm
2023-11-07,4378.3798828125,14.8100004196167,16.920000076293945,0.1402599392656413,0.0078400649305256,0.1424712759550249,0.0028360934017119,8.043425783234082e-06,8.703813985279634e-05,2,calm
2023-11-08,4382.77978515625,14.449999809265137,16.639999389648438,0.1402501413080546,0.0042498567845967,0.1515570663868869,0.0010044110324198,1.008841522046783e-06,8.28581327332391e-05,2,calm
2023-11-09,4347.35009765625,15.289999961853027,17.299999237060547,0.1417343088881055,0.0111656907304246,0.1314584225129012,-0.0081166906990687,6.588066790434842e-05,9.277146779105776e-05,2,calm
2023-11-10,4415.240234375,14.170000076293944,16.520000457763672,0.1479827390144906,-0.0062827382515511,0.1658433570089544,0.0154957592707722,0.0002401185553777,7.967813577863902e-05,2,calm
2023-11-13,4411.5498046875,14.760000228881836,16.610000610351562,0.1480546277683556,-0.0004546254795372,0.1253387772887504,-0.00083618844137,6.992111094809315e-07,8.645143125261581e-05,2,calm
2023-11-14,4495.7001953125,14.15999984741211,16.290000915527344,0.1500367700573026,-0.0084367715831815,0.1504238058663902,0.0188953704745772,0.0003570350253715,7.956571257091704e-05,2,calm
2023-11-15,4502.8798828125,14.18000030517578,16.280000686645508,0.1489406315232341,-0.0071406284714763,0.1480959334467162,0.0015957382078471,2.5463804279833186e-06,7.979063835507349e-05,2,calm
2023-11-16,4508.240234375,14.31999969482422,16.139999389648438,0.1486612047820306,-0.0054612078337884,0.1270949534644216,0.0011897193967137,1.415432242916883e-06,8.137396478562133e-05,2,calm
2023-11-17,4514.02001953125,13.800000190734863,15.850000381469728,0.1457044832893509,-0.0077044813820023,0.1485507364058739,0.0012812279371779,1.64154502700536e-06,7.557143066042945e-05,2,calm
2023-11-20,4547.3798828125,13.40999984741211,15.6899995803833,0.146042092434339,-0.0119420939602179,0.1700223533866177,0.0073631037937956,5.421529747820764e-05,7.136035551888604e-05,2,calm
2023-11-21,4538.18994140625,13.350000381469728,15.5,0.1459919260440745,-0.0124919222293772,0.1610486559621786,-0.0020229759317579,4.092431620472018e-06,7.072321832747694e-05,2,calm
2023-11-22,4556.6201171875,12.850000381469728,15.479999542236328,0.1459531130035197,-0.0174531091888224,0.2046691893145136,0.0040529050943133,1.6426039703510897e-05,6.552480547768736e-05,2,calm
2023-11-24,4559.33984375,12.460000038146973,15.119999885559082,0.1441896134287392,-0.0195896130472695,0.2134831331676062,0.000596695609645,3.560456505696567e-07,6.160777815500896e-05,2,calm
2023-11-27,4550.43017578125,12.6899995803833,15.34000015258789,0.1432384960800123,-0.0163385002761792,0.2088258991198916,-0.0019560693168983,3.826207172511212e-06,6.390321005957474e-05,2,calm
2023-11-28,4554.89013671875,12.6899995803833,15.239999771118164,0.14075456272336,-0.013854566919527,0.2009456481524832,0.0009796385280502,9.596916456405424e-07,6.390321005957474e-05,2,calm
2023-11-29,4550.580078125,12.979999542236328,15.510000228881836,0.1408520569823656,-0.0110520615600023,0.1949153140116069,-0.0009466966151019,8.962344810454673e-07,6.685729687160925e-05,2,calm
2023-11-30,4567.7998046875,12.920000076293944,15.4399995803833,0.1337824203161933,-0.0045824195532538,0.195046400093537,0.0037769312649946,1.4265209780493749e-05,6.624063570295061e-05,2,calm
2023-12-01,4594.6298828125,12.630000114440918,15.359999656677246,0.1305004459449601,-0.0042004448005509,0.2161519807996593,0.0058565589538466,3.429928277988121e-05,6.330035828999111e-05,2,calm
2023-12-04,4569.77978515625,13.079999923706056,15.68000030517578,0.1248091145557712,0.0059908846812893,0.198776788733577,-0.0054231880638269,2.941096877563502e-05,6.789142777942479e-05,2,calm
2023-12-05,4567.18017578125,12.850000381469728,15.56999969482422,0.124515471509752,0.0039845323049452,0.211673092031721,-0.0005690315939348,3.237969548959821e-07,6.552480547768736e-05,2,calm
2023-12-06,4549.33984375,12.970000267028809,15.739999771118164,0.1251443817273657,0.0045556209429223,0.2135697337748715,-0.0039138519449437,1.531823704693995e-05,6.675432814552673e-05,2,calm
2023-12-07,4585.58984375,13.0600004196167,15.649999618530272,0.1155902547635904,0.0150097494325765,0.198315399364251,0.0079366106848219,6.298978916242949e-05,6.768397260332871e-05,2,calm
2023-12-08,4604.3701171875,12.350000381469728,15.15999984741211,0.1065746896255485,0.0169253141891487,0.2275303141009274,0.0040871341465037,1.670466553151729e-05,6.0524805326310485e-05,2,calm
2023-12-11,4622.43994140625,12.630000114440918,15.1899995803833,0.1035724732533484,0.0227275278910606,0.2026919590456159,0.0039168135477814,1.5341428368084637e-05,6.330035828999111e-05,2,calm
2023-12-12,4643.7001953125,12.06999969482422,14.829999923706056,0.10074091951529,0.0199590774329521,0.2286661390774816,0.0045888127956924,2.1057202873910303e-05,5.781146533057809e-05,2,calm
2023-12-13,4707.08984375,12.1899995803833,14.65999984741211,0.1045160079220298,0.0173839878818031,0.2026251314236011,0.0135583451750198,0.0001838287238849,5.896670228958137e-05,2,calm
2023-12-14,4719.5498046875,12.479999542236328,14.789999961853027,0.1026633287618309,0.0221366666605323,0.1850961942585747,0.0026435651851544,6.988436888160587e-06,6.180570975167419e-05,2,calm
2023-12-15,4719.18994140625,12.279999732971191,15.130000114440918,0.0925994817493984,0.0302005155803134,0.2320847266647422,-7.625240044859478e-05,5.814428574172857e-09,5.984063231816371e-05,2,calm
2023-12-18,4740.56005859375,12.5600004196167,15.470000267028809,0.090743938221827,0.0348560659743399,0.2316878782000005,0.0045181222634005,2.0413428787035395e-05,6.260063910348081e-05,2,calm
2023-12-19,4768.3701171875,12.529999732971191,15.640000343322754,0.0911081184970955,0.0341918788326163,0.2482043636575641,0.0058492674508189,3.421392971120948e-05,6.230194178899133e-05,2,calm
2023-12-20,4698.35009765625,13.670000076293944,16.579999923706055,0.1046077077991021,0.0320922929638373,0.2128748962085622,-0.0147931479653056,0.0002188372267234,7.415432622455412e-05,2,calm
2023-12-21,4746.75,13.649999618530272,16.299999237060547,0.1069778631059862,0.0295221330793164,0.1941391716182045,0.0102487693072718,0.0001050372723136,7.393749586741135e-05,2,calm
2023-12-22,4754.6298828125,13.029999732971191,15.989999771118164,0.1020599635964652,0.0282400337332466,0.2271680812592014,0.001658682152761,2.751226483888116e-06,6.737337025445609e-05,2,calm
2023-12-26,4774.75,12.989999771118164,15.880000114440918,0.0950402974572783,0.0348597002539032,0.2224788602189472,0.0042227610469785,1.7831710859879457e-05,6.696035478319442e-05,2,calm
2023-12-27,4781.580078125,12.43000030517578,15.270000457763672,0.0945521509175033,0.0297478521342544,0.228479491782903,0.0014294356164229,2.0432861814985976e-06,6.131147126455158e-05,2,calm
2023-12-28,4783.35009765625,12.470000267028809,15.229999542236328,0.0812636564076404,0.0434363462626476,0.2213311320052711,0.0003701061103271,1.369785329014691e-07,6.170670899194387e-05,2,calm
2023-12-29,4769.830078125,12.449999809265137,15.260000228881836,0.0824901570898515,0.0420098410027997,0.2257028484069157,-0.0028304770367338,8.011600255477556e-06,6.150892668678649e-05,2,calm
2024-01-02,4742.830078125,13.199999809265137,15.479999542236328,0.0853685132173467,0.0466314848753046,0.1727272549936591,-0.0056766607997231,3.222447783511361e-05,6.914285514468241e-05,2,calm
2024-01-03,4704.81005859375,14.039999961853027,16.040000915527344,0.0899188370045879,0.0504811626139423,0.1424502107627037,-0.0080486183271976,6.478025697690186e-05,7.822285671779088e-05,2,calm
2024-01-04,4688.68017578125,14.130000114440918,16.040000915527344,0.089117591445663,0.0521824096987461,0.1351734455496852,-0.0034342716633174,1.179422185746506e-05,7.922892985480173e-05,2,calm
2024-01-05,4697.240234375,13.350000381469728,15.510000228881836,0.0886725007598202,0.044827503054877,0.1617977367558928,0.0018240216394339,3.327054941123426e-06,7.072321832747694e-05,2,calm
2024-01-08,4763.5400390625,13.079999923706056,15.140000343322754,0.0959143436083507,0.0348856556287098,0.1574923877394811,0.0140159454363531,0.0001964467264748,6.789142777942479e-05,2,calm
2024-01-09,4756.5,12.760000228881836,14.899999618530272,0.0962685251386561,0.0313314771501621,0.1677115479045696,-0.0014789938523175,2.187422815193208e-06,6.461016104804146e-05,2,calm
2024-01-10,4783.4501953125,12.6899995803833,14.729999542236328,0.0964804699901588,0.0304195258136741,0.160756503491658,0.0056499806504959,3.192228135097821e-05,6.390321005957474e-05,2,calm
2024-01-11,4780.240234375,12.4399995803833,14.5600004196167,0.0967007269738426,0.0276992688299903,0.1704180796417741,-0.0006712808369611,4.506179620712818e-07,6.141015458727647e-05,2,calm
2024-01-12,4783.830078125,12.699999809265137,14.9399995803833,0.0964355813421465,0.0305644167505048,0.1763779373826445,0.0007506937530339,5.635411108442114e-07,6.400396633148195e-05,2,calm
2024-01-16,4765.97998046875,13.84000015258789,15.739999771118164,0.0974605864899196,0.0409394150359592,0.137283207917812,-0.0037383190523568,1.39750293372141e-05,7.601016040620352e-05,2,calm
2024-01-17,4739.2099609375,14.789999961853027,16.3799991607666,0.0985934511479945,0.0493065484705357,0.1075050171071376,-0.0056327312711078,3.172766157251593e-05,8.68032138379415e-05,2,calm
2024-01-18,4780.93994140625,14.130000114440918,15.84000015258789,0.0990955901628471,0.042204410981562,0.1210191099998184,0.0087667207262431,7.685539229194118e-05,7.922892985480173e-05,2,calm
2024-01-19,4839.81005859375,13.300000190734863,15.260000228881836,0.1036144914076622,0.0293855104996863,0.1473684218074193,0.0122383082325485,0.0001497761883948,7.01944464577569e-05,2,calm
2024-01-22,4850.43017578125,13.1899995803833,14.970000267028809,0.102121115974551,0.029778879829282,0.1349507765938671,0.0021919211872316,4.804518491035161e-06,6.903813052798084e-05,2,calm
2024-01-23,4864.60009765625,12.550000190734863,14.520000457763672,0.1006695586162182,0.0248304432911303,0.1569721304453188,0.0029171153407644,8.509561911323504e-06,6.250099396327188e-05,2,calm
2024-01-24,4868.5498046875,13.140000343322754,14.970000267028809,0.1005181508338561,0.0308818525993713,0.139269396947618,0.0008115989762168,6.58692898196264e-07,6.851571786608021e-05,2,calm
2024-01-25,4894.16015625,13.449999809265137,15.100000381469728,0.1008280389443092,0.0336719591483421,0.1226766242084238,0.0052465781349779,2.752658212642902e-05,7.17867043131874e-05,2,calm
2024-01-26,4890.97021484375,13.260000228881836,15.029999732971191,0.1007594729540097,0.0318405293348086,0.1334841231928555,-0.0006519977554263,4.251010730810178e-07,6.9772859551566e-05,2,calm
2024-01-29,4927.93017578125,13.600000381469728,15.220000267028809,0.0960117410641263,0.0399882627505709,0.1191176353028903,0.0075283655052462,5.667628718058093e-05,7.33968295142765e-05,2,calm
2024-01-30,4924.97021484375,13.3100004196167,15.140000343322754,0.0961446277691465,0.0369553764270204,0.1374905984983248,-0.0006008303969786,3.609971659334816e-07,7.030004411515742e-05,2,calm
2024-01-31,4845.64990234375,14.350000381469728,15.960000038146973,0.1088937914346584,0.0346062123800388,0.1121950950437778,-0.0162368517407336,0.0002636353544505,8.17152821222942e-05,2,calm
2024-02-01,4906.18994140625,13.880000114440918,15.5,0.1134946756357766,0.0253053255086325,0.1167146881990018,0.0124162861140497,0.0001541641608659,7.645015999082537e-05,2,calm
2024-02-02,4958.60986328125,13.850000381469728,15.609999656677246,0.1160325153354381,0.0224674884792591,0.127075756442741,0.0106277707226331,0.0001129495105328,7.612004387567922e-05,2,calm
2024-02-05,4942.81005859375,13.670000076293944,15.329999923706056,0.1065293923321756,0.0301706084307638,0.1214337847949854,-0.0031914247092839,1.018519167502828e-05,7.415432622455412e-05,2,calm
2024-02-06,4954.22998046875,13.0600004196167,14.989999771118164,0.1034269143684626,0.0271730898277043,0.147779424922722,0.0023077459317481,5.32569128549994e-06,6.768397260332871e-05,2,calm
2024-02-07,4995.06005859375,12.829999923706056,14.850000381469728,0.1052799831374482,0.0230200160996123,0.1574435284314621,0.0082076825940086,6.73660535639922e-05,6.532099128662596e-05,2,calm
2024-02-08,4997.91015625,12.789999961853027,14.93000030517578,0.1050345777998803,0.0228654218186499,0.1673182446994086,0.0005704205400905,3.2537959255724616e-07,6.491432500960335e-05,2,calm
2024-02-09,5026.60986328125,12.93000030517578,15.079999923706056,0.1057372559289952,0.0235627471227625,0.1662799356369426,0.0057259171287955,3.278612696583388e-05,6.63432174173991e-05,2,calm
2024-02-12,5021.83984375,13.93000030517578,15.670000076293944,0.1059467140938702,0.0333532889578875,0.1249102464464165,-0.0009494041426524,9.013682260856176e-07,7.700194781833227e-05,2,calm
2024-02-13,4953.169921875,15.850000381469728,16.81999969482422,0.1143506812551244,0.0441493225595728,0.0611986933759647,-0.0137686094198454,0.0001895746053562,9.969147305261529e-05,2,calm
2024-02-14,5000.6201171875,14.380000114440918,15.93000030517578,0.1148328315864517,0.0289671695579574,0.1077886076772902,0.0095341683042168,9.09003652531324e-05,8.205730289338129e-05,2,calm
2024-02-15,5029.72998046875,14.010000228881836,15.760000228881836,0.1115171718946549,0.0285828303941634,0.1249107759750315,0.00580437267404,3.3690742139142726e-05,7.788893111637663e-05,2,calm
2024-02-16,5005.56982421875,14.239999771118164,15.859999656677246,0.1121959178146733,0.0302040798965082,0.1137640387357868,-0.004815043575961,2.3184644638403703e-05,8.046729900057355e-05,2,calm
2024-02-20,4975.509765625,15.420000076293944,16.40999984741211,0.114689871141675,0.0395101296212644,0.0642023194695147,-0.0060234264658172,3.628166638910768e-05,9.435571521940684e-05,2,calm
2024-02-21,4981.7998046875,15.34000015258789,16.229999542236328,0.1088055948071082,0.0445944067187706,0.0580182125681591,0.0012634014951035,1.5961833378300077e-06,9.337920820690337e-05,2,calm
2024-02-22,5087.02978515625,14.539999961853027,15.770000457763672,0.1220264056300702,0.02337359398846,0.0845942571621498,0.0209028886664034,0.0004369307546,8.389349162328812e-05,2,calm
2024-02-23,5088.7998046875,13.75,15.25,0.1217058434134573,0.0157941565865426,0.109090909090909,0.0003478870265021,1.2102538320853056e-07,7.50248015873016e-05,2,calm
2024-02-26,5069.52978515625,13.739999771118164,15.220000267028809,0.1226482405840126,0.014751757127169,0.1077147394879615,-0.0037939392446684,1.4393974992235664e-05,7.491571178981238e-05,2,calm
2024-02-27,5078.18017578125,13.43000030517578,14.890000343322754,0.1225977502987926,0.0117022527529651,0.1087118395361693,0.0017048955387209,2.906668797950646e-06,7.157337626865934e-05,2,calm
2024-02-28,5069.759765625,13.84000015258789,15.220000267028809,0.1218997205016421,0.0165002810242367,0.0997109898284847,-0.0016595313211122,2.7540442057525498e-06,7.601016040620352e-05,2,calm
2024-02-29,5096.27001953125,13.399999618530272,14.93000030517578,0.1199908367654014,0.0140091594199013,0.1141791589702537,0.0052154704557999,2.720113207532229e-05,7.125396419706804e-05,2,calm
2024-03-01,5137.080078125,13.109999656677246,14.93000030517578,0.1196488469791315,0.0114511495876409,0.1388253772814984,0.0079759364333879,6.361556198944571e-05,6.820321071352283e-05,2,calm
2024-03-04,5130.9501953125,13.489999771118164,15.229999542236328,0.1163337841636814,0.0185662135475002,0.128984418134941,-0.001193974574963,1.4255752856581033e-06,7.221432294633655e-05,2,calm
2024-03-05,5078.64990234375,14.460000038146973,15.90999984741211,0.1215731042753973,0.0230268961060723,0.1002766117178345,-0.0102454062759179,0.0001049683497586,8.297285758063906e-05,2,calm
2024-03-06,5104.759765625,14.5,15.970000267028809,0.1219601284029718,0.0230398715970281,0.1013793287606074,0.0051279328530016,2.629569534489357e-05,8.343253968253968e-05,2,calm
2024-03-07,5157.35986328125,14.4399995803833,15.90999984741211,0.1244685508246887,0.0199314449791442,0.1018005754671766,0.0102514022849836,0.0001050912488085,8.274348725455154e-05,2,calm
2024-03-08,5123.68994140625,14.739999771118164,16.299999237060547,0.1264102054734363,0.0209897922377452,0.1058344294549498,-0.0065499229920503,4.2901491201789646e-05,8.621729890974744e-05,2,calm
2024-03-11,5117.93994140625,15.220000267028809,16.459999084472656,0.1264881028362409,0.0257118998340471,0.0814716685734931,-0.0011228682680281,1.2608331473444262e-06,9.192397147950674e-05,2,calm
2024-03-12,5175.27001953125,13.84000015258789,15.65999984741211,0.1283992180553477,0.0100007834705312,0.1315028666733001,0.011139512586668,0.0001240887406685,7.601016040620352e-05,2,calm
2024-03-13,5165.31005859375,13.75,15.600000381469728,0.1286567779673227,0.0088432220326772,0.1345454822887075,-0.0019263840021219,3.710955323631467e-06,7.50248015873016e-05,2,calm
2024-03-14,5150.47998046875,14.399999618530272,16.1200008392334,0.117953284302719,0.0260467118825837,0.1194445323796944,-0.0028752210514951,8.266896094961095e-06,8.22857099260603e-05,2,calm
2024-03-15,5117.08984375,14.40999984741211,16.40999984741211,0.1162150778385534,0.0278849206355676,0.1387925066743966,-0.0065040228597376,4.230231335999012e-05,8.240003793746706e-05,2,calm
2024-03-18,5149.419921875,14.329999923706056,16.219999313354492,0.1138827492658623,0.0294172499711982,0.1318910955834562,0.0062981842384804,3.966712470184365e-05,8.148765786246652e-05,2,calm
2024-03-19,5178.509765625,13.81999969482422,15.770000457763672,0.1137582554139733,0.0244417415342688,0.1410999136034535,0.0056332530443431,3.173353986160103e-05,7.579063157338948e-05,2,calm
2024-03-20,5224.6201171875,13.039999961853027,15.279999732971191,0.1157070788484355,0.0146929207700947,0.1717791240545259,0.0088647655163601,7.858406766004864e-05,6.74768250020345e-05,2,calm
2024-03-21,5241.52978515625,12.920000076293944,15.18000030517578,0.1141906100266822,0.0150093907362571,0.1749226173015712,0.0032313090945288,1.0441358464385103e-05,6.624063570295061e-05,2,calm
2024-03-22,5234.18017578125,13.0600004196167,15.300000190734863,0.1144889325807262,0.0161110716154407,0.1715160565962605,-0.0014031718343267,1.968891196647791e-06,6.768397260332871e-05,2,calm
2024-03-25,5218.18994140625,13.1899995803833,15.380000114440918,0.1145290112343056,0.0173709845695273,0.1660349206769251,-0.0030596403820319,9.361399267360494e-06,6.903813052798084e-05,2,calm
2024-03-26,5203.580078125,13.239999771118164,15.289999961853027,0.1149632776101941,0.0174367201009874,0.1548338539405981,-0.0028037219828057,7.860856956868071e-06,6.95625372774639e-05,2,calm
2024-03-27,5248.490234375,12.779999732971191,15.010000228881836,0.1077290836760588,0.020070913653653,0.1744914352507734,0.008593595582706,7.38498850391048e-05,6.481285443442213e-05,2,calm
2024-03-28,5254.35009765625,13.010000228881836,15.1899995803833,0.1053013990572449,0.0247986032315733,0.167563359965354,0.0011158627007616,1.2451495669509838e-06,6.716670871250215e-05,2,calm
2024-04-01,5243.77001953125,13.649999618530272,15.520000457763672,0.1050591910483094,0.0314408051369932,0.1369964023072073,-0.0020156145269577,4.062701921283012e-06,7.393749586741135e-05,2,calm
2024-04-02,5205.81005859375,14.609999656677246,16.09000015258789,0.1065461220424684,0.039553874524304,0.1013005154475986,-0.0072653882036724,5.278586575006244e-05,8.470321030480526e-05,2,calm
2024-04-03,5211.490234375,14.329999923706056,15.90999984741211,0.1042632555272199,0.0390367437098406,0.1102581948442488,0.0010905275233378,1.1892502791574896e-06,8.148765786246652e-05,2,calm
2024-04-04,5147.2099609375,16.350000381469727,17.15999984741211,0.1118408333072941,0.051659170507403,0.0495412505837244,-0.0124110356192622,0.0001540338051425,0.0001060803620928,2,calm
2024-04-05,5204.33984375,16.030000686645508,17.18000030517578,0.0996434017860835,0.0606566050803714,0.0717404597174054,0.0110380501356995,0.0001218385507982,0.0001019686198467,2,calm
2024-04-08,5202.39013671875,15.1899995803833,16.559999465942383,0.0996913650517554,0.0522086307520776,0.0901909100332254,-0.0003747011900415,1.4040098181857378e-07,9.156193938573208e-05,2,calm
2024-04-09,5209.91015625,14.979999542236328,16.420000076293945,0.0987748863563035,0.0510251090660597,0.0961282094834191,0.0014444494736345,2.086434281883044e-06,8.904777233547642e-05,2,calm
2024-04-10,5160.64013671875,15.800000190734863,17.040000915527344,0.1032315018579638,0.0547685000493848,0.0784810575837599,-0.0095019818322125,9.028765873969816e-05,9.906349445524672e-05,2,calm
2024-04-11,5199.06005859375,14.90999984741211,16.489999771118164,0.1048919064890174,0.0442080919851036,0.1059691441901853,0.0074172219833424,5.501518195017832e-05,8.821749819437663e-05,2,calm
2024-04-12,5123.41015625,17.309999465942383,18.200000762939453,0.1131742700554947,0.059925724603929,0.0514154433538925,-0.0146575878022485,0.0002148448801806,0.0001189032069487,2,calm
2024-04-15,5061.81982421875,19.229999542236328,19.549999237060547,0.1160677754333595,0.0762322199890037,0.0166406501529747,-0.0120941957874591,0.0001462695717453,0.0001467432072993,2,calm
2024-04-16,5051.41015625,18.39999961853028,18.84000015258789,0.1161402501249807,0.067859746060322,0.0239130729988982,-0.0020586245275039,4.237934945241053e-06,0.0001343492007785,2,calm
2024-04-17,5022.2099609375,18.209999084472656,18.770000457763672,0.113591381127606,0.0685086097171204,0.0307524108427066,-0.0057973750760041,3.3609557771874535e-05,0.0001315889153398,2,calm
2024-04-18,5011.1201171875,18.0,18.65999984741211,0.1124893624651618,0.0675106375348381,0.0366666581895616,-0.0022106017004853,4.886759878188519e-06,0.0001285714285714,2,calm
2024-04-19,4967.22998046875,18.709999084472656,19.25,0.1100169812775318,0.0770830095671946,0.0288616216970041,-0.0087971296540569,7.738949015028858e-05,0.0001389143118019,2,calm
2024-04-22,5010.60009765625,16.940000534057617,17.6299991607666,0.1124813188246897,0.0569186865158864,0.0407319129253716,0.008693351156839,7.557435433611537e-05,0.0001138744516245,2,calm
2024-04-23,5070.5498046875,15.6899995803833,16.68000030517578,0.1182773277027272,0.0386226681011058,0.0630975622223882,0.011893566567722,0.0001414569257008,9.768892334620168e-05,2,calm
2024-04-24,5071.6298828125,15.970000267028809,16.84000015258789,0.1132173372505673,0.0464826654197207,0.0544771365693248,0.0002129873779329,4.536362315873231e-08,0.0001012067097336,2,calm
2024-04-25,5048.419921875,15.369999885559082,16.3700008392334,0.1137344239334029,0.0399655749221879,0.0650618712504916,-0.0045869342701194,2.103996599839588e-05,9.374480019130406e-05,2,calm
2024-04-26,5099.9599609375,15.029999732971191,16.270000457763672,0.1178296824265131,0.0324703149031988,0.0825017130287967,0.0101573813323253,0.0001031723955302,8.96432111004421e-05,2,calm
2024-04-29,5116.169921875,14.670000076293944,16.0,0.1167556671393737,0.0299443336235657,0.0906612076884223,0.0031734080766393,1.007051882088014e-05,8.540035803113661e-05,2,calm
2024-04-30,5035.68994140625,15.649999618530272,16.59000015258789,0.1238034400518221,0.0326965561334805,0.0600639333527278,-0.0158555511189281,0.0002513985012849,9.719146351587209e-05,2,calm
2024-05-01,5018.39013671875,15.390000343322754,16.56999969482422,0.1225283182652379,0.0313716851679895,0.0766731205443689,-0.0034413534856316,1.184291381306936e-05,9.398893276487084e-05,2,calm
2024-05-02,5064.2001953125,14.68000030517578,16.049999237060547,0.1226861434011006,0.0241138596506571,0.0933241759812322,0.0090870247250848,8.25740183543035e-05,8.551682895236549e-05,2,calm
2024-05-03,5127.7900390625,13.489999771118164,15.270000457763672,0.1282831131086653,0.0066168846025162,0.1319496454296801,0.012478557659508,0.0001557144012616,7.221432294633655e-05,2,calm
2024-05-06,5180.740234375,13.489999771118164,15.020000457763672,0.1321568951041772,0.0027431026070043,0.1134173990070193,0.0102731736912478,0.0001055380976905,7.221432294633655e-05,2,calm
2024-05-07,5187.7001953125,13.229999542236328,14.949999809265137,0.1319860504200595,0.0003139450023037,0.1300075832608886,0.0013425282288256,1.802382045193638e-06,6.945749519348154e-05,2,calm
2024-05-08,5187.669921875,13.0,14.899999618530272,0.1317544706024831,-0.0017544706024831,0.1461538168100209,-5.835635193424912e-06,3.405463811073941e-11,6.706349206349208e-05,2,calm
2024-05-09,5214.080078125,12.6899995803833,14.710000038146973,0.1301221315295228,-0.0032221357256897,0.1591804983891621,0.0050780326391067,2.5786415483833065e-05,6.390321005957474e-05,2,calm
2024-05-10,5222.68017578125,12.550000190734863,14.65999984741211,0.1301787097843643,-0.0046787078770157,0.1681274601282452,0.0016480400801667,2.7160361058359558e-06,6.250099396327188e-05,2,calm
2024-05-13,5221.419921875,13.600000381469728,14.890000343322754,0.1300653731180789,0.0059346306966183,0.0948529357109927,-0.0002413331738652,5.824170080785484e-08,7.33968295142765e-05,2,calm
2024-05-14,5246.68017578125,13.420000076293944,14.699999809265137,0.1290282051553145,0.0051717956076249,0.0953800093661904,0.004826148527454,2.329170960904681e-05,7.146682620941646e-05,2,calm
2024-05-15,5308.14990234375,12.449999809265137,14.079999923706056,0.1331794785405267,-0.0086794804478753,0.1309237059769184,0.0116478277872996,0.0001356718921625,6.150892668678649e-05,2,calm
2024-05-16,5297.10009765625,12.420000076293944,14.220000267028809,0.1276525297592235,-0.0034525289962841,0.1449275506986932,-0.002083837474088,4.34237861841365e-06,6.121285789489745e-05,2,calm
2024-05-17,5303.27001953125,11.989999771118164,13.989999771118164,0.1240329080677869,-0.0041329103566053,0.1668056745770466,0.0011640956878937,1.355118770572826e-06,5.704765655214826e-05,2,calm
2024-05-20,5308.1298828125,12.149999618530272,14.109999656677246,0.1239986718635014,-0.0024986756781987,0.1613168806324675,0.0009159703084911,8.390016060374026e-07,5.858035346439911e-05,2,calm
2024-05-21,5321.41015625,11.859999656677246,13.949999809265137,0.1240934518759372,-0.0054934553091647,0.1762226149316293,0.0024987497668926,6.243750397545866e-06,5.58172983557081e-05,2,calm
2024-05-22,5307.009765625,12.289999961853027,14.3100004196167,0.1207548722951217,0.0021451273234085,0.1643613070816564,-0.0027097912093521,7.342968398282174e-06,5.9938134548550565e-05,2,calm
2024-05-23,5267.83984375,12.770000457763672,14.670000076293944,0.121478848126654,0.0062211564509827,0.1487861824918843,-0.0074081622834719,5.4880868418256085e-05,6.471147289336682e-05,2,calm
2024-05-24,5304.72021484375,11.93000030517578,14.170000076293944,0.1140739011509888,0.0052261019007689,0.1877619206888326,0.0069766490766732,4.867363233904584e-05,5.647813781011674e-05,2,calm
2024-05-28,5306.0400390625,12.920000076293944,14.720000267028809,0.1070026347739921,0.0221973659889472,0.1393188993889842,0.0002487709068859,6.188696411284078e-08,6.624063570295061e-05,2,calm
2024-05-29,5266.9501953125,14.279999732971191,15.449999809265137,0.1096597208150885,0.0331402765146233,0.0819327799840586,-0.0073943172157425,5.467592708702644e-05,8.091999697367353e-05,2,calm
2024-05-30,5235.47998046875,14.470000267028809,15.59000015258789,0.109772563669807,0.034927439000481,0.0774015110498029,-0.0059929575357541,3.591554002535288e-05,8.308766179675153e-05,2,calm
2024-05-31,5277.509765625,12.920000076293944,14.65999984741211,0.1108469020302417,0.0183530987326976,0.1346749040900376,0.0079958242319288,6.393320514790132e-05,6.624063570295061e-05,2,calm
2024-06-03,5283.39990234375,13.109999656677246,14.800000190734863,0.1062989563019517,0.0248010402648207,0.1289092737082459,0.0011154602235352,1.2442515102892856e-06,6.820321071352283e-05,2,calm
2024-06-04,5291.33984375,13.15999984741211,14.880000114440918,0.1044243929045246,0.0271756055695964,0.1306991099522728,0.0015016810037827,2.255045837121977e-06,6.872444285074871e-05,2,calm
2024-06-05,5354.02978515625,12.630000114440918,14.539999961853027,0.1043279957651159,0.0219720053792931,0.151227223286265,0.0117780158499572,0.0001387216573618,6.330035828999111e-05,2,calm
2024-06-06,5352.9599609375,12.579999923706056,14.539999961853027,0.1043898661528146,0.0214101330842459,0.1558028656624631,-0.0001998366016368,3.9934667353765815e-08,6.280015796843031e-05,2,calm
2024-06-07,5346.990234375,12.220000267028809,14.40999984741211,0.103020307015834,0.019179695654454,0.1792143643639854,-0.001115842050279,1.24510348117099e-06,5.925730417705721e-05,2,calm
2024-06-10,5360.7900390625,12.739999771118164,14.600000381469728,0.1000502157755494,0.0273497819356321,0.1459969108137837,0.0025775299782409,6.643660788730906e-06,6.440777546352812e-05,2,calm
2024-06-11,5375.31982421875,12.850000381469728,14.489999771118164,0.099998107621449,0.0285018961932482,0.1276264078570291,0.0027067148552095,7.326305307411906e-06,6.552480547768736e-05,2,calm
2024-06-12,5421.02978515625,12.039999961853027,14.119999885559082,0.0870086586077049,0.0333913410108253,0.1727574692937067,0.0084677202418873,7.170228609486855e-05,5.752444407992893e-05,2,calm
2024-06-13,5433.740234375,11.9399995803833,14.170000076293944,0.0851970142556415,0.0342029815481914,0.1867672172764896,0.0023419114371167,5.4845491792981e-06,5.657285316648944e-05,2,calm
2024-06-14,5431.60009765625,12.65999984741211,14.84000015258789,0.0833849649097008,0.0432150335644202,0.1721959187559868,-0.0003939382809974,1.5518736923526066e-07,6.360142703828359e-05,2,calm
2024-06-17,5473.22998046875,12.75,14.789999961853027,0.0793488260860719,0.048151173913928,0.1599999970080805,0.0076351643723205,5.829573499235257e-05,6.450892857142857e-05,2,calm
2024-06-18,5487.02978515625,12.300000190734863,14.6899995803833,0.0755626720386434,0.0474373298687052,0.1943088904542242,0.0025181541815171,6.341100481892138e-06,6.003571614764987e-05,2,calm
2024-06-20,5473.169921875,13.279999732971191,15.40999984741211,0.0766428496811769,0.0561571476485349,0.1603915781076875,-0.0025291273954115,6.396485382221161e-06,6.998348924909323e-05,2,calm
2024-06-21,5464.6201171875,13.199999809265137,15.170000076293944,0.0770908211669485,0.0549091769257028,0.1492424466283745,-0.0015633517188252,2.4440685967538627e-06,6.914285514468241e-05,2,calm
2024-06-24,5447.8701171875,13.329999923706056,15.229999542236328,0.0776342606800861,0.0556657385569744,0.1425356061068923,-0.0030698791558664,9.42415803162326e-06,7.051146744682677e-05,2,calm
2024-06-25,5469.2998046875,12.84000015258789,14.859999656677246,0.0779616837912924,0.0504383177345864,0.1573208317822509,0.0039258736791813,1.541248414488886e-05,6.542285869780042e-05,2,calm
2024-06-26,5477.89990234375,12.550000190734863,14.710000038146973,0.0777789853415507,0.0477210165657978,0.1721115390107122,0.0015711962247204,2.468657576575803e-06,6.250099396327188e-05,2,calm
2024-06-27,5482.8701171875,12.239999771118164,14.420000076293944,0.0771929099904668,0.0452070877207147,0.1781046034265268,0.000906909856799,8.224854883593153e-07,5.945142634800504e-05,2,calm
2024-06-28,5460.47998046875,12.4399995803833,14.520000457763672,0.0724917491911966,0.0519082466126363,0.1672026485161892,-0.0040920134623695,1.674457417621404e-05,6.141015458727647e-05,2,calm
2024-07-01,5475.08984375,12.220000267028809,14.1899995803833,0.0720753608904342,0.0501246417798538,0.1612110695831826,0.0026719909814295,7.139535804840708e-06,5.925730417705721e-05,2,calm
2024-07-02,5509.009765625,12.029999732971191,14.010000228881836,0.0735616513808208,0.0467383459488911,0.1645885735544917,0.006176205771185,3.814551772801952e-05,5.7428926021939264e-05,2,calm
2024-07-03,5537.02001953125,12.09000015258789,14.020000457763672,0.0743700236572658,0.046529977868613,0.1596360860891023,0.0050715622695336,2.5720743853757444e-05,5.800321574983143e-05,2,calm
2024-07-05,5567.18994140625,12.479999542236328,14.350000381469728,0.0752260050767167,0.0495739903456465,0.1498398163321013,0.0054339743609695,2.952807735567432e-05,6.180570975167419e-05,2,calm
2024-07-08,5572.85009765625,12.369999885559082,14.289999961853027,0.0741797501269106,0.0495202487286801,0.1552142355745193,0.0010161824764044,1.0326268253514457e-06,6.072099093997291e-05,2,calm
2024-07-09,5576.97998046875,12.510000228881836,14.390000343322754,0.069141384698551,0.0559586175902672,0.1502797825775064,0.0007407974780654,5.487809035081682e-07,6.210321655818394e-05,2,calm
2024-07-10,5633.91015625,12.850000381469728,14.5,0.0717352441603296,0.0567647596543676,0.1284046357624739,0.0101563148781058,0.0001031507319032,6.552480547768736e-05,2,calm
2024-07-11,5584.5400390625,12.920000076293944,14.670000076293944,0.0781698463874891,0.0510301543754502,0.1354489156088288,-0.0088016499692667,7.746904218149293e-05,6.624063570295061e-05,2,calm
2024-07-12,5615.35009765625,12.460000038146973,14.369999885559082,0.0739465637316398,0.0506534366498298,0.1532905169794976,0.0055018640249651,3.027050774920539e-05,6.160777815500896e-05,2,calm
2024-07-15,5631.22021484375,13.119999885559082,14.869999885559082,0.0698255437538418,0.0613744551017489,0.1333841475049241,0.0028222164233526,7.964905540241618e-06,6.830730039566283e-05,2,calm
2024-07-16,5667.2001953125,13.1899995803833,14.90999984741211,0.0688509083969484,0.0630490874068846,0.1304018439535708,0.0063690499714532,4.056479753886896e-05,6.903813052798084e-05,2,calm
2024-07-17,5588.27001953125,14.479999542236328,15.789999961853027,0.083650909584798,0.0611490858375652,0.0904696450987856,-0.0140254415236455,0.0001967130099332,8.320253442189056e-05,2,calm
2024-07-18,5544.58984375,15.93000030517578,16.559999465942383,0.0882693417112488,0.0710306613405089,0.0395479691586642,-0.00784711214535,6.157716902170062e-05,0.0001007003610011,2,calm
2024-07-19,5505.0,16.520000457763672,17.15999984741211,0.0862633313704811,0.0789366732071555,0.0387408820771349,-0.007165879226406,5.134982508743827e-05,0.0001082977837795,2,calm
2024-07-22,5564.41015625,14.90999984741211,16.09000015258789,0.0907276184920986,0.0583723799820224,0.0791415370390222,0.0107342172462202,0.000115223419889,8.821749819437663e-05,2,calm
2024-07-23,5555.740234375,14.720000267028809,16.010000228881836,0.0908389011028639,0.0563611015674241,0.0876358653839488,-0.0015593176939461,2.431471670653665e-06,8.598349518306676e-05,2,calm
2024-07-24,5427.1298828125,18.040000915527344,18.43000030517578,0.1155065110892795,0.0648934980659939,0.0216185903467864,-0.0234212422228928,0.0005485545872634,0.0001291435051715,2,calm
2024-07-25,5399.22021484375,18.459999084472656,18.690000534057617,0.1163924569737766,0.0682075338709499,0.0124594507579593,-0.0051558890197172,2.6583191583641004e-05,0.0001352268119836,2,calm
2024-07-26,5459.10009765625,16.389999389648438,17.239999771118164,0.1182063088925549,0.0456936850039293,0.0518609159928686,0.0110294204095709,0.000121648114571,0.0001066000317431,2,calm
2024-07-29,5463.5400390625,16.600000381469727,17.15999984741211,0.1180522650094342,0.047947738805263,0.0337349068116588,0.0008129795718284,6.609357842103727e-07,0.0001093492113749,2,calm
2024-07-30,5436.43994140625,17.690000534057617,18.010000228881836,0.1189885827408046,0.0579114225997715,0.0180892982003104,-0.0049725143613676,2.4725899074007244e-05,0.0001241809995614,2,calm
2024-07-31,5522.2998046875,16.360000610351562,16.969999313354492,0.1255491842583599,0.0380508218451556,0.0372859829000838,0.0156699807019177,0.0002455482951984,0.000106210166655,2,calm
2024-08-01,5446.68017578125,18.59000015258789,19.13999938964844,0.1317831639197122,0.0541168376061666,0.0295857575334116,-0.0137881237919901,0.0001901123577032,0.0001371381371719,2,calm
2024-08-02,5346.56005859375,23.38999938964844,23.34000015258789,0.1419838083432889,0.0919161855531954,-0.0021376331066805,-0.0185529066085532,0.0003442103436256,0.0002171000283522,0,stressed
2024-08-05,5186.330078125,38.56999969482422,33.709999084472656,0.1659832051148366,0.2197167918334055,-0.1260046836610096,-0.0304270413923931,0.0009258048478944,0.000590335268436,0,stressed
2024-08-06,5240.02978515625,27.709999084472656,26.76000022888184,0.1695395100085867,0.1075604808361398,-0.0342836119443666,0.0103008494935995,0.0001061075002897,0.0003047000195482,0,stressed
2024-08-07,5199.5,27.850000381469727,27.01000022888184,0.169795767420911,0.1087042363937862,-0.0301615849580666,-0.0077647153887694,6.029080506859371e-05,0.0003077867147808,0,stressed
2024-08-08,5319.31005859375,23.790000915527344,24.1299991607666,0.1838754730454653,0.054024536109808,0.0142916448993218,0.0227811395908988,0.00051898032106,0.0002245889458574,0,stressed
2024-08-09,5344.16015625,20.3700008392334,21.18000030517578,0.1845307948752693,0.0191692135170646,0.0397643314958678,0.0046607984343816,2.172304204593489e-05,0.0001646575135676,0,stressed
2024-08-12,5344.39013671875,20.709999084472656,21.6299991607666,0.1842893253965067,0.0228106654482197,0.0444229897133948,4.30330517200971e-05,1.8518435403445519e-09,0.0001702000246344,0,stressed
2024-08-13,5434.43017578125,18.1200008392334,19.86000061035156,0.1909024319686702,-0.0097024235763362,0.0960264729872813,0.0167072334190499,0.0002791316485186,0.0001302914406404,0,stressed
2024-08-14,5455.2099609375,16.190000534057617,18.450000762939453,0.19033399781502,-0.0284339924744438,0.1395923504837231,0.0038164365611984,1.4565188025651943e-05,0.000104014332259,0,stressed
2024-08-15,5543.22021484375,15.229999542236328,17.8799991607666,0.1955936111881989,-0.0432936157658356,0.1739986669849338,0.0160044899313041,0.0002561436979612,9.20447960541741e-05,0,stressed
2024-08-16,5554.25,14.800000190734863,17.809999465942383,0.1950215428046731,-0.0470215408973245,0.2033783267848771,0.0019878023683961,3.95135825580135e-06,8.69206371610127e-05,0,stressed
2024-08-19,5608.25,14.649999618530272,17.59000015258789,0.1970478094677708,-0.0505478132824681,0.2006826355366532,0.0096753274361777,9.36119609972544e-05,8.51676542948163e-05,0,stressed
2024-08-20,5597.1201171875,15.880000114440918,18.280000686645508,0.1971426194410568,-0.0383426182966476,0.1511335362033204,-0.0019865272376097,3.946290465765261e-06,0.0001000692077915,0,stressed
2024-08-21,5620.85009765625,16.270000457763672,18.57999992370605,0.1952603584837716,-0.0325603539061349,0.1419790658235722,0.0042307147210067,1.7898947050543612e-05,0.0001050448074982,0,stressed
2024-08-22,5570.64013671875,17.549999237060547,19.36000061035156,0.1953274833784885,-0.0198274910078831,0.1031339858675782,-0.0089729422566572,8.051369274130474e-05,0.000122223203659,0,stressed
2024-08-23,5634.60986328125,15.859999656677246,18.190000534057617,0.197537471947455,-0.0389374753806825,0.1469105250831082,0.0114179374016644,0.0001303692945083,9.98172972657946e-05,0,stressed
2024-08-26,5616.83984375,16.149999618530273,18.25,0.1975855338153698,-0.036085537630067,0.1300309864441245,-0.0031587101696058,9.977449935571192e-06,0.000103500987174,0,stressed
2024-08-27,5625.7998046875,15.43000030517578,17.729999542236328,0.1967128569131702,-0.0424128538614124,0.1490602198036928,0.0015939251127232,2.540597264969677e-06,9.447813865782722e-05,0,stressed
2024-08-28,5592.18017578125,17.110000610351562,18.89999961853028,0.1931688425291579,-0.0220688364256423,0.1046171212346867,-0.0059939007947352,3.59268467371274e-05,0.0001161714765421,0,stressed
2024-08-29,5591.9599609375,15.649999618530272,18.0,0.1917245668016738,-0.0352245706163711,0.150159772444162,-3.937984343658622e-05,1.550772069090043e-09,9.719146351587209e-05,0,stressed
2024-08-30,5648.39990234375,15.0,17.43000030517578,0.192400297681164,-0.042400297681164,0.1620000203450521,0.0100424570791441,0.0001008509441864,8.928571428571429e-05,0,stressed
2024-09-03,5528.93017578125,20.71999931335449,21.700000762939453,0.2004186604664286,0.0067813326671162,0.0472973688253615,-0.0213779633723976,0.0004570173179515,0.0001703644331529,0,stressed
2024-09-04,5520.06982421875,21.31999969482422,22.06999969482422,0.2004212998004823,0.0127786971477598,0.035178236901292,-0.0016038290273809,2.572267549069767e-06,0.0001803739630902,0,stressed
2024-09-05,5503.41015625,19.89999961853028,20.93000030517578,0.1882469786692243,0.0107530175160784,0.0517588294668306,-0.0030225810146741,9.135995990268892e-06,0.000157146819372,0,stressed
2024-09-06,5408.419921875,22.3799991607666,22.739999771118164,0.1946681936311662,0.0291317979764997,0.0160858187601125,-0.0174109445074244,0.0003031409886406,0.0001987556993793,0,stressed
2024-09-09,5471.0498046875,19.450000762939453,20.8799991607666,0.1949102193630809,-0.0004102117336863,0.0735217656418762,0.0115135344358182,0.0001325614752047,0.0001501200514596,0,stressed
2024-09-10,5495.52001953125,19.07999992370605,20.549999237060547,0.1953172531243995,-0.004517253887339,0.0770439894775936,0.0044626999777935,1.991569109179847e-05,0.0001444628559875,0,stressed
2024-09-11,5554.1298828125,17.690000534057617,19.59000015258789,0.1969490209940685,-0.0200490156534924,0.1074052889298847,0.0106085556498433,0.0001125414529758,0.0001241809995614,0,stressed
2024-09-12,5595.759765625,17.06999969482422,19.479999542236328,0.1929300838480578,-0.0222300868998156,0.1411833562095987,0.0074673521568026,5.5761348233705486e-05,0.000115628924437,0,stressed
2024-09-13,5626.02001953125,16.559999465942383,19.280000686645508,0.1885983632861179,-0.0229983686266941,0.1642512867405058,0.005393142234356,2.9085983159994813e-05,0.0001088228501238,0,stressed
2024-09-16,5633.08984375,17.139999389648438,19.809999465942383,0.1791830464232006,-0.0077830525267162,0.1557759726588129,0.0012558408673102,1.57713628400665e-06,0.0001165791980464,0,stressed
2024-09-17,5634.580078125,17.610000610351562,20.1299991607666,0.1511992176826045,0.024900788420911,0.1431004237974714,0.0002645150938964,6.99682348990482e-08,0.0001230603656732,0,stressed
2024-09-18,5618.259765625,18.229999542236328,20.350000381469727,0.1503188936348297,0.0319811017875334,0.116291875615337,-0.0029006587083132,8.413820942113731e-06,0.0001318781282975,0,stressed
2024-09-19,5713.64013671875,16.329999923706055,19.06999969482422,0.1528594565929981,0.0104405426440624,0.1677893315321172,0.0168343568927251,0.0002833955719916,0.0001058209910746,0,stressed
2024-09-20,5702.5498046875,16.149999618530273,18.940000534057617,0.1416423577510817,0.0198576384342209,0.1727554787262123,-0.0019429136300157,3.774913373700918e-06,0.000103500987174,2,calm
2024-09-23,5718.56982421875,15.890000343322754,18.700000762939453,0.1414777761093301,0.0174222273238974,0.1768408029517449,0.0028053344257131,7.869901240091174e-06,0.0001001952821074,2,calm
2024-09-24,5732.93017578125,15.390000343322754,18.46999931335449,0.1413228533466439,0.0125771500865836,0.200129883126874,0.0025080311033453,6.290220015347668e-06,9.398893276487084e-05,2,calm
2024-09-25,5722.259765625,15.40999984741211,18.56999969482422,0.1350253513030677,0.0190746471710533,0.2050616404089573,-0.0018629832062121,3.4707064266284204e-06,9.42333711496989e-05,2,calm
2024-09-26,5745.3701171875,15.369999885559082,18.450000762939453,0.1350556562529633,0.0186443426026274,0.2003904294283172,0.0040305421581992,1.624527008902124e-05,9.374480019130406e-05,2,calm
2024-09-27,5738.169921875,16.959999084472656,19.540000915527344,0.1282955532116667,0.0413044376330598,0.1521227576843886,-0.0012540029000721,1.5725232733892968e-06,0.0001141434797402,2,calm
2024-09-30,5762.47998046875,16.729999542236328,19.21999931335449,0.1285862271296055,0.0387137682927577,0.1488344195606187,0.0042276036584415,1.7872632692868028e-05,0.000111068605033,2,calm
2024-10-01,5708.75,19.26000022888184,20.88999938964844,0.1295550833324673,0.0630449189563511,0.0846313157526495,-0.0093678486944544,8.775658916219188e-05,0.00014720143207,2,calm
2024-10-02,5709.5400390625,18.89999961853028,20.59000015258789,0.1293337633840884,0.0596662328012143,0.089418019479782,0.0001383813269864,1.9149391658538345e-08,0.0001417499942779,2,calm
2024-10-03,5699.93994140625,20.489999771118164,21.6299991607666,0.1290515078748851,0.0758484898362964,0.0556368668805615,-0.0016828286544586,2.831912280267243e-06,0.0001666032105636,2,calm
2024-10-04,5751.06982421875,19.209999084472656,20.64999961853028,0.1281010969652039,0.0639988938795226,0.0749609892080404,0.0089302556991863,7.974946685285086e-05,0.0001464381209624,2,calm
2024-10-07,5695.93994140625,22.63999938964844,22.59000015258789,0.127842176664678,0.0985578172318064,-0.0022084469261695,-0.0096322638293887,9.278050647895128e-05,0.0002034006239536,2,calm
2024-10-08,5751.1298828125,21.420000076293945,21.520000457763672,0.1301428069170899,0.0840571938458495,0.0046685518727144,0.0096427068046943,9.29817945212994e-05,0.0001820700012969,2,calm
2024-10-09,5792.0400390625,20.86000061035156,20.90999984741211,0.1314067001494989,0.0771933059540166,0.0023968952827229,0.0070882310169945,5.024301895028409e-05,0.0001726744545491,2,calm
2024-10-10,5780.0498046875,20.93000030517578,21.020000457763672,0.1300854753901446,0.0792145276616131,0.0043000550060018,-0.0020722685059824,4.294296760886879e-06,0.000173835282847,2,calm
2024-10-11,5815.02978515625,20.459999084472656,20.770000457763672,0.1308114148377355,0.073788576006991,0.0151515829502787,0.0060336087072987,3.640443403279093e-05,0.0001661156994192,2,calm
2024-10-14,5859.85009765625,19.700000762939453,20.1200008392334,0.1296129199461646,0.0673870876832299,0.0213198000014329,0.0076781145745943,5.895344342059777e-05,0.0001540039801824,2,calm
2024-10-15,5815.259765625,20.63999938964844,20.799999237060547,0.1139649428404003,0.0924350510560841,0.0077519308209064,-0.0076385660375134,5.8347691109453495e-05,0.0001690514185732,2,calm
2024-10-16,5842.47021484375,19.57999992370605,20.31999969482422,0.1138427505118842,0.0819572487251762,0.0377936554648414,0.0046682327827797,2.179239731421972e-05,0.0001521334908779,2,calm
2024-10-17,5841.47021484375,19.11000061035156,19.809999465942383,0.1130704141699783,0.0780295919335372,0.0366299755747598,-0.0001711751285381,2.930092463005777e-08,0.0001449175092569,2,calm
2024-10-18,5864.669921875,18.030000686645508,19.190000534057617,0.0970398525938234,0.0832601542726316,0.0643372048383392,0.0039636869427743,1.571081418032017e-05,0.0001290003669684,2,calm
2024-10-21,5853.97998046875,18.3700008392334,19.239999771118164,0.0941700733823132,0.0895299350100207,0.0473597654947669,-0.001824432756419,3.32855488269475e-06,0.0001339114804894,2,calm
2024-10-22,5851.2001953125,18.200000762939453,19.170000076293945,0.0942515413249317,0.0877484663044628,0.0532966633347453,-0.0004749666671957,2.2559333494707987e-07,0.0001314444554646,2,calm
2024-10-23,5797.419921875,19.239999771118164,20.040000915527344,0.0961933479952622,0.0962066497159193,0.0415801015554111,-0.0092338242676795,8.526351060638804e-05,0.0001468958695208,2,calm
2024-10-24,5809.85986328125,19.07999992370605,19.850000381469727,0.0945121699406015,0.096287829296459,0.0403564182831564,0.0021434731305568,4.594477061419089e-06,0.0001444628559875,2,calm
2024-10-25,5808.1201171875,20.32999992370605,20.940000534057617,0.0937817656780237,0.1095182335590367,0.0300049489739676,-0.0002994920131862,8.969546596236546e-08,0.0001640114670229,2,calm
2024-10-28,5823.52001953125,19.799999237060547,20.170000076293945,0.0938935148997254,0.10410647747088,0.0186869117924434,0.0026479346267329,7.01155778745134e-06,0.0001555714165823,2,calm
2024-10-29,5832.919921875,19.34000015258789,19.959999084472656,0.0938695499932157,0.0995304515326631,0.0320578555839258,0.0016128259449012,2.6012075285465124e-06,0.0001484268277389,2,calm
2024-10-30,5813.669921875,20.350000381469727,20.76000022888184,0.0940287516350216,0.1094712521796756,0.0201474122715717,-0.0033056916724881,1.0927597433557294e-05,0.0001643343315578,2,calm
2024-10-31,5705.4501953125,23.15999984741211,22.63999938964844,0.0989183759212078,0.1326816225529132,-0.0224525242309866,-0.0187901349287453,0.0003530691706404,0.0002128514257667,2,calm
2024-11-01,5728.7998046875,21.8799991607666,21.90999984741211,0.0994558964594521,0.1193440951482138,0.0013711466086023,0.0040841580045254,1.668034660592938e-05,0.0001899739536806,2,calm
2024-11-04,5712.68994140625,21.979999542236328,21.56999969482422,0.0994876951584479,0.1203123002639153,-0.0186533146474485,-0.0028160448131902,7.930108389895943e-06,0.000191714436459,2,calm
2024-11-05,5782.759765625,20.489999771118164,20.190000534057617,0.1054192648667574,0.0994807328444241,-0.014641251362209,0.012191031029563,0.0001486212375637,0.0001666032105636,2,calm
2024-11-06,5929.0400390625,16.270000457763672,17.670000076293945,0.1271324232801139,0.0355675812975227,0.086047915128498,0.0249812809571866,0.0006240643982618,0.0001050448074982,2,calm
2024-11-07,5973.10009765625,15.199999809265137,16.950000762939453,0.1281606448064211,0.0238393532862302,0.1151316431338114,0.0074037541739956,5.4815575868958106e-05,9.168253738161118e-05,2,calm
2024-11-08,5995.5400390625,14.9399995803833,16.829999923706055,0.1281161159264905,0.0212838798773425,0.1265060506296389,0.003749794035718,1.4060955310306634e-05,8.857285216740206e-05,2,calm
2024-11-11,6001.35009765625,14.970000267028809,16.799999237060547,0.1278528221508707,0.0218471805194173,0.1222444179952543,0.0009685941909569,9.381747067554978e-07,8.892893174398515e-05,2,calm
2024-11-12,5983.990234375,14.710000038146973,16.709999084472656,0.1244680772874529,0.0226319230940168,0.1359618654751291,-0.0028968514769364,8.391748479429179e-06,8.586670679455712e-05,2,calm
2024-11-13,5985.3798828125,14.020000457763672,16.510000228881836,0.1244589996767516,0.0157410049008851,0.1776034015561896,0.0002322007641401,5.3917194867285295e-08,7.800016382368792e-05,2,calm
2024-11-14,5949.169921875,14.3100004196167,16.68000030517578,0.1260939936996392,0.0170060104965277,0.1656184357835654,-0.006068108582244,3.682194176590329e-05,8.126036190850401e-05,2,calm
2024-11-15,5870.6201171875,16.139999389648438,17.809999465942383,0.1309569576378754,0.0304430362586089,0.1034696492841888,-0.0132914308667937,0.0001766621344867,0.0001033728493245,2,calm
2024-11-18,5893.6201171875,15.579999923706056,17.190000534057617,0.1275218408951083,0.0282781583419521,0.1033376520048522,0.0039101597462065,1.5289349240853975e-05,9.632396731058758e-05,2,calm
2024-11-19,5916.97998046875,16.350000381469727,17.690000534057617,0.1252710897263952,0.038228914088302,0.0819571939647524,0.0039557505205964,1.5647962181199378e-05,0.0001060803620928,2,calm
2024-11-20,5917.10986328125,17.15999984741211,18.26000022888184,0.123928091970789,0.0476719065033321,0.0641025869027394,2.19506213354446e-05,4.818297770120757e-10,0.0001168514264933,2,calm
2024-11-21,5948.7099609375,16.8700008392334,18.18000030517578,0.1243380562945074,0.0443619520978265,0.0776526022983832,0.0053262518442884,2.836895870878656e-05,0.0001129352890141,2,calm
2024-11-22,5969.33984375,15.239999771118164,17.299999237060547,0.1236474458707237,0.0287525518404578,0.1351705706614482,0.0034619595915364,1.198516421343133e-05,9.2165711517334e-05,2,calm
2024-11-25,5987.3701171875,14.600000381469728,16.8700008392334,0.1221469847900067,0.0238530190246905,0.1554794793460928,0.0030159278201245,9.095820616201168e-06,8.458730600750643e-05,2,calm
2024-11-26,6021.6298828125,14.100000381469728,16.530000686645508,0.120323538642417,0.0206764651722802,0.172340442512987,0.0057056971552638,3.255498002758617e-05,7.889286141168512e-05,2,calm
2024-11-27,5998.740234375,14.100000381469728,16.600000381469727,0.1206849552701544,0.0203150485445428,0.1773049597420938,-0.0038084810835777,1.4504528163969264e-05,7.889286141168512e-05,2,calm
2024-11-29,6032.3798828125,13.510000228881836,16.260000228881836,0.1214026168764561,0.0136973854123622,0.2035529203116531,0.0055921203968016,3.1271810532324735e-05,7.242861356523304e-05,2,calm
2024-12-02,6047.14990234375,13.34000015258789,16.34000015258789,0.1211678897235447,0.0122321118023342,0.2248875536495414,0.0024454638805813,5.980293591228111e-06,7.061730320279563e-05,2,calm
2024-12-03,6049.8798828125,13.300000190734863,16.239999771118164,0.1208826171974149,0.0121173847099336,0.2210525968587115,0.0004513472420221,2.0371433288102955e-07,7.01944464577569e-05,2,calm
2024-12-04,6086.490234375,13.449999809265137,16.389999389648438,0.1216164947118636,0.0128835033807877,0.2185873324963216,0.0060331816281361,3.63992805580792e-05,7.17867043131874e-05,2,calm
2024-12-05,6075.10986328125,13.539999961853027,16.579999923706055,0.1178823501739837,0.0175176494445465,0.2245199387310032,-0.0018715258393823,3.50260896747575e-06,7.275063451070634e-05,2,calm
2024-12-06,6090.27001953125,12.770000457763672,16.31999969482422,0.1179017012609691,0.0097983033166676,0.2779952317779505,0.0024923453675383,6.2117854310896844e-06,6.471147289336682e-05,2,calm
2024-12-09,6052.85009765625,14.1899995803833,17.09000015258789,0.1199177282650037,0.0219822675388292,0.2043693205046772,-0.0061631672852274,3.7984630985698046e-05,7.990320956003104e-05,2,calm
2024-12-10,6034.91015625,14.18000030517578,16.979999542236328,0.1205032783723914,0.0212967246793663,0.1974611549224391,-0.0029682843142792,8.81071177039625e-06,7.979063835507349e-05,2,calm
2024-12-11,6084.18994140625,13.579999923706056,16.8799991607666,0.122172753772156,0.0136272454649045,0.243004363446267,0.0081326264113682,6.613961234688418e-05,7.318111028883196e-05,2,calm
2024-12-12,6051.25,13.920000076293944,17.350000381469727,0.1230361131008832,0.0161638876620561,0.2464080665500244,-0.0054287314614632,2.947112528068093e-05,7.689142941429498e-05,2,calm
2024-12-13,6051.08984375,13.8100004196167,17.149999618530273,0.1073894206421561,0.0307105835540108,0.241853663825325,-2.646698937187397e-05,7.005015264108897e-10,7.568099666262437e-05,2,calm
2024-12-16,6074.080078125,14.6899995803833,17.56999969482422,0.1073425683967652,0.0395574274070677,0.1960517492653169,0.0037921550087844,1.4380439610648836e-05,8.563336812367522e-05,2,calm
2024-12-17,6050.60986328125,15.869999885559082,18.1299991607666,0.1077924920505959,0.0509075068049948,0.1424070126972091,-0.0038714794806554,1.4988353369136543e-05,9.99432128443037e-05,2,calm
2024-12-18,5872.16015625,27.6200008392334,24.239999771118164,0.1378544238462097,0.1383455845461242,-0.1223751254675576,-0.0299365053045181,0.0008961943498474,0.0003027239866504,0,stressed
2024-12-19,5867.080078125,24.09000015258789,24.13999938964844,0.1167204116338016,0.1241795898920772,0.0020755183372292,-0.0008654867505367,7.490673153547376e-07,0.0002302889314887,0,stressed
2024-12-20,5930.85009765625,18.36000061035156,20.100000381469727,0.1190807552644461,0.0645192508390694,0.0947712262132027,0.0108104794023972,0.0001168664649096,0.0001337657231794,2,calm
2024-12-23,5974.06982421875,16.780000686645508,18.64999961853028,0.1205281173686383,0.0472718894978167,0.1114421248726778,0.0072608495856163,5.271993670494544e-05,0.0001117335012078,2,calm
2024-12-24,6040.0400390625,14.270000457763672,17.200000762939453,0.1247344997616106,0.0179655048160261,0.2053258732435217,0.0109822331651268,0.0001206094452932,8.080671153356166e-05,2,calm
2024-12-26,6037.58984375,14.729999542236328,17.360000610351562,0.1244031080407634,0.0228968873815998,0.1785472606821238,-0.0004057410882578,1.6462583070063937e-07,8.61003517913819e-05,2,calm
2024-12-27,5970.83984375,15.949999809265137,18.06999969482422,0.1287283085054286,0.0307716895872227,0.1329153549160297,-0.0111173049649122,0.0001235944696828,0.0001009533706014,2,calm
2024-12-30,5906.93994140625,17.399999618530273,18.940000534057617,0.1313165179841096,0.042683478201193,0.0885058016833119,-0.0107596739417297,0.0001157705833323,0.0001201428518749,2,calm
2024-12-31,5881.6298828125,17.350000381469727,18.979999542236328,0.1260269877487971,0.0474730160659001,0.0939480763647409,-0.0042940064589823,1.8438491469781767e-05,0.0001194533782686,2,calm
2025-01-02,5868.5498046875,17.93000030517578,19.32999992370605,0.1256533629274305,0.0536466401243272,0.0780814051702016,-0.0022263631494489,4.956692873224435e-06,0.0001275733773585,2,calm
2025-01-03,5942.47021484375,16.1299991607666,18.13999938964844,0.1304386259897011,0.0308613656179648,0.1246125439219372,0.012517356707826,0.0001566842189509,0.0001032447908437,2,calm
2025-01-06,5975.3798828125,16.040000915527344,18.030000686645508,0.1313651794151565,0.0290348297401168,0.1240648165544533,0.0055227664968181,3.0500949778377253e-05,0.0001020958846706,2,calm
2025-01-07,5909.02978515625,17.81999969482422,19.190000534057617,0.1345680567309961,0.043631940217246,0.0768799586248765,-0.011166021516637,0.00012468003651,0.0001260128528267,2,calm
2025-01-08,5918.25,17.700000762939453,19.34000015258789,0.1342278384062813,0.0427721692231132,0.092655328754691,0.0015591440938312,2.4309303053288453e-06,0.0001243214392889,2,calm
2025-01-10,5827.0400390625,19.540000915527344,20.96999931335449,0.1408626694554882,0.0545373396997852,0.0731831284967241,-0.0155316376502333,0.0002412317680981,0.0001515125538804,2,calm
2025-01-13,5836.22021484375,19.190000534057617,20.43000030517578,0.1396818711861428,0.0522181341544333,0.0646169742891598,0.0015742043780551,2.4781194238879e-06,0.0001461333811496,2,calm
2025-01-14,5842.91015625,18.709999084472656,19.989999771118164,0.1395673259975726,0.0475326648471538,0.0684126536226169,0.0011456233341642,1.312452823781654e-06,0.0001389143118019,2,calm
2025-01-15,5949.91015625,16.1200008392334,18.229999542236328,0.1490460948782222,0.0121539135141117,0.1308932129747502,0.0181471325045163,0.0003293184181364,0.0001031168361336,2,calm
2025-01-16,5937.33984375,16.600000381469727,18.350000381469727,0.1488598298599769,0.0171401739547203,0.1054216843243866,-0.0021149243408667,4.472904967590705e-06,0.0001093492113749,2,calm
2025-01-17,5996.66015625,15.970000267028809,18.190000534057617,0.1519571222070069,0.0077428804632811,0.1390106593556016,0.009941478308394,9.883299095626907e-05,0.0001012067097336,2,calm
2025-01-21,6049.240234375,15.0600004196167,17.5,0.1531294632126498,-0.0025294590164828,0.1620185599201598,0.008730009440596,7.621306483289616e-05,9.000143358684727e-05,2,calm
2025-01-22,6086.3701171875,15.100000381469728,17.809999465942383,0.1541216971441393,-0.003121693329442,0.1794701335106113,0.0061191810869941,3.7444377175426656e-05,9.048016330174044e-05,2,calm
2025-01-23,6118.7099609375,15.020000457763672,17.520000457763672,0.1547199550592866,-0.0045199504816498,0.1664447352734784,0.0052994194595293,2.808384660803858e-05,8.952397371080195e-05,2,calm
2025-01-24,6101.240234375,14.850000381469728,17.549999237060547,0.1538413177802401,-0.0053413139655428,0.1818181000830112,-0.0028592159844677,8.175116045835937e-06,8.750893306732186e-05,2,calm
2025-01-27,6012.27978515625,17.899999618530273,18.96999931335449,0.1596231963129306,0.019376799872372,0.0597765205378295,-0.0146880590321123,0.0002157390781308,0.0001271468199775,2,calm
2025-01-28,6067.7001953125,16.40999984741211,18.1299991607666,0.1601199321139808,0.0039800663601402,0.1048140968523981,0.0091756441777168,8.419244607606824e-05,0.0001068603551555,2,calm
2025-01-29,6039.31005859375,16.559999465942383,18.14999961853028,0.1599200759121382,0.0056799187472855,0.0960145050643219,-0.0046898760569196,2.1994937429267752e-05,0.0001088228501238,2,calm
2025-01-30,6071.169921875,15.84000015258789,17.90999984741211,0.160664055919664,-0.0022640543937851,0.1306817976568029,0.0052615481521802,2.768388895771127e-05,9.956571620396206e-05,2,calm
2025-01-31,6040.52978515625,16.43000030517578,18.43000030517578,0.1609494402650378,0.0033505627867199,0.1217285430828604,-0.0050596039902671,2.559959253832772e-05,0.0001071209960428,2,calm
2025-02-03,5994.56982421875,18.6200008392334,19.549999237060547,0.1620653899078365,0.0241346184844974,0.0499462060102376,-0.0076376907294952,5.8334319679416965e-05,0.0001375811235131,2,calm
2025-02-04,6037.8798828125,17.209999084472656,18.63999938964844,0.1368526166653789,0.0352473741793476,0.0830912481840845,0.0071989074030291,5.182426779738737e-05,0.0001175333605109,2,calm
2025-02-05,6061.47998046875,15.770000457763672,17.959999084472656,0.1370070856869807,0.020692918890656,0.1388711834583894,0.0039010539156136,1.5218221652524308e-05,9.86876644594708e-05,2,calm
2025-02-06,6083.56982421875,15.5,17.940000534057617,0.1341303337242941,0.0208696662757058,0.1574193892940398,0.0036376743552662,1.3232674714961844e-05,9.53373015873016e-05,2,calm
2025-02-07,6025.990234375,16.540000915527344,18.6299991607666,0.13595673995068,0.0294432692045934,0.1263602254868812,-0.0095098456936602,9.043716511722744e-05,0.0001085601707482,2,calm
2025-02-10,6066.43994140625,15.8100004196167,18.229999542236328,0.1335712885155643,0.0245287156806026,0.1530676191264958,0.0066901122954551,4.475760252580047e-05,9.918893383661912e-05,2,calm
2025-02-11,6068.5,16.020000457763672,18.280000686645508,0.1335620322827678,0.0266379722948689,0.141073668183735,0.0003395251436738,1.1527732318675205e-07,0.0001018414343915,2,calm
2025-02-12,6051.97021484375,15.890000343322754,18.309999465942383,0.1295540984125593,0.0293459050206682,0.1522969836584398,-0.0027275831896475,7.439710056448042e-06,0.0001001952821074,2,calm
2025-02-13,6115.06982421875,15.100000381469728,17.84000015258789,0.1281349431347902,0.022865060679907,0.1814569339005188,0.0103723132142357,0.0001075848814142,9.048016330174044e-05,2,calm
2025-02-14,6114.6298828125,14.770000457763672,17.809999465942383,0.1271555129581174,0.0205444916195192,0.2058225398754657,-7.19463955744955e-05,5.176283836161786e-09,8.656861647711868e-05,2,calm
2025-02-18,6129.580078125,15.350000381469728,17.81999969482422,0.12675129782323,0.0267487059914672,0.160912003385761,0.0024420036555518,5.963381853728398e-06,9.350099671076222e-05,2,calm
2025-02-19,6144.14990234375,15.270000457763672,17.93000030517578,0.1223897758560063,0.0303102287216303,0.1741977581971646,0.0023741488668242,5.63658284184284e-06,9.25289341190884e-05,2,calm
2025-02-20,6117.52001953125,15.65999984741211,18.010000228881836,0.1226406489754212,0.0339593494986998,0.1500638827820982,-0.0043436048842902,1.88669033908302e-05,9.73157123892648e-05,2,calm
2025-02-21,6013.1298828125,18.209999084472656,19.479999542236328,0.1288534214457442,0.0532465693989822,0.0697419286993033,-0.0172113966725391,0.0002962321754194,0.0001315889153398,2,calm
2025-02-24,5983.25,18.979999542236328,19.86000061035156,0.1298133128388586,0.0599866825835046,0.0463646517038611,-0.0049814935662523,2.4815278150613564e-05,0.000142952532787,2,calm
2025-02-25,5955.25,19.43000030517578,20.030000686645508,0.1218352589674175,0.0724647440843402,0.0308801014948979,-0.0046907151383955,2.200280850957325e-05,0.0001498114729599,2,calm
2025-02-26,5956.06005859375,19.100000381469727,19.75,0.1218195010428591,0.0691805027718381,0.0340313929606454,0.0001360150295834,1.8500088272591053e-08,0.0001447658787984,2,calm
2025-02-27,5861.56982421875,21.1299991607666,21.21999931335449,0.1310250570002697,0.0802749346073962,0.0042593542906994,-0.0159917426785246,0.0002557358338961,0.000177173358942,2,calm
2025-02-28,5954.5,19.6299991607666,20.18000030517578,0.1282915473211518,0.0680084442865141,0.0280183987734669,0.0157297804206633,0.0002474259920822,0.0001529114551792,2,calm
2025-03-03,5849.72021484375,22.780000686645508,22.18000030517578,0.1381840608032184,0.0896159460632366,-0.0263389097183596,-0.0177534026483088,0.0003151833055929,0.000205923980668,0,stressed
2025-03-04,5778.14990234375,23.51000022888184,22.780000686645508,0.1386282712983988,0.0964717309904195,-0.0310505969855131,-0.0123102882315054,0.0001515431963427,0.0002193333772865,0,stressed
2025-03-05,5842.6298828125,21.93000030517578,21.71999931335449,0.1402675389813081,0.0790324640704497,-0.0095759684860437,0.0110974725287356,0.000123153896526,0.0001908432195972,0,stressed
2025-03-06,5738.52001953125,24.8700008392334,23.700000762939453,0.1466469269951374,0.1020530813971965,-0.0470446335670493,-0.0179796771074555,0.0003232687888883,0.0002454432308505,0,stressed
2025-03-07,5770.2001953125,23.3700008392334,22.59000015258789,0.1467367555611522,0.0869632528311817,-0.0333761514178488,0.0055054350454544,3.030981503971823e-05,0.0002167289441372,0,stressed
2025-03-10,5614.56005859375,27.86000061035156,25.71999931335449,0.1641711500675501,0.1144288560359654,-0.0768126794728762,-0.0273435417884281,0.0007476692775355,0.0003080077912733,0,stressed
2025-03-11,5572.06982421875,26.920000076293945,25.34000015258789,0.1609530295480807,0.1082469712148586,-0.0586924189906455,-0.0075966469185365,5.7709044404911286e-05,0.0002875739698839,0,stressed
2025-03-12,5599.2998046875,24.229999542236328,23.670000076293945,0.1587009380272507,0.0835990573951125,-0.0231118232159362,0.0048749679404907,2.376531242081289e-05,0.000232973364213,0,stressed
2025-03-13,5521.52001953125,24.65999984741211,24.059999465942383,0.1619796286310328,0.0846203698430882,-0.0243309158630304,-0.0139883668064641,0.0001956744059121,0.0002413157112993,0,stressed
2025-03-14,5638.93994140625,21.770000457763672,22.170000076293945,0.1749056765977236,0.042794327979913,0.0183738911400722,0.0210429059531969,0.000442803890955,0.0001880686190202,0,stressed
2025-03-17,5675.1201171875,20.51000022888184,21.299999237060547,0.1765703578284636,0.0285296444603548,0.0385177474092001,0.006395634974606,4.090414672840394e-05,0.0001669286148367,0,stressed
2025-03-18,5614.66015625,21.700000762939453,21.96999931335449,0.177632286526643,0.0393677211027514,0.0124423290747599,-0.0107106670743197,0.0001147183891769,0.0001868611242506,0,stressed
2025-03-19,5675.2900390625,19.89999961853028,20.82999992370605,0.179543975172953,0.0194560210123497,0.0467336845730281,0.0107406081729537,0.0001153606639249,0.000157146819372,0,stressed
2025-03-20,5662.89013671875,19.799999237060547,20.709999084472656,0.1786510573517392,0.0193489350188662,0.0459595900240653,-0.0021872835137829,4.784209169666841e-06,0.0001555714165823,0,stressed
2025-03-21,5667.56005859375,19.280000686645508,20.350000381469727,0.1780279918681554,0.0147720149982996,0.0554979075060596,0.0008243136078323,6.794929240575376e-07,0.000147507312094,0,stressed
2025-03-24,5767.56982421875,17.479999542236328,19.040000915527344,0.1856440803409683,-0.010844084918605,0.0892449321592736,0.0174921171286391,0.000305974161642,0.0001212501523795,0,stressed
2025-03-25,5776.64990234375,17.149999618530273,19.049999237060547,0.184279097541899,-0.0127791013565962,0.1107871522327823,0.0015730954906538,2.4746294227153843e-06,0.0001167152725855,0,stressed
2025-03-26,5712.2001953125,18.32999992370605,19.84000015258789,0.1862395389553624,-0.0029395397183019,0.0823786271231222,-0.011219640357598,0.0001258803297538,0.0001333289274615,0,stressed
2025-03-27,5693.31005859375,18.690000534057617,19.88999938964844,0.1862666455120989,0.0006333598284772,0.0642053943981511,-0.0033124610071321,1.0972397923770682e-05,0.0001386175079218,0,stressed
2025-03-28,5580.93994140625,21.64999961853028,22.01000022888184,0.1894067166009693,0.0270932795843334,0.016628204004375,-0.0199346011268535,0.0003973883220867,0.0001860009855088,0,stressed
2025-03-31,5611.85009765625,22.280000686645508,21.96999931335449,0.1908589416041289,0.0319410652623261,-0.0139138852664772,0.0055232403576457,3.050618404832644e-05,0.0001969835042051,0,stressed
2025-04-01,5633.06982421875,21.770000457763672,21.81999969482422,0.1912192221369729,0.0264807824406637,0.0022967035374,0.003774104555212,1.4243865193672473e-05,0.0001880686190202,0,stressed
2025-04-02,5670.97021484375,21.51000022888184,21.450000762939453,0.1926475500371402,0.0224524522516781,-0.0027893754209181,0.0067056614294841,4.496589520687086e-05,0.000183603218193,0,stressed
2025-04-03,5396.52001953125,30.020000457763672,27.3799991607666,0.2358758380974388,0.0643241664801978,-0.0879414142818349,-0.0496059118289966,0.0024607464883861,0.0003576192172556,0,stressed
2025-04-04,5074.080078125,45.310001373291016,36.709999084472656,0.2867927225989576,0.1663072911339525,-0.189803620131599,-0.0616090618982309,0.00379567650798,0.0008146810414474,1,crisis
2025-04-07,5062.25,46.97999954223633,36.880001068115234,0.2869497371588117,0.1828502582635515,-0.2149850696580129,-0.0023341946059635,5.448464458509512e-06,0.0008758414115033,1,crisis
2025-04-08,4982.77001953125,52.33000183105469,41.5,0.2884632477688396,0.2348367705417072,-0.206955884809997,-0.0158250832770548,0.0002504332607257,0.0010866782109675,1,crisis
2025-04-09,5456.89990234375,33.619998931884766,29.920000076293945,0.4024819640188418,-0.0662819746999942,-0.110053509016676,0.0908948798330364,0.0082618791798621,0.0004485334635634,1,crisis
2025-04-10,5268.0498046875,40.720001220703125,35.709999084472656,0.411663449246286,-0.0044634370392547,-0.1230354122308633,-0.0352206070241116,0.0012404911591469,0.0006579835315135,1,crisis
2025-04-11,5363.35986328125,37.560001373291016,33.90999984741211,0.4126077497594499,-0.0370077360265397,-0.0971778858473213,0.017930380835778,0.000321498556916,0.00055982289808,1,crisis
2025-04-14,5405.97021484375,30.88999938964844,29.6299991607666,0.4115996907352237,-0.1026996968387393,-0.0407899078594374,0.0079133193263429,6.26206227606735e-05,0.0003786476437668,1,crisis
2025-04-15,5396.6298828125,30.1200008392334,29.0,0.410578341166846,-0.109378332774512,-0.0371846217804389,-0.0017292752253009,2.990392804839509e-06,0.0003600057343473,1,crisis
2025-04-16,5275.7001953125,32.63999938964844,30.940000534057617,0.4126760119079481,-0.0862760180114637,-0.052083299245709,-0.0226632539649025,0.0005136230802776,0.0004227656984747,1,crisis
2025-04-17,5282.7001953125,29.64999961853028,29.350000381469727,0.4105377687185791,-0.1140377725332764,-0.0101180182435166,0.0013259586237727,1.758166271957391e-06,0.0003488581259439,1,crisis
2025-04-21,5158.2001953125,33.81999969482422,31.82999992370605,0.414202295759028,-0.0760022988107858,-0.0588409162943521,-0.023849648334018,0.0005688057256563,0.0004538858648245,1,crisis
2025-04-22,5287.759765625,30.56999969482422,29.450000762939453,0.4159489548922653,-0.1102489579440231,-0.036637191464362,0.0248069521254506,0.0006153848737543,0.0003708432068815,1,crisis
2025-04-23,5375.85986328125,28.450000762939453,28.020000457763672,0.4189917702933162,-0.1344917626639217,-0.0151142458223032,0.0165238643668794,0.000273038093615,0.0003211914854806,1,crisis
2025-04-24,5484.77001953125,26.46999931335449,26.440000534057617,0.4231922536026919,-0.158492260469147,-0.0011333124320005,0.0200566280825831,0.000402268330043,0.0002780400252575,1,crisis
2025-04-25,5525.2099609375,24.84000015258789,25.3700008392334,0.4218813336418004,-0.1734813321159215,0.0213365814569164,0.0073460847957005,5.396496182562224e-05,0.0002448514315795,1,crisis
2025-04-28,5528.75,25.14999961853028,25.729999542236328,0.4171653582532069,-0.1656653620679041,0.023061627534925,0.0006405015390019,4.102422214638451e-07,0.0002510009844492,1,crisis
2025-04-29,5560.830078125,24.170000076293945,25.21999931335449,0.4170794723353269,-0.1753794715723874,0.0434422521202384,0.0057856415455563,3.347364809366824e-05,0.000231820993527,1,crisis
2025-04-30,5569.06005859375,24.700000762939453,25.540000915527344,0.4160265043014577,-0.1690264966720632,0.0340081022931889,0.0014788972519335,2.1871370817765195e-06,0.0002420992213052,1,crisis
2025-05-01,5604.14013671875,24.600000381469727,25.489999771118164,0.4152004358939096,-0.1692004320792123,0.0361788364165571,0.0062793457164519,3.943018262672375e-05,0.0002401428645905,1,crisis
2025-05-02,5686.669921875,22.68000030517578,24.0,0.4174302396148739,-0.1906302365631161,0.0582010439621988,0.0146191911091127,0.0002137207486847,0.0002041200054931,1,crisis
2025-05-05,5650.3798828125,23.63999938964844,24.549999237060547,0.4178524535833282,-0.1814524596868437,0.0384940723733935,-0.0064020470293184,4.0986206165605153e-05,0.0002217657028343,1,crisis
2025-05-06,5606.91015625,24.76000022888184,25.40999984741211,0.415008003743926,-0.1674080014551076,0.0262520037367392,-0.0077229852783917,5.964450161025643e-05,0.0002432768298945,1,crisis
2025-05-07,5631.27978515625,23.549999237060547,24.700000762939453,0.4152307842954565,-0.179730791924851,0.0488323381373683,0.0043369381067101,1.8809032141434468e-05,0.0002200803428831,1,crisis
2025-05-08,5663.93994140625,22.479999542236328,23.76000022888184,0.4144643122594839,-0.1896643168371206,0.0569395334835569,0.0057830211474656,3.3443333592034826e-05,0.0002005358648487,1,crisis
2025-05-09,5659.91015625,21.89999961853028,23.3799991607666,0.4143676453498329,-0.1953676491645301,0.0675798889505025,-0.0007117341348763,5.065654787482052e-07,0.0001903214219411,1,crisis
2025-05-12,5844.18994140625,18.38999938964844,20.21999931335449,0.4201934399077627,-0.2362934460112783,0.0995106027429308,0.0320399766770208,0.001026560105464,0.0001342032053774,1,crisis
2025-05-13,5886.5498046875,18.21999931335449,20.09000015258789,0.4203623188012859,-0.238162325667741,0.1026345175470325,0.0072220590202459,5.215813649191629e-05,0.0001317334821343,1,crisis
2025-05-14,5892.580078125,18.6200008392334,20.57999992370605,0.4203138868157929,-0.234113878423459,0.1052631039813287,0.001023891242276,1.0483532760096008e-06,0.0001375811235131,1,crisis
2025-05-15,5916.93017578125,17.829999923706055,20.25,0.4201026476642829,-0.2418026484272224,0.1357263088417858,0.0041238174387576,1.7005870268201928e-05,0.0001261543243172,1,crisis
2025-05-16,5958.3798828125,17.239999771118164,20.07999992370605,0.3914171119886483,-0.2190171142774667,0.16473318969213,0.0069808493681001,4.873225790010481e-05,0.0001179434889318,1,crisis
2025-05-19,5963.60009765625,18.13999938964844,20.690000534057617,0.3398746392096171,-0.1584746453131326,0.1405733864502955,0.0008757295660482,7.66902272851098e-07,0.000130579197562,1,crisis
2025-05-20,5940.4599609375,18.09000015258789,20.71999931335449,0.3402108841536532,-0.1593108826277743,0.1453841425418871,-0.0038877770695725,1.5114810542694343e-05,0.0001298603593335,1,crisis
2025-05-21,5844.60986328125,20.8700008392334,22.65999984741211,0.3404518697198122,-0.1317518613274781,0.0857689955054386,-0.0162667192677588,0.000264606155736,0.0001728400535831,1,crisis
2025-05-22,5842.009765625,20.280000686645508,22.31999969482422,0.2239225892516688,-0.0211225823852137,0.1005916636640974,-0.0004449700224211,1.979983208534959e-07,0.0001632057253374,0,stressed
2025-05-23,5802.81982421875,22.290000915527344,23.799999237060547,0.1959463386016538,0.0269536705536196,0.0677433045990289,-0.0067308995914731,4.530500931049327e-05,0.0001971603733389,0,stressed
2025-05-27,5921.5400390625,18.959999084472656,21.290000915527344,0.1975698304344647,-0.0079698395897381,0.1228903978673105,0.0202525808021843,0.000410167029149,0.0001426514147949,0,stressed
2025-05-28,5888.5498046875,19.309999465942383,21.670000076293945,0.198701842087771,-0.0056018474283472,0.1222165031394208,-0.0055868025764447,3.121236302816952e-05,0.0001479666981645,0,stressed
2025-05-29,5912.169921875,19.18000030517578,21.6200008392334,0.1982478749617282,-0.0064478719099703,0.1272158756639422,0.0040031708706317,1.6025377019474495e-05,0.0001459811157565,0,stressed
2025-05-30,5911.68994140625,18.56999969482422,21.3799991607666,0.1830239848673091,0.002676012080933,0.1513193059839187,-8.118845699520562e-05,6.591565549262352e-09,0.000136843209788,0,stressed
2025-06-02,5935.93994140625,18.36000061035156,21.09000015258789,0.1828753928141839,0.0007246132893316,0.1486927805817789,0.004093651490626,1.67579825267047e-05,0.0001337657231794,0,stressed
2025-06-03,5970.3701171875,17.690000534057617,20.71999931335449,0.1628973553392322,0.0140026500013439,0.1712831366773209,0.0057835335353689,3.34492601547376e-05,0.0001241809995614,0,stressed
2025-06-04,5970.81005859375,17.610000610351562,20.65999984741211,0.1520066224758441,0.0240933836276715,0.1731969978051952,7.368474471916267e-05,5.4294416043281724e-09,0.0001230603656732,0,stressed
2025-06-05,5939.2998046875,18.479999542236328,21.11000061035156,0.1495800577686316,0.0352199376537316,0.1423160786397382,-0.0052913579786981,2.799846925873217e-05,0.0001355199932861,0,stressed
2025-06-06,6000.35986328125,16.770000457763672,20.020000457763672,0.1425735780840541,0.0251264264935826,0.193798444322368,0.0102281962153767,0.0001046159978202,0.0001116003632354,0,stressed
2025-06-09,6005.8798828125,17.15999984741211,20.09000015258789,0.1420850464455807,0.0295149520285404,0.1707459400483417,0.0009195251863913,8.455265684080762e-07,0.0001168514264933,0,stressed
2025-06-10,6038.81005859375,16.950000762939453,19.940000534057617,0.142142077970689,0.0273579296587055,0.176401158497626,0.0054680125416468,2.9899161155607145e-05,0.0001140089388347,0,stressed
2025-06-11,6022.240234375,17.260000228881836,20.299999237060547,0.1428084096135174,0.0297915926753009,0.1761297200385757,-0.0027476603182873,7.549637224690915e-06,0.0001182173047226,0,stressed
2025-06-12,6045.259765625,18.020000457763672,20.64999961853028,0.1428014457226796,0.0373985588549571,0.1459488953360989,0.0038151330716763,1.4555240354598909e-05,0.000128857308134,0,stressed
2025-06-13,5976.97021484375,20.81999969482422,22.6200008392334,0.1480522489721714,0.0601477479760707,0.0864553876461705,-0.0113606685901028,0.0001290647908141,0.0001720128521001,0,stressed
2025-06-16,6033.10986328125,19.11000061035156,21.229999542236328,0.1449496218756693,0.0461503842278462,0.1109366229290648,0.0093488231481891,8.740049425611636e-05,0.0001449175092569,0,stressed
2025-06-17,5982.72021484375,21.600000381469727,22.90999984741211,0.1460561212919286,0.0699438825227686,0.060648122352174,-0.0083872597236431,7.034612567184631e-05,0.0001851428636823,0,stressed
2025-06-18,5980.8701171875,20.13999938964844,21.96999931335449,0.143365095842167,0.0580348980543173,0.090863951299156,-0.0003092880347205,9.565908842132362e-08,0.0001609601489742,0,stressed
2025-06-20,5967.83984375,20.6200008392334,22.479999542236328,0.1437460768716172,0.0624539315207167,0.0902036191707584,-0.0021810352155877,4.756914611633942e-06,0.000168723981988,0,stressed
2025-06-23,6025.169921875,19.82999992370605,21.81999969482422,0.1450360078404374,0.053263991396623,0.1003529893481842,0.0095606550712594,9.140612539159882e-05,0.0001560432130849,0,stressed
2025-06-24,6092.18017578125,17.479999542236328,20.049999237060547,0.1470791657987996,0.0277208296235636,0.1470251580164184,0.0110603286169586,0.0001223308691151,0.0001212501523795,0,stressed
2025-06-25,6092.16015625,16.760000228881836,19.670000076293945,0.1173908743705925,0.0502091279182257,0.1736276734887761,-3.286108349665331e-06,1.0798508085740208e-11,0.0001114673046317,2,calm
2025-06-26,6141.02001953125,16.59000015258789,19.450000762939453,0.1177423391108721,0.0481576624150067,0.1723930430407758,0.0079881310325167,6.381023739265787e-05,0.000109217502009,2,calm
2025-06-27,6173.06982421875,16.31999969482422,19.450000762939453,0.1182456042286395,0.0449543927196026,0.1917892847208749,0.00520539925615,2.7096181415927995e-05,0.0001056914246186,2,calm
2025-06-30,6204.9501953125,16.729999542236328,19.440000534057617,0.1184771708924154,0.0488228245299478,0.1619845227717823,0.0051511375061288,2.653421760704768e-05,0.000111068605033,2,calm
2025-07-01,6198.009765625,16.829999923706055,19.51000022888184,0.1175937156815503,0.0507062835555102,0.1592394722118117,-0.0011191571098791,1.2525126365930367e-06,0.0001124003561237,2,calm
2025-07-02,6227.419921875,16.639999389648438,19.350000381469727,0.1179996184599866,0.0484003754364976,0.1628606425014144,0.0047338743064907,2.240956594965351e-05,0.0001098768173363,2,calm
2025-07-03,6279.35009765625,16.3799991607666,19.209999084472656,0.1185032884374436,0.0452967031702223,0.1727716769659228,0.0083043782106639,6.896269746575003e-05,0.0001064699890899,2,calm
2025-07-07,6229.97998046875,17.790000915527344,20.209999084472656,0.1095247710057251,0.0683752381495483,0.1360313684319772,-0.007893368104244,6.23052600290968e-05,0.0001255889414978,2,calm
2025-07-08,6225.52001953125,16.809999465942383,19.57999992370605,0.1095829418523431,0.0585170528070807,0.1647828998076877,-0.0007161432504695,5.128611551931282e-07,0.0001121333658908,2,calm
2025-07-09,6263.259765625,15.9399995803833,19.020000457763672,0.1068379049510798,0.0525620908527531,0.1932246523501042,0.0060438027767796,3.652755200460989e-05,0.0001008268200883,2,calm
2025-07-10,6280.4599609375,15.779999732971191,18.920000076293945,0.0927427702872464,0.0650572270424655,0.1989860834257142,0.0027424410729257,7.520983038470365e-06,9.881285379863924e-05,2,calm
2025-07-11,6259.75,16.399999618530273,19.3700008392334,0.0913533246743833,0.0726466715109193,0.1810976396211214,-0.0033029717732258,1.0909622534726665e-05,0.0001067301537649,2,calm
2025-07-14,6268.56005859375,17.200000762939453,19.84000015258789,0.0911776842524298,0.0808223233769646,0.1534883297991939,0.0014064243309367,1.9780293986510097e-06,0.0001173968358115,2,calm
2025-07-15,6243.759765625,17.3799991607666,20.059999465942383,0.0926129941494837,0.0811869974581823,0.1542002551545331,-0.0039641450656725,1.5714446101696113e-05,0.0001198668138207,2,calm
2025-07-16,6263.7001953125,17.15999984741211,20.09000015258789,0.0924570737772878,0.0791429246968332,0.1707459400483417,0.0031885685253844,1.0166969241072144e-05,0.0001168514264933,2,calm
2025-07-17,6297.35986328125,16.520000457763672,19.690000534057617,0.092305983737024,0.0728940208406126,0.1918886191558297,0.005359380240011,2.8722956557020507e-05,0.0001082977837795,2,calm
2025-07-18,6296.7900390625,16.40999984741211,19.57999992370605,0.0923335373754684,0.0717664610986526,0.1931748998031744,-9.049030280841674e-05,8.188494902358955e-09,0.0001068603551555,2,calm
2025-07-21,6305.60009765625,16.649999618530273,19.51000022888184,0.0898899825647651,0.0766100136205375,0.1717718123650037,0.0013981570056732,1.954843012513205e-06,0.0001100089235305,2,calm
2025-07-22,6309.6201171875,16.5,19.530000686645508,0.086490071441145,0.078509928558855,0.1836364052512429,0.0006373284966667,4.061876126635084e-07,0.0001080357142857,2,calm
2025-07-23,6358.91015625,15.369999885559082,18.559999465942383,0.0882380011723187,0.065461997683272,0.2075471440556399,0.0077815321457028,6.055224253460716e-05,9.374480019130406e-05,2,calm
2025-07-24,6363.35009765625,15.390000343322754,18.559999465942383,0.0876447955553631,0.0662552078778644,0.2059778461275339,0.0006979799969332,4.871760761189416e-07,9.398893276487084e-05,2,calm
2025-07-25,6388.64013671875,14.93000030517578,18.31999969482422,0.0868104293183417,0.062489573733416,0.2270595659983496,0.0039664510016805,1.5732733548732652e-05,8.845432901291623e-05,2,calm
2025-07-28,6389.77001953125,15.029999732971191,18.15999984741211,0.0867784151694664,0.0635215821602455,0.2082501776480183,0.0001768424712665,3.127325964366975e-08,8.96432111004421e-05,2,calm
2025-07-29,6370.85986328125,15.979999542236328,18.770000457763672,0.0787100520814502,0.081089943340913,0.1745933038454202,-0.0029638301974668,8.784289439416263e-06,0.0001013334862578,2,calm
2025-07-30,6362.89990234375,15.479999542236328,18.350000381469727,0.0762148404267614,0.0785851549956018,0.1854005764924449,-0.0012502139385094,1.5630348920433637e-06,9.509142294747496e-05,2,calm
2025-07-31,6339.39013671875,16.719999313354492,19.13999938964844,0.0718725378214188,0.0953274553121261,0.1447368526122523,-0.0037016620463745,1.3702301905569948e-05,0.0001109358639041,2,calm
2025-08-01,6238.009765625,20.3799991607666,21.239999771118164,0.0887765767677818,0.1150234148398842,0.042198265248565,-0.0161213871855698,0.000259899124787,0.0001648191927749,2,calm
2025-08-04,6329.93994140625,17.520000457763672,19.61000061035156,0.0959580098839193,0.0792419946937174,0.1192922430354013,0.0146295644914144,0.0002140241572084,0.0001218057206508,2,calm
2025-08-05,6299.18994140625,17.850000381469727,20.030000686645508,0.095141125289016,0.0833588785256812,0.1221288660273006,-0.004869703780462,2.3714014909446057e-05,0.0001264375054041,2,calm
2025-08-06,6345.06005859375,16.770000457763672,19.46999931335449,0.0924126857547848,0.0752873188228519,0.1610017162725152,0.0072555222198526,5.264260268277488e-05,0.0001116003632354,2,calm
2025-08-07,6340.0,16.56999969482422,19.350000381469727,0.0925428104010889,0.0731571865471532,0.1677731284155584,-0.0007977981718278,6.364819229718865e-07,0.0001089543213835,2,calm
2025-08-08,6389.4501953125,15.149999618530272,18.700000762939453,0.0924081520458813,0.0590918441394213,0.2343235137819477,0.0077694548163894,6.03644281439176e-05,9.108035255613784e-05,2,calm
2025-08-11,6373.4501953125,16.25,19.25,0.0922951608865689,0.070204839113431,0.1846153846153846,-0.0025072683938851,6.286394798975206e-06,0.0001047867063492,2,calm
2025-08-12,6445.759765625,14.729999542236328,18.34000015258789,0.0962779944848819,0.0510220009374813,0.2450781210142174,0.0112815590751707,0.0001272735751665,8.61003517913819e-05,2,calm
2025-08-13,6466.580078125,14.489999771118164,18.32999992370605,0.0961647308761169,0.0487352668350647,0.2650103666835021,0.0032248733840464,1.0399808343130887e-05,8.331749736785891e-05,2,calm
2025-08-14,6468.5400390625,14.829999923706056,18.489999771118164,0.0956917867980329,0.0526082124390275,0.2467970240216605,0.0003030448785544,9.183619841808243e-08,8.727337211790541e-05,2,calm
2025-08-15,6449.7998046875,15.09000015258789,18.63999938964844,0.0940267868740272,0.0568732146518516,0.2352550829134177,-0.0029013399163647,8.41777331029119e-06,9.03603589702788e-05,2,calm
2025-08-18,6449.14990234375,14.989999771118164,18.450000762939453,0.0903394645103779,0.0595605332008036,0.2308206167212765,-0.0001007682577357,1.0154241767107848e-08,8.916670362623914e-05,2,calm
2025-08-19,6411.3701171875,15.56999969482422,18.89999961853028,0.0924789287422254,0.0632210682060167,0.213872831661841,-0.0058753291122071,3.451949217674858e-05,9.620035337175648e-05,2,calm
2025-08-20,6395.77978515625,15.6899995803833,19.100000381469727,0.0917066366971615,0.0651933591066715,0.2173359395974643,-0.0024346306322649,5.9274263155628645e-06,9.768892334620168e-05,2,calm
2025-08-21,6370.169921875,16.600000381469727,19.40999984741211,0.0924843326899469,0.0735156711247503,0.1692770723715846,-0.0040122197289511,1.609790715338462e-05,0.0001093492113749,2,calm
2025-08-22,6466.91015625,14.220000267028809,17.760000228881836,0.1009149828347863,0.0412850198355017,0.2489451403219059,0.0150722851587791,0.0002271737799075,8.024143158503946e-05,2,calm
2025-08-25,6439.31982421875,14.789999961853027,18.020000457763672,0.1020946112686502,0.04580538834988,0.2183908386911152,-0.0042755125396463,1.828000747667292e-05,8.68032138379415e-05,2,calm
2025-08-26,6465.93994140625,14.619999885559082,17.899999618530273,0.10143836545109,0.0447616334045007,0.2243501886898791,0.0041254737101163,1.7019533332861243e-05,8.481920502132841e-05,2,calm
2025-08-27,6481.39990234375,14.850000381469728,17.940000534057617,0.1013261133373037,0.0471738904773935,0.2080808130108658,0.002388130453303,5.703167061993318e-06,8.750893306732186e-05,2,calm
2025-08-28,6501.85986328125,14.43000030517578,17.719999313354492,0.1007273055851142,0.0435726974666435,0.2279971544421,0.0031517474414667,9.933511934792236e-06,8.26289320664179e-05,2,calm
2025-08-29,6460.259765625,15.359999656677246,18.350000381469727,0.1030023926670029,0.0505976038997695,0.1946615098713676,-0.0064187404027925,4.120022835844148e-05,9.362285295758932e-05,2,calm
2025-09-02,6415.5400390625,17.170000076293945,19.3799991607666,0.1054301812203705,0.0662698195425689,0.1287128173938641,-0.0069463500610303,4.825177917037653e-05,0.0001169876597698,2,calm
2025-09-03,6448.259765625,16.350000381469727,18.93000030517578,0.1062383064544236,0.0572616973602736,0.1577981567896535,0.0050871123029413,2.5878711582736814e-05,0.0001060803620928,2,calm
2025-09-04,6502.080078125,15.300000190734863,18.38999938964844,0.1065550626383096,0.046444939269039,0.2019607294374265,0.0083118471028735,6.908680226154778e-05,9.289285945892336e-05,2,calm
2025-09-05,6481.5,15.18000030517578,18.420000076293945,0.1071570718256794,0.0446429312260783,0.2134387158090803,-0.0031701726699367,1.0049994757213838e-05,9.144143224807012e-05,2,calm
2025-09-08,6495.14990234375,15.109999656677246,18.290000915527344,0.1067859148652193,0.0443140817015531,0.2104567393186422,0.0021037644508885,4.425824864822476e-06,9.060003556539145e-05,2,calm
2025-09-09,6512.60986328125,15.039999961853027,18.270000457763672,0.1069567336127519,0.0434432660057783,0.2147606718153666,0.0026845470300734,7.2067927566761345e-06,8.976253922719802e-05,2,calm
2025-09-10,6532.0400390625,15.350000381469728,18.440000534057617,0.106605538199607,0.0468944656150902,0.2013029365340008,0.0029790282293981,8.874609191550942e-06,9.350099671076222e-05,2,calm
2025-09-11,6587.47021484375,14.710000038146973,18.030000686645508,0.1086461095803371,0.0384538908011326,0.2256968483948935,0.0084500876230935,7.140398083795905e-05,8.586670679455712e-05,2,calm
2025-09-12,6584.2900390625,14.760000228881836,18.059999465942383,0.1077926596883773,0.0398073426004409,0.223577180615704,-0.0004828778814283,2.331710483727117e-07,8.645143125261581e-05,2,calm
2025-09-15,6615.27978515625,15.6899995803833,18.530000686645508,0.0947089977293137,0.0621909980745192,0.1810070861832889,0.0046955777265597,2.204845018616373e-05,9.768892334620168e-05,2,calm
2025-09-16,6606.759765625,16.360000610351562,18.90999984741211,0.0871351701412488,0.0764648359622668,0.1558679182106552,-0.0012887604333313,1.660903454520344e-06,0.000106210166655,2,calm
2025-09-17,6600.35009765625,15.720000267028809,18.440000534057617,0.0854024207281655,0.0717975819421225,0.1730280038692968,-0.0009706390782443,9.421402202151122e-07,9.806286047435945e-05,2,calm
2025-09-18,6631.9599609375,15.699999809265137,18.520000457763672,0.0842599482924852,0.0727400498001661,0.1796178778826704,0.0047776878367082,2.282630106503008e-05,9.781348968687512e-05,2,calm
2025-09-19,6664.35986328125,15.449999809265137,18.479999542236328,0.0845339358526526,0.0699660622399986,0.1961164899920675,0.0048735239374811,2.375123556920204e-05,9.472321194694156e-05,2,calm
2025-09-22,6693.75,16.100000381469727,18.950000762939453,0.0829686333952922,0.078031370419405,0.1770186530399049,0.0044003507147622,1.9363086412909005e-05,0.0001028611159854,2,calm
2025-09-23,6656.919921875,16.639999389648438,19.440000534057617,0.0846888255240707,0.0817111683724136,0.1682693057159022,-0.0055173518287397,3.0441171202097545e-05,0.0001098768173363,2,calm
2025-09-24,6637.97021484375,16.18000030517578,19.13999938964844,0.0802200842640236,0.0815799187877341,0.182941843550262,-0.0028506771652953,8.126360300736442e-06,0.0001038858769347,2,calm
2025-09-25,6604.72021484375,16.739999771118164,19.459999084472656,0.0817599808325974,0.0856400168785841,0.1624850269142391,-0.0050216487425263,2.52169560933163e-05,0.0001112014255305,2,calm
2025-09-26,6643.7001953125,15.289999961853027,18.40999984741211,0.0831109303383493,0.0697890692801809,0.2040549308922929,0.0058844891304135,3.462721232595477e-05,9.277146779105776e-05,2,calm
2025-09-29,6661.2099609375,16.1200008392334,18.76000022888184,0.0824618848121251,0.0787381235802088,0.1637716657695899,0.0026320772599126,6.927830702149119e-06,0.0001031168361336,2,calm
2025-09-30,6688.4599609375,16.280000686645508,18.770000457763672,0.0828340167924616,0.0799659900739934,0.1529483824383811,0.0040825036135079,1.6666835754305218e-05,0.0001051739771258,2,calm
2025-10-01,6711.2001953125,16.290000915527344,18.76000022888184,0.0802563186551857,0.0826436905000877,0.1516267142133881,0.0033941541712235,1.152028253803393e-05,0.0001053032261221,2,calm
2025-10-02,6715.35009765625,16.6299991607666,18.88999938964844,0.0794314851461837,0.0868685064614822,0.1358989983723883,0.0006181636213842,3.821262628028839e-07,0.0001097447905107,2,calm
2025-10-03,6715.7900390625,16.649999618530273,19.07999992370605,0.0777786463255312,0.0887213498597714,0.1459459676186033,6.55106568658717e-05,4.291646162997983e-09,0.0001100089235305,2,calm
2025-10-06,6740.27978515625,16.3700008392334,19.1200008392334,0.0671018015162745,0.0965982068760594,0.1679902174109345,0.0036399592827626,1.3249303580169834e-05,0.0001063400505859,2,calm
2025-10-07,6714.58984375,17.239999771118164,19.709999084472656,0.066779511413057,0.1056204862981246,0.1432714237904129,-0.003818687706853,1.4582375802470826e-05,0.0001179434889318,2,calm
2025-10-08,6753.72021484375,16.299999237060547,19.26000022888184,0.067552375418993,0.0954476169516124,0.1815951613722334,0.0058107484941873,3.3764798062700245e-05,0.0001054325298127,2,calm
2025-10-09,6735.10986328125,16.43000030517578,19.3799991607666,0.0685719027121964,0.0957281003395614,0.179549531393588,-0.0027593739802789,7.614144763040674e-06,0.0001071209960428,2,calm
2025-10-10,6552.509765625,21.65999984741211,22.809999465942383,0.1076580534727134,0.1089419450014076,0.0530932422267617,-0.0274859754398998,0.0007554788458827,0.0001861728545197,2,calm
2025-10-13,6654.72021484375,19.030000686645508,20.93000030517578,0.1143536627047538,0.0759463441617012,0.0998423305293739,0.015478263036934,0.0002395766266405,0.0001437067167197,2,calm
2025-10-14,6644.31005859375,20.809999465942383,22.030000686645508,0.1121513948905366,0.0959485997688871,0.0586257209040191,-0.0015655514969425,2.450951489579122e-06,0.0001718476499097,2,calm
2025-10-15,6671.06005859375,20.63999938964844,21.940000534057617,0.1118691747160614,0.0945308191804229,0.0629845534327469,0.0040179185034279,1.614366910018893e-05,0.0001690514185732,2,calm
2025-10-16,6629.06982421875,25.309999465942383,24.8700008392334,0.1117438260827909,0.1413561685766328,-0.0173843791384134,-0.0063142802751419,3.9870135393047023e-05,0.0002542047908595,2,calm
2025-10-17,6664.009765625,20.780000686645508,22.09000015258789,0.1119128724520794,0.0958871344143756,0.0630413581643559,0.0052568739445263,2.7634723668639492e-05,0.0001713525510067,2,calm
2025-10-20,6735.1298828125,18.229999542236328,20.309999465942383,0.1153576237026017,0.0669423717197615,0.1140976399306532,0.0106157241361441,0.0001126935989347,0.0001318781282975,2,calm
2025-10-21,6735.35009765625,17.8700008392334,19.989999771118164,0.1153189759023224,0.0633810324900115,0.1186345177572868,3.269591641698797e-05,1.0690229503466631e-09,0.0001267210039659,2,calm
2025-10-22,6699.39990234375,18.600000381469727,20.309999465942383,0.1166723507163243,0.0693276530983729,0.0919354327635522,-0.005351834774743,2.8642135456148767e-05,0.0001372857199169,2,calm
2025-10-23,6738.43994140625,17.299999237060547,19.64999961853028,0.1154209949636963,0.0575789974069091,0.1358381783298286,0.0058104798620133,3.376167622686309e-05,0.0001187658625405,2,calm
2025-10-24,6791.68994140625,16.3700008392334,19.200000762939453,0.1171686715534369,0.046531336838897,0.172877200893203,0.0078713619752448,6.19583393453306e-05,0.0001063400505859,2,calm
2025-10-27,6875.16015625,15.789999961853027,18.989999771118164,0.1211693349979908,0.0367306646205393,0.2026598997464216,0.0122151413273793,0.0001492096776478,9.893813444258676e-05,2,calm
2025-10-28,6890.89013671875,16.420000076293945,19.549999237060547,0.1209523715485905,0.0432476292143489,0.1906211416701195,0.0022853305022299,5.222735504422484e-06,0.0001069906359148,2,calm
2025-10-29,6890.58984375,16.920000076293945,19.82999992370605,0.1208240171249312,0.0483759836380081,0.1719858058091389,-4.357920473317536e-05,1.899147085176013e-09,0.0001136057153102,2,calm
2025-10-30,6822.33984375,16.90999984741211,19.979999542236328,0.1247618368855856,0.0443381615885354,0.1815493626567979,-0.0099541914245345,9.90859269162764e-05,0.0001134714662061,2,calm
2025-10-31,6840.2001953125,17.440000534057617,20.489999771118164,0.1243144607661282,0.0500855445744479,0.1748852719989527,0.0026145009178832,6.835615049612465e-06,0.0001206958804079,2,calm
2025-11-03,6851.97021484375,17.170000076293945,20.3799991607666,0.1238946291873248,0.0478053715756146,0.1869539353645429,0.0017192339969181,2.9557655361591648e-06,0.0001169876597698,2,calm
2025-11-04,6771.5498046875,19.0,21.290000915527344,0.127946248783781,0.0620537512162189,0.1205263639751233,-0.0118062503923267,0.0001393875483263,0.0001432539682539,2,calm
2025-11-05,6796.2900390625,18.010000228881836,20.600000381469727,0.1278229429278995,0.0522770593609187,0.1438090016475637,0.0036468976756877,1.3299862656936484e-05,0.0001287143286683,2,calm
2025-11-06,6720.31982421875,19.5,21.350000381469727,0.1314965810044349,0.063503418995565,0.0948718144343449,-0.0112411345147227,0.000126363105178,0.0001508928571428,2,calm
2025-11-07,6728.7998046875,19.07999992370605,21.190000534057617,0.1305547880388491,0.0602452111982113,0.1105870345277089,0.0012610463474931,1.5902378905257066e-06,0.0001444628559875,2,calm
2025-11-10,6832.43017578125,17.600000381469727,20.239999771118164,0.1373845544470017,0.0386154493676955,0.1499999620697723,0.0152836267035018,0.0002335892452119,0.0001229206402491,2,calm
2025-11-11,6846.60986328125,17.280000686645508,20.190000534057617,0.1370963477693269,0.0357036590971281,0.1684027622557354,0.0020731999523923,4.2981580425995086e-06,0.0001184914379882,2,calm
2025-11-12,6850.919921875,17.510000228881836,20.34000015258789,0.1368720576813977,0.0382279446074206,0.1616219238557242,0.0006293191259445,3.960425622796718e-07,0.0001216667095299,2,calm
2025-11-13,6737.490234375,20.0,21.850000381469727,0.145851358808762,0.0541486411912379,0.0925000190734863,-0.0166954516309277,0.0002787381051606,0.0001587301587301,0,stressed
2025-11-14,6734.10986328125,19.82999992370605,21.57999992370605,0.1458621222898705,0.0524378769471899,0.0882501264111422,-0.0005018514712717,2.518548992176436e-07,0.0001560432130849,0,stressed
2025-11-17,6672.41015625,22.3799991607666,23.18000030517578,0.1478827966101356,0.0759171949975303,0.0357462544418512,-0.0092044978943051,8.472278148626809e-05,0.0001987556993793,0,stressed
2025-11-18,6617.31982421875,24.690000534057617,24.540000915527344,0.1493582450760559,0.0975417602645202,-0.0060753185615918,-0.0082907098441693,6.873586972020604e-05,0.0002419032247507,0,stressed
2025-11-19,6642.16015625,23.65999984741211,23.989999771118164,0.1487205092218368,0.0878794892522842,0.0139475877360223,0.0037468077372653,1.4038568220031342e-05,0.0002221411082458,0,stressed
2025-11-20,6538.759765625,26.420000076293945,25.76000022888184,0.15497593641957,0.1092240643433694,-0.024981069095617,-0.0156897261163152,0.0002461675056049,0.0002769906365203,0,stressed
2025-11-21,6602.990234375,23.43000030517578,23.959999084472656,0.1360863862509423,0.0982136168008154,0.0226205195217089,0.009775103041592,9.555263947374252e-05,0.0002178432199605,0,stressed
2025-11-24,6705.1201171875,20.520000457763672,21.850000381469727,0.1359610241751486,0.069238980402488,0.0648148096508864,0.0153488188990818,0.0002355862415968,0.0001670914360264,0,stressed
2025-11-25,6765.8798828125,18.559999465942383,20.729999542236328,0.1381756132940686,0.0474243813653551,0.1169181109232194,0.0090208860008329,8.137638424002378e-05,0.0001366958651491,2,calm
2025-11-26,6812.60986328125,17.190000534057617,20.020000457763672,0.1390374789106235,0.0328625264299526,0.1646305896325674,0.0068829694361496,4.737526825897072e-05,0.0001172603644289,2,calm
2025-11-28,6849.08984375,16.350000381469727,19.63999938964844,0.1380278636901732,0.025472140124524,0.2012231762335268,0.0053404873411373,2.852080504084852e-05,0.0001060803620928,2,calm
2025-12-01,6812.6298828125,17.239999771118164,20.21999931335449,0.1386614678974346,0.033738529813747,0.1728538040486903,-0.0053375487460559,2.8489426616523617e-05,0.0001179434889318,2,calm
2025-12-02,6829.3701171875,16.59000015258789,19.84000015258789,0.1355915391962055,0.0303084623296733,0.195901143466417,0.0024542211959366,6.023201678584559e-06,0.000109217502009,2,calm
2025-12-03,6849.72021484375,16.079999923706055,19.709999084472656,0.1357784515288123,0.0250215477082481,0.2257462175366711,0.0029753605210852,8.852770230432907e-06,0.000102605713312,2,calm
2025-12-04,6857.1201171875,15.779999732971191,19.489999771118164,0.1346191306004434,0.0231808667292684,0.2351077377013632,0.0010797387119744,1.1658356861361449e-06,9.881285379863924e-05,2,calm
2025-12-05,6870.39990234375,15.40999984741211,19.270000457763672,0.13382584243637,0.020274156037751,0.25048673903782,0.0019347688846794,3.7433306371238695e-06,9.42333711496989e-05,2,calm
2025-12-08,6846.509765625,16.65999984741211,19.90999984741211,0.13253913041504,0.034060868059081,0.1950780329991924,-0.0034833153316476,1.2133485699691882e-05,0.0001101411090935,2,calm
2025-12-09,6840.509765625,16.93000030517578,20.07999992370605,0.1276246264253771,0.0416753766263806,0.1860602221942821,-0.0008767431610132,7.686785703834856e-07,0.000113740043783,2,calm
2025-12-10,6886.68017578125,15.770000457763672,19.350000381469727,0.1290083835277986,0.0286916210498381,0.2270133049960438,0.0067268806591399,4.5250923402311485e-05,9.86876644594708e-05,2,calm
2025-12-11,6901.0,14.850000381469728,19.049999237060547,0.1291514152377879,0.0193485885769093,0.2828281984983449,0.002077191983717,4.314726537218291e-06,8.750893306732186e-05,2,calm
2025-12-12,6827.41015625,15.739999771118164,19.25,0.1296855321094829,0.0277144656016986,0.222998747136099,-0.0107209134585545,0.0001149379853858,9.831253682333324e-05,2,calm
2025-12-15,6816.509765625,16.5,19.68000030517578,0.1295291352678986,0.0354708647321013,0.1927272912227746,-0.0015978388918367,2.5530891242659566e-06,0.0001080357142857,2,calm
2025-12-16,6800.259765625,16.479999542236328,19.670000076293945,0.1295703602857642,0.035229635136599,0.1935679989481805,-0.0023867640084396,5.696642431983001e-06,0.0001077739622667,2,calm
2025-12-17,6721.43017578125,17.6200008392334,20.07999992370605,0.1294575722194285,0.0467424361729054,0.1396140163055566,-0.0116598566113712,0.0001359522561977,0.0001232001704661,2,calm
2025-12-18,6774.759765625,16.8700008392334,19.59000015258789,0.1311468203695032,0.0375531880228307,0.1612329091904238,0.0079029515204791,6.24566427350438e-05,0.0001129352890141,2,calm
2025-12-19,6834.5,14.90999984741211,18.25,0.1291972065140586,0.0199027919600624,0.2240107435794243,0.0087794074218288,7.707799467846387e-05,8.821749819437663e-05,2,calm
2025-12-22,6878.490234375,14.079999923706056,17.790000915527344,0.1302988394063624,0.0105011598306981,0.2634943900514427,0.0064158705755619,4.1163395242361455e-05,7.866920549665181e-05,2,calm
2025-12-23,6909.7900390625,14.0,17.84000015258789,0.1234123051837031,0.0165876948162968,0.2742857251848493,0.0045400670467882,2.06122087893322e-05,7.77777777777778e-05,2,calm
2025-12-24,6932.0498046875,13.470000267028809,17.770000457763672,0.1235933026484922,0.0111067000217958,0.3192279217143141,0.0032163043447007,1.0344613637740652e-05,7.20003599975223e-05,2,calm
2025-12-26,6929.93994140625,13.600000381469728,17.770000457763672,0.1236087542308098,0.0123912495838874,0.3066176440682789,-0.0003044098771082,9.266537328108328e-08,7.33968295142765e-05,2,calm
2025-12-29,6905.740234375,14.199999809265137,17.81999969482422,0.1132483805167682,0.0287516175758831,0.2549295728297915,-0.0034981629239373,1.2237143842409644e-05,8.00158708663214e-05,2,calm
2025-12-30,6896.240234375,14.329999923706056,17.770000457763672,0.1133655699634524,0.029934429273608,0.2400558654830721,-0.0013766142506534,1.895066795102152e-06,8.148765786246652e-05,2,calm
2025-12-31,6845.5,14.949999809265137,18.18000030517578,0.1120865935020636,0.0374134045905877,0.2160535476334172,-0.0073848674342488,5.453626702142867e-05,8.869146599088396e-05,2,calm
2026-01-02,6858.47021484375,14.510000228881836,18.020000457763672,0.1087019903646909,0.0363980119241274,0.2419021484159082,0.0018929140261155,3.583123510264999e-06,8.354766136593292e-05,2,calm
2026-01-05,6902.0498046875,14.899999618530272,18.31999969482422,0.1094859500304873,0.0395140461548153,0.2295302123391124,0.0063340245110515,4.011986650660223e-05,8.80992018381755e-05,2,calm
2026-01-06,6944.81982421875,14.75,18.14999961853028,0.0977494952250096,0.0497505047749903,0.2305084487139171,0.0061775920038938,3.816264296657308e-05,8.633432539682539e-05,2,calm
2026-01-07,6920.93017578125,15.380000114440918,18.59000015258789,0.0961178456558273,0.0576821554885818,0.2087126147114245,-0.0034458535710101,1.1873906832843697e-05,9.38668267937312e-05,2,calm
2026-01-08,6921.4599609375,15.449999809265137,18.38999938964844,0.0868333988409353,0.067666599251716,0.1902912373254678,7.654532942294603e-05,5.859187456467326e-09,9.472321194694156e-05,2,calm
2026-01-09,6966.27978515625,14.489999771118164,17.8799991607666,0.0850895817346629,0.0598104159765186,0.2339544129190029,0.006454611138321,4.1662004946938e-05,8.331749736785891e-05,2,calm
2026-01-12,6977.27001953125,15.119999885559082,18.229999542236328,0.0832570176931042,0.0679429811624865,0.2056878095381182,0.0015763900591805,2.485005618683144e-06,9.0719998626709e-05,2,calm
2026-01-13,6963.740234375,15.979999542236328,18.850000381469727,0.0824743459212417,0.0773256495011215,0.1795995570367679,-0.001941005588207,3.7675026934508297e-06,0.0001013334862578,2,calm
2026-01-14,6926.60009765625,16.75,19.3700008392334,0.0824806102992284,0.0850193897007716,0.1564179605512476,-0.0053476335841354,2.859718495017334e-05,0.0001113343253968,2,calm
2026-01-15,6944.47021484375,15.84000015258789,18.89999961853028,0.0825058821230096,0.0758941194028692,0.1931817826051253,0.0025766039204444,6.638887762849781e-06,9.956571620396206e-05,2,calm
2026-01-16,6940.009765625,15.859999656677246,18.989999771118164,0.0822503360827311,0.0763496604840412,0.197351839987156,-0.0006425086684515,4.1281738903532283e-07,9.98172972657946e-05,2,calm
2026-01-20,6796.85986328125,20.09000015258789,21.280000686645508,0.1027470151629335,0.0981529863629453,0.059233475610717,-0.0208424609532612,0.0004344081785882,0.0001601619468773,2,calm
2026-01-21,6875.6201171875,16.899999618530273,19.36000061035156,0.1081677078396685,0.0608322883456341,0.1455621921508198,0.0115211176335603,0.0001327361515263,0.0001133372964707,2,calm
2026-01-22,6913.35009765625,15.640000343322754,18.75,0.1087560778620835,0.047643925571144,0.1988490785427003,0.0054725007079021,2.994826399798943e-05,9.706730584886344e-05,2,calm
2026-01-23,6915.60986328125,16.09000015258789,19.14999961853028,0.1086965482497499,0.0522034532761289,0.1901802011760839,0.0003268164274822,1.0680897727225809e-07,0.0001027333749643,2,calm
2026-01-26,6950.22998046875,16.149999618530273,19.06999969482422,0.1079282324440672,0.0535717637412355,0.1808049625551433,0.0049935942601603,2.4935983635106093e-05,0.000103500987174,2,calm
2026-01-27,6978.60009765625,16.350000381469727,19.21999931335449,0.1083671035136064,0.0551329003010907,0.1755350987720756,0.0040735878404412,1.6594117893790732e-05,0.0001060803620928,2,calm
2026-01-28,6978.02978515625,16.350000381469727,19.299999237060547,0.1031649643743419,0.0603350394403553,0.1804280603524757,-8.172639170147053e-05,6.679203100542191e-09,0.0001060803620928,2,calm
2026-01-29,6969.009765625,16.8799991607666,19.670000076293945,0.1031091084211179,0.0656908831865481,0.1652844226445232,-0.0012934674424623,1.6730580247099677e-06,0.0001130691951061,2,calm
2026-01-30,6939.02978515625,17.440000534057617,20.06999969482422,0.1037645809906769,0.0706354243498992,0.1508026995544306,-0.004311179414458,1.8586267943647075e-05,0.0001206958804079,2,calm
2026-02-02,6976.43994140625,16.34000015258789,19.3700008392334,0.0977419024082877,0.0656580991175911,0.1854345568145924,0.0053767852773646,2.8909819918884862e-05,0.0001059506368994,2,calm
2026-02-03,6917.81005859375,18.0,20.350000381469727,0.0995231510242524,0.0804768489757475,0.1305555767483181,-0.0084394955906637,7.122508582483228e-05,0.0001285714285714,2,calm
2026-02-04,6882.72021484375,18.63999938964844,20.6200008392334,0.0978363102888322,0.0885636836076521,0.1062232572112922,-0.0050853001550138,2.586027766658364e-05,0.0001378768163674,2,calm
2026-02-05,6798.39990234375,21.770000457763672,22.450000762939453,0.1025143930721895,0.1151856115054471,0.0312356587449348,-0.0123266778538328,0.0001519469869121,0.0001880686190202,2,calm
2026-02-06,6932.2998046875,20.3700008392334,20.3700008392334,0.1169293347287657,0.0867706736635682,0.0,0.0195043442822007,0.0003804194458786,0.0001646575135676,2,calm
2026-02-09,6964.81982421875,17.360000610351562,20.09000015258789,0.1173436551765332,0.0562563509269823,0.1572580326182973,0.0046801178601232,2.190350318464503e-05,0.0001195911195203,2,calm
2026-02-10,6941.81005859375,17.790000915527344,20.43000030517578,0.1177687569659448,0.0601312521893286,0.1483979344455351,-0.0033091822845107,1.0950687392119493e-05,0.0001255889414978,2,calm
2026-02-11,6941.47021484375,17.649999618530273,20.3700008392334,0.1172872485865269,0.0592127475987757,0.1541077212175952,-4.89572699497733e-05,2.396814280934976e-09,0.0001236200343389,2,calm
2026-02-12,6832.759765625,20.81999969482422,22.170000076293945,0.1260473181690428,0.0821526787791993,0.0648415178317861,-0.0157849413861174,0.0002491643745631,0.0001720128521001,2,calm
2026-02-13,6836.169921875,20.600000381469727,22.170000076293945,0.1242594907631427,0.0817405130515545,0.0762135760073323,0.0004989646444475,2.489657164087057e-07,0.0001683968316335,2,calm
2026-02-17,6843.22021484375,20.290000915527344,21.600000381469727,0.1241677151678099,0.0787322939874635,0.0645637953096334,0.0010307906306565,1.0625293242492615e-06,0.0001633667210921,2,calm
2026-02-18,6881.31005859375,19.6200008392334,21.38999938964844,0.1238367079692609,0.072363300423073,0.0902139895364143,0.005550636821134,3.0809569120128766e-05,0.0001527557273537,2,calm
2026-02-19,6861.89013671875,20.229999542236328,21.8799991607666,0.1226137654393437,0.0796862299830195,0.0815620195682848,-0.0028261153915347,7.98692820626981e-06,0.0001624019370947,2,calm
2026-02-20,6909.509765625,19.09000015258789,21.09000015258789,0.1240466556668859,0.0668533458589929,0.1047668928241928,0.0069157557021752,4.782767693216885e-05,0.0001446143277086,2,calm
2026-02-23,6837.75,21.01000022888184,22.13999938964844,0.1276422146304847,0.0824577876583336,0.0537838718922632,-0.0104399594714564,0.0001089927537656,0.0001751667101657,2,calm
2026-02-24,6890.06982421875,19.549999237060547,21.34000015258789,0.1282311706729588,0.0672688216976466,0.0915601527049717,0.0076224889623833,5.81023379816564e-05,0.0001516676468924,2,calm
2026-02-25,6946.1298828125,17.93000030517578,20.36000061035156,0.1304664882813553,0.0488335147704025,0.1355270643511545,0.0081034339701294,6.566564210824714e-05,0.0001275733773585,2,calm
2026-02-26,6908.85986328125,18.6299991607666,20.809999465942383,0.1312552795298776,0.0550447120777884,0.117015587943058,-0.0053800269955661,2.894469047302001e-05,0.0001377289161627,2,calm
2026-02-27,6878.8798828125,19.86000061035156,21.559999465942383,0.1309506659159181,0.0676493401875974,0.0855991341060049,-0.0043487951280376,1.891201906564394e-05,0.000156515723906,2,calm
2026-03-02,6881.6201171875,21.440000534057617,22.440000534057617,0.130696852145891,0.0837031531946851,0.0466417898829569,0.0003982754131349,1.5862330470784634e-07,0.0001824101678176,0,stressed
2026-03-03,6816.6298828125,23.56999969482422,23.540000915527344,0.1333837713030293,0.1023162256452128,-0.0012727526383236,-0.0094889087313125,9.003938891117865e-05,0.0002204543196881,0,stressed
2026-03-04,6869.5,21.14999961853028,22.290000915527344,0.1208120597744688,0.0906879364108338,0.053900771515772,0.0077261257401495,5.969301895260159e-05,0.0001775089221681,0,stressed
2026-03-05,6830.7099609375,23.75,23.86000061035156,0.1172222752836382,0.1202777247163617,0.0046316046463814,-0.005662707772703,3.206625931903102e-05,0.0002238343253968,0,stressed
2026-03-06,6740.02001953125,29.489999771118164,27.559999465942383,0.1218969007746448,0.1730030969365368,-0.0654459247255057,-0.0133657204324963,0.0001786424826796,0.0003451032089287,0,stressed
2026-03-09,6795.990234375,25.5,25.34000015258789,0.1247027753306265,0.1302972246693735,-0.0062745038200827,0.0082698716653886,6.83907773619984e-05,0.0002580357142857,0,stressed
2026-03-10,6781.47998046875,24.93000030517578,25.51000022888184,0.123640551769705,0.1256594512820528,0.0232651390535941,-0.0021374025058877,4.56848947217511e-06,0.0002466289346095,0,stressed
2026-03-11,6775.7998046875,24.229999542236328,24.96999931335449,0.1227679402487488,0.1195320551736143,0.0305406432149631,-0.0008379521856348,7.021638654102616e-07,0.000232973364213,0,stressed
2026-03-12,6672.6201171875,27.290000915527344,26.950000762939453,0.1295753196900257,0.1433246894652476,-0.0124587812818444,-0.0153448081894945,0.0002354631383723,0.000295533392845,0,stressed
2026-03-13,6632.18994140625,27.190000534057617,27.280000686645508,0.1302517852016606,0.1416482201389155,0.0033100460029472,-0.0060775463985013,3.693657022593666e-05,0.0002933714797785,0,stressed
2026-03-16,6699.3798828125,23.51000022888184,24.920000076293945,0.1343128209868864,0.1007871813019319,0.0599744718709076,0.0100799097468189,0.000101604580504,0.0002193333772865,0,stressed
2026-03-17,6716.08984375,22.3700008392334,24.32999992370605,0.1333472068759468,0.0903528015163871,0.0876173004444026,0.0024911493849529,6.2058252581514655e-06,0.0001985781498203,0,stressed
2026-03-18,6624.7001953125,25.09000015258789,26.559999465942383,0.1366375194267292,0.1142624820991496,0.0585890515908534,-0.0137009993837308,0.0001877173841129,0.0002498048046257,0,stressed
2026-03-19,6606.490234375,24.059999465942383,25.540000915527344,0.1362639494949252,0.1043360451644985,0.0615129460696765,-0.0027525826238997,7.576711101394771e-06,0.0002297157040877,0,stressed
2026-03-20,6506.47998046875,26.780000686645508,27.43000030517578,0.1385549848800996,0.1292450219863554,0.0242718297932834,-0.0152539343077702,0.0002326825118657,0.0002845906495145,0,stressed
2026-03-23,6581.0,26.14999961853028,26.100000381469727,0.1295889108894408,0.1319110852958619,-0.0019120167414886,0.0113881090950741,0.0001296890287613,0.0002713581270036,0,stressed
2026-03-24,6556.3701171875,26.950000762939453,26.559999465942383,0.1282598109461523,0.1412401966832421,-0.0144712907590483,-0.0037495954593205,1.4059466108557311e-05,0.0002882152940962,0,stressed
2026-03-25,6591.89990234375,25.32999992370605,25.6299991607666,0.1299704196599903,0.1233295795770702,0.0118436335556315,0.0054044937599492,2.920855280132999e-05,0.0002546067048154,0,stressed
2026-03-26,6477.16015625,27.440000534057617,27.15999984741211,0.1376885408288743,0.1367114645117018,-0.0102041064575775,-0.0175594409612095,0.0003083339668702,0.0002987911227416,0,stressed
2026-03-27,6368.85009765625,31.049999237060547,29.270000457763672,0.1386378864306079,0.1718621059399975,-0.0573268542039869,-0.0168632319460513,0.0002843685916663,0.0003825803383418,0,stressed
2026-03-30,6343.72021484375,30.61000061035156,29.1299991607666,0.1384450286583621,0.1676549774451534,-0.0483502587414015,-0.0039535538333558,1.5630587913243097e-05,0.0003718143402244,0,stressed
2026-03-31,6528.52001953125,25.25,25.549999237060547,0.1652265851970822,0.0872734148029177,0.0118811579033879,0.0287148933097987,0.0008245450977931,0.0002530009920634,0,stressed
2026-04-01,6575.31982421875,24.540000915527344,24.86000061035156,0.1658859637404759,0.0795140454147975,0.0130399218779873,0.0071429450037592,5.102166332672968e-05,0.0002389728749738,0,stressed
2026-04-02,6582.68994140625,23.8700008392334,24.71999931335449,0.1660094326381658,0.0726905757541681,0.0356094865620619,0.001120248136237,1.2549558867425122e-06,0.0002261019603432,0,stressed
2026-04-06,6611.830078125,24.170000076293945,24.770000457763672,0.1650791387451909,0.0766208620177484,0.0248241778889446,0.0044170131316058,1.9510005004778152e-05,0.000231820993527,0,stressed
2026-04-07,6616.85009765625,25.780000686645508,25.56999969482422,0.1629674665966142,0.0948325402698408,-0.0081458877512781,0.000758960033127,5.760203318842279e-07,0.0002637335061124,0,stressed
2026-04-08,6782.81005859375,21.040000915527344,22.68000030517578,0.1778398502632151,0.0325601588920582,0.0779467356599842,0.0247720383571835,0.0006136538843697,0.0001756673168751,0,stressed
2026-04-09,6824.66015625,19.489999771118164,21.809999465942383,0.1771054191069376,0.0177945786042439,0.1190353885104801,0.006151066869514,3.783562363323295e-05,0.0001507381313802,0,stressed
2026-04-10,6816.89013671875,19.229999542236328,21.86000061035156,0.176533905985317,0.0157660894370462,0.1367655294186958,-0.0011391696991393,1.297707603437268e-06,0.0001467432072993,0,stressed
2026-04-13,6886.240234375,19.1200008392334,21.34000015258789,0.1787228179819151,0.0124771904104188,0.1161087456021001,0.010121875493741,0.0001024523635107,0.0001450692190842,0,stressed
2026-04-14,6967.3798828125,18.36000061035156,20.81999969482422,0.1819031087457987,0.0016968973577168,0.1339868737850524,0.0117139889161436,0.0001372175363275,0.0001337657231794,0,stressed
2026-04-15,7022.9501953125,18.170000076293945,20.780000686645508,0.1806699205260742,0.0010300802368651,0.1436434011773495,0.007944144911565,6.31094383759452e-05,0.0001310114693541,0,stressed
2026-04-16,7041.27978515625,17.940000534057617,20.770000457763672,0.1796184584567636,-0.0002184531161874,0.1577480401036517,0.002606555815286,6.79413321820141e-06,0.0001277157218896,0,stressed
2026-04-17,7126.06005859375,17.479999542236328,20.51000022888184,0.1813466103320268,-0.0065466149096635,0.1733410049196067,0.0119685539287378,0.0001432462831451,0.0001212501523795,0,stressed
2026-04-20,7109.14013671875,18.8700008392334,21.239999771118164,0.1762921438362466,0.0124078645560873,0.1255961222300108,-0.002377195910252,5.651060395719015e-06,0.0001413003697113,0,stressed
2026-04-21,7064.009765625,19.5,21.51000022888184,0.176712012877126,0.0182879871228739,0.1030769348144533,-0.0063684535808531,4.055720101148119e-05,0.0001508928571428,0,stressed
2026-04-22,7137.89990234375,18.920000076293945,21.239999771118164,0.1783303528873003,0.010869647875639,0.1226215478577662,0.0104057560115378,0.0001082797581716,0.0001420501598757,0,stressed
2026-04-23,7108.39990234375,19.309999465942383,21.479999542236328,0.1789958671024749,0.0141041275569488,0.1123770137912866,-0.0041414321709399,1.715146042649679e-05,0.0001479666981645,0,stressed
2026-04-24,7165.080078125,18.709999084472656,21.299999237060547,0.1724471294092905,0.0146528614354359,0.1384286627110164,0.0079420679176324,6.307644280828675e-05,0.0001389143118019,0,stressed
2026-04-27,7173.91015625,18.020000457763672,20.770000457763672,0.1706260373794678,0.0095739671981689,0.1526082092198394,0.0012316180005498,1.51688289927842e-06,0.000128857308134,0,stressed
2026-04-28,7138.7998046875,17.829999923706055,20.489999771118164,0.170458478709136,0.0078415205279244,0.1491867559615342,-0.0049061878687959,2.407067940392054e-05,0.0001261543243172,0,stressed
2026-04-29,7135.9501953125,18.809999465942383,21.190000534057617,0.1706092270512997,0.0174907676081241,0.1265285026947764,-0.0003992517435124,1.594019546977585e-07,0.0001404032063129,0,stressed
2026-04-30,7209.009765625,16.889999389648438,20.07999992370605,0.1654494621314648,0.0034505317650195,0.1888691917900663,0.010186184168105,0.0001037583479065,0.000113203206104,0,stressed
2026-05-01,7230.1201171875,16.989999771118164,20.3700008392334,0.1646046193814099,0.0052953783297716,0.1989406188139569,0.0029240496865214,8.550066569246307e-06,0.0001145476556438,0,stressed
2026-05-04,7200.75,18.290000915527344,21.049999237060547,0.156831437296491,0.0260685718587823,0.150902032989517,-0.0040704624878409,1.6568664864920248e-05,0.0001327476720198,0,stressed
2026-05-05,7259.22021484375,17.3799991607666,20.81999969482422,0.1556540953125588,0.0181458962951071,0.1979286939105861,0.0080872273805751,6.540324670512497e-05,0.0001198668138207,0,stressed
2026-05-06,7365.1201171875,17.389999389648438,20.56999969482422,0.1574688244354092,0.0164311694610751,0.1828637387456555,0.0144829443277469,0.0002097556764006,0.0001200047931634,0,stressed
2026-05-07,7337.10986328125,17.079999923706055,20.350000381469727,0.1589500603994482,0.0118499388376123,0.1914520182886593,-0.0038103454826786,1.4518732697369926e-05,0.0001157644434102,0,stressed
2026-05-08,7398.93017578125,17.190000534057617,20.5,0.1462614398599947,0.0256385654805814,0.1925537733046872,0.0083904054290319,7.039890326352909e-05,0.0001172603644289,0,stressed
2026-05-11,7412.83984375,18.3799991607666,21.239999771118164,0.1319306110938971,0.0518693805137689,0.1556039576136888,0.0018781917406753,3.5276042147410384e-06,0.0001340572893451,2,calm
2026-05-12,7400.9599609375,17.989999771118164,21.040000915527344,0.1307057624057428,0.0491942353054388,0.169538698344275,-0.0016038944114079,2.572477282945724e-06,0.0001284286078431,2,calm
2026-05-13,7444.25,17.8700008392334,21.18000030517578,0.1100284295722568,0.0686715788200771,0.1852265982369353,0.0058322060629953,3.401462756123964e-05,0.0001267210039659,2,calm
2026-05-14,7501.240234375,17.260000228881836,20.850000381469727,0.110142974023599,0.0624570282652192,0.2079953710881534,0.0076264491437384,5.8162726542029104e-05,0.0001182173047226,2,calm
2026-05-15,7408.5,18.43000030517578,21.36000061035156,0.1201961229559125,0.0641038800958452,0.1589799379630467,-0.0124403817877303,0.0001547630990244,0.0001347876631939,2,calm
2026-05-18,7403.0498046875,17.81999969482422,20.920000076293945,0.1209437366540584,0.0572562602941837,0.1739618650145159,-0.0007359385925655,5.416056120273726e-07,0.0001260128528267,2,calm
2026-05-19,7353.60986328125,18.059999465942383,21.1200008392334,0.1244382927727085,0.0561617018867152,0.1694352969977423,-0.0067007205566705,4.489965597858772e-05,0.0001294299923451,2,calm
2026-05-20,7432.97021484375,17.440000534057617,20.76000022888184,0.1093396386326024,0.0650603667079737,0.1903669491489279,0.0107342080663259,0.0001152232228111,0.0001206958804079,2,calm
2026-05-21,7445.72021484375,16.760000228881836,20.0,0.1090022451634108,0.0585977571254075,0.193317406137907,0.0017138609316666,2.937319293093252e-06,0.0001114673046317,2,calm
2026-05-22,7473.47021484375,16.700000762939453,20.030000686645508,0.1083441288859709,0.0586558787434235,0.1994011839266481,0.0037200452843409,1.3838736917547644e-05,0.0001106706450326,2,calm
