date,spx,vix,vix3m,rv_30,vrp,slope,log_ret,rv_daily,iv_daily
2006-08-29,1304.280029296875,12.279999732971191,13.380000114440918,0.10641074799652171,0.016389249333190206,0.0895765802434246,0.0019186056427523657,3.6810476124012187e-06,5.984063231816371e-05
2006-08-30,1305.3699951171875,12.220000267028809,13.31999969482422,0.09403460109679657,0.028165401573491525,0.09001631781984139,0.0008353349096587734,6.977844112946311e-07,5.925730417705721e-05
2006-08-31,1303.8199462890625,12.3100004196167,13.300000190734863,0.08976983193106658,0.03333017226510042,0.08042239946154202,-0.0011881457810914624,1.4116903971254413e-06,6.0133377115461636e-05
2006-09-01,1311.010009765625,11.960000038146973,13.1899995803833,0.08674281689726565,0.03285718348420408,0.10284277076197222,0.005499463994837353,3.0244104230512415e-05,5.6762540044633175e-05
2006-09-05,1313.25,12.630000114440918,13.359999656677246,0.07482475825847144,0.05147524288593773,0.05779885476023548,0.0017071408854651042,2.91433000282658e-06,6.330035828999111e-05
2006-09-06,1300.260009765625,13.739999771118164,14.31999969482422,0.080116867887335,0.05728312982384663,0.04221251334554105,-0.00994072887125942,9.881809049189058e-05,7.491571178981238e-05
2006-09-07,1294.02001953125,13.880000114440918,14.470000267028809,0.08170433686413288,0.057095664280276306,0.04250721525384192,-0.004810584977398314,2.3141727824770336e-05,7.645015999082537e-05
2006-09-08,1298.9200439453125,13.15999984741211,14.1899995803833,0.08089300152989765,0.050706996944223454,0.07826745782020195,0.003779516785635686,1.4284747132901908e-05,6.872444285074871e-05
2006-09-11,1299.5400390625,12.989999771118164,14.199999809265137,0.07366370729767593,0.056236290413505696,0.09314858040546503,0.0004772019651234773,2.2772171551770845e-07,6.696035478319442e-05
2006-09-12,1313.0,11.920000076293944,13.520000457763672,0.07860398669605373,0.040596014066885705,0.13422821906282956,0.010304209566623772,0.00010617673479290086,5.6383492785256996e-05
2006-09-13,1318.0699462890625,11.18000030517578,13.34000015258789,0.07729824996340381,0.03450175308835399,0.1932021277684706,0.003853909373543101,1.4852617459483377e-05,4.960016143798831e-05
2006-09-14,1316.280029296875,11.550000190734863,13.550000190734863,0.0767445481990612,0.03875545370828744,0.17316017030063363,-0.001358906207768862,1.8466260815127496e-06,5.293750174840293e-05
2006-09-15,1319.6600341796875,11.760000228881836,13.40999984741211,0.0767963964442695,0.040803605844548854,0.1403060872803366,0.002564555076311261,6.5769427394338585e-06,5.4880002136230486e-05
2006-09-18,1321.1800537109375,11.779999732971191,13.399999618530272,0.07662318446258162,0.04117681286713029,0.13752121581334523,0.0011511637573800798,1.3251779963054234e-06,5.5066822900317994e-05
2006-09-19,1317.6400146484375,11.979999542236328,13.550000190734863,0.07656815172063292,0.04323184370173036,0.13105181206087596,-0.002683048555375884,7.198749550504619e-06,5.6952535330151836e-05
2006-09-20,1325.1800537109375,11.390000343322754,13.279999732971191,0.07650756992408188,0.03739243350914566,0.16593497214040262,0.005706071034442844,3.2559246650107624e-05,5.148099516702081e-05
2006-09-21,1318.030029296875,12.25,13.609999656677246,0.07724978995785073,0.04525021004214927,0.11102038013691805,-0.005410119989902893,2.9269398305146878e-05,5.95486111111111e-05
2006-09-22,1314.780029296875,12.59000015258789,14.09000015258789,0.07737006212466997,0.048529939401208935,0.11914217488644534,-0.00246884627333857,6.095201921377745e-06,6.290004120720758e-05
2006-09-25,1326.3699951171875,12.119999885559082,13.460000038146973,0.0788906785200055,0.04230932033558532,0.1105610697393235,0.008776510314245868,7.702713329606411e-05,5.829142747061594e-05
2006-09-26,1336.3499755859375,11.529999732971191,13.100000381469728,0.08074564069995972,0.03455435662975219,0.1361665815142183,0.007496114733216495,5.619173609354541e-05,5.2754322953299896e-05
2006-09-27,1336.5899658203125,11.579999923706056,13.220000267028809,0.07257318013584801,0.04322681910121255,0.1416235193547296,0.00017957024121812985,3.224547153113734e-08,5.321285644167947e-05
2006-09-28,1338.8800048828125,11.720000267028809,13.289999961853027,0.0700670521186053,0.04713295055168279,0.13395901527758552,0.0017118783965645722,2.9305276446244908e-06,5.450730407109339e-05
2006-09-29,1335.8499755859375,11.979999542236328,13.449999809265137,0.07072133346579088,0.0490786619565724,0.12270453449069173,-0.002265672135253866,5.133270224465813e-06,5.6952535330151836e-05
2006-10-02,1331.3199462890625,12.56999969482422,13.59000015258789,0.07132761299120616,0.05437238395703606,0.08114562311275647,-0.003396884177235413,1.1538822113552309e-05,6.270035409836549e-05
2006-10-03,1334.1099853515625,12.239999771118164,13.5,0.07017756268423685,0.05222243502694479,0.10294119709503317,0.0020935009758710986,4.382746335973242e-06,5.945142634800504e-05
2006-10-04,1350.199951171875,11.859999656677246,13.239999771118164,0.07715620252357097,0.04144379404320149,0.1163575172334824,0.01198830157743166,0.00014371937471145042,5.58172983557081e-05
2006-10-05,1353.219970703125,11.979999542236328,13.279999732971191,0.07520725442649503,0.04459274099586824,0.10851421038470173,0.0022342224846966835,4.991750111124222e-06,5.6952535330151836e-05
2006-10-06,1349.5899658203125,11.5600004196167,13.079999923706056,0.07613110187604795,0.03946890232011904,0.13148784160163177,-0.002686098653359275,7.215125975578511e-06,5.302921019902312e-05
2006-10-09,1350.6600341796875,11.68000030517578,13.0600004196167,0.07589272108263027,0.04090728196912752,0.11815069164248204,0.000792569884558926,6.281670219097493e-07,5.413587584480409e-05
2006-10-10,1353.4200439453125,11.520000457763672,13.050000190734863,0.07508757657490411,0.04011242800273261,0.13281247154292247,0.0020413675958842036,4.167181661526053e-06,5.266286132812509e-05
2006-10-11,1349.949951171875,11.619999885559082,13.100000381469728,0.07588606096687407,0.04031393788871675,0.12736665322604157,-0.002567236216697791,6.590701792324786e-06,5.358111005571154e-05
2006-10-12,1362.8299560546875,11.09000015258789,12.420000076293944,0.07963537700746855,0.03126462451841036,0.11992785440996524,0.009495869261272884,9.017153302718722e-05,4.880480293031724e-05
2006-10-13,1365.6199951171875,10.75,12.199999809265137,0.07926006069986856,0.02823993930013144,0.13488370318745457,0.0020451465739917867,4.182624509110342e-06,4.585813492063491e-05
2006-10-16,1369.06005859375,11.09000015258789,12.350000381469728,0.07843349995068477,0.03246650157519414,0.11361588922862298,0.002515881363474249,6.329659035077047e-06,4.880480293031724e-05
2006-10-17,1364.050048828125,11.729999542236328,12.630000114440918,0.07981096027595887,0.03748903514640442,0.0767263944865427,-0.003666164318479104,1.3440760810089354e-05,5.460035288129543e-05
2006-10-18,1365.800048828125,11.34000015258789,12.470000267028809,0.07240263918542053,0.04099736234045838,0.09964727506489864,0.0012821218580672926,1.6438364589339266e-06,5.1030001373291025e-05
2006-10-19,1366.9599609375,10.899999618530272,12.3100004196167,0.06983412009127211,0.039165876094030605,0.12935787618647168,0.0008488942862782346,7.206215092758333e-07,4.714682209680955e-05
2006-10-20,1368.5999755859375,10.630000114440918,12.0600004196167,0.06960756240427451,0.03669243874013467,0.13452495670560882,0.0011990341158502982,1.4376828109729062e-06,4.4840040648021405e-05
2006-10-23,1377.02001953125,11.079999923706056,12.210000038146973,0.07063738259409766,0.0401626166429629,0.10198557059763516,0.006133456455451609,3.761928809092102e-05,4.87168247259231e-05
2006-10-24,1377.3800048828125,10.779999732971191,11.510000228881836,0.0661460758105566,0.04165392151915531,0.0677180439696951,0.0002613893046917648,6.832436860724427e-08,4.611444215986467e-05
2006-10-25,1382.219970703125,10.65999984741211,11.359999656677246,0.06605091546875662,0.04054908300536447,0.06566602432316856,0.003507733603266655,1.230419503148607e-05,4.509349077255008e-05
2006-10-26,1389.0799560546875,10.5600004196167,11.229999542236328,0.0661394103416511,0.03946059385451589,0.06344688409055463,0.004950744808794787,2.4509874161808534e-05,4.425143208821622e-05
2006-10-27,1377.3399658203125,10.800000190734863,11.369999885559082,0.07247443278479528,0.03552556912255336,0.052777748588672416,-0.008487547836851525,7.203846828284301e-05,4.628571592058456e-05
2006-10-30,1377.9300537109375,11.199999809265137,12.039999961853027,0.07252851027429738,0.03947148781835398,0.07500001490116144,0.00042833398938320956,1.834700064609355e-07,4.977777608235678e-05
2006-10-31,1377.93994140625,11.100000381469728,11.399999618530272,0.07162534017263636,0.03937466364206092,0.02702695736491687,7.175734218364178e-06,5.1491161572602557e-11,4.889286050342385e-05
2006-11-01,1367.81005859375,11.510000228881836,12.079999923706056,0.07489965704962212,0.040200345239196245,0.04952212714939228,-0.00737862425334979,5.444409587212175e-05,5.2571470344785684e-05
2006-11-02,1367.3399658203125,11.420000076293944,12.119999885559082,0.07250020354247419,0.04169979722046524,0.061295954867655725,-0.00034374185976655965,1.1815846615577316e-07,5.175254037402923e-05
2006-11-03,1364.300048828125,11.15999984741211,12.079999923706056,0.07239592873484679,0.0392040697392743,0.08243728394918265,-0.0022257092668210425,4.9537817404130625e-06,4.9422855791364405e-05
2006-11-06,1379.780029296875,11.15999984741211,11.399999618530272,0.07498332522602458,0.03661667324809652,0.02150535612899814,0.011282575026932747,0.0001272964992383665,4.9422855791364405e-05
2006-11-07,1382.8399658203125,11.09000015258789,11.350000381469728,0.07272930261684821,0.0381706989090307,0.023444564950809828,0.0022152433415975263,4.907303062492174e-06,4.880480293031724e-05
2006-11-08,1385.719970703125,10.75,11.1899995803833,0.07271986410949474,0.03478013589050526,0.04093019352402798,0.002080508269778957,4.328514660618629e-06,4.585813492063491e-05
2006-11-09,1378.3299560546875,11.010000228881836,11.369999885559082,0.07512898673512175,0.03497101555369661,0.03269751582137862,-0.005347249472951695,2.859307692598218e-05,4.810321628570559e-05
2006-11-10,1380.9000244140625,10.789999961853027,11.489999771118164,0.07453538666432324,0.033364612954207035,0.06487486670434814,0.0018628886470654841,3.47035411136547e-06,4.6200039355868395e-05
2006-11-13,1384.4200439453125,10.859999656677246,11.380000114440918,0.07339727723842772,0.03520271932834475,0.04788217994500127,0.0025458329201797896,6.481265257471155e-06,4.680142561231346e-05
2006-11-14,1393.219970703125,10.5,11.170000076293944,0.07481048749607051,0.030189512503929483,0.06380953107561367,0.006336282710039514,4.0148478581545686e-05,4.374999999999999e-05
2006-11-15,1396.5699462890625,10.3100004196167,11.119999885559082,0.06791174611534183,0.035188258080825166,0.07856444548743255,0.0024015981817582426,5.767673826624497e-06,4.218099549702243e-05
2006-11-16,1399.760009765625,10.15999984741211,11.029999732971191,0.06791860680777781,0.03368139166634329,0.08562991128200488,0.0022816083299046206,5.205736571090152e-06,4.0962538452148454e-05
2006-11-17,1401.199951171875,10.050000190734863,11.0600004196167,0.06695276284671361,0.03354723906063502,0.10049753330482115,0.001028177162961429,1.0571482784354129e-06,4.0080358664194755e-05
2006-11-20,1400.5,9.970000267028809,11.18000030517578,0.06713414473290606,0.03256585793738202,0.12136409285248363,-0.0004996617758049194,2.496618902005256e-07,3.944480370022005e-05
2006-11-21,1402.81005859375,9.899999618530272,11.1899995803833,0.06710138387985726,0.03189861230544545,0.13030303147067587,0.0016480939092360738,2.7162135336610438e-06,3.8892854145595046e-05
2006-11-22,1406.0899658203125,10.140000343322754,11.520000457763672,0.06621146354933309,0.03518853988389445,0.13609468123437055,0.002335368784049262,5.453947357511729e-06,4.0801431334359354e-05
2006-11-24,1400.949951171875,10.729999542236328,12.279999732971191,0.06306647268793665,0.04423352273442663,0.14445482356579997,-0.0036622353406025425,1.341196768995822e-05,4.568765483190151e-05
2006-11-27,1381.9599609375,12.300000190734863,13.270000457763672,0.07575653519627913,0.04724346671106951,0.07886180910464327,-0.013647789970175506,0.00018626217107002314,6.003571614764987e-05
2006-11-28,1386.719970703125,11.619999885559082,12.630000114440918,0.07602752821492456,0.04017247064066626,0.08691912554465925,0.0034384721766224924,1.182309090940702e-05,5.358111005571154e-05
2006-11-29,1399.47998046875,10.829999923706056,12.199999809265137,0.07905405475057654,0.029245944486484016,0.12650045200464438,0.00915949981987441,8.389643695027934e-05,4.654321362994967e-05
2006-11-30,1400.6300048828125,10.90999984741211,12.3100004196167,0.07904368795522389,0.030056310518897206,0.1283226940224637,0.0008214137907016746,6.747206155548945e-07,4.723337169465566e-05
2006-12-01,1396.7099609375,11.65999984741211,12.59000015258789,0.0797452701330501,0.036854728341070994,0.07975988999538376,-0.0028026958176261096,7.855103846138887e-06,5.395063350859144e-05
2006-12-04,1409.1199951171875,11.229999542236328,12.399999618530272,0.08315330906616994,0.029146686356193344,0.10418522920624725,0.008845949539756107,7.825082325991127e-05,5.004479750739212e-05
2006-12-05,1414.760009765625,11.270000457763672,12.4399995803833,0.08222564271996216,0.030474361857674562,0.1038153571514401,0.003994519694966535,1.595618759347554e-05,5.040194853888626e-05
2006-12-06,1412.9000244140625,11.329999923706056,12.510000228881836,0.08245897273439844,0.030841026502662128,0.10414830654207101,-0.0013155652358048573,1.7307118896582897e-06,5.0940038996499704e-05
2006-12-07,1407.2900390625,12.670000076293944,13.479999542236328,0.08321232484691521,0.04348767591602423,0.06393050205721187,-0.003978450122078702,1.5828065373868037e-05,6.370194521162245e-05
2006-12-08,1409.8399658203125,12.06999969482422,13.3100004196167,0.08227776988446234,0.038422227063779874,0.10273411401362403,0.0018103015833673987,3.2771918227425107e-06,5.781146533057809e-05
2006-12-11,1413.0400390625,10.710000038146973,13.25,0.07786130151175795,0.029238698869711782,0.23716152687264547,0.0022672409790369433,5.140381657024397e-06,4.551750032424927e-05
2006-12-12,1411.56005859375,10.649999618530272,13.170000076293944,0.07804859693840845,0.02845139924689427,0.23661976976778884,-0.0010479222212118867,1.0981409817096544e-06,4.500892534710116e-05
2006-12-13,1413.2099609375,10.18000030517578,13.0600004196167,0.07801815677590526,0.02378184627585253,0.28290766484325663,0.0011681676879644158,1.3646157472041287e-06,4.112397071959482e-05
2006-12-14,1425.489990234375,9.970000267028809,13.010000228881836,0.07716900937913009,0.022530993291158,0.3049147322399207,0.008651922436740064,7.485576185136612e-05,3.944480370022005e-05
2006-12-15,1427.0899658203125,10.050000190734863,13.130000114440918,0.07700178465619228,0.023498217251156348,0.3064676482837801,0.0011217745187634652,1.258378070947004e-06,4.0080358664194755e-05
2006-12-18,1422.47998046875,10.600000381469728,13.1899995803833,0.0774720945374168,0.02852790927728048,0.24433953827409766,-0.003235568496471714,1.0468903495360227e-05,4.4587304796491416e-05
2006-12-19,1425.550048828125,10.300000190734863,12.630000114440918,0.07164369366895368,0.031356308238394956,0.22621358063681926,0.002155924984594354,4.648012539198165e-06,4.209920790838818e-05
2006-12-20,1423.530029296875,10.260000228881836,12.529999732971191,0.07192017894160715,0.0306798233472112,0.2212475100828284,-0.0014180155098076032,2.0107679860549165e-06,4.177285900660925e-05
2006-12-21,1418.300048828125,10.529999732971191,13.100000381469728,0.07307392996090056,0.032226067368811354,0.24406464517291818,-0.0036807171642770386,1.3547678843403605e-05,4.4000354911259275e-05
2006-12-22,1410.760009765625,11.359999656677246,13.300000190734863,0.0730617026412998,0.04053829392547266,0.17077470006060366,-0.005330432553268684,2.84135112049465e-05,5.121015563480442e-05
2006-12-26,1416.9000244140625,11.260000228881836,13.130000114440918,0.07373298036171225,0.038867021927106116,0.16607458681595255,0.004342830626287104,1.8860177848617244e-05,5.031254172794405e-05
2006-12-27,1426.8399658203125,10.640000343322754,12.59000015258789,0.07571599397631802,0.030684009456909522,0.18327065285189392,0.0069907810992623325,4.887102037780346e-05,4.4924447343614414e-05
2006-12-28,1424.72998046875,10.989999771118164,13.100000381469728,0.07431035386413941,0.03558964384704223,0.19199278019064825,-0.0014798765426649958,2.1900345815301014e-06,4.79286091147529e-05
2006-12-29,1418.300048828125,11.5600004196167,13.289999961853027,0.07566724416880023,0.03993276002736676,0.14965393420752926,-0.004523302629615828,2.0460266679089467e-05,5.302921019902312e-05
2007-01-03,1416.5999755859375,12.039999961853027,13.380000114440918,0.0756334705854428,0.04476652903308748,0.11129569408915983,-0.0011993886425253535,1.43853311581881e-06,5.752444407992893e-05
2007-01-04,1418.3399658203125,11.510000228881836,13.130000114440918,0.07565009507978054,0.03944990720903782,0.14074716362681258,0.0012275324972152997,1.5068360317196297e-06,5.2571470344785684e-05
2007-01-05,1409.7099609375,12.140000343322754,13.40999984741211,0.07794111827368895,0.04345888515953859,0.10461280627457979,-0.006103167832470129,3.724865759129813e-05,5.848397156185579e-05
2007-01-08,1412.8399658203125,12.0,13.279999732971191,0.07804934906470683,0.04195065093529317,0.10666664441426595,0.0022178570774974288,4.918890016205436e-06,5.714285714285714e-05
2007-01-09,1412.1099853515625,11.90999984741211,13.260000228881836,0.07782059015553659,0.041279408318584496,0.1133501594261619,-0.0005168094993646467,2.670920586335367e-07,5.6288927129109705e-05
2007-01-10,1414.8499755859375,11.470000267028809,13.020000457763672,0.07713108554925553,0.03756891712103255,0.13513514861812428,0.001938471807337008,3.7576729478404065e-06,5.220670878001625e-05
2007-01-11,1423.8199462890625,10.869999885559082,12.380000114440918,0.06669353873853773,0.0420064601170531,0.13891446594106116,0.006319861629223327,3.994065101252932e-05,4.688765774287876e-05
2007-01-12,1430.72998046875,10.149999618530272,12.06999969482422,0.06726177966165418,0.03423821652364853,0.18916257620233945,0.004841427093058067,2.3439416297396685e-05,4.088194137149391e-05
2007-01-16,1431.9000244140625,10.739999771118164,12.220000267028809,0.06270370220356493,0.04469629550761671,0.13780265618725973,0.0008174608723255756,6.68242277783291e-07,4.577285519191199e-05
2007-01-17,1430.6199951171875,10.59000015258789,12.079999923706056,0.06288681776566532,0.04301318376021358,0.14069874878651942,-0.0008943374184001605,7.998394179506637e-07,4.450321556817918e-05
2007-01-18,1426.3699951171875,10.850000381469728,12.100000381469728,0.06297236700475502,0.04552763680994226,0.11520736922137108,-0.002975161375757787,8.851585211800967e-06,4.671528106265605e-05
2007-01-19,1430.5,10.399999618530272,11.609999656677246,0.0584842243575558,0.045515771827746916,0.11634616178168396,0.002891281554245473,8.35950902592012e-06,4.292063177199595e-05
2007-01-22,1422.949951171875,10.770000457763672,12.170000076293944,0.059842530140558126,0.04785747443707859,0.12999067400420272,-0.005291886366783456,2.8004061318948608e-05,4.602893248421813e-05
2007-01-23,1427.989990234375,10.34000015258789,11.539999961853027,0.060429142170533114,0.04297085935534579,0.11605413844842172,0.0035357071117870357,1.2501224780341422e-05,4.2426826649014916e-05
2007-01-24,1440.1300048828125,9.890000343322754,11.229999542236328,0.0633675750141798,0.03553242841904773,0.13549030863464795,0.00846553642839807,7.166530702053474e-05,3.881432809163658e-05
2007-01-25,1423.9000244140625,11.220000267028809,12.119999885559082,0.07231046978674394,0.039889532883544146,0.0802138678351925,-0.01133378773070705,0.00012845474432472567,4.995571666354227e-05
2007-01-26,1422.1800537109375,11.130000114440918,12.09000015258789,0.07220327336112768,0.03909672778328149,0.08625337181276349,-0.0012086595354295969,1.4608578725848889e-06,4.9157501010894776e-05
2007-01-29,1420.6199951171875,11.449999809265137,12.170000076293944,0.07221095890076994,0.04228903919188143,0.06288212043865672,-0.0010975508115664014,1.2046177839700663e-06,5.202479985403637e-05
2007-01-30,1428.8199462890625,10.960000038146973,11.600000381469728,0.073941316907089,0.035658683474380726,0.05839419170576588,0.005755498607645567,3.312576422261006e-05,4.766730191911969e-05
2007-01-31,1438.239990234375,10.420000076293944,11.329999923706056,0.07213920620247197,0.03206079456046747,0.08733203845961683,0.006571245841597129,4.318127191070756e-05,4.308587364681182e-05
2007-02-01,1445.93994140625,10.3100004196167,11.289999961853027,0.07357962072443526,0.029520383471731734,0.09505329799712676,0.005339451523831852,2.8509742575350288e-05,4.218099549702243e-05
2007-02-02,1448.3900146484375,10.079999923706056,11.239999771118164,0.07282440769333176,0.027975591543728806,0.11507935081269495,0.0016930162521957197,2.866304030198841e-06,4.0319999389648455e-05
2007-02-05,1446.989990234375,10.550000190734863,11.420000076293944,0.07280771789117682,0.032692284016171816,0.08246444263793706,-0.0009670748024880951,9.352336736073882e-07,4.416766032718478e-05
2007-02-06,1448.0,10.649999618530272,11.399999618530272,0.07258187197412277,0.03391812421117994,0.07042253773371515,0.0006977639370160676,4.868745118001627e-07,4.500892534710116e-05
2007-02-07,1450.02001953125,10.31999969482422,11.3100004196167,0.07148234463592744,0.03171765231231477,0.09593030562675238,0.0013940689469243953,1.9434282287788923e-06,4.226285464332223e-05
2007-02-08,1448.31005859375,10.4399995803833,11.420000076293944,0.06940280530504304,0.034997190498789965,0.09386978307470989,-0.0011799630061502266,1.3923126958830797e-06,4.325142509460457e-05
2007-02-09,1438.06005859375,11.100000381469728,12.149999618530272,0.07230095349972085,0.03869905031497643,0.0945945226104141,-0.007102376113371196,5.044374645578573e-05,4.889286050342385e-05
2007-02-12,1433.3699951171875,11.609999656677246,12.369999885559082,0.0703782352074094,0.04572176135936305,0.06546083129681557,-0.0032667120978962082,1.0671407930541446e-05,5.348892540795467e-05
2007-02-13,1444.260009765625,10.34000015258789,11.449999809265137,0.07337719016409466,0.030022811361784238,0.10735006192426756,0.0075687747329175785,5.7286350957651565e-05,4.2426826649014916e-05
2007-02-14,1455.300048828125,10.229999542236328,11.260000228881836,0.07464518835036917,0.027654807071994122,0.10068433360069776,0.0076150120631249705,5.798840872153882e-05,4.152892485482361e-05
2007-02-15,1456.81005859375,10.220000267028809,11.260000228881836,0.07439042294518042,0.02780957972510767,0.10176124605477917,0.001037055499453231,1.0754841089461903e-06,4.144777994367814e-05
2007-02-16,1455.5400390625,10.020000457763672,11.199999809265137,0.07456688145070747,0.025633123126929253,0.11776440095740522,-0.0008721613605295131,7.606654388006914e-07,3.984143221173976e-05
2007-02-20,1459.6800537109375,10.239999771118164,11.359999656677246,0.07175889222024356,0.03064110549093807,0.10937499126885067,0.002840277783407165,8.067177886916319e-06,4.1610156870039693e-05
2007-02-21,1457.6300048828125,10.199999809265137,11.380000114440918,0.07206297439183819,0.02993702370081318,0.11568630659227383,-0.0014054379715543585,1.9752558918868297e-06,4.128571274167017e-05
2007-02-22,1456.3800048828125,10.18000030517578,11.34000015258789,0.07213377134864558,0.02966623170311221,0.11394890104495742,-0.0008579243533695572,7.360341961045728e-07,4.112397071959482e-05
2007-02-23,1451.18994140625,10.579999923706056,12.0,0.07328776782321704,0.03251223141384353,0.13421550912417524,-0.0035700389567874836,1.2745178152980265e-05,4.441920570857943e-05
2007-02-26,1449.3699951171875,11.149999618530272,12.18000030517578,0.07164060087469479,0.039859395310607934,0.0923767463573489,-0.0012548932397342684,1.5747570431307682e-06,4.933432202112111e-05
2007-02-27,1399.0400390625,18.309999465942383,17.059999465942383,0.1254164420068041,0.057683552652619735,-0.06826870761657146,-0.035342660843100726,0.0012491036754704453,0.00013303812715984538
2007-02-28,1406.8199462890625,15.420000076293944,14.470000267028809,0.1266711457679436,0.027528854994995827,-0.06160828823377404,0.005545484952734019,3.075240336099943e-05,9.435571521940684e-05
2007-03-01,1403.1700439453125,15.81999969482422,14.579999923706056,0.12680297092705187,0.03139702602119035,-0.07838178224010023,-0.0025978059773005212,6.748595895698316e-06,9.931444061279304e-05
2007-03-02,1387.1700439453125,18.61000061035156,16.469999313354492,0.1304941859494131,0.05560582015410251,-0.11499200573946892,-0.011468261829749615,0.000131521029395692,0.00013743338203066883
2007-03-05,1374.1199951171875,19.6299991607666,17.360000610351562,0.1322462126413121,0.06405377896635392,-0.11563925865834779,-0.009452209514841423,8.934426471245872e-05,0.00015291145517924503
2007-03-06,1395.4100341796875,15.960000038146973,15.34000015258789,0.14020524769902623,0.019394752682443506,-0.03884711053115178,0.015374780717887004,0.00023638388212311002,0.000101080000483195
2007-03-07,1391.969970703125,15.239999771118164,15.029999732971191,0.13972617410827634,0.01267382360290531,-0.013779530269085094,-0.002468314486799026,6.09257640574194e-06,9.2165711517334e-05
2007-03-08,1401.8900146484375,14.289999961853027,14.300000190734863,0.13898971012286018,0.0039102894956700995,0.0006998060817726677,0.0071013477307829646,5.0429139593496363e-05,8.103337258323791e-05
2007-03-09,1402.8399658203125,14.09000015258789,14.260000228881836,0.1354672314610741,0.005432770064804804,0.012065299819228294,0.0006773922729208479,4.5886029141287246e-07,7.878099376981221e-05
2007-03-12,1406.5999755859375,13.989999771118164,14.149999618530272,0.13575751185883203,0.004142485852349609,0.01143672980913276,0.0026766986224967043,7.164715515675754e-06,7.766670380789137e-05
2007-03-13,1377.949951171875,18.1299991607666,16.3799991607666,0.14786908643364138,0.03343090517402464,-0.09652510099322055,-0.02057857550740609,0.00042347776991401385,0.00013043526570214196
2007-03-14,1387.1700439453125,17.270000457763672,16.15999984741211,0.14825577115663316,0.024444233421003547,-0.06427333994959829,0.0066688801649587605,4.4473962654580384e-05,0.0001183543316710942
2007-03-15,1392.280029296875,16.43000030517578,16.020000457763672,0.14720734092288976,0.017092662128868064,-0.024954342044835577,0.0036769799595125943,1.352018162265724e-05,0.00010712099604288741
2007-03-16,1386.949951171875,16.790000915527344,16.549999237060547,0.14612698845757677,0.021773020697696682,-0.014294321940438016,-0.003835655701215665,1.4712254658268234e-05,0.00011186671854897186
2007-03-19,1402.06005859375,14.59000015258789,15.130000114440918,0.15014937353451116,-0.004249372008632263,0.03701164881463317,0.01083556904272735,0.00011740955647971128,8.447147002083914e-05
2007-03-20,1410.93994140625,13.270000457763672,14.289999961853027,0.1516734697570239,-0.018973465179387167,0.07686506924667062,0.0063134819115044745,3.9860053846894196e-05,6.987813974168575e-05
2007-03-21,1435.0400390625,12.1899995803833,13.109999656677246,0.16016927557166866,-0.038269279767835646,0.07547170696990434,0.016936643202980273,0.0002868498829850579,5.896670228958137e-05
2007-03-22,1434.5400390625,12.93000030517578,13.359999656677246,0.16008875381457074,-0.030788750762812955,0.03325594287336105,-0.00034848304730820604,1.2144043426121336e-07,6.63432174173991e-05
2007-03-23,1436.1099853515625,12.949999809265137,13.449999809265137,0.1601229113561218,-0.03062291326347044,0.03861003917870892,0.0010937916027600407,1.1963800702683786e-06,6.654860915078059e-05
2007-03-26,1437.5,13.15999984741211,13.579999923706056,0.15883899013409514,-0.027238991659974038,0.03191489978448133,0.000967434525865559,9.359295618367189e-07,6.872444285074871e-05
2007-03-27,1428.6099853515625,13.479999542236328,14.119999885559082,0.15958805405936657,-0.024788058637003285,0.04747777188845349,-0.006203560368758968,3.848416124883691e-05,7.2107296689957e-05
2007-03-28,1417.22998046875,14.979999542236328,15.130000114440918,0.15945588763851615,-0.009655892216152873,0.010013389638742046,-0.007997684815493823,6.396296240798047e-05,8.904777233547642e-05
2007-03-29,1422.530029296875,15.140000343322754,15.239999771118164,0.15810281791272662,-0.006702814479499081,0.0066049818710547945,0.0037327485166896573,1.3933411488848838e-05,9.096016285548139e-05
2007-03-30,1420.8599853515625,14.640000343322754,15.100000381469728,0.15801439130737968,-0.011614387874152143,0.03142076689614141,-0.0011746852375143864,1.3798854072342303e-06,8.505143256051204e-05
2007-04-02,1424.550048828125,14.529999732971191,15.039999961853027,0.15832588203159456,-0.01302588470188265,0.03509980992804517,0.002593696866817386,6.727263436938325e-06,8.377813184132654e-05
2007-04-03,1437.77001953125,13.460000038146973,14.239999771118164,0.16064356212581102,-0.026043561744341304,0.05794945993763707,0.009237307072510437,8.532784195185134e-05,7.18934924709986e-05
2007-04-04,1439.3699951171875,13.239999771118164,14.25,0.16068653007081682,-0.028286532359635186,0.07628400652128847,0.0011121987409165861,1.2369860392964396e-06,6.95625372774639e-05
2007-04-05,1443.760009765625,13.229999542236328,14.0600004196167,0.16099206389886475,-0.028692068476501464,0.0627362740815388,0.00304531397039247,9.273937178267549e-06,6.945749519348154e-05
2007-04-09,1444.6099853515625,13.140000343322754,14.029999732971191,0.16070675440090776,-0.029306750967680206,0.0677320674577228,0.0005885503670995764,3.4639153461304616e-07,6.851571786608021e-05
2007-04-10,1448.3900146484375,12.68000030517578,13.5,0.16086692512401746,-0.03406692207225967,0.06466874409218346,0.0026132260269691302,6.828950268028865e-06,6.380254275367375e-05
2007-04-11,1438.8699951171875,13.489999771118164,14.1899995803833,0.12318140403884936,0.011718593672332273,0.05189027584446837,-0.006594524912466886,4.348775882114639e-05,7.221432294633655e-05
2007-04-12,1447.800048828125,12.710000038146973,13.539999961853027,0.12340389165213449,0.0036961087293352485,0.06530290489496039,0.0061871166861128075,3.828041288757553e-05,6.410480197210161e-05
2007-04-13,1452.8499755859375,12.199999809265137,13.3100004196167,0.12313972875811106,-0.0011397306654596928,0.09098365800863263,0.0034819311653259176,1.2123844640067903e-05,5.90634902166942e-05
2007-04-16,1468.3299560546875,11.979999542236328,13.170000076293944,0.12004497835205767,-0.0002449829296943956,0.09933226874192984,0.010598542873156813,0.00011232911103414308,5.6952535330151836e-05
2007-04-17,1471.47998046875,12.140000343322754,13.09000015258789,0.1151236202418946,0.006276383191332946,0.0782536888302195,0.0021430131114731073,4.592505195945649e-06,5.848397156185579e-05
2007-04-18,1472.5,12.420000076293944,13.18000030517578,0.10827429646944972,0.015925704293489718,0.061191644461617074,0.0006929527910064429,4.801835705636189e-07,6.121285789489745e-05
2007-04-19,1470.72998046875,12.539999961853027,13.300000190734863,0.1079030331542129,0.017496966464317365,0.06060607904256574,-0.0012027736577713097,1.4466644718285757e-06,6.240142819177536e-05
2007-04-20,1484.3499755859375,12.06999969482422,12.579999923706056,0.10896995311232115,0.011730043835921064,0.04225354115796133,0.009218086660297053,8.497312167674648e-05,5.781146533057809e-05
2007-04-23,1480.9300537109375,13.039999961853027,13.079999923706056,0.10960347771833964,0.02079652190019063,0.0030674817461690384,-0.002306644470370378,5.320608712690242e-06,6.74768250020345e-05
2007-04-24,1480.4100341796875,13.119999885559082,13.100000381469728,0.10974562309265179,0.021454375762939043,-0.001524352459131249,-0.0003512055496236482,1.233453380864488e-07,6.830730039566283e-05
2007-04-25,1495.4200439453125,13.210000038146973,13.050000190734863,0.08981961280794322,0.04228038757352652,-0.012112024750194723,0.010088033702708324,0.00010176842398697901,6.924765913009645e-05
2007-04-26,1494.25,12.789999961853027,12.600000381469728,0.08957397868331737,0.038326020935212896,-0.014855322982797858,-0.0007827245066179984,6.126576532603889e-07,6.491432500960335e-05
2007-04-27,1494.0699462890625,12.449999809265137,12.489999771118164,0.08980837573802025,0.03469162235463112,0.003212848390829682,-0.00012050497563288578,1.4521449152282396e-08,6.150892668678649e-05
2007-04-30,1482.3699951171875,14.220000267028809,14.010000228881836,0.09292287675709675,0.04927712591319135,-0.014767934894761504,-0.007861748709062836,6.180709276445118e-05,8.024143158503946e-05
2007-05-01,1486.300048828125,13.510000228881836,13.390000343322754,0.08928330073851148,0.04581670155030687,-0.008882300779132844,0.0026476879873137942,7.01025167816577e-06,7.242861356523304e-05
2007-05-02,1495.9200439453125,13.079999923706056,13.25,0.08934289815942677,0.0414571010776338,0.012996947804704277,0.006451588538502732,4.162299467013982e-05,6.789142777942479e-05
2007-05-03,1502.3900146484375,13.09000015258789,13.220000267028809,0.07767142321316456,0.05322857831271435,0.00993125385221764,0.0043157516194131645,1.862571204046735e-05,6.799527936299644e-05
2007-05-04,1505.6199951171875,12.90999984741211,13.260000228881836,0.07748385597886508,0.05161614249525602,0.027110796716228184,0.0021475870756333293,4.612130247427315e-06,6.613813335721456e-05
2007-05-07,1509.47998046875,13.149999618530272,13.329999923706056,0.07751520860372335,0.053984787581579374,0.013688236532124158,0.002560437459192035,6.555839982433764e-06,6.862003570132791e-05
2007-05-08,1507.719970703125,13.210000038146973,13.420000076293944,0.07792678583279707,0.054173214548672674,0.015897050532970972,-0.0011666511956337745,1.3610750122737155e-06,6.924765913009645e-05
2007-05-09,1512.5799560546875,12.880000114440918,13.239999771118164,0.07444555174908589,0.05435444939532329,0.02795028365517003,0.0032182165109129485,1.0356917511112712e-05,6.583111228095161e-05
2007-05-10,1491.469970703125,13.600000381469728,14.09000015258789,0.08302157736093303,0.05297842645376426,0.036029393924561705,-0.014054581884656235,0.00019753127195250723,7.33968295142765e-05
2007-05-11,1505.8499755859375,12.949999809265137,13.4399995803833,0.0859546527365513,0.043545345356100065,0.03783782072086144,0.009595315462487675,9.207007882465506e-05,6.654860915078059e-05
2007-05-14,1503.1500244140625,13.960000038146973,14.239999771118164,0.08616569242904132,0.0534343079524284,0.020057287407311362,-0.001794584178452379,3.2205323735516005e-06,7.733396867661249e-05
2007-05-15,1501.18994140625,14.010000228881836,14.239999771118164,0.08662340454776034,0.05347659774105802,0.01641681216836674,-0.001304834544834399,1.7025931893931929e-06,7.788893111637663e-05
2007-05-16,1514.1400146484375,13.5,14.039999961853027,0.08615574426080017,0.04884425573919984,0.03999999717429832,0.008589542804573146,7.378024559159432e-05,7.232142857142858e-05
2007-05-17,1512.75,13.510000228881836,14.170000076293944,0.0864816819331481,0.04861832035567025,0.04885268958035635,-0.0009184441716888588,8.435396965092339e-07,7.242861356523304e-05
2007-05-18,1522.75,12.760000228881836,13.5,0.08757863200599901,0.04002137028281934,0.05799371142981637,0.006588724214163112,4.341128677029932e-05,6.461016104804146e-05
2007-05-21,1525.0999755859375,13.300000190734863,13.609999656677246,0.08750990474598737,0.04549009716136125,0.023308230187721105,0.001542054937372437,2.3779334298747108e-06,7.01944464577569e-05
2007-05-22,1524.1199951171875,13.0600004196167,13.520000457763672,0.08775781665470726,0.04284218754145973,0.03522205385660113,-0.0006427745534309215,4.131591265383205e-07,6.768397260332871e-05
2007-05-23,1522.280029296875,13.239999771118164,13.600000381469728,0.08466865696813945,0.04773134074304218,0.02719037889538883,-0.0012079608910859567,1.4591695143931784e-06,6.95625372774639e-05
2007-05-24,1507.510009765625,14.079999923706056,14.369999885559082,0.09004932444747211,0.05075067478958846,0.020596588311393504,-0.00974994065295623,9.506134273616854e-05,7.866920549665181e-05
2007-05-25,1515.72998046875,13.34000015258789,14.140000343322754,0.09062882756617718,0.04277117395970173,0.05997002860450998,0.005437868634530783,2.9570415286413683e-05,7.061730320279563e-05
2007-05-29,1518.1099853515625,13.529999732971191,14.079999923706056,0.08635329837781984,0.04894669895189206,0.0406504214035254,0.0015689722581672776,2.4616739468985264e-06,7.264321141833351e-05
2007-05-30,1530.22998046875,12.829999923706056,13.449999809265137,0.08856910716536555,0.039730892071695015,0.04832423142992412,0.0079519076731304,6.323283564199013e-05,6.532099128662596e-05
2007-05-31,1530.6199951171875,13.050000190734863,13.470000267028809,0.08860450933177191,0.04189549257557673,0.032183913421865974,0.00025484074924219383,6.494380747432272e-08,6.75803591183254e-05
2007-06-01,1536.3399658203125,12.779999732971191,13.489999771118164,0.08855178930937575,0.03924820802033617,0.055555559701244726,0.0037300632600247886,1.3913371923786753e-05,6.481285443442213e-05
2007-06-04,1539.1800537109375,13.289999961853027,14.079999923706056,0.08545937007468143,0.04744062954384884,0.05944318766896966,0.0018468998282521766,3.4110389755979194e-06,7.008892816906884e-05
2007-06-05,1530.949951171875,13.630000114440918,14.260000228881836,0.08699620503857927,0.04930379610582991,0.046221578074195024,-0.005361416122665549,2.8744782840378084e-05,7.372099330145216e-05
2007-06-06,1517.3800048828125,14.869999885559082,15.260000228881836,0.09164860765828144,0.057051391197309384,0.026227326585355294,-0.00890325924236722,7.926802513679733e-05,8.77448002367171e-05
2007-06-07,1490.719970703125,17.059999465942383,16.450000762939453,0.10207286131947903,0.0685271333399448,-0.03575607984166099,-0.017725961545529238,0.0003142097127135813,0.00011549348483252158
2007-06-08,1507.6700439453125,14.84000015258789,15.130000114440918,0.1072570144875836,0.0411429870382953,0.019541776204258014,0.011306236827796717,0.00012783099120622677,8.739111290825739e-05
2007-06-11,1509.1199951171875,14.710000038146973,15.100000381469728,0.10726615601561776,0.03983384436585197,0.02651259974924407,0.0009612543562845576,9.240099374760391e-07,8.586670679455712e-05
2007-06-12,1493.0,16.670000076293945,16.020000457763672,0.1094779991608855,0.05722200160205394,-0.03899217849762485,-0.010739177694170063,0.00011532993754695982,0.00011027337402525401
2007-06-13,1515.6700439453125,14.729999542236328,15.079999923706056,0.11748142155978188,0.029818573862581396,0.023761058543562644,0.01507009586153037,0.0002271077892757148,8.61003517913819e-05
2007-06-14,1522.969970703125,13.640000343322754,14.460000038146973,0.11687036899106223,0.019529634442165295,0.060117278166025606,0.004804742099217193,2.308554663999004e-05,7.382921006581143e-05
2007-06-15,1532.9100341796875,13.9399995803833,15.010000228881836,0.11764554769740028,0.02175444810643272,0.07675758111243171,0.00650555553085301,4.232225276501219e-05,7.711253504011373e-05
2007-06-18,1531.050048828125,13.420000076293944,14.5600004196167,0.11768218896667529,0.01651781179626416,0.08494786414618094,-0.0012141056212539509,1.4740524595604421e-06,7.146682620941646e-05
2007-06-19,1533.699951171875,12.850000381469728,14.289999961853027,0.11758392633697079,0.010916077477726494,0.11206222082762289,0.0017292784103802355,2.9904038206071944e-06,6.552480547768736e-05
2007-06-20,1512.8399658203125,14.670000076293944,15.470000267028809,0.12455461078295382,0.022145389979985608,0.05453307338611601,-0.013694428381801144,0.00018753736870428072,8.540035803113661e-05
2007-06-21,1522.18994140625,14.210000038146973,15.289999961853027,0.12548086329849262,0.016619137082977103,0.07600280934600828,0.006161392441565994,3.7962756818986556e-05,8.012861154132419e-05
2007-06-22,1502.56005859375,15.75,16.260000228881836,0.12445343166743762,0.03304656833256238,0.03238096691313244,-0.012979689827432707,0.00016847234801636008,9.843750000000001e-05
2007-06-25,1497.739990234375,16.649999618530273,16.479999542236328,0.12159670578739998,0.04490329039790275,-0.010210215026356351,-0.0032130603124341612,1.032375657133951e-05,0.00011000892353057867
2007-06-26,1492.8900146484375,18.88999938964844,18.059999465942383,0.12183615134976256,0.06706384254672185,-0.043938589228377165,-0.0032434502628662445,1.0519969607687111e-05,0.0001416000305321105
2007-06-27,1506.3399658203125,15.529999732971191,16.040000915527344,0.12465337606089032,0.030646621268821603,0.03283974187542237,0.008968996323785084,8.044289505607034e-05,9.570670305797036e-05
2007-06-28,1505.7099609375,15.539999961853027,16.010000228881836,0.12203781541631306,0.033362184202217204,0.03024454750209437,-0.00041832300746611764,1.7499413857549751e-07,9.582999952952065e-05
2007-06-29,1503.3499755859375,16.229999542236328,16.399999618530273,0.12208625511163278,0.04021374031073051,0.010474435064002537,-0.0015685867913800638,2.4604645220920037e-06,0.0001045289226749966
2007-07-02,1519.4300537109375,15.399999618530272,16.100000381469727,0.124584644941666,0.029415351243636714,0.04545459612201346,0.01063936485774943,0.00011319608457631357,9.411110644870338e-05
2007-07-03,1524.8699951171875,14.920000076293944,15.609999656677246,0.12495211822863309,0.024247882534306348,0.04624662043263844,0.0035738574444796065,1.2772457033462303e-05,8.833587391929019e-05
2007-07-05,1525.4000244140625,15.479999542236328,16.110000610351562,0.12494116055067381,0.02985883487168947,0.04069774462178187,0.00034752943104425217,1.2077670544194162e-07,9.509142294747496e-05
2007-07-06,1530.43994140625,14.720000267028809,15.529999732971191,0.12523612503828052,0.021963877632007578,0.05502713663373316,0.0032985507214163294,1.0880436861756188e-05,8.598349518306676e-05
2007-07-09,1531.8499755859375,15.15999984741211,16.079999923706055,0.12165268750001093,0.02994731097411016,0.06068602147453148,0.0009209018855550246,8.480602828187996e-07,9.120063308473617e-05
2007-07-10,1510.1199951171875,17.56999969482422,17.3799991607666,0.12800964569716272,0.047690351251079455,-0.01081391789173381,-0.0142870247254699,0.00020411907550618827,0.00012250194018893776
2007-07-11,1518.760009765625,16.639999389648438,17.040000915527344,0.1290420110292453,0.03735798286723907,0.024038554119643948,0.00570510424265772,3.254821441959112e-05,0.00010987681733630968
2007-07-12,1547.699951171875,15.539999961853027,16.350000381469727,0.13842381716488178,0.016976182453648486,0.052123579253864606,0.018875707510562435,0.0003562923340243031,9.582999952952065e-05
2007-07-13,1552.5,15.149999618530272,16.31999969482422,0.13864662422511034,0.012853371960192372,0.07722772975273849,0.003096608437751028,9.588983816750861e-06,9.108035255613785e-05
2007-07-16,1549.52001953125,15.59000015258789,16.450000762939453,0.13846038825539497,0.017439613270483934,0.05516360499899066,-0.0019213166689402512,3.691457742347663e-06,9.644766061813113e-05
2007-07-17,1549.3699951171875,15.630000114440918,16.5,0.13838440758918114,0.017915593555228038,0.055662180370380746,-9.682461363302838e-05,9.375005805185224e-09,9.694321570532662e-05
2007-07-18,1546.1700439453125,16.0,17.049999237060547,0.13755679074296903,0.02244320925703097,0.06562495231628418,-0.00206745981076958,4.274390069147388e-06,0.00010158730158730159
2007-07-19,1553.0799560546875,15.229999542236328,16.399999618530273,0.13519446640987748,0.0171055290124858,0.07682206903875888,0.004459094012305411,1.988351941057797e-05,9.20447960541741e-05
2007-07-20,1534.0999755859375,16.950000762939453,17.440000534057617,0.12953500118382402,0.03996500644557052,0.02890853976771083,-0.012296153790126368,0.00015119539803043903,0.00011400893883478099
2007-07-23,1541.5699462890625,16.809999465942383,17.190000534057617,0.12636715254215575,0.041732842117268076,0.02260565616823065,0.004857468831634159,2.3595003450297326e-05,0.00011213336589086634
2007-07-24,1511.0400390625,18.549999237060547,18.32999992370605,0.1399297552706309,0.04557023709997457,-0.011859801746782016,-0.020003161459610796,0.0004001264683792587,0.00013654859987894717
2007-07-25,1518.0899658203125,18.100000381469727,18.06999969482422,0.13669841482273665,0.04430158899196063,-0.0016574964648189553,0.004654761912206715,2.1666808459330313e-05,0.0001300039737338112
2007-07-26,1482.6600341796875,20.739999771118164,19.01000022888184,0.1466252899492886,0.06077470776189303,-0.083413672195188,-0.023615148318427953,0.0005576752301013506,0.0001706934882960244
2007-07-27,1458.949951171875,24.170000076293945,21.149999618530277,0.1521935629256565,0.08950643783728296,-0.12494830154037523,-0.016120829482687424,0.0002598811432098841,0.0002318209935270037
2007-07-30,1473.9100341796875,20.8700008392334,19.32999992370605,0.15423198231788474,0.054468026074449255,-0.07379017027312755,0.010201791310726158,0.00010407654594760774,0.0001728400535831757
2007-07-31,1455.27001953125,23.520000457763672,21.350000381469727,0.15774062605173939,0.07745937852589732,-0.09226190621002535,-0.012727292908787834,0.0001619839847860811,0.00021952000854492194
2007-08-01,1465.81005859375,23.670000076293945,21.600000381469727,0.15956600691891532,0.07713399384402414,-0.08745245830807459,0.0072165668337128945,5.207883686544495e-05,0.00022232893000466482
2007-08-02,1472.199951171875,21.21999931335449,20.479999542236328,0.15612511470571086,0.05607487842783401,-0.034872751888000895,0.00434981680259466,1.8920906216134832e-05,0.00017868586145189082
2007-08-03,1433.06005859375,25.15999984741211,22.6200008392334,0.17179859856191362,0.07980139991220744,-0.10095385626323716,-0.02694578841666203,0.0007260755133955176,0.00025120063187372113
2007-08-06,1467.6700439453125,22.940000534057617,21.31999969482422,0.18410365971688733,0.04529634562368884,-0.07061904104266616,0.02386408016486739,0.0005694943221152172,0.000208826835120065
2007-08-07,1476.7099609375,21.559999465942383,20.61000061035156,0.1850244823035044,0.030575512355919432,-0.044063027788637264,0.006140474654544519,3.770542898310363e-05,0.00018445776863945868
2007-08-08,1497.489990234375,21.450000762939453,20.38999938964844,0.1894587393061071,0.02504126832328743,-0.049417311682451996,0.013973752789070894,0.0001952657670100666,0.0001825803701309933
2007-08-09,1453.0899658203125,26.479999542236328,24.440000534057617,0.20662778538243556,0.0581722100399277,-0.07703923880077325,-0.030098066707580952,0.0009058936195339929,0.0002782501491098556
2007-08-10,1453.6400146484375,28.299999237060547,25.399999618530277,0.2066668687414584,0.07633312362914707,-0.10247348751630164,0.00037846572498061995,1.4323630498510624e-07,0.00031781347492762995
2007-08-13,1452.9200439453125,26.56999969482422,23.540000915527344,0.20667242968953112,0.05902756725871108,-0.11403834452761069,-0.0004954108659971804,2.4543192614807623e-07,0.00028014479515196794
2007-08-14,1426.5400390625,27.68000030517578,24.540000915527344,0.20936073637740402,0.06743926667435382,-0.1134392830574247,-0.018323395498988107,0.0003357468226123376,0.0003040406416248141
2007-08-15,1406.699951171875,30.670000076293945,26.479999542236328,0.2114083358335819,0.09529166492935756,-0.1366156023356594,-0.014005458249531031,0.0001961528607793568,0.0003732733748729645
2007-08-16,1411.27001953125,30.82999992370605,27.059999465942383,0.21193572263612837,0.09636427660093216,-0.12228350525764385,0.0032435209838830546,1.0520428372889699e-05,0.00037717813305385525
2007-08-17,1445.93994140625,29.989999771118164,26.15999984741211,0.2252951255557138,0.07460487215546785,-0.1277092348428269,0.024269566522519798,0.0005890118591910137,0.0003569047961395506
2007-08-20,1445.550048828125,26.32999992370605,23.229999542236328,0.22519230153131828,0.03810769770574221,-0.11773643716112042,-0.00026968281529931475,7.272882086776431e-08,0.000275106704754905
2007-08-21,1447.1199951171875,25.25,22.600000381469727,0.22225217748937656,0.03024782251062344,-0.104950479941793,0.0010854652755820737,1.1782348644944672e-06,0.0002530009920634921
2007-08-22,1464.0699462890625,22.88999938964844,21.239999771118164,0.22456166900846186,0.004338324888022549,-0.07208386468006886,0.011644820880578098,0.00013560185334074768,0.00020791748891194682
2007-08-23,1462.5,22.6200008392334,21.170000076293945,0.21633954835050598,0.009860460041828,-0.06410259545280345,-0.001072891793787412,1.1510968011763705e-06,0.0002030414436376665
2007-08-24,1479.3699951171875,20.71999931335449,20.290000915527344,0.21935548021940207,-0.012155487085857175,-0.02075281911568412,0.011469018050261516,0.00013153837503722447,0.00017036443315294068
2007-08-27,1466.7900390625,22.71999931335449,21.420000076293945,0.2202743759441564,0.0069256171893885,-0.05721827800832822,-0.008539951913098606,7.293077867803654e-05,0.00020484062253921763
2007-08-28,1432.3599853515625,26.299999237060547,25.030000686645508,0.22914932370654612,0.033850668664059336,-0.04828891966754985,-0.023752942896165807,0.0005642022962285137,0.00027448014280531164
2007-08-29,1463.760009765625,23.809999465942383,23.170000076293945,0.23974068664900625,-0.0016406919895824157,-0.026879437379403855,0.02168505098090459,0.0004702414360444312,0.00022496669625721294
2007-08-30,1457.6400146484375,25.059999465942383,23.40999984741211,0.23908002450572793,0.011519970153695908,-0.06584196543071336,-0.004189774778312817,1.7554212692986218e-05,0.0002492077671559653
2007-08-31,1473.989990234375,23.3799991607666,22.440000534057617,0.24006014296230965,-0.006260151354643639,-0.040205246383685625,0.01115430329085347,0.00012441848190434455,0.00021691442887200276
2007-09-04,1489.4200439453125,22.780000686645508,22.01000022888184,0.24183864047929418,-0.014038633612839108,-0.03380159940974328,0.01041380907704796,0.00010844741949320648,0.00020592398066808325
2007-09-05,1472.2900390625,24.57999992370605,23.229999542236328,0.23731692373154564,0.008483075505514859,-0.05492271707323002,-0.01156777363141079,0.00013381338678756277,0.00023975253819420215
2007-09-06,1478.550048828125,23.989999771118164,23.1299991607666,0.2372366498078291,0.002663347903352542,-0.035848295896481294,0.004242872517797467,1.800196720228102e-05,0.0002283809877056546
2007-09-07,1453.550048828125,26.229999542236328,24.520000457763672,0.23248672998288492,0.029813265439478348,-0.06519249387401493,-0.017053037079487448,0.0002908060736343738,0.00027302098253401504
2007-09-10,1451.699951171875,27.3799991607666,25.26000022888184,0.22784336202723662,0.04595662958042937,-0.07742874349399377,-0.0012736238921536895,1.6221178186647129e-06,0.00029748585477919827
2007-09-11,1471.489990234375,25.270000457763672,23.600000381469727,0.2293638129387281,0.0233361916389086,-0.06608627012433921,0.013540236395020916,0.00018333800163304901,0.0002534019536251492
2007-09-12,1471.56005859375,24.959999084472656,23.46999931335449,0.22619700137902726,0.023402989465699298,-0.059695505840185716,4.761615210455319e-05,2.267297941243945e-09,0.00024722283900669676
2007-09-13,1483.949951171875,24.76000022888184,23.420000076293945,0.2265291713247953,0.021070830964023096,-0.054119553319907567,0.00838431615381002,7.029675736703964e-05,0.00024327682989453523
2007-09-14,1484.25,24.920000076293945,23.479999542236328,0.22622107373341357,0.022978927029525892,-0.057784932971467765,0.00020217561760197238,4.0874980352738964e-08,0.00024643111262003583
2007-09-17,1476.6500244140625,26.479999542236328,24.31999969482422,0.21178955483003614,0.053010440592327124,-0.08157099262659918,-0.0051335689917121445,2.6353530592668445e-05,0.0002782501491098556
2007-09-18,1519.780029296875,20.350000381469727,20.6299991607666,0.2168315335564769,-0.013331529741779646,0.01375915351588081,0.028789581640806357,0.0008288400110526545,0.0001643343315578643
2007-09-19,1529.030029296875,20.030000686645508,20.280000686645508,0.21681716995333664,-0.01651716308688156,0.012481277655006827,0.006067959764234633,3.6820135700370425e-05,0.00015920671726469028
2007-09-20,1518.75,20.450000762939453,20.51000022888184,0.21448053751941545,-0.009980529890020934,0.0029339591053277854,-0.006745938475255174,4.5507685911928096e-05,0.00016595338539850165
2007-09-21,1525.75,19.0,20.01000022888184,0.19411772509198807,-0.004117725091988073,0.05315790678325471,0.004598464335745744,2.1145874247125544e-05,0.00014325396825396825
2007-09-24,1517.72998046875,19.3700008392334,19.59000015258789,0.19512109468750513,-0.0014210862951711534,0.011357733806024917,-0.005270307770366357,2.7776143994384e-05,0.00014888767163170736
2007-09-25,1517.2099609375,18.600000381469727,19.450000762939453,0.19510844521422532,-0.009108441399528044,0.04569894430306252,-0.0003426885186387916,1.1743542080684941e-07,0.00013728571991693413
2007-09-26,1525.4200439453125,17.6299991607666,19.01000022888184,0.18613146773004507,-0.009831476122379057,0.0782757307888171,0.005396714632315107,2.912452882264398e-05,0.00012334002793993297
2007-09-27,1531.3800048828125,17.0,18.229999542236328,0.17967902951272746,-0.00967902951272745,0.07235291424919577,0.0038994820691835783,1.520596040788424e-05,0.0001146825396825397
2007-09-28,1526.75,18.0,18.6299991607666,0.18047147536635644,-0.00047147536635644416,0.03499995337592231,-0.003027999733853695,9.168782388218046e-06,0.00012857142857142858
2007-10-01,1547.0400390625,17.84000015258789,18.61000061035156,0.17156635775525983,0.006833643770619069,0.043161460267811216,0.013202159881824788,0.00017429702554526392,0.00012629587517632378
2007-10-02,1546.6300048828125,18.489999771118164,19.21999931335449,0.1715657701435054,0.013334227567676243,0.03948077616402148,-0.0002650794533767373,7.026711660250984e-08,0.0001356667029904563
2007-10-03,1539.5899658203125,18.799999237060547,19.530000686645508,0.1726769758246981,0.01532301654590737,0.03882986591541476,-0.004562248537264931,2.0814111715776e-05,0.00014025395687042744
2007-10-04,1542.8399658203125,18.440000534057617,19.43000030517578,0.17027474172810245,0.014125263612473737,0.053687621607694185,0.0021087267359828203,4.446728447048759e-06,0.00013493397606985922
2007-10-05,1557.5899658203125,16.90999984741211,18.34000015258789,0.17151176375618948,-0.002411765282068379,0.08456536475928042,0.009514881229474793,9.053296481101174e-05,0.0001134714662061419
2007-10-08,1552.5799560546875,17.459999084472656,18.600000381469727,0.16981471779907997,0.004785273045646576,0.0652921739274823,-0.00322169799390635,1.03793379639402e-05,0.00012097284445626427
2007-10-09,1565.1500244140625,16.1200008392334,17.6299991607666,0.16799960902987643,-0.006799600637542452,0.0936723475756973,0.008063646659190855,6.502239744427984e-05,0.00010311683613368469
2007-10-10,1562.469970703125,16.670000076293945,18.31999969482422,0.1495904284668976,0.017109572296041847,0.09898018062259657,-0.0017137979492955384,2.937103411009593e-06,0.00011027337402525401
2007-10-11,1554.4100341796875,18.8799991607666,19.57999992370605,0.14024009367866616,0.04855989792899987,0.03707631324444544,-0.005171809293999426,2.674761137349884e-05,0.00014145014615497923
2007-10-12,1561.800048828125,17.729999542236328,19.149999618530277,0.13919830410608822,0.038101691316275055,0.08009024889770758,0.004742959110705808,2.2495661125827228e-05,0.00012474320784432554
2007-10-15,1548.7099609375,19.25,20.38999938964844,0.13993637174803977,0.05256362825196023,0.05922074751420473,-0.008416732385427676,7.084138404790705e-05,0.00014704861111111112
2007-10-16,1538.530029296875,20.020000457763672,21.200000762939453,0.13935994169694899,0.060840062880687745,0.05894107283689807,-0.006594866980535926,4.3492270490963046e-05,0.00015904778505113401
2007-10-17,1541.239990234375,18.540000915527344,20.36000061035156,0.13410218096305115,0.05129782819222228,0.09816610598438301,0.001759846754610529,3.0970605997132118e-06,0.00013640144204275982
2007-10-18,1540.0799560546875,18.5,20.229999542236328,0.1340041805709584,0.050995819429041606,0.09351348876953125,-0.0007529463052930716,5.669281386544875e-07,0.00013581349206349207
2007-10-19,1500.6300048828125,22.959999084472656,23.21999931335449,0.14652182598962177,0.0830781648551048,0.011324052232112886,-0.02594931140710293,0.0006733667625028022,0.00020919109442816877
2007-10-22,1506.3299560546875,21.63999938964844,21.520000457763672,0.14655541137730504,0.06984458251917935,-0.005545237304496923,0.0037911765191724826,1.4373019399524782e-05,0.00018582919586666063
2007-10-23,1519.5899658203125,20.40999984741211,21.01000022888184,0.14369560671222553,0.06040439176189555,0.02939737314823191,0.008764339431983929,7.681364567902838e-05,0.00016530479911561996
2007-10-24,1515.8800048828125,20.799999237060547,21.290000915527344,0.14403112830009365,0.0639688640705118,0.023557773867305384,-0.002444407502362128,5.975128037604257e-06,0.00017168252708798384
2007-10-25,1514.4000244140625,21.170000076293945,21.3799991607666,0.14240061893160413,0.06929938183133533,0.00991965440320485,-0.0009767946012353228,9.541276930024734e-07,0.000177844802869161
2007-10-26,1535.280029296875,19.559999465942383,20.38999938964844,0.14729396739148345,0.048306027267940366,0.04243353509038911,0.01369345687603249,0.00018751076121576146,0.00015182284885224853
2007-10-29,1540.97998046875,19.8700008392334,20.399999618530277,0.14625359430870105,0.05244641408363293,0.02667331438911637,0.0037057710835717533,1.3732739323836567e-05,0.00015667338625045078
2007-10-30,1531.02001953125,21.06999969482422,21.290000915527344,0.12273602753368697,0.08796396941455521,0.01044144394350265,-0.006484372289334848,4.204708398669366e-05,0.00017616860600789392
2007-10-31,1549.3800048828125,18.530000686645508,19.520000457763672,0.12626991607885305,0.059030090787602046,0.053426861005550455,0.011920661356754998,0.0001421021671824319,0.00013625433549487422
2007-11-01,1508.43994140625,23.209999084472656,22.6299991607666,0.14770669343612347,0.0843932974086031,-0.024989226479292324,-0.026778888689808898,0.0007171088794611749,0.00021377145138937366
2007-11-02,1509.6500244140625,23.01000022888184,23.13999938964844,0.14703723315236641,0.08306276913645197,0.005649680985375584,0.0008018866808870676,6.430222489840777e-07,0.00021010321846553262
2007-11-05,1502.1700439453125,24.309999465942383,24.030000686645508,0.14695172984268737,0.09614826481673647,-0.011517843909834112,-0.004967093437071673,2.4672017212600482e-05,0.00023451431509290436
2007-11-06,1520.27001953125,21.38999938964844,22.170000076293945,0.15122808911104926,0.06267190478543513,0.036465671290434015,0.011977204894451742,0.00014345343708367875,0.00018156034678141296
2007-11-07,1475.6199951171875,26.489999771118164,25.239999771118164,0.17326488616812422,0.09163511154305745,-0.047187618376760616,-0.029809726361574727,0.0008886197857519632,0.0002784603523308891
2007-11-08,1474.77001953125,26.15999984741211,25.36000061035156,0.17262563482716423,0.08897436364695685,-0.03058101076937471,-0.000576178474867469,3.3198163490060263e-07,0.000271565711117699
2007-11-09,1453.699951171875,28.5,27.030000686645508,0.17673146755384964,0.10826853244615034,-0.05157892327559622,-0.014390061812011598,0.00020707387895351452,0.00032232142857142854
2007-11-12,1439.1800537109375,31.09000015258789,27.350000381469727,0.1725645796820057,0.13833542184387324,-0.12029590713291943,-0.010038452592368512,0.0001007705304492301,0.0003835667101142521
2007-11-13,1481.050048828125,24.100000381469727,24.65999984741211,0.1946626065435039,0.046337397271193376,0.023236491994952885,0.02867778438776126,0.0008224153173909234,0.0002304801660265242
2007-11-14,1470.5799560546875,25.940000534057617,25.649999618530277,0.19515279020310888,0.06424721513746728,-0.011179680399257777,-0.007094477743350598,5.033161445089699e-05,0.00026701731258210694
2007-11-15,1451.1500244140625,28.059999465942383,27.440000534057617,0.1977499617209459,0.08285003293847792,-0.022095471977370662,-0.013300488548972065,0.00017690299564133703,0.0003124458611224947
2007-11-16,1458.739990234375,25.489999771118164,26.440000534057617,0.19595131014086986,0.0589486875703118,0.03726954772341215,0.005216680351984779,2.7213753894784035e-05,0.0002578333683855572
2007-11-19,1433.27001953125,26.01000022888184,25.65999984741211,0.20098798900199283,0.05911201328682558,-0.013456377485190683,-0.017614482080618145,0.00031026997896841773,0.0002684603618676323
2007-11-20,1439.699951171875,24.8799991607666,26.09000015258789,0.19958795282247202,0.04921203878519401,0.048633482019137114,0.004476163998967163,2.0036044145649707e-05,0.0002456406183491059
2007-11-21,1416.77001953125,26.84000015258789,27.420000076293945,0.2032142602627383,0.06518574126314058,0.021609535037582017,-0.01605507806431886,0.00025776553165137263,0.00028586730483766583
2007-11-23,1440.699951171875,25.61000061035156,25.96999931335449,0.21119977146958271,0.04490023463393286,0.014056958001688538,0.016749426122977584,0.0002805432754490839,0.0002602667187548441
2007-11-26,1407.219970703125,28.90999984741211,28.440000534057617,0.21849316512391123,0.07060683335020987,-0.01625732673245117,-0.023512966551297514,0.0005528595960424357,0.0003316619409434001
2007-11-27,1428.22998046875,26.280000686645508,26.59000015258789,0.22422916727212522,0.038570839594329887,0.011796021987926076,0.014819795556490158,0.00021962634033616542,0.00027406287146432084
2007-11-28,1469.02001953125,24.11000061035156,24.25,0.2409814459267684,0.00011856017674719,0.0058066937413652625,0.028159623399831912,0.000792964390020361,0.00023067147993299705
2007-11-29,1469.719970703125,23.96999931335449,24.5,0.24085735298666727,-0.001157359853122375,0.02211100132782358,0.0004763614252619821,2.2692020747762696e-07,0.00022800034408024394
2007-11-30,1481.1400146484375,22.8700008392334,23.93000030517578,0.24236507348314684,-0.013665065090812861,0.046348903674894394,0.00774018490674295,5.991046239057136e-05,0.0002075543406295779
2007-12-03,1472.4200439453125,23.61000061035156,24.299999237060547,0.23136383718414244,0.004736168919373146,0.02922484578024387,-0.005904735888843634,3.486590591699802e-05,0.00022120322572254005
2007-12-04,1462.7900390625,23.790000915527344,24.649999618530277,0.23158930926575383,0.0063106998895196,0.03614958679726768,-0.006561737772241493,4.305640259166075e-05,0.00022458894585745707
2007-12-05,1485.010009765625,22.530000686645508,23.32999992370605,0.2345993209785464,-0.00929931411209134,0.03550817632840717,0.015075915045568595,0.0002272832144612015,0.00020142894084930439
2007-12-06,1507.3399658203125,20.959999084472656,22.100000381469727,0.23888243526972552,-0.02928244442499897,0.054389377232444296,0.014924972509290384,0.0002227548044030737,0.00017433395302424387
2007-12-07,1504.6600341796875,20.850000381469727,22.18000030517578,0.23891678460449933,-0.03041678078980206,0.06378896399868086,-0.0017795035510103797,3.166632888058551e-06,0.00017250893488384434
2007-12-10,1515.9599609375,20.739999771118164,21.93000030517578,0.2364399878144217,-0.029039990103240043,0.05737707556365417,0.007481894107170777,5.59787394309168e-05,0.0001706934882960244
2007-12-11,1477.6500244140625,23.59000015258789,24.1200008392334,0.24700989866350026,-0.011109897137621366,0.022467176058384435,-0.025595871370425172,0.000655148631211351,0.0002208286139678955
2007-12-12,1486.5899658203125,22.46999931335449,23.290000915527344,0.2474339977780152,-0.022734004644470313,0.036493174331585644,0.006031879025493236,3.6383564578185235e-05,0.0002003574877548219
2007-12-13,1488.4100341796875,22.559999465942383,23.520000457763672,0.24451203260595075,-0.018912037946526933,0.042553236460424165,0.0012235755203020807,1.4971370538825074e-06,0.0002019657047235399
2007-12-14,1467.949951171875,23.270000457763672,24.209999084472656,0.235524871707937,-0.0028248671303002792,0.04039529902094903,-0.013841622651711093,0.00019159051763236162,0.00021487814337473076
2007-12-17,1445.9000244140625,24.520000457763672,25.530000686645508,0.239023206529588,0.006176798048048715,0.04119087316582996,-0.015134854466995853,0.00022906381973714432,0.0002385835009717185
2007-12-18,1454.97998046875,22.63999938964844,24.670000076293945,0.23979649314199278,-0.01339649924550837,0.08966434370018887,0.006260159463819628,3.918959651245045e-05,0.00020340062395368325
2007-12-19,1453.0,21.68000030517578,23.809999465942383,0.23658766989656008,-0.019787666844802265,0.09824719237933292,-0.0013617568126454338,1.8543816167862511e-06,0.0001865168306477865
2007-12-20,1460.1199951171875,20.57999992370605,22.8700008392334,0.22140585285103298,-0.015605853613972459,0.11127312555961193,0.004888236191244567,2.389485306139319e-05,0.00016806999875386552
2007-12-21,1484.4599609375,18.46999931335449,21.5,0.2267434831925345,-0.042043490058989635,0.16404985377853856,0.01653242266561838,0.0002733209991946524,0.00013537336295052192
2007-12-24,1496.449951171875,18.600000381469727,21.13999938964844,0.22348300961519682,-0.03748300580049954,0.1365590836605139,0.008044560385114575,6.471495178975476e-05,0.00013728571991693413
2007-12-26,1497.6600341796875,18.65999984741211,20.93000030517578,0.22103952307762126,-0.034439524603500166,0.12165061502283402,0.0008083090331470757,6.533634930671603e-07,0.00013817285488310313
2007-12-27,1476.27001953125,20.26000022888184,22.049999237060547,0.20968229512503184,-0.00708229283621345,0.08835138143912541,-0.014385263354659774,0.00020693580178291737,0.00016288397193424292
2007-12-28,1478.489990234375,20.739999771118164,22.559999465942383,0.20867106322674972,-0.0012710655155680761,0.08775312029456674,0.0015026405620078627,2.2579286585913057e-06,0.0001706934882960244
2007-12-31,1468.3599853515625,22.5,23.309999465942383,0.20587666828501744,0.019123331714982567,0.0359999762641059,-0.00687516831107418,4.72679393055986e-05,0.00020089285714285717
2008-01-02,1447.1600341796875,23.170000076293945,23.600000381469727,0.20978193413830484,0.021918066624634608,0.01855849390418129,-0.014543083003997034,0.00021150126326114737,0.00021303527918073865
2008-01-03,1447.1600341796875,22.489999771118164,22.809999465942383,0.20323330776557869,0.021666689945602946,0.01422853259585911,0.0,0.0,0.0002007143213114663
2008-01-04,1411.6300048828125,23.940000534057617,23.690000534057617,0.21543866795827554,0.023961337382300635,-0.010442773367709162,-0.02485797022395527,0.0006179186836550469,0.00022743001014709487
2008-01-07,1416.1800537109375,23.790000915527344,23.21999931335449,0.21065649815910834,0.027243510996165093,-0.023959713334892073,0.003218075231744636,1.0356008197168293e-05,0.00022458894585745707
2008-01-08,1390.18994140625,25.43000030517578,25.489999771118164,0.21107063595597633,0.043229367095781485,0.002359396980823909,-0.018522757462586335,0.00034309254401779774,0.00025662099822271444
2008-01-09,1409.1300048828125,24.1200008392334,24.5,0.20422115985683337,0.036978848535500625,0.015754525188427772,0.013532109841889144,0.00018311799677295302,0.0002308628732081825
2008-01-10,1420.3299560546875,23.450000762939453,23.950000762939453,0.20083337544014668,0.03366663218924784,0.021321960926764808,0.007916711897125965,6.26743272620958e-05,0.00021821529197692892
2008-01-11,1401.02001953125,23.68000030517578,24.5,0.1855531782929334,0.05124682475882439,0.03462836504461488,-0.013688651328566238,0.00018737917519505825,0.0002225168311321925
2008-01-14,1416.25,22.899999618530277,23.670000076293945,0.18893558971194757,0.040064406473355185,0.03362447469827019,0.010811976648879808,0.00011689883905592225,0.00020809919941614554
2008-01-15,1380.949951171875,23.34000015258789,24.38999938964844,0.19922128953867282,0.034178711987206095,0.0449871135473891,-0.025240900594804327,0.0006371030628367935,0.0002161728599693662
2008-01-16,1373.199951171875,24.3799991607666,24.36000061035156,0.19917979023816804,0.044620201369497986,-0.0008202851149898803,-0.005627885721787485,3.1673097697499437e-05,0.0002358668091583255
2008-01-17,1333.25,28.459999084472656,26.440000534057617,0.21399127770532017,0.07060871313940636,-0.07097676090640212,-0.02952417654491263,0.0008716770006551691,0.00032141728090800964
2008-01-18,1325.18994140625,27.18000030517578,25.989999771118164,0.20705496915939053,0.0647450338923673,-0.04378221194614961,-0.006063769329588801,3.6769298482461817e-05,0.0002931557208687919
2008-01-22,1310.5,31.01000022888184,27.38999938964844,0.20024772023144155,0.10985228205737685,-0.11673656280279004,-0.011147057387661741,0.00012425688840382422,0.00038159528341081417
2008-01-23,1338.5999755859375,29.020000457763672,26.25,0.21376113002153982,0.07643887455609691,-0.0954514270871632,0.02121552966457579,0.00045009869894849534,0.00033419064546373167
2008-01-24,1352.0699462890625,27.780000686645508,26.0,0.21505369796504853,0.06274630890140653,-0.06407489714358415,0.010012438257546078,0.00010024891986117235,0.0003062414437103273
2008-01-25,1330.6099853515625,29.07999992370605,26.86000061035156,0.20829980263414175,0.08250019660291877,-0.0763411045109648,-0.01599923900826646,0.0002559756488436351,0.00033557396649315236
2008-01-28,1353.9599609375,27.780000686645508,25.96999931335449,0.21530210122908425,0.062497905637370815,-0.0651548354410635,0.017396130410481235,0.00030262535325847,0.0003062414437103273
2008-01-29,1362.300048828125,27.31999969482422,25.649999618530277,0.21663074905101928,0.056569247897222924,-0.06112738268479277,0.006140880526633927,3.771041364239178e-05,0.0002961834854465062
2008-01-30,1355.81005859375,27.6200008392334,26.07999992370605,0.21425072595017847,0.06194928244215553,-0.05575672949798833,-0.004775378708849709,2.2804241812935117e-05,0.0003027239866504975
2008-01-31,1378.550048828125,26.200000762939453,25.209999084472656,0.21791546224474345,0.044084545384651064,-0.03778632250527178,0.016633152629790867,0.00027666176640591886,0.0002723968412611221
2008-02-01,1395.4200439453125,24.020000457763672,24.11000061035156,0.22042053362931507,0.019779470948321637,0.0037468838831265505,0.012163219167380696,0.00014794390051373714,0.00022895254840911387
2008-02-04,1380.8199462890625,25.989999771118164,25.36000061035156,0.22200097317611162,0.03789902453507005,-0.02424006026605289,-0.01051799001944954,0.00011062811404924014,0.0002680476540090168
2008-02-05,1336.6400146484375,28.239999771118164,26.989999771118164,0.2382356439770926,0.04416435373408903,-0.0442634564494016,-0.03251847341534413,0.0010574511132644432,0.00031646729645744205
2008-02-06,1326.449951171875,28.96999931335449,27.61000061035156,0.2312631876462348,0.05843680548731009,-0.04694507197920444,-0.007652849389237926,5.8566103774359306e-05,0.0003330400238951427
2008-02-07,1336.9100341796875,27.65999984741211,26.739999771118164,0.23117973694203797,0.04542026153208312,-0.033261029695197966,0.007854842639587953,6.169855289268903e-05,0.0003036014252217611
2008-02-08,1331.2900390625,28.01000022888184,27.059999465942383,0.23077562822850198,0.049324374060316395,-0.03391648536867509,-0.0042125802217774285,1.774583212491037e-05,0.0003113333781039526
2008-02-11,1339.1300048828125,27.600000381469727,26.670000076293945,0.2302646224606837,0.04573538135401356,-0.03369566276528645,0.005871726706863654,3.447717452009589e-05,0.0003022857226417178
2008-02-12,1348.8599853515625,26.32999992370605,26.11000061035156,0.23188816731207768,0.031411831924982814,-0.008355461982224208,0.007239627380711977,5.241220461155456e-05,0.000275106704754905
2008-02-13,1367.2099609375,24.8799991607666,25.290000915527344,0.2364557951597769,0.012344196447889116,0.01647917076328829,0.01351235803840717,0.00018258381975810688,0.0002456406183491059
2008-02-14,1348.8599853515625,25.540000915527344,25.46999931335449,0.23601349710847958,0.01938651204679387,-0.002740861380717368,-0.013512358038407142,0.00018258381975810612,0.0002588458915734673
2008-02-15,1349.989990234375,25.020000457763672,25.440000534057617,0.23609825415006094,0.014101750427575749,0.016786573485597995,0.0008373973796748068,7.012343714862326e-07,0.00024841286623273576
2008-02-19,1348.780029296875,25.59000015258789,25.46999931335449,0.22622639328859015,0.029673608237288734,-0.004689364537626485,-0.0008966759003646298,8.040276702947196e-07,0.0002598603602418445
2008-02-20,1360.030029296875,24.399999618530277,24.670000076293945,0.22762837567654096,0.016371620508761814,0.011065592704297415,0.00830627798826117,6.899425401827203e-05,0.00023625396086677687
2008-02-21,1342.530029296875,25.1200008392334,25.09000015258789,0.22452703098341556,0.026672977408918414,-0.0011942948106375684,-0.01295086452748304,0.00016772489200921848,0.00025040255641392323
2008-02-22,1353.1099853515625,24.059999465942383,24.399999618530277,0.2218837706391109,0.01871622402031292,0.014131344976510665,0.007849720529112649,6.161811238517256e-05,0.00022971570408775706
2008-02-25,1371.800048828125,23.030000686645508,23.93000030517578,0.22461002561188453,0.005689981254570542,0.03907944384266387,0.013718145806112506,0.00018818752435776213,0.00021046862366146528
2008-02-26,1381.2900390625,21.899999618530277,23.11000061035156,0.22254490132862384,-0.0035449051433210643,0.05525118780355878,0.006894091743071527,4.7528500961887e-05,0.00019032142194112155
2008-02-27,1380.02001953125,22.690000534057617,23.690000534057617,0.21995799007438613,0.006942015266190038,0.044072277499465164,-0.0009198674497638418,8.461561251350341e-07,0.00020430004929981546
2008-02-28,1367.6800537109375,23.530000686645508,24.290000915527344,0.20907867333562555,0.026221333530829533,0.03229920130487609,-0.008982092990434256,8.06779944888082e-05,0.00021970671917203894
2008-02-29,1330.6300048828125,26.540000915527344,26.38999938964844,0.22300781857092236,0.04239219058435109,-0.005651903568365879,-0.027463395019370087,0.0007542380659899617,0.000279512558966743
2008-03-03,1331.3399658203125,26.280000686645508,26.07999992370605,0.2060267992248442,0.056773207641610896,-0.007610378908440798,0.0005334101903081006,2.8452643112452405e-07,0.00027406287146432084
2008-03-04,1326.75,25.520000457763672,25.76000022888184,0.2055027191195584,0.049697285458078305,0.009404379577319134,-0.0034535854252285467,1.1927252289351041e-05,0.00025844064419216584
2008-03-05,1333.699951171875,24.600000381469727,24.90999984741211,0.20322407326979577,0.0427759305449015,0.01260160411118912,0.005224655309318044,2.7297023101185227e-05,0.0002401428645905995
2008-03-06,1304.3399658203125,27.549999237060547,27.0,0.2039339176433561,0.07156607472724935,-0.019963675219296637,-0.02225985852476442,0.0004955013015425272,0.00030119145157223677
2008-03-07,1293.3699951171875,27.489999771118164,27.11000061035156,0.20239033744890716,0.07250966026227446,-0.013823178025845016,-0.008445928205016419,7.133370324429186e-05,0.0002998809870698717
2008-03-10,1273.3699951171875,29.3799991607666,28.32999992370605,0.20213506528217928,0.09166492632548673,-0.03573857273837829,-0.015584285792662654,0.00024286996366738704,0.00034253347249470087
2008-03-11,1320.6500244140625,26.36000061035156,26.09000015258789,0.2239615728767377,0.039638433226777875,-0.010242809237934513,0.03645713261332977,0.0013291225183859133,0.0002757339810229105
2008-03-12,1308.77001953125,27.21999931335449,27.3700008392334,0.2241760709780775,0.04802392215546736,0.005510710127215803,-0.009036278359461814,8.16543265896779e-05,0.0002940191915154836
2008-03-13,1315.47998046875,27.290000915527344,27.18000030517578,0.22468938741844485,0.04821062173682861,-0.004030802735846551,0.005113823424050402,2.6151190012366583e-05,0.00029553339284503304
2008-03-14,1288.1400146484375,31.15999984741211,29.36000061035156,0.22548954470142663,0.0861104537726945,-0.05776634293565452,-0.021002274391494557,0.00044109552961562806,0.0003852958692423503
2008-03-17,1276.5999755859375,32.2400016784668,29.57999992370605,0.2220413211764888,0.10035869560817914,-0.08250625360659859,-0.008999054083631237,8.098297440012004e-05,0.00041246734453473876
2008-03-18,1330.739990234375,25.790000915527344,26.01000022888184,0.25540316146877484,0.0024968476864986044,0.008530411227013222,0.0415348964290097,0.0017251476213685625,0.00026393815365988144
2008-03-19,1298.4200439453125,29.84000015258789,28.780000686645508,0.24788401225810291,0.05051598926777601,-0.035522770124733184,-0.024586996626083605,0.0006045204030910465,0.0003533434956771609
2008-03-20,1329.510009765625,26.6200008392334,27.290000915527344,0.25699256647563723,0.009207441916696757,0.025169047902751304,0.023662286124141837,0.0005599037846207554,0.0002812001764606297
2008-03-24,1349.8800048828125,25.729999542236328,25.959999084472656,0.25979342078757,-0.0024934253652067473,0.00893896410137043,0.01520524258521512,0.0002311994020752394,0.0002627114589061435
2008-03-25,1352.989990234375,25.71999931335449,26.18000030517578,0.259491256429849,-0.00229126329630408,0.017884953503184902,0.002301247732709045,5.2957411272985204e-06,0.0002625072875710141
2008-03-26,1341.1300048828125,26.07999992370605,26.61000061035156,0.26035513256462034,0.0004448666724401473,0.02032211227745253,-0.008804405138629654,7.751754984512826e-05,0.00026990730000813786
2008-03-27,1325.760009765625,25.8799991607666,26.280000686645508,0.2615303191870567,-0.002730327579390679,0.015456010001936091,-0.011526658548939027,0.00013286385730382916,0.00026578347482590484
2008-03-28,1315.219970703125,25.709999084472656,26.239999771118164,0.258874940674394,-0.001774949829667416,0.020614574310335056,-0.00798195753141577,6.371164603332494e-05,0.00026230319560459716
2008-03-31,1322.699951171875,25.61000061035156,25.63999938964844,0.25696957596272496,-0.0008695698592093848,0.0011713697220591475,0.00567113539282709,3.216177664377608e-05,0.0002602667187548441
2008-04-01,1370.1800537109375,22.68000030517578,23.61000061035156,0.2772768486989137,-0.050476845647155905,0.04100530390925714,0.035267092136393355,0.001243767787756858,0.0002041200054931641
2008-04-02,1367.530029296875,23.43000030517578,24.299999237060547,0.27733852335016584,-0.043038520298408045,0.03713183613115786,-0.0019359429314110361,3.7478750336803556e-06,0.00021784321996053062
2008-04-03,1369.31005859375,23.209999084472656,24.1200008392334,0.2763578056278336,-0.044257814783107,0.03920731540956965,0.001300791782277431,1.6920592608404952e-06,0.00021377145138937366
2008-04-04,1370.4000244140625,22.450000762939453,23.520000457763672,0.27351924542414996,-0.04901923779475542,0.04766145471988484,0.0007956797214259201,6.331062190884297e-07,0.00020000100565713576
2008-04-07,1372.5400390625,22.420000076293945,23.200000762939453,0.27269378271407274,-0.0484937819511333,0.03479039625295322,0.0015603804918229909,2.4347872792617587e-06,0.00019946682675437322
2008-04-08,1365.5400390625,22.36000061035156,23.06999969482422,0.2701973601524437,-0.04659735404892812,0.03175308877871702,-0.005113082927238636,2.614361702081922e-05,0.00019840064575195324
2008-04-09,1354.489990234375,22.809999465942383,23.549999237060547,0.2703000652023784,-0.042200070542954604,0.03244190216764616,-0.008124990899776953,6.601547712145829e-05,0.00020646669668106815
2008-04-10,1360.550048828125,21.979999542236328,23.059999465942383,0.270703995027287,-0.0509039996049237,0.04913557535025187,0.004464073140925598,1.9927949007533335e-05,0.0001917144364590116
2008-04-11,1332.8299560546875,23.459999084472656,24.190000534057617,0.27591143732589457,-0.041311446481167996,0.031116857547881283,-0.02058459743950069,0.00042372565174629833,0.00021840141152518173
2008-04-14,1328.3199462890625,23.81999969482422,24.40999984741211,0.2643198620141807,-0.026119865065938497,0.024769108318506407,-0.00338952276199069,1.1488864554052997e-05,0.00022515570851643882
2008-04-15,1334.4300537109375,22.780000686645508,23.700000762939453,0.26465988689550896,-0.03685988002905388,0.04038630590706189,0.0045893291868171725,2.106194238497197e-05,0.00020592398066808325
2008-04-16,1364.7099609375,20.530000686645508,21.81999969482422,0.27218937724814574,-0.06688937038169065,0.06283482537912617,0.02243764859546432,0.0005034480744935421,0.00016725433658478772
2008-04-17,1365.56005859375,20.3700008392334,21.75,0.2718865500108602,-0.06818654161852622,0.06774664231278138,0.0006227205936699851,3.8778093778069873e-07,0.0001646575135676069
2008-04-18,1390.3299560546875,20.1299991607666,21.3700008392334,0.267217943651883,-0.06591795204421699,0.06159968853270307,0.017976453606154175,0.00032315288425421347,0.0001608003437351048
2008-04-21,1388.1700439453125,20.5,21.459999084472656,0.26558979522907067,-0.06058979522907068,0.0468292236328125,-0.0015547328014771577,2.417194083989011e-06,0.00016676587301587298
2008-04-22,1375.93994140625,20.8700008392334,21.799999237060547,0.2623334581854079,-0.053633449793073884,0.044561493072815296,-0.008849273303171198,7.830963799421848e-05,0.0001728400535831757
2008-04-23,1379.9300537109375,20.26000022888184,21.57999992370605,0.24191329974605089,-0.0393132974572325,0.0651529950598161,0.0028957208430831897,8.385199201066419e-06,0.00016288397193424292
2008-04-24,1388.8199462890625,20.059999465942383,21.18000030517578,0.24022577258366182,-0.03962577792423799,0.0558325458151144,0.006421614900284473,4.123713792755556e-05,0.000159683959751432
2008-04-25,1397.8399658203125,19.59000015258789,20.57999992370605,0.240412247253137,-0.04451224572725809,0.050535975671617286,0.006473736528735971,4.190926464349045e-05,0.00015228893094380698
2008-04-28,1396.3699951171875,19.63999938964844,20.40999984741211,0.23055927589778047,-0.03415928200129606,0.039205727173775205,-0.0010521548912095745,1.1070299150962316e-06,0.00015306729207356792
2008-04-29,1390.93994140625,20.239999771118164,20.81999969482422,0.22877882940460156,-0.026378831693419924,0.028656123036804385,-0.0038962732556066196,1.5180945282355406e-05,0.00016256253600589813
2008-04-30,1385.5899658203125,20.790000915527344,21.25,0.19782980848405635,0.010070200671217083,0.02212597711475321,-0.0038537184080868875,1.4851145568827734e-05,0.0001715175151062015
2008-05-01,1409.3399658203125,18.8799991607666,19.780000686645508,0.18686815285687242,0.001931838750793613,0.047669574464237564,0.016995468403442283,0.00028884594625240497,0.00014145014615497923
2008-05-02,1413.9000244140625,18.18000030517578,19.530000686645508,0.1760521658874233,0.005747837164334496,0.07425744547899629,0.003230375437438833,1.0435325466808133e-05,0.00013115571868896488
2008-05-05,1407.489990234375,18.899999618530277,20.020000457763672,0.17249884300789292,0.016501153177409855,0.0592593048592077,-0.004543891610429601,2.0646950967332518e-05,0.0001417499942779542
2008-05-06,1418.260009765625,18.209999084472656,19.75,0.17342930139597015,0.008670689448756402,0.084568972704698,0.007622805755977705,5.810716759336683e-05,0.00013158891533987895
2008-05-07,1392.5699462890625,19.729999542236328,20.959999084472656,0.1803896012311944,0.01691039419116888,0.06234159000375283,-0.01827985274237049,0.00033415301628274995,0.0001544733658478753
2008-05-08,1397.6800537109375,19.399999618530277,20.8799991607666,0.17636446622572738,0.017635529959575402,0.07628863769784175,0.003662835326675613,1.3416362630342844e-05,0.00014934920047578372
2008-05-09,1388.280029296875,19.40999984741211,20.8700008392334,0.17580756641317982,0.018292432060941277,0.07521901098911897,-0.006748165663026327,4.553773981564755e-05,0.00014950321193513418
2008-05-12,1403.5799560546875,17.790000915527344,20.239999771118164,0.1774795095973529,0.00042049955792053395,0.13771774758327468,0.01096049229248502,0.00012013239129362351,0.00012558894149780305
2008-05-13,1403.0400390625,17.979999542236328,20.149999618530277,0.1467991390151109,0.033000856407252366,0.1206896624883922,-0.0003847453519088049,1.4802898581543013e-07,0.00012828586648365814
2008-05-14,1408.6600341796875,17.65999984741211,20.0,0.14684898956261458,0.029751008911506505,0.1325028410422548,0.00399758328062347,1.5980672085520303e-05,0.00012376015659150622
2008-05-15,1423.5699462890625,16.299999237060547,19.280000686645508,0.14943275174751003,0.013567240623095445,0.1828221833783569,0.010528841196037529,0.00011085649693137699,0.00010543252981276762
2008-05-16,1425.3499755859375,16.469999313354492,19.56999969482422,0.14942535315638805,0.015274639977156862,0.1882210389016914,0.0012496171021445246,1.5615429019720792e-06,0.00010764320531027675
2008-05-19,1426.6300048828125,17.010000228881836,19.84000015258789,0.14942806765763453,0.02067193463118383,0.16637271520437166,0.0008976426143178004,8.057622630392954e-07,0.0001148175030899048
2008-05-20,1413.4000244140625,17.579999923706055,20.809999465942383,0.151475653542396,0.024324345694664545,0.18373148784152038,-0.009316856535458926,8.68038157023237e-05,0.0001226414275069464
2008-05-21,1390.7099609375,18.59000015258789,22.11000061035156,0.15744581252816,0.0284541889977189,0.1893491354960346,-0.016183786536071224,0.00026191494664512023,0.00013713813717191182
2008-05-22,1394.3499755859375,18.049999237060547,21.520000457763672,0.15717087461101456,0.0233291177595909,0.19224384306778602,0.002613959343079893,6.8327834472746655e-06,0.00012928669541979615
2008-05-23,1375.9300537109375,19.549999237060547,22.51000022888184,0.14979468921201008,0.04570530315859539,0.15140670625756739,-0.013298434194715,0.00017684835203116522,0.0001516676468924873
2008-05-27,1385.3499755859375,19.63999938964844,22.15999984741211,0.15008211364963883,0.04631788024684558,0.1283095995966208,0.006822892512121779,4.655186223196743e-05,0.00015306729207356792
2008-05-28,1390.8399658203125,19.06999969482422,21.65999984741211,0.1499762564753606,0.0407237404728816,0.13581542706006658,0.003955058916479667,1.564249103282532e-05,0.00014431146363515706
2008-05-29,1398.260009765625,18.13999938964844,20.799999237060547,0.1367105977774563,0.04468939611902811,0.14663726223331794,0.005320756886204072,2.8310453842088054e-05,0.00013057919756208168
2008-05-30,1400.3800048828125,17.829999923706055,20.530000686645508,0.13672446096558794,0.04157553827147262,0.15143021730188794,0.0015150183743460114,2.295280674606031e-06,0.0001261543243172055
2008-06-02,1385.6700439453125,19.82999992370605,21.71999931335449,0.1305176023399677,0.06778239689709281,0.09531010574483216,-0.010559822954777745,0.00011150986083625098,0.00015604321308499284
2008-06-03,1377.6500244140625,20.239999771118164,22.11000061035156,0.13150334854680581,0.07089664916437582,0.09239134685672411,-0.005804642134554054,3.369387031024025e-05,0.00016256253600589813
2008-06-04,1377.199951171875,20.799999237060547,22.59000015258789,0.1289577224969188,0.07904226987368665,0.08605773948000905,-0.00032674973242131163,1.0676538763739874e-07,0.00017168252708798384
2008-06-05,1404.050048828125,18.6299991607666,21.07999992370605,0.1403929215529814,0.04590707005468464,0.13150836679042743,0.019308535254153512,0.00037281953366088906,0.00013772891616276362
2008-06-06,1360.6800537109375,23.559999465942383,24.200000762939453,0.1669496463043773,0.06865034835504652,0.02716474157489845,-0.03137633801853779,0.0009844745874535402,0.00022026729160127198
2008-06-09,1361.760009765625,23.1200008392334,23.850000381469727,0.16564048702046705,0.06555952137186694,0.03157437351808215,0.0007933736546294128,6.294417558600309e-07,0.00021211684079609249
2008-06-10,1358.43994140625,23.18000030517578,23.84000015258789,0.16570253842363422,0.0660974646281236,0.028472814440159446,-0.0024410485020095888,5.958717789163257e-06,0.00021321921196347195
2008-06-11,1335.489990234375,24.1200008392334,24.31999969482422,0.1720129819663042,0.06918702642602978,0.008291826228525822,-0.017038681020649288,0.00029031665092343423,0.0002308628732081825
2008-06-12,1339.8699951171875,23.32999992370605,23.700000762939453,0.17235385024127686,0.060946148995783656,0.015859444511075082,0.003274332291770189,1.0721251956929019e-05,0.0002159876573175097
2008-06-13,1360.030029296875,21.21999931335449,22.600000381469727,0.17056563057718832,0.04163436255635655,0.06503304018708214,0.014934189182590988,0.00022303000654141767,0.00017868586145189082
2008-06-16,1360.1400146484375,20.950000762939453,22.43000030517578,0.17010043505801312,0.03939957257138141,0.0706443669851529,8.086652661084205e-05,6.539395126102024e-09,0.0001741676714155411
2008-06-17,1350.9300537109375,21.1299991607666,22.479999542236328,0.17059859934772523,0.040701392259940794,0.06389022409316311,-0.006794362473468583,4.616336142087812e-05,0.00017717335894206244
2008-06-18,1337.81005859375,22.239999771118164,23.549999237060547,0.17007665355454055,0.05232334415664108,0.05890285429065541,-0.009759291491304709,9.524377041225248e-05,0.00019627682135687932
2008-06-19,1342.8299560546875,21.57999992370605,22.84000015258789,0.16355084812159132,0.05224915111546918,0.05838740654941822,0.00374530209313213,1.4027287768819914e-05,0.00018480015742347347
2008-06-20,1317.9300537109375,22.8700008392334,23.56999969482422,0.17046952684949335,0.058230481542840634,0.030607731959063814,-0.018716929874510457,0.00035032346392734206,0.0002075543406295779
2008-06-23,1318.0,22.63999938964844,23.299999237060547,0.1699478165468223,0.0564521773496621,0.029151937509056376,5.3071430313939166e-05,2.816576715567301e-09,0.00020340062395368325
2008-06-24,1314.2900390625,22.420000076293945,23.209999084472656,0.16564331647714603,0.058556684285793414,0.03523635171678816,-0.0028188104950155795,7.945692606809976e-06,0.00019946682675437322
2008-06-25,1321.969970703125,21.13999938964844,22.31999969482422,0.16720269520294298,0.04419729869354144,0.05581836987912047,0.005826400535617632,3.3946943201445424e-05,0.00017734110087076844
2008-06-26,1283.1500244140625,23.93000030517578,24.309999465942383,0.18450140871293058,0.05479859433882722,0.015879613703323362,-0.029805014810582432,0.0008883389078590382,0.00022724004547845753
2008-06-27,1278.3800048828125,23.440000534057617,23.93000030517578,0.17991275730061465,0.05448724803996152,0.020904426619197773,-0.003724356139002652,1.3870828650126743e-05,0.00021802921628437356
2008-06-30,1280.0,23.950000762939453,23.770000457763672,0.17991668876694134,0.05958331886245319,-0.007515670122830062,0.0012664227601932253,1.6038266075354276e-06,0.00022762005418444458
2008-07-01,1284.9100341796875,23.649999618530277,23.670000076293945,0.18074990396170723,0.05575009222359553,0.000845685331343411,0.0038286256531538474,1.4658374391987724e-05,0.00022195336585574692
2008-07-02,1261.52001953125,25.920000076293945,25.020000457763672,0.18513912729931858,0.07406087346362089,-0.03472220740282327,-0.0183713449871704,0.00033750631663763094,0.0002666057158551898
2008-07-03,1262.9000244140625,24.780000686645508,24.420000076293945,0.18183036322206084,0.06596964364439425,-0.014527869264570876,0.0010933244042243555,1.195358252872542e-06,0.00024367001350402855
2008-07-07,1252.31005859375,25.780000686645508,24.75,0.18156969015826424,0.07623031670819086,-0.039953477859256466,-0.008420790350197398,7.090971012197761e-05,0.0002637335061124774
2008-07-08,1273.699951171875,23.149999618530277,23.059999465942383,0.18852134217945998,0.042978654005842776,-0.0038876956402130606,0.016936119626383927,0.00028683214799918685,0.0002126676517214095
2008-07-09,1244.68994140625,25.229999542236328,24.36000061035156,0.19533183722468242,0.056968158197680835,-0.03448271691120509,-0.023039556424807296,0.0005308211602518792,0.0002526003479766846
2008-07-10,1253.3900146484375,25.59000015258789,24.38999938964844,0.19653063380284747,0.05936936772303142,-0.04689334723658041,0.006965436311526433,4.8517303009930965e-05,0.0002598603602418445
2008-07-11,1239.489990234375,27.489999771118164,25.520000457763672,0.19592699794809693,0.0789729997630847,-0.07166239831781424,-0.011151895352082091,0.00012436476994379014,0.0002998809870698717
2008-07-14,1228.300048828125,28.479999542236328,25.8799991607666,0.19573110931926435,0.08906888610309893,-0.09129214969311644,-0.00906885749704109,8.224417630163839e-05,0.0003218691960022942
2008-07-15,1214.9100341796875,28.540000915527344,25.96999931335449,0.19584479938821645,0.08955520976705697,-0.09004910720849457,-0.010961111207184446,0.00012014595889626446,0.0003232268461342466
2008-07-16,1245.3599853515625,25.100000381469727,24.559999465942383,0.21317847428360442,0.03782152953109286,-0.021513980371331138,0.02475460487471305,0.0006127904625031672,0.0002500039758530875
2008-07-17,1260.3199462890625,25.01000022888184,24.3700008392334,0.21761672747376376,0.03248327481505464,-0.025589739455874227,0.011940981372926736,0.0001425870361485833,0.00024821432993994827
2008-07-18,1260.6800537109375,24.049999237060547,23.799999237060547,0.2074510027878305,0.03304898958277497,-0.010395010724771883,0.0002856861755844398,8.161659092006336e-08,0.00022952478702484636
2008-07-21,1260.0,23.049999237060547,23.18000030517578,0.19008524410283348,0.040414748267772,0.005639959757838707,-0.0005395795681692814,2.9114611038574816e-07,0.0002108343114398777
2008-07-22,1277.0,21.18000030517578,22.059999465942383,0.1954562007738574,0.016343802277900416,0.04154859056123598,0.013401856087015563,0.0001796097465770761,0.00017801286227271673
2008-07-23,1282.18994140625,21.309999465942383,22.200000762939453,0.19627518120932136,0.016824813450102477,0.041764491755125074,0.004055930696717993,1.6450573816579308e-05,0.0001802047925549463
2008-07-24,1252.5400390625,23.440000534057617,23.76000022888184,0.20132862542797772,0.03307137991259845,0.013651863802616914,-0.02339598696581199,0.0005473722061044446,0.00021802921628437356
2008-07-25,1257.760009765625,22.90999984741211,23.290000915527344,0.20155143101015754,0.027548567463963558,0.016586690119867412,0.004158848046300204,1.7296017072215022e-05,0.0002082809892890567
2008-07-28,1234.3699951171875,24.229999542236328,23.989999771118164,0.20045705909976838,0.04184293632259489,-0.009905067092544117,-0.01877165431708631,0.00035237500580018513,0.000232973364213005
2008-07-29,1263.199951171875,22.030000686645508,22.21999931335449,0.2143678946910286,0.005932112175426468,0.008624540208215117,0.023087430794461804,0.0005330294606890633,0.00019258767073555616
2008-07-30,1284.260009765625,21.209999084472656,21.440000534057617,0.22083874436953338,-0.008738753524806825,0.010844010349502543,0.016534539279929733,0.00027339098919953927,0.00017851748458862338
2008-07-31,1267.3800048828125,22.940000534057617,22.670000076293945,0.22216665535912986,0.007233349981446313,-0.01176985403129432,-0.013230903287162038,0.0001750568017942352,0.000208826835120065
2008-08-01,1260.31005859375,22.56999969482422,22.75,0.22178860829676045,0.003911388651481745,0.00797520193219405,-0.005594012357643428,3.129297425746738e-05,0.0002021447961207799
2008-08-04,1249.010009765625,23.489999771118164,23.09000015258789,0.217210347121753,0.017689650589428646,-0.01702850670190674,-0.009006523604902408,8.111746744566428e-05,0.0002189603528758458
2008-08-05,1284.8800048828125,21.13999938964844,21.5,0.2340826957109446,-0.022682701814460166,0.017029357651156762,0.028314087237507637,0.0008016875360931929,0.00017734110087076844
2008-08-06,1289.18994140625,20.229999542236328,21.18000030517578,0.23431393978635143,-0.032013944363988134,0.04695999923064927,0.003348736157926132,1.1214033855401872e-05,0.00016240193709479448
2008-08-07,1266.0699462890625,21.149999618530277,21.86000061035156,0.23879017423775492,-0.027290178052452152,0.033569787452819834,-0.018096496701488593,0.0003274831928669875,0.00017750892216818686
2008-08-08,1296.3199462890625,20.65999984741211,21.649999618530277,0.23378739675454158,-0.027187398280420494,0.04791867272168329,0.02361186756964235,0.0005575202901263281,0.00016937920384724932
2008-08-11,1305.3199462890625,20.1200008392334,21.440000534057617,0.2342140218649297,-0.03301401347259572,0.06560634392471092,0.006918740696878146,4.7868972830637895e-05,0.00016064064832172726
2008-08-12,1289.5899658203125,21.170000076293945,22.200000762939453,0.2371273585808176,-0.025427357817878138,0.0486537875736192,-0.012123868402247892,0.00014698818503502487,0.000177844802869161
2008-08-13,1285.8299560546875,21.549999237060547,22.540000915527344,0.2370486979322073,-0.021548705561601822,0.04593975468751964,-0.0029199218388871536,8.525943545210136e-06,0.0001842866933005199
2008-08-14,1292.9300537109375,20.34000015258789,21.65999984741211,0.230971247935852,-0.027571246409973105,0.06489673967166971,0.005506612147370432,3.03227773415676e-05,0.00016417285960606165
2008-08-15,1298.199951171875,19.57999992370605,21.3799991607666,0.23116264506285183,-0.03536264582579132,0.0919305027617105,0.004067649803148502,1.6545774921054048e-05,0.00015213349087790832
2008-08-18,1278.5999755859375,20.979999542236328,22.11000061035156,0.2343633426509777,-0.02456334722861442,0.05386087191471789,-0.015212941748937444,0.00023143359665656386,0.00017466681777469702
2008-08-19,1266.68994140625,21.280000686645508,22.420000076293945,0.23089168335360563,-0.018091676487150543,0.053571398160896504,-0.00935855756629458,8.758259972164954e-05,0.00017969778937445766
2008-08-20,1274.5400390625,20.420000076293945,22.459999084472656,0.22107949645456945,-0.016879495691629998,0.09990200786272246,0.006178207156833316,3.8170243672746405e-05,0.00016546682663327173
2008-08-21,1277.719970703125,19.81999969482422,22.07999992370605,0.2203726917150553,-0.022172694766813106,0.1140262494288538,0.0024918568436600886,6.209350529295619e-06,0.0001558858682154096
2008-08-22,1292.199951171875,18.809999465942383,21.479999542236328,0.21952587145109473,-0.03142587679167089,0.14194578161090757,0.011268937664792816,0.00012698895609298617,0.00014040320631299714
2008-08-25,1266.8399658203125,20.96999931335449,22.809999465942383,0.2260898532592714,-0.01638986012572649,0.08774440690687636,-0.019820570527915714,0.000392855016052081,0.00017450034571511418
2008-08-26,1271.510009765625,20.489999771118164,22.520000457763672,0.22330725105038546,-0.018407253339203816,0.09907275301715282,0.0036795944289534067,1.3539415161584947e-05,0.0001666032105636597
2008-08-27,1281.6600341796875,19.76000022888184,21.940000534057617,0.21319476211411773,-0.015594759825299342,0.11032390080590285,0.007950961127648376,6.321778285337552e-05,0.0001549434956529406
2008-08-28,1300.6800537109375,19.43000030517578,21.540000915527344,0.21459259621792173,-0.020292593166163914,0.10859498596042218,0.014731106544230111,0.00021700550001745923,0.0001498114729599726
2008-08-29,1282.8299560546875,20.649999618530277,22.520000457763672,0.21888023123752903,-0.012380235052226268,0.09055694304010299,-0.013818705278780862,0.00019095661558180606,0.00016921527152591293
2008-09-02,1277.5799560546875,21.989999771118164,23.11000061035156,0.21928160845861058,0.0006183892525710444,0.050932280622595215,-0.004100911602328969,1.6817475970116353e-05,0.00019188892457689557
2008-09-03,1274.97998046875,21.43000030517578,22.799999237060547,0.21590419837131,-0.001604195319552193,0.06392902064279873,-0.0020371521529357994,4.149988894210963e-06,0.00018224004487295002
2008-09-04,1236.8299560546875,24.030000686645508,24.350000381469727,0.23262867024038297,0.007671336626072112,0.013316674393690558,-0.03037885772284698,0.0009228749965449795,0.00022914322738102523
2008-09-05,1242.31005859375,23.059999465942383,23.729999542236328,0.22335117563245338,0.007248819026970443,0.029054644050771867,0.004420977784567912,1.9545044571643004e-05,0.00021101729181319958
2008-09-08,1267.7900390625,22.63999938964844,23.149999618530277,0.23090802650664524,-0.004508032610160834,0.02252651248369823,0.02030266101316487,0.00041219804421548486,0.00020340062395368325
2008-09-09,1224.510009765625,25.46999931335449,25.149999618530277,0.24645502141538833,0.00824497171815658,-0.012563788906599172,-0.03473448601838737,0.0012064845189615476,0.00025742891469138023
2008-09-10,1232.0400390625,24.520000457763672,24.540000915527344,0.2372188037052361,0.007981200872400618,0.0008156793389185769,0.006130591871801976,3.758415669860445e-05,0.0002385835009717185
2008-09-11,1249.050048828125,24.38999938964844,24.36000061035156,0.23555836545922237,0.00834162843726205,-0.0012299622815740673,0.013711937637728922,0.000188017233780967,0.00023606034532819498
2008-09-12,1251.699951171875,25.65999984741211,25.020000457763672,0.23277573869423276,0.023824259779888307,-0.0249415196201953,0.0021192868823826515,4.491376889839179e-06,0.00026128396514650375
2008-09-15,1192.699951171875,31.700000762939453,27.93000030517578,0.27080366564241437,0.04619634198698014,-0.11892745637316161,-0.048282984679058116,0.0023312466095181607,0.00039876589221046104
2008-09-16,1213.5999755859375,30.299999237060547,26.8799991607666,0.2754869267800562,0.02751306559054928,-0.11287129248870982,0.017371525271791654,0.0003017698902684961,0.00036432141022455156
2008-09-17,1156.3900146484375,36.220001220703125,30.239999771118164,0.29361997588556094,0.0685800363214703,-0.16510218796367213,-0.048288032671884897,0.0023317340993210234,0.0005205906700110062
2008-09-18,1206.510009765625,33.099998474121094,28.57999992370605,0.32202696082383614,0.008973023917374812,-0.1365558537396598,0.04242880631709865,0.0018002036054938705,0.00043476583293127727
2008-09-19,1255.0799560546875,32.06999969482422,28.040000915527344,0.34006150904607874,-0.019361512097836542,-0.12566257616607576,0.039467377977745945,0.0015576739244382656,0.0004081289208039784
2008-09-22,1207.0899658203125,33.849998474121094,29.729999542236328,0.35007712364123766,-0.011577138900026707,-0.12171341558654945,-0.03898680450101769,0.0015199709252005733,0.0004546914272611113
2008-09-23,1188.219970703125,35.720001220703125,31.26000022888184,0.3510121776688452,0.0061878345381860544,-0.12486004589597528,-0.01575611173219346,0.00024825505691736434,0.0005063168600027907
2008-09-24,1185.8699951171875,35.189998626708984,30.559999465942383,0.3499841091450053,0.001915877122084575,-0.13157145045332458,-0.0019796860163376574,3.919156723282864e-06,0.0004914031759316588
2008-09-25,1209.1800537109375,32.81999969482422,29.100000381469727,0.355878717586072,-0.02767872063782978,-0.11334550115614851,0.019465810036084243,0.00037891776036091805,0.00042744142062232617
2008-09-26,1213.27001953125,34.7400016784668,29.739999771118164,0.3555391664872164,-0.00813914970254842,-0.14392635767913126,0.003376721569391682,1.1402248557195022e-05,0.0004789157605634428
2008-09-29,1106.4200439453125,46.720001220703125,36.27000045776367,0.4403262077562096,0.026873804450821603,-0.22367295569137793,-0.09218959234553593,0.008498920936836098,0.0008661740135168656
2008-09-30,1166.3599853515625,39.38999938964844,33.029998779296875,0.4701267118985358,-0.07622671800205139,-0.16146231807312364,0.052758158003824995,0.0027834232359565635,0.0006157031952049621
2008-10-01,1161.06005859375,39.810001373291016,33.439998626708984,0.4697736974605495,-0.07167368372763933,-0.16001011119923594,-0.004554344139591543,2.0742050541831834e-05,0.0006289032576751717
2008-10-02,1114.280029296875,45.2599983215332,36.4900016784668,0.48168235451445973,-0.02908237129912772,-0.19376926576009026,-0.04112494871855385,0.001691261407103684,0.0008128839079623763
2008-10-03,1099.22998046875,45.13999938964844,37.29999923706055,0.48191624510577385,-0.03051625120928947,-0.173681884328642,-0.013598565792345264,0.00018492099160874277,0.0008085791844831196
2008-10-06,1056.8900146484375,52.04999923706055,39.130001068115234,0.48928565724157974,0.031214335129025772,-0.24822283109172533,-0.03927926970654148,0.001542861028679227,0.0010750803256261922
2008-10-07,996.22998046875,53.68000030517578,40.54999923706055,0.5111985010857095,0.025601501966048268,-0.24459763400651938,-0.05910779118196403,0.0034937309784106646,0.0011434692193506633
2008-10-08,984.9400024414062,57.52999877929688,42.220001220703125,0.5100689542815204,0.06523103351144843,-0.26612198650181984,-0.011397406925517297,0.00012990088462582963,0.0013133733172801196
2008-10-09,909.9199829101562,63.91999816894531,48.0099983215332,0.5468664740954899,0.0923335075939632,-0.24890488584434556,-0.07922406331313588,0.006276452207843761,0.0016213357801261794
2008-10-10,899.219970703125,69.94999694824219,50.90999984741211,0.5412190607589003,0.15828090872352163,-0.2721943950178906,-0.011828976472150513,0.0001399246843786904,0.001941667489309163
2008-10-13,1003.3499755859376,54.9900016784668,42.380001068115234,0.6461901185148771,-0.09629010173020913,-0.2293144249037082,0.10957196759533848,0.012006016082713906,0.0011999604303959447
2008-10-14,998.010009765625,55.130001068115234,42.9900016784668,0.6461320885676723,-0.09483207788652004,-0.220206768627648,-0.005336349813536966,2.847662933243601e-05,0.0012060781816549153
2008-10-15,907.8400268554688,69.25,49.45000076293945,0.6925526238860026,-5.26238860025785e-05,-0.2859205666001523,-0.09469512488423501,0.008967166676840865,0.001903000992063492
2008-10-16,946.4299926757812,67.61000061035156,48.7400016784668,0.7066354580239862,-0.03053545192047058,-0.27910070642708495,0.041628822290941045,0.00173295884533075,0.001813933405766563
2008-10-17,940.5499877929688,70.33000183105469,51.130001068115234,0.7055614169176145,-0.002261398607067644,-0.27299872405892023,-0.006232205932727285,3.8840390787921175e-05,0.001962821094268316
2008-10-20,985.4000244140624,52.970001220703125,43.619998931884766,0.7191158707244484,-0.18941585851741716,-0.17651504763726428,0.04658287732523134,0.002169964459897552,0.0011134210433814645
2008-10-21,955.0499877929688,53.11000061035156,43.790000915527344,0.7180866281738421,-0.18698662207032646,-0.1754848350163204,-0.03128399253606987,0.0009786881889968756,0.0011193143511236282
2008-10-22,896.780029296875,69.6500015258789,49.83000183105469,0.7337784539457264,-0.037278438686937365,-0.2845656749549384,-0.06295307968785188,0.003963090242185029,0.0019250486954583068
2008-10-23,908.1099853515624,67.80000305175781,49.7599983215332,0.7334530962242358,-0.055453065706657645,-0.26607675395608843,0.012554897845818157,0.0001576254599189294,0.0018241430213564959
2008-10-24,876.77001953125,79.12999725341797,55.29999923706055,0.7357676723690233,0.05553230016515642,-0.3011499917034068,-0.035120777951255164,0.0012334690439013709,0.0024847446290975936
2008-10-27,848.9199829101562,80.05999755859375,62.84000015258789,0.7303267613708092,0.07027321421512833,-0.2150886576458238,-0.032279789320129516,0.0010419847985519476,0.0025434933369373166
2008-10-28,940.510009765625,66.95999908447266,54.380001068115234,0.797895434924777,-0.12829544408005045,-0.18787333017264923,0.10245735847393653,0.010497510305456733,0.0017792228084891185
2008-10-29,930.0900268554688,69.95999908447266,57.81999969482422,0.7890119862858156,-0.08941199544108902,-0.1735277236780705,-0.011140907177516441,0.00012411981273803736,0.0019422228063092916
2008-10-30,954.0900268554688,62.900001525878906,53.75,0.7812265607847724,-0.15222654552598336,-0.1454690191400763,0.025476650236373046,0.0006490597072664868,0.0015700040444268128
2008-10-31,968.75,59.88999938964844,53.56999969482422,0.7715805811654728,-0.17268058726898838,-0.10552679511158229,0.015248545898600415,0.00023251815202172355,0.0014233381059095597
2008-11-03,966.2999877929688,53.68000030517578,51.20000076293945,0.7663340988241573,-0.22953409577239947,-0.04619969314711812,-0.002532248295049081,6.412281427778978e-06,0.0011434692193506633
2008-11-04,1005.75,47.72999954223633,46.2599983215332,0.778017807037863,-0.30071781161549976,-0.030798265971117796,0.040014478457390035,0.0016011584862169312,0.0009040289112309048
2008-11-05,952.77001953125,54.560001373291016,49.720001220703125,0.7905075443345264,-0.2449075306016163,-0.0887096779832054,-0.05411525893116383,0.002928461249186907,0.0011812673610529828
2008-11-06,904.8800048828124,63.68000030517578,56.13999938964844,0.7963995153511582,-0.1595995122994004,-0.11840453642263107,-0.0515712082795199,0.002659589523409622,0.001609183507486979
2008-11-07,930.989990234375,56.09999847412109,52.61000061035156,0.8032513654689081,-0.24225138072769725,-0.062210302294026965,0.028446181972100103,0.0008091852687898329,0.0012488927892049158
2008-11-10,919.2100219726562,59.97999954223633,54.04999923706055,0.7636296648248659,-0.16382966940250265,-0.09886629460542146,-0.01273389618685711,0.00016215211209765404,0.0014276191845582025
2008-11-11,898.9500122070312,61.43999862670898,55.630001068115234,0.7440224628380727,-0.12962247657098291,-0.09456376446056823,-0.02228720025294257,0.0004967192951147633,0.001497965647321429
2008-11-12,852.2999877929688,66.45999908447266,59.09999847412109,0.7550000780645852,-0.0904000872198587,-0.11074331495245415,-0.05328886594572081,0.002839703233781003,0.0017527505866302008
2008-11-13,911.2899780273438,59.83000183105469,54.09999847412109,0.7811629517654377,-0.1828629334548908,-0.09577140534131573,0.06692259078968742,0.004478633158003955,0.0014204877456761935
2008-11-14,873.2899780273438,66.30999755859375,59.290000915527344,0.78787818219652,-0.12477820661058248,-0.10586633843355672,-0.04259349062086726,0.001814205443269907,0.001744847530246313
2008-11-17,850.75,69.1500015258789,62.5099983215332,0.7842112224486357,-0.09271120718984671,-0.09602318232575495,-0.026149349993598612,0.0006837885050877157,0.0018975090123131168
2008-11-18,859.1199951171875,67.63999938964844,61.38999938964844,0.7698998357649425,-0.09349984186845806,-0.09240094701947164,0.00979029048544131,9.584978778932265e-05,0.0018155434592982704
2008-11-19,806.5800170898438,74.26000213623047,66.48999786376953,0.7880430967986509,-0.04544307543634618,-0.10463242726827307,-0.06310549598420712,0.00398230362341278,0.002188312665584506
2008-11-20,752.4400024414062,80.86000061035156,69.23999786376953,0.7807195434971819,0.02788046260633381,-0.14370520231104794,-0.06948184541277702,0.004827726841965043,0.0025945792455182764
2008-11-21,800.030029296875,72.66999816894531,64.3499984741211,0.8046698525917744,-0.07796987090232121,-0.11449015968710557,0.06132800111506746,0.003761123720769716,0.002095606600743855
2008-11-24,851.8099975585938,64.69999694824219,59.5,0.7573201632579781,-0.11032019377555624,-0.08037089943608512,0.06271423081455647,0.003933074746661464,0.0016611466686914877
2008-11-25,857.3900146484375,60.900001525878906,57.9900016784668,0.7581171275703298,-0.14911711231154068,-0.04778324752874647,0.0065294136139663166,4.263324214224867e-05,0.001471750073750815
2008-11-26,887.6799926757812,54.91999816894531,53.72999954223633,0.7168186168007294,-0.16761863511127628,-0.021667856270648475,0.03471840142238202,0.001205367397325658,0.00119690722177657
2008-11-28,896.239990234375,55.27999877929688,54.18000030517578,0.7062977563726038,-0.15349776857963504,-0.019898670376473766,0.009596913918806831,9.21007567649883e-05,0.0012126501051742317
2008-12-01,816.2100219726562,68.51000213623047,62.38999938964844,0.7547065006478992,-0.0696064792855946,-0.08933006211870428,-0.09353652163820918,0.008749080880175173,0.0018625477748834534
2008-12-02,848.8099975585938,62.97999954223633,59.650001525878906,0.7506186869968849,-0.12081869157452163,-0.05287389711910402,0.03916366397642246,0.0015337925760581302,0.0015740001358492415
2008-12-03,870.739990234375,60.720001220703125,58.5,0.7513673188983361,-0.14416730669130484,-0.036561284190919814,0.02550804791981371,0.0006506605086795125,0.0014630629159691226
2008-12-04,845.219970703125,63.63999938964844,61.290000915527344,0.7343449621143386,-0.09794496821785426,-0.03692643772248904,-0.02974649977384212,0.0008848542487951893,0.0016071625088549418
2008-12-05,876.0700073242188,59.93000030517578,58.060001373291016,0.7414190967478503,-0.14211909369609255,-0.03120305226701735,0.035849090941538375,0.0012851573213346888,0.0014252400541977656
2008-12-08,909.7000122070312,58.4900016784668,56.59999847412109,0.7424917194109861,-0.15759170262631816,-0.03231326979157052,0.03766888346678524,0.0014189447816342466,0.0013575715461694637
2008-12-09,888.6699829101562,58.90999984741211,57.77000045776367,0.7394459270860587,-0.15034592861193763,-0.019351542906149186,-0.023388944476325925,0.000547042723716657,0.0013771381277865454
2008-12-10,899.239990234375,55.72999954223633,56.15999984741211,0.6758688778565579,-0.11856888243419461,0.007715778013776855,0.011824007505509534,0.0001398071534903458,0.0012324733527689132
2008-12-11,873.5900268554688,55.77999877929688,56.09000015258789,0.6800315749220225,-0.12223158712905369,0.0055575722494649385,-0.028938762495764388,0.0008374519747862595,0.0012346858189755403
2008-12-12,879.72998046875,54.27999877929688,55.13999938964844,0.6756179312164634,-0.13281794342349462,0.015843784629552556,0.007003831230512167,4.9053651905497574e-05,0.0011691739156668535
2008-12-15,868.5700073242188,56.7599983215332,56.40999984741211,0.6740260920351455,-0.10642610881981351,-0.006166287605197371,-0.012766830411484197,0.00016299195875559775,0.0012784513529604967
2008-12-16,913.1799926757812,52.369998931884766,52.90999984741211,0.6917938650496955,-0.16809387573084789,0.010311264589287045,0.05008481578859222,0.0025084887725772163,0.001088339995287941
2008-12-17,904.4199829101562,49.84000015258789,51.56999969482422,0.6805380806823376,-0.18213807915645863,0.03471106615047832,-0.009639170015611964,9.291359858987275e-05,0.0009857244504801433
2008-12-18,885.280029296875,47.34000015258789,49.79999923706055,0.6658555005926251,-0.1924554990667462,0.05196449253366084,-0.021389823129044905,0.0004575245334918244,0.0008893157200186593
2008-12-19,887.8800048828125,44.93000030517578,43.400001525878906,0.6494510511704394,-0.20015104811868162,-0.034052943888376166,0.0029325919817233524,8.6000957312681e-06,0.0008010733838980539
2008-12-22,871.6300048828125,44.560001373291016,43.709999084472656,0.6454199649152124,-0.19981995118230222,-0.01907545472671025,-0.018471576686337164,0.00034119914527923464,0.0007879340168205147
2008-12-23,863.1599731445312,45.02000045776367,44.47999954223633,0.6450560037013073,-0.19485599912367063,-0.011994689250035778,-0.009764984984231137,9.535493174225957e-05,0.0008042858893718416
2008-12-24,868.1500244140625,44.209999084472656,43.959999084472656,0.6425450598203017,-0.20044506897557518,-0.005654829341261047,0.005764496357789291,3.3229418258966005e-05,0.0007756047694639179
2008-12-26,872.7999877929688,43.380001068115234,46.11000061035156,0.623397546514369,-0.1895975358332166,0.0629322147306932,0.005341881620716298,2.8535699249746586e-05,0.0007467557510593965
2008-12-29,869.4199829101562,43.900001525878906,46.540000915527344,0.5910671540126735,-0.15206713875388445,0.06013665826622276,-0.0038801175284807,1.5055312034823175e-05,0.0007647659261794327
2008-12-30,890.6400146484375,41.630001068115234,44.40999984741211,0.5823891911114163,-0.16608918043026394,0.06677873427743194,0.024114018863220666,0.0005814859057357621,0.0006877210273536808
2008-12-31,903.25,40.0,43.18000030517578,0.5779501063167606,-0.17795010631676056,0.07950000762939453,0.014059048160206564,0.0001976568351710076,0.000634920634920635
2009-01-02,931.7999877929688,39.18999862670898,40.560001373291016,0.5837265387080869,-0.1918265524409971,0.03495796873155149,0.031118816254462313,0.0009683807250789879,0.0006094666636354966
2009-01-05,927.4500122070312,39.08000183105469,40.81999969482422,0.5500769280917437,-0.1592769097811968,0.044523996475016855,-0.004679288447595494,2.189574037580065e-05,0.0006060502155219198
2009-01-06,934.7000122070312,38.560001373291016,40.310001373291016,0.5031703637598494,-0.11757035002693922,0.04538381581106882,0.007786737413759767,6.063327955084614e-05,0.0005900292483762718
2009-01-07,906.6500244140624,43.38999938964844,43.810001373291016,0.4875024720105842,-0.05360247811409985,0.00967969554161317,-0.030469120220572424,0.0009283672870156953,0.0007471000186641633
2009-01-08,909.72998046875,42.560001373291016,43.16999816894531,0.4548204734702889,-0.029220459737378746,0.014332631014366153,0.0033913156919746527,1.1501022122633517e-05,0.0007187911574978306
2009-01-09,890.3499755859375,42.81999969482422,44.880001068115234,0.45974096583024804,-0.03154096888200586,0.0481083929932866,-0.021533214293202936,0.0004636793177969992,0.0007276001483590262
2009-01-12,870.260009765625,45.84000015258789,47.34999847412109,0.4535549517777692,0.0048450497481096755,0.03294062645084763,-0.02282258762866887,0.0005208705060682693,0.0008338514341227213
2009-01-13,871.7899780273438,43.27000045776367,47.13999938964844,0.452582319324683,-0.01988231474704627,0.08943838435274144,0.0017565152157664873,3.0853457032191895e-06,0.0007429733887360589
2009-01-14,842.6199951171875,49.13999938964844,50.68000030517578,0.37255411352274437,0.11884588037374,0.03133905035928331,-0.0340324644901829,0.00115820863927556,0.0009582299761962892
2009-01-15,843.739990234375,51.0,51.709999084472656,0.354636579429261,0.15536342057073899,0.013921550675934436,0.0013282991669522379,1.764378676926009e-06,0.0010321428571428571
2009-01-16,850.1199951171875,46.11000061035156,48.95000076293945,0.3470594153890314,0.11404059071448425,0.06159184808057276,0.007533131556373145,5.674807104562488e-05,0.0008437032366216753
2009-01-20,805.219970703125,56.650001525878906,54.869998931884766,0.37125763967815717,0.19524237558063184,-0.03142105112179032,-0.054262014623913155,0.002944366231045765,0.0012735010606674927
2009-01-21,840.239990234375,46.41999816894531,49.959999084472656,0.3776100466305643,0.08658993505888885,0.07626025538914351,0.04257205806919397,0.0018123801282468237,0.0008550858055574946
2009-01-22,827.5,47.290000915527344,50.130001068115234,0.3608251119044311,0.1120748972508423,0.0600549819751726,-0.015278446440878557,0.00023343092564679464,0.0008874381692819749
2009-01-23,831.9500122070312,47.27000045776367,49.36000061035156,0.3564114319093281,0.11628857266830861,0.04421409207421801,0.005363250283092426,2.876445359909099e-05,0.0008866876759035625
2009-01-26,836.5700073242188,45.68999862670898,47.470001220703125,0.3547239777781824,0.1021760084889074,0.038958254486652855,0.005537850154850269,3.066778433757515e-05,0.0008284031644875668
2009-01-27,845.7100219726562,42.25,45.18000030517578,0.3475411495813444,0.07495885041865558,0.06934911964913092,0.010866329534482322,0.00011807711755196281,0.0007083581349206349
2009-01-28,874.0900268554688,39.65999984741211,42.20000076293945,0.36071912285610347,0.035880875618017616,0.0640444005370586,0.03300683868264074,0.0010894513998218692,0.0006241728523399716
2009-01-29,845.1400146484375,42.630001068115234,43.52999877929688,0.3719610028816539,0.05433900779949846,0.021111838813787732,-0.03368106446667382,0.001134414103608238,0.0007211575361378993
2009-01-30,825.8800048828125,44.84000015258789,44.59999847412109,0.3441903894818543,0.10420961204402457,-0.0053524013748905514,-0.023052821010677113,0.0005314325565503161,0.0007978673070174929
2009-02-02,825.4400024414062,45.52000045776367,43.90999984741211,0.3437559763825037,0.111444028195133,-0.03536908159404398,-0.0005329099748901644,2.8399304133743565e-07,0.0008222501752677797
2009-02-03,838.510009765625,43.060001373291016,42.2400016784668,0.34336903265751256,0.08723098107539762,-0.019043187846548536,0.015709938442946172,0.000246802165881158,0.0007357792532808827
2009-02-04,832.22998046875,43.84999847412109,42.130001068115234,0.3434507776671565,0.0950492070740544,-0.039224571627315824,-0.007517697439794895,5.6515774796298724e-05,0.0007630247484842944
2009-02-05,845.8499755859375,43.72999954223633,42.59999847412109,0.3438544384773348,0.09344555694502849,-0.02584040887134786,0.016233188600758928,0.0002635164121478096,0.0007588543095095197
2009-02-06,868.5999755859375,43.369998931884766,43.380001068115234,0.35182096427834747,0.08187902504050021,0.00023062339121053972,0.026540681935397104,0.0007044077975959141,0.0007464114314887642
2009-02-09,869.8900146484375,43.63999938964844,43.43000030517578,0.35145220142252376,0.08494779247396061,-0.004812078079965986,0.0014840917192800343,2.202528231235568e-06,0.0007557339471144905
2009-02-10,827.1599731445312,46.66999816894531,46.060001373291016,0.38010786845115446,0.08659211323829868,-0.013070426817805082,-0.05036866949414839,0.002537002866610754,0.0008643209242418092
2009-02-11,833.739990234375,44.52999877929688,45.06999969482422,0.3810821616871209,0.06421782610584792,0.012126677079057022,0.007923477223390516,6.278149130958828e-05,0.0007868733298746753
2009-02-12,835.1900024414062,41.25,42.65999984741211,0.3735086400754883,0.03899135992451169,0.0341818144827178,0.0017376553579209742,3.019446142911469e-06,0.0006752232142857143
2009-02-13,826.8400268554688,42.93000030517578,42.470001220703125,0.37094799519695226,0.05835200785480554,-0.010715096231135998,-0.010048008389114625,0.00010096247258771787,0.0007313432246834891
2009-02-17,789.1699829101562,48.65999984741211,46.0,0.377292435637515,0.10930756283660609,-0.05466501964145765,-0.04662949981810491,0.0021743102532866456,0.0009396014226786296
2009-02-18,788.4199829101562,48.459999084472656,46.970001220703125,0.3775208469612344,0.10707914388349216,-0.030746964340058146,-0.000950817478245573,9.040538769372707e-07,0.00093189345685202
2009-02-19,778.9400024414062,47.08000183105469,45.630001068115234,0.3758742417269812,0.09492577658356566,-0.030798655619061817,-0.012096896898495146,0.00014633491457282147,0.0008795740366714732
2009-02-20,770.0499877929688,49.29999923706055,47.02999877929688,0.3691343788109212,0.12386561355968428,-0.04604463474427856,-0.011478592263616477,0.00013175808035435603,0.0009644801288786392
2009-02-23,743.3300170898438,52.619998931884766,50.43000030517578,0.37802387983485936,0.14817610948398835,-0.041619130960908635,-0.035315317490224964,0.0012471716494353892,0.0010987556696791883
2009-02-24,773.1400146484375,45.4900016784668,45.11000061035156,0.3979401440236328,0.056959872761035146,-0.008353507454256968,0.0393200492217266,0.0015460662707990024,0.0008211667669471872
2009-02-25,764.9000244140625,44.66999816894531,44.400001525878906,0.394683986005074,0.052015995684379146,-0.006044250148505906,-0.010715025437918897,0.00011481177013524905,0.0007918288636561816
2009-02-26,752.8300170898438,44.65999984741211,44.18000030517578,0.3956466686833368,0.05095332979078426,-0.01074786260358983,-0.01590567684576375,0.0002529905559218651,0.0007914744390360513
2009-02-27,735.0900268554688,46.34999847412109,45.209999084472656,0.39019087812472397,0.07330910661648687,-0.024595456897046807,-0.023846484170292854,0.0005686548072840276,0.0008525088724408837
2009-03-02,700.8200073242188,52.650001525878906,48.66999816894531,0.4092205221856292,0.11727949307315988,-0.07559360382881117,-0.04774188875107267,0.0022792879415197993,0.0011000089923313696
2009-03-03,696.3300170898438,50.93000030517578,48.5099983215332,0.40714845238565506,0.10215155066610276,-0.047516237367794485,-0.006427378038351219,4.1311188447879566e-05,0.0010293114805893671
2009-03-04,712.8699951171875,47.560001373291016,44.720001220703125,0.39014028515357674,0.08545972857933343,-0.059714046900402155,0.02347535830991525,0.000551092447778907,0.000897600686756922
2009-03-05,682.5499877929688,50.16999816894531,46.70000076293945,0.38034224910609427,0.12135773258335891,-0.06916479036576387,-0.04346330218569738,0.001889058636885247,0.0009988209191555463
2009-03-06,683.3800048828125,49.33000183105469,46.47999954223633,0.38019975390201044,0.11310026440853643,-0.0577742181842815,0.001215314395986425,1.476989081091849e-06,0.000965654397084071
2009-03-09,676.530029296875,49.68000030517578,46.52999877929688,0.37868648343753203,0.11811351961422578,-0.0634058274261066,-0.01007424513030657,0.00010149041494550564,0.0009794057263183594
2009-03-10,719.5999755859375,44.369998931884766,42.40999984741211,0.42667746682499796,0.017022522493849668,-0.04417397186512392,0.0617186323188922,0.0038091895753146047,0.0007812288909585139
2009-03-11,721.3599853515625,43.61000061035156,42.5,0.4246456648832314,0.011454341220284214,-0.025452891419774144,0.0024428307358472247,5.967422003999894e-06,0.0007546952989027236
2009-03-12,750.739990234375,41.18000030517578,40.70000076293945,0.4304983135149367,-0.018698310463178935,-0.011656132556560436,0.03992107486845256,0.0015936922186525946,0.0006729335020374117
2009-03-13,756.5499877929688,42.36000061035156,41.83000183105469,0.42324810134494634,0.00035190475856927694,-0.012511774590658494,0.007709235009042813,5.943230442465135e-05,0.0007120514490908669
2009-03-16,753.8900146484375,43.7400016784668,42.2400016784668,0.4192507336231086,0.018149283161559338,-0.034293551496099965,-0.003522120560965446,1.2405333245975549e-05,0.0007592014868382055
2009-03-17,778.1199951171875,40.79999923706055,39.97999954223633,0.4311200648293182,-0.023120072458712726,-0.020098032111710795,0.03163425945298957,0.0010007263711390598,0.0006605714038667227
2009-03-18,794.3499755859375,40.060001373291016,39.900001525878906,0.433110439036714,-0.032510425303803825,-0.003994005040618526,0.020643391776914963,0.0004261496240552003,0.0006368268690587611
2009-03-19,784.0399780273438,43.68000030517578,43.150001525878906,0.43404363667421386,0.0027563663775439506,-0.012133671602426106,-0.013064127999233972,0.000170671440380369,0.0007571200105794271
2009-03-20,768.5399780273438,45.88999938964844,46.27999877929688,0.43351822863330697,0.025381765263177425,0.008498570382121602,-0.01996742895118435,0.00039869821892059493,0.000835671446024577
2009-03-23,822.9199829101562,43.22999954223633,42.33000183105469,0.4735481366811938,-0.04124814125883047,-0.02081882305601993,0.06836638735773641,0.004673962920348061,0.0007416003414372037
2009-03-24,806.1199951171875,42.93000030517578,43.63999938964844,0.4765418136288383,-0.04724181057708049,0.016538529686128525,-0.02062636109659859,0.0004254467720872758,0.0007313432246834891
2009-03-25,813.8800048828125,42.25,41.900001525878906,0.4554635699056228,-0.032963569905622825,-0.008283987553161983,0.009580332245017488,9.178276592492182e-05,0.0007083581349206349
2009-03-26,832.8599853515625,40.36000061035156,40.68000030517578,0.45999450757802324,-0.056394501474507586,0.00792863453877513,0.023052602239829925,0.0005314224700278116,0.0006464006544712614
2009-03-27,815.9400024414062,41.040000915527344,42.09000015258789,0.46375874283295426,-0.05335873367768085,0.02558477616074524,-0.020524717385895695,0.00042126402377088904,0.000668365744105748
2009-03-30,787.530029296875,45.540000915527344,44.9900016784668,0.47389748861199776,-0.01849747945672431,-0.012077277690019081,-0.035439323427820704,0.0012559456450216815,0.0008229728902326315
2009-03-31,797.8699951171875,44.13999938964844,44.59000015258789,0.4558681818497951,-0.01446818795331073,0.01019485204263473,0.013044168377756998,0.00017015032866727562,0.0007731506135389541
2009-04-01,811.0800170898438,42.27999877929688,43.02999877929688,0.4582066829035839,-0.03540669511061506,0.017738884145078317,0.016421043179743085,0.0002696506591109869,0.0007093644034830738
2009-04-02,834.3800048828125,42.040000915527344,42.2400016784668,0.46315813505923326,-0.04275812590395983,0.004757391973927942,0.028322225961306003,0.0008021484834032758,0.000701333998800611
2009-04-03,842.5,39.70000076293945,41.06999969482422,0.461749808338302,-0.06474980070890746,0.03450878855306422,0.009684722294469393,9.37938459209925e-05,0.0006254325637211878
2009-04-06,835.47998046875,40.93000030517578,41.16999816894531,0.4487423343829701,-0.03944233133121233,0.005863617443931034,-0.008367275616680818,7.001130124550137e-05,0.0006647876686435275
2009-04-07,815.5499877929688,40.38999938964844,41.66999816894531,0.44286592594326124,-0.03896593204677684,0.03169098288287982,-0.02414366931764816,0.0005829167681199452,0.0006473619248792862
2009-04-08,825.1599731445312,38.84999847412109,40.20000076293945,0.4421373369440022,-0.05363735220279131,0.03474909502808952,0.011714557086847552,0.00013723084774101022,0.0005989374529520678
2009-04-09,856.5599975585938,36.52999877929688,38.52999877929688,0.4497183197359807,-0.0844183319430119,0.05474952277122675,0.037347090620733756,0.0013948051778332993,0.0005295400042918379
2009-04-13,858.72998046875,37.810001373291016,38.54999923706055,0.4417995122404456,-0.06369949850753548,0.01957148471018744,0.0025301658560268466,6.401739259004066e-06,0.0005673000808921699
2009-04-14,841.5,37.66999816894531,38.68999862670898,0.4198303363820223,-0.04313035469256915,0.02707726326901021,-0.02026851722493524,0.00041081279049749655,0.0005631066516064854
2009-04-15,852.0599975585938,36.16999816894531,37.970001220703125,0.41850180893342803,-0.05680182724397492,0.04976508550954951,0.012470930388817558,0.00015552410476273325,0.0005191542728339314
2009-04-16,865.2999877929688,35.790000915527344,36.959999084472656,0.416346151800845,-0.058446142645571575,0.03269064372774893,0.015419309485732727,0.00023775510501680727,0.0005083032402910508
2009-04-17,869.5999755859375,33.939998626708984,36.59000015258789,0.3886228761798017,-0.04922288991271184,0.07807901099304981,0.004957054226539451,2.4572386604852635e-05,0.0004571125026908761
2009-04-20,832.3900146484375,39.18000030517578,39.40999984741211,0.4163594793230295,-0.024559476271271696,0.005870330281900089,-0.043732209141657034,0.001912506116409631,0.0006091557237752279
2009-04-21,850.0800170898438,37.13999938964844,37.77999877929688,0.415309241811713,-0.043909247915228655,0.017232078625903896,0.021029384216146016,0.00044223500051029116,0.0005473728391520183
2009-04-22,843.5499877929688,38.09999847412109,38.5,0.3842998619520813,-0.003299877210870439,0.01049872813382418,-0.007711320225478271,5.946445961987026e-05,0.0005760356681460433
2009-04-23,851.9199829101562,37.150001525878906,37.97999954223633,0.38442364419184377,-0.01292362893305471,0.022341803021979433,0.009873443065781582,9.748487797323042e-05,0.0005476677037193671
2009-04-24,866.22998046875,36.81999969482422,37.810001373291016,0.3720608539998251,-0.0038608570515829,0.02688760691668233,0.016657834020331604,0.00027748343424891696,0.0005379811021931967
2009-04-27,857.510009765625,38.31999969482422,38.630001068115234,0.37441693644763485,0.008783060500607343,0.008089806256780494,-0.010117587499046198,0.00010236557680085588,0.0005827072923060827
2009-04-28,855.1599731445312,37.95000076293945,38.400001525878906,0.3742847419768953,0.00521526565249919,0.011857727375302374,-0.0027442976398493147,7.531169536082519e-06,0.0005715089515504385
2009-04-29,873.6400146484375,36.08000183105469,36.4900016784668,0.3688948616912291,-0.008094843380682226,0.011363631557779339,0.021379853727164114,0.00045709814539493326,0.0005165740206860753
2009-04-30,872.8099975585938,36.5,36.72999954223633,0.3656522472151215,-0.0006522472151215264,0.006301357321543236,-0.0009505192207446081,9.03486789004937e-07,0.0005286706349206348
2009-05-01,877.52001953125,35.29999923706055,35.84000015258789,0.3624432024141937,-0.009443210043588224,0.015297476691172585,0.005381880325807842,2.8964635841317524e-05,0.0004944801373557441
2009-05-04,907.239990234375,34.529998779296875,34.79999923706055,0.3650234790894297,-0.01972349129646095,0.007819301109432875,0.03330724358772585,0.0011093724754121046,0.00047314318083263644
2009-05-05,903.7999877929688,33.36000061035156,34.18000030517578,0.3133371731703734,0.02026283293314224,0.024580326133740355,-0.003798929477293887,1.4431865173452406e-05,0.00044162287330264154
2009-05-06,919.530029296875,32.45000076293945,33.36000061035156,0.3075668104833611,0.01693319714603342,0.02804313793580564,0.01725461832941929,0.00029772185369393215,0.0004178581545693536
2009-05-07,907.3900146484376,33.439998626708984,34.040000915527344,0.31133125365315767,0.023068732613932164,0.017942652914439097,-0.013290338985760623,0.0001766331103564287,0.00044374345561678515
2009-05-08,929.22998046875,32.04999923706055,32.81999969482422,0.31173474747855545,0.008765244892049995,0.024024975853144268,0.023783902379113486,0.0005656740123792002,0.00040762002027602443
2009-05-11,909.239990234375,32.869998931884766,33.38999938964844,0.31257752500082275,0.016122464318024887,0.015819911002773343,-0.02174719020275387,0.0004729402817147539,0.00042874477372305774
2009-05-12,908.3499755859376,31.799999237060547,32.77000045776367,0.2903342623039233,0.02766573006668216,0.030503183772805264,-0.0009793349834761856,9.590970098603008e-07,0.0004012856950305759
2009-05-13,883.9199829101562,33.650001525878906,33.83000183105469,0.3035399058242223,0.03296010943456679,0.0053491915902990385,-0.027263198536612705,0.0007432819944467611,0.00044933436614748133
2009-05-14,893.0700073242188,31.3700008392334,32.25,0.3017736331820823,0.011926375210251694,0.028052251744476092,0.01029843199277203,0.00010605770150975048,0.00039050672724345403
2009-05-15,882.8800048828125,33.119998931884766,33.220001220703125,0.29496219167943777,0.036237797639409874,0.0030193928757070924,-0.011475676904067545,0.0001316911604065493,0.0004352914004952571
2009-05-18,909.7100219726562,30.239999771118164,31.229999542236328,0.305276362092862,-0.002876364381680374,0.03273808791704093,0.029936594996533384,0.0008961997199864677,0.00036287999450683597
2009-05-19,908.1300048828124,28.799999237060547,30.420000076293945,0.30381584763724045,-0.01581585526663498,0.05625003063016549,-0.0017383460198725548,3.0218468848067526e-06,0.0003291428397042413
2009-05-20,903.469970703125,29.030000686645508,30.739999771118164,0.29401776235740695,-0.0037177554909518795,0.05890454853689675,-0.005144672688046909,2.6467657067135807e-05,0.00033442100788358674
2009-05-21,888.3300170898438,31.350000381469727,32.38999938964844,0.2986563543615103,0.014843649453187002,0.03317381165945474,-0.016899558030336284,0.0002855950616207036,0.0003900089380627588
2009-05-22,887.0,32.630001068115234,33.040000915527344,0.2798529406073444,0.04644707007380794,0.012565119031293728,-0.0014983325081699614,2.2450003050388875e-06,0.0004225067340100005
2009-05-26,910.3300170898438,30.6200008392334,31.530000686645508,0.2889396412859866,0.017260367106347374,0.029719132020601606,0.02596220760015714,0.0006740362234736572,0.00037205732198200553
2009-05-27,893.0599975585938,32.36000061035156,32.470001220703125,0.28821185214134476,0.035388153962170876,0.003399277140816081,-0.019153424774368058,0.0003668536805873761,0.00041554350773887047
2009-05-28,906.8300170898438,31.670000076293945,32.04999923706055,0.2892218701556246,0.027478130607314855,0.0119987104468321,0.015301255166552454,0.00023412840967194817,0.00039801147017161056
2009-05-29,919.1400146484376,28.920000076293945,30.43000030517578,0.288499338053952,0.0007006627089874429,0.052213009159692236,0.013483445887851124,0.0001818033130106094,0.00033189143032255625
2009-06-01,942.8699951171876,30.040000915527344,30.600000381469727,0.2963515026764706,0.004048506478802838,0.018641792572413846,0.025489943861423548,0.000649737238058524,0.0003580958948432078
2009-06-02,944.739990234375,29.6299991607666,30.57999992370605,0.2617092203177922,0.03459077128987381,0.032062125880764646,0.001981336974747815,3.925696207502823e-06,0.000348387638994853
2009-06-03,931.760009765625,31.020000457763672,32.189998626708984,0.2617575629191358,0.04844244165850092,0.03771754196259162,-0.013834465750709849,0.00019139244260756383,0.00038184143984113433
2009-06-04,942.4600219726562,30.18000030517578,31.57999992370605,0.26078824703660425,0.041011756015153555,0.046388323537895196,0.011418220142166204,0.00013037575121497002,0.00036144143588111516
2009-06-05,940.0900268554688,29.6200008392334,31.600000381469727,0.26071040487325187,0.03548960351908209,0.0668467078371485,-0.002517857488816695,6.339606333990314e-06,0.00034815255941118535
2009-06-08,939.1400146484376,29.770000457763672,31.770000457763672,0.25784721400836186,0.039852790569274876,0.06718172553734117,-0.0010110654544457159,1.022253353173522e-06,0.00035168766954573385
2009-06-09,942.4299926757812,28.270000457763672,30.670000076293945,0.25497226113691523,0.027727743440721486,0.08489563422950605,0.003497059761173111,1.2229426973216136e-05,0.00031714004995315803
2009-06-10,939.1500244140624,28.459999084472656,30.61000061035156,0.2551302992630078,0.02946969158171875,0.07554468007878155,-0.0034864013799681104,1.2154994582243545e-05,0.00032141728090800964
2009-06-11,944.8900146484376,28.11000061035156,29.93000030517578,0.24940739237639784,0.03169261372711776,0.06474562985793761,0.006093297249542561,3.712827137128294e-05,0.00031356037075950995
2009-06-12,946.2100219726562,28.149999618530277,29.5,0.24920867029101468,0.03229132589428807,0.04795738542678556,0.0013960208482195744,1.9488742086637e-06,0.000314453364493355
2009-06-15,923.719970703125,30.809999465942383,31.34000015258789,0.2607829116179747,0.04731708304144916,0.01720222966025607,-0.02405559125359691,0.0005786714705601281,0.00037668891551244837
2009-06-16,911.969970703125,32.68000030517578,32.790000915527344,0.24606202919952883,0.080737973852229,0.0033659917173911673,-0.012801901027885946,0.00016388866992778724,0.00042380254759773385
2009-06-17,910.7100219726562,31.540000915527344,32.88999938964844,0.24582260443630669,0.06957740471896676,0.042802740486176744,-0.0013825234667824294,1.9113711362041073e-06,0.0003947506578378832
2009-06-18,918.3699951171876,30.030000686645508,31.51000022888184,0.24180076617334006,0.05849924069311502,0.049284032913608784,0.008375815004882053,7.015427699600734e-05,0.00035785751636505147
2009-06-19,921.22998046875,27.989999771118164,30.63999938964844,0.23864373531131375,0.04125626239986788,0.09467665738478186,0.0031093582232429103,9.668108560448308e-06,0.0003108889234869821
2009-06-22,893.0399780273438,31.170000076293945,33.0099983215332,0.24502576859957853,0.06667423216336094,0.059031063225394455,-0.03107836433082392,0.0009658647294794286,0.0003855432161730812
2009-06-23,895.0999755859375,30.57999992370605,32.41999816894531,0.2374026295059357,0.06839736973112484,0.06016998854904733,0.0023040684995177824,5.308731650470125e-06,0.00037108587116423103
2009-06-24,900.9400024414062,29.049999237060547,31.06999969482422,0.2382664537588195,0.05223353861178598,0.06953530157710489,0.0065032488243266596,4.229224527110608e-05,0.0003348819268544518
2009-06-25,920.260009765625,26.36000061035156,29.40999984741211,0.23189059264645212,0.03170941345706346,0.11570558294535158,0.021217583998248746,0.0004501858707227412,0.0002757339810229105
2009-06-26,918.9000244140624,25.93000030517578,29.280000686645508,0.2304459969929861,0.028854006058771725,0.12919399699355372,-0.0014789203486034166,2.1872053975132516e-06,0.0002668114745342921
2009-06-29,927.22998046875,25.350000381469727,28.200000762939453,0.2284914411384649,0.025008562676232388,0.11242604885927386,0.009024296841261898,8.143793347920947e-05,0.0002550089362462363
2009-06-30,919.3200073242188,26.350000381469727,28.76000022888184,0.21382776997209585,0.04967223384260144,0.09146109345436336,-0.008567351633166496,7.339951400632063e-05,0.00027552480956486304
2009-07-01,923.3300170898438,26.21999931335449,28.959999084472656,0.2140393593065017,0.048160633827043164,0.10450037539560951,0.004352444623651702,1.8943774201954605e-05,0.0002728128428540912
2009-07-02,896.4199829101562,27.950000762939453,30.530000686645508,0.23075298298046773,0.0487470246489268,0.09230768705834985,-0.029577684825958017,0.0008748394396637071,0.000310001008987427
2009-07-06,898.719970703125,29.0,30.790000915527344,0.22539051647399885,0.06460948352600113,0.06172416950094289,0.002562462104257053,6.566212035753483e-06,0.0003337301587301587
2009-07-07,881.030029296875,30.850000381469727,32.09000015258789,0.23289812093596537,0.0756018828787319,0.04019448154895255,-0.019879785362884782,0.000395205866074368,0.000377667668070112
2009-07-08,879.5599975585938,31.299999237060547,32.41999816894531,0.2192700606852778,0.0937299316853277,0.0357827143509524,-0.0016699311679349972,2.788670105640744e-06,0.0003887658540634885
2009-07-09,882.6799926757812,29.780000686645508,31.670000076293945,0.21284587498282667,0.08495413188362841,0.06346539107018845,0.003540946062317481,1.2538299016241674e-05,0.00035192398448278053
2009-07-10,879.1300048828125,29.020000457763672,31.709999084472656,0.2077759056980564,0.08242409887958033,0.09269464453055629,-0.004029938077684044,1.624040090996777e-05,0.00033419064546373167
2009-07-13,901.0499877929688,26.309999465942383,30.100000381469727,0.21685459333755638,0.04624540132186747,0.1440517290938528,0.024627948777227286,0.000606535860973731,0.00027468891741979707
2009-07-14,905.8400268554688,25.020000457763672,29.57999992370605,0.20315923617942322,0.04704076839821347,0.18225417196295124,0.005301983236099628,2.8111026235881488e-05,0.00024841286623273576
2009-07-15,932.6799926757812,25.88999938964844,29.11000061035156,0.22150752620433306,0.03739246769215138,0.12437239461622258,0.02919943487510086,0.0008526069970252563,0.0002659889160301574
2009-07-16,940.739990234375,25.420000076293945,28.61000061035156,0.21924185932935072,0.034958141433588746,0.12549175942106028,0.008604634691705462,7.403973817770115e-05,0.00025641920788840644
2009-07-17,940.3800048828124,24.34000015258789,28.649999618530277,0.21670389680941968,0.026696104716459224,0.17707475098286457,-0.00038273513320943387,1.464861821928431e-07,0.00023509349501110258
2009-07-20,951.1300048828124,24.399999618530277,27.59000015258789,0.21906652341362673,0.02493347277167604,0.13073772884959423,0.011366702462731141,0.0001292019248762582,0.00023625396086677687
2009-07-21,954.5800170898438,23.8700008392334,27.440000534057617,0.2192205171402995,0.019479491252034492,0.14956009925883487,0.0036207145224277037,1.3109573652918874e-05,0.00022610196034325523
2009-07-22,954.0700073242188,23.46999931335449,27.21999931335449,0.2190598641927043,0.015640128940840603,0.15977844523694726,-0.0005344193762499699,2.8560406971140694e-07,0.0002185876459400239
2009-07-23,976.2899780273438,23.43000030517578,26.959999084472656,0.2282441796811115,0.006055823370646307,0.15066149096537076,0.023022599224312996,0.0005300400750433374,0.00021784321996053062
2009-07-24,979.260009765625,23.09000015258789,26.3700008392334,0.22785719847551678,0.0030428030503621417,0.14205286552490085,0.003037543443477206,9.226670171011363e-06,0.00021156670914544002
2009-07-27,982.1799926757812,24.280000686645508,26.989999771118164,0.22791565287663107,0.014884353989824017,0.11161445666528381,0.0029773891259700837,8.864846007444899e-06,0.00023393588624742316
2009-07-28,979.6199951171876,25.01000022888184,27.959999084472656,0.21535906950087413,0.03474093278794427,0.11795277203492881,-0.002609847107349429,6.811301923740182e-06,0.00024821432993994827
2009-07-29,975.1500244140624,25.61000061035156,28.420000076293945,0.21174856289392263,0.044351443209592945,0.10972274107664741,-0.004573406026934335,2.0916042687199303e-05,0.0002602667187548441
2009-07-30,986.75,25.399999618530277,28.190000534057617,0.21324386269556542,0.04075613348973736,0.10984255737909253,0.01182538418815718,0.00013983971119751784,0.0002560158653259279
2009-07-31,987.47998046875,25.920000076293945,28.399999618530277,0.21261689340027184,0.04658310736266763,0.09567899440341836,0.0007395090837835546,5.468736849983924e-07,0.0002666057158551898
2009-08-03,1002.6300048828124,25.559999465942383,27.709999084472656,0.21583457122269936,0.039765423436724484,0.0841157927798495,0.015225607827281227,0.00023181913371016734,0.0002592514177376885
2009-08-04,1005.6500244140624,24.88999938964844,27.21999931335449,0.19042487406265304,0.05847511983383136,0.09361189155653722,0.0030075704221065014,9.045479843929879e-06,0.00024583812286376974
2009-08-05,1002.719970703125,24.899999618530277,27.170000076293945,0.19141797537466132,0.057582020810641454,0.0911646784152704,-0.002917844617166379,8.513817209926812e-06,0.000246035706747146
2009-08-06,997.0800170898438,25.670000076293945,27.979999542236328,0.19314713535169792,0.06355286541124155,0.08998829213388473,-0.005640532654178876,3.18156086228582e-05,0.0002614876602844965
2009-08-07,1010.47998046875,24.76000022888184,27.11000061035156,0.18811349960916557,0.05948650267965283,0.09491116154064129,0.01334970053225195,0.000178214504300808,0.00024327682989453523
2009-08-10,1007.0999755859376,24.989999771118164,27.059999465942383,0.1885885064552891,0.06131149125589255,0.08283312180004865,-0.0033505567248801544,1.1226230366639627e-05,0.0002478174954605103
2009-08-11,994.3499755859376,25.989999771118164,28.100000381469727,0.19309836612295145,0.06680163158823021,0.08118509538027534,-0.012740935609429686,0.0001623314402036334,0.0002680476540090168
2009-08-12,1005.8099975585938,25.450000762939453,27.739999771118164,0.1919980647979924,0.06250194283140212,0.08998031196578314,0.011459230792871828,0.0001313139703643019,0.00025702481699746774
2009-08-13,1012.72998046875,24.709999084472656,27.280000686645508,0.19228859900506517,0.05481139183966138,0.10400654380387238,0.0068564507961441,4.701091751994507e-05,0.00024229525982326963
2009-08-14,1004.0900268554688,24.270000457763672,27.11000061035156,0.16958203051769422,0.0731179740599425,0.11701689736389792,-0.008567949977279207,7.340976681315878e-05,0.0002337432231031146
2009-08-17,979.72998046875,27.88999938964844,29.93000030517578,0.18844540455367825,0.09045458934280615,0.07314453066228822,-0.024559960849173303,0.0006031916769129254,0.00030867145474388507
2009-08-18,989.6699829101562,26.18000030517578,28.899999618530277,0.17664668268939338,0.08515332036236445,0.10389607645714016,0.010094533393885528,0.00010189960444027007,0.00027198111745198577
2009-08-19,996.4600219726562,26.26000022888184,28.479999542236328,0.17604552841921936,0.08655447386959905,0.08453919626827883,0.006837483447019444,4.67511798882649e-05,0.00027364587778606127
2009-08-20,1007.3699951171876,25.09000015258789,28.290000915527344,0.1771061858980206,0.07379381562785828,0.1275408825619075,0.010889227984113457,0.00011857528608999963,0.00024980480462573817
2009-08-21,1026.1300048828125,25.01000022888184,27.770000457763672,0.1797682976536158,0.07033170463520261,0.11035586579861571,0.018451479725420383,0.00034045710405759946,0.00024821432993994827
2009-08-24,1025.5699462890625,25.13999938964844,28.15999984741211,0.17064564875244734,0.08075434514403709,0.12012730831676842,-0.0005459459189837834,2.980569464550478e-07,0.00025080141639346196
2009-08-25,1028.0,24.920000076293945,28.15999984741211,0.17071013754693176,0.0784898632160077,0.13001604178165038,0.002366663818367554,5.60109762917009e-06,0.00024643111262003583
2009-08-26,1028.1199951171875,24.950000762939453,28.36000061035156,0.15368672291933572,0.09581328471005882,0.1366733363983417,0.00011671995565297763,1.3623548047633065e-08,0.000247024816694714
2009-08-27,1030.97998046875,24.68000030517578,28.40999984741211,0.1528473343114001,0.09395266874035771,0.15113450146327953,0.0027779002715912853,7.716729918906936e-06,0.00024170730756487168
2009-08-28,1028.9300537109375,24.76000022888184,28.5,0.1532318917333855,0.0943681105554329,0.15105007013511884,-0.001990307732377177,3.96132486956038e-06,0.00024327682989453523
2009-08-31,1020.6199951171876,26.01000022888184,29.170000076293945,0.15438320949650422,0.10571679279231419,0.12149172701287413,-0.00810919854038207,6.57591009673347e-05,0.0002684603618676323
2009-09-01,998.0399780273438,29.149999618530277,30.8799991607666,0.17010491898692423,0.12139507719837853,0.05934818404376878,-0.022372226316806486,0.0005005165103704087,0.0003371914594286965
2009-09-02,994.75,28.899999618530277,31.040000915527344,0.17057872103107802,0.11842127515422474,0.07404848876277935,-0.003301884345751011,1.090244023271558e-05,0.0003314325309329564
2009-09-03,1003.239990234375,27.100000381469727,29.600000381469727,0.1594022231782511,0.11159778063644615,0.09225092121066665,0.008498582450941842,7.222590367545666e-05,0.00029143254788716635
2009-09-04,1016.4000244140624,25.26000022888184,28.479999542236328,0.16315066089544072,0.08944934139337768,0.12747423927862037,0.013032243708161282,0.00016983937606890933,0.00025320143315996454
2009-09-08,1025.3900146484375,25.6200008392334,28.209999084472656,0.16455826558219117,0.09164174281014281,0.1010928243715372,0.008806045829839773,7.754644315723846e-05,0.00026047001706441266
2009-09-09,1033.3699951171875,24.31999969482422,27.290000915527344,0.1650845668083525,0.07811543013988967,0.12212176225212702,0.007752259025442712,6.009751999755799e-05,0.00023470729569692462
2009-09-10,1044.1400146484375,23.549999237060547,26.51000022888184,0.16576575029177618,0.0697342420788293,0.12569006741890462,0.010368292776658143,0.00010750149510250144,0.0002200803428831557
2009-09-11,1042.72998046875,24.149999618530277,26.559999465942383,0.1635558101665236,0.07794418601877917,0.09979295592050091,-0.0013513389885911676,1.8261170620865998e-06,0.00023143749268849702
2009-09-14,1049.3399658203125,23.86000061035156,26.40999984741211,0.16402853108896467,0.07457147501455091,0.10687339362238928,0.00631910740710653,3.993111842254861e-05,0.00022591255124046697
2009-09-15,1052.6300048828125,23.420000076293945,26.32999992370605,0.1592465106200525,0.07495349014288696,0.12425276848558377,0.0031304364906445527,9.799632621958983e-06,0.00021765730300540016
2009-09-16,1068.760009765625,23.690000534057617,25.8700008392334,0.1640225262784492,0.07287747906212697,0.09202196099749903,0.015207308062442325,0.00023126221850602334,0.0002227048116284326
2009-09-17,1065.489990234375,23.649999618530277,25.940000534057617,0.16406145985876056,0.07243853632654221,0.09682879291605044,-0.003064329005571477,9.390112254386677e-06,0.00022195336585574692
2009-09-18,1068.300048828125,23.920000076293945,26.540000915527344,0.16244721005227492,0.07675279071066454,0.10953180731090237,0.0026338675941077866,6.93725850329114e-06,0.0002270501601785327
2009-09-21,1064.6600341796875,24.059999465942383,26.229999542236328,0.15978201630148325,0.08081797835794058,0.09019119386788194,-0.0034131142078887163,1.164934859609182e-05,0.00022971570408775706
2009-09-22,1071.6600341796875,23.07999992370605,25.690000534057617,0.1596178300227684,0.07118216921429213,0.11308494882925751,0.006553348588268071,4.294637771935512e-05,0.00021138349066598068
2009-09-23,1060.8699951171875,23.489999771118164,26.09000015258789,0.15767298143031866,0.07722701628086298,0.11068541535988112,-0.0101195584531233,0.00010240546328617924,0.0002189603528758458
2009-09-24,1050.780029296875,24.950000762939453,27.1299991607666,0.15866236454746038,0.09083764308193415,0.08737468261184593,-0.009556548191774188,9.132761334170252e-05,0.000247024816694714
2009-09-25,1044.3800048828125,25.61000061035156,27.209999084472656,0.15927779487049992,0.09682221123301565,0.06247553440019748,-0.006109360827818336,3.7324289724481145e-05,0.0002602667187548441
2009-09-28,1062.97998046875,24.8799991607666,26.270000457763672,0.1636239864579359,0.08517600514973012,0.055868221217184384,0.017652853549567058,0.0003116232384424623,0.0002456406183491059
2009-09-29,1060.6099853515625,25.190000534057617,26.479999542236328,0.14385047283103394,0.10804953250954222,0.05121075747634839,-0.0022320656428964163,4.982117034198593e-06,0.0002518000503594535
2009-09-30,1057.0799560546875,25.61000061035156,26.65999984741211,0.14306957202305493,0.11303043408046065,0.04099957875971861,-0.003333852135212442,1.1114570059460557e-05,0.0002602667187548441
2009-10-01,1029.8499755859375,28.270000457763672,28.32999992370605,0.16408503610928296,0.11861496846835376,0.0021223723017627988,-0.026097211493280956,0.0006810644477250356,0.00031714004995315803
2009-10-02,1025.2099609375,28.68000030517578,28.799999237060547,0.1621607704561677,0.1246392325955901,0.004184063131376948,-0.004515705309363511,2.03915944410138e-05,0.00032640572123209633
2009-10-05,1040.4599609375,26.84000015258789,27.61000061035156,0.158951932511993,0.1094480690138859,0.02868854148234517,0.014765453960324762,0.0002180186306544702,0.00028586730483766583
2009-10-06,1054.719970703125,25.700000762939453,26.729999542236328,0.16340589702389804,0.09359411060549647,0.040077772323733905,0.0136124155690534,0.0001852978576246074,0.00026209922191074934
2009-10-07,1057.5799560546875,24.68000030517578,26.1200008392334,0.1634348843193357,0.08336511873242211,0.05834686046400196,0.002707936560526622,7.3329204158367506e-06,0.00024170730756487168
2009-10-08,1065.47998046875,24.18000030517578,25.739999771118164,0.1644876753887559,0.07731232766300192,0.0645161061312502,0.007442145876693546,5.538553524998675e-05,0.00023201286299932573
2009-10-09,1071.489990234375,23.1200008392334,25.07999992370605,0.16493287210772775,0.06626713628460623,0.08477504382900539,0.005624810543572637,3.16384936510859e-05,0.00021211684079609249
2009-10-12,1076.18994140625,23.01000022888184,25.170000076293945,0.16486658489537748,0.0652334173934409,0.09387222190032417,0.004376777568566423,1.915618188470621e-05,0.00021010321846553262
2009-10-13,1073.18994140625,22.989999771118164,25.09000015258789,0.16288262152236088,0.06701737618882075,0.09134408013817866,-0.002791504630813565,7.792498103853576e-06,0.0002097381307444497
2009-10-14,1092.02001953125,22.86000061035156,24.57999992370605,0.1523001977043063,0.07629980839920927,0.07524056287975929,0.017393743058258578,0.00030254229757671847,0.0002073728682163784
2009-10-15,1096.56005859375,21.71999931335449,24.21999931335449,0.15114787124276258,0.0660521218907823,0.11510129277319457,0.004148850316393222,1.721295894783614e-05,0.00018720570244925373
2009-10-16,1087.6800537109375,21.43000030517578,24.399999618530277,0.1537894292031026,0.060510573848655214,0.13859072660102484,-0.008131023468328601,6.611354264251047e-05,0.00018224004487295002
2009-10-19,1097.9100341796875,21.489999771118164,24.149999618530277,0.15200267373824985,0.0628973239729318,0.12377849584656875,0.009361366739513969,8.763518723167839e-05,0.00018326194054073762
2009-10-20,1091.06005859375,20.899999618530277,23.71999931335449,0.1529013679679652,0.056098628217337576,0.1349282175260881,-0.0062586491870243255,3.9170689646240254e-05,0.0001733372952597483
2009-10-21,1081.4000244140625,22.21999931335449,24.549999237060547,0.1551199777179297,0.06708001541561517,0.10486048585544736,-0.00889323391718201,7.908960950571647e-05,0.00019592395614502934
2009-10-22,1092.9100341796875,20.690000534057617,23.350000381469727,0.15522989995104172,0.051670105389534454,0.12856451323108997,0.010587374358508142,0.00011209249580719568,0.00016987147702353354
2009-10-23,1079.5999755859375,22.270000457763672,24.309999465942383,0.1601219369884309,0.06257806758920581,0.0916030070159938,-0.01225331535289976,0.00015014373713760897,0.0001968067144399977
2009-10-26,1066.949951171875,24.309999465942383,25.3700008392334,0.16361156772988616,0.07948842692953767,0.04360351281685742,-0.011786514446438598,0.00013892192279610577,0.00023451431509290436
2009-10-27,1063.4100341796875,24.82999992370605,25.459999084472656,0.16379780058326152,0.08450219865379899,0.025372499504727076,-0.0033233071166753813,1.1044370191745237e-05,0.0002446543238933502
2009-10-28,1042.6300048828125,27.90999984741211,27.420000076293945,0.16750188465390356,0.11159811382021753,-0.017556423281872506,-0.0197343861452413,0.00038944599652949183,0.0003091143220168825
2009-10-29,1066.1099853515625,24.76000022888184,25.65999984741211,0.18017315401646944,0.06742684827234896,0.03634893417652096,0.022270124333967762,0.000495958437850383,0.00024327682989453523
2009-10-30,1036.18994140625,30.690000534057617,29.06999969482422,0.19792363131107435,0.1089763740295018,-0.05278595018060149,-0.028466028015250756,0.0008103147509650409,0.0003737603701509749
2009-11-02,1042.8800048828125,29.780000686645508,28.81999969482422,0.1989433717330206,0.09885663513343448,-0.03223643283029843,0.00643565319102102,4.1417631995099036e-05,0.00035192398448278053
2009-11-03,1045.4100341796875,28.809999465942383,28.8700008392334,0.19799469099912728,0.09010530366029654,0.002082657910561435,0.002423064313306145,5.871240666417779e-06,0.0003293714560426985
2009-11-04,1046.5,27.71999931335449,28.18000030517578,0.19607584259685076,0.08112415053669411,0.016594552785565216,0.0010420772415051826,1.0859249772630507e-06,0.0003049199848937989
2009-11-05,1066.6300048828125,25.43000030517578,26.61000061035156,0.20197904618002946,0.05232095687172836,0.04640189897817703,0.019052887220614025,0.00036301251144143723,0.00025662099822271444
2009-11-06,1069.300048828125,24.190000534057617,25.8799991607666,0.20107057159123096,0.04082943374934522,0.06986352167829014,0.002500124319576515,6.250621613337931e-06,0.00023220481184036025
2009-11-09,1093.0799560546875,23.149999618530277,24.40999984741211,0.2045986589459564,0.026901337239346346,0.054427656572109524,0.021995084915274347,0.00048378376043012913,0.0002126676517214095
2009-11-10,1093.010009765625,22.84000015258789,24.709999084472656,0.20440381933204835,0.023996182193830567,0.08187385811697927,-6.399214138483759e-05,4.094994159017043e-09,0.00020701016149611703
2009-11-11,1098.510009765625,23.040000915527344,24.96999931335449,0.204297433003544,0.02610257615172945,0.08376728824374574,0.005019357795690984,2.5193952681163854e-05,0.00021065144531250035
2009-11-12,1087.239990234375,24.239999771118164,26.06999969482422,0.1905770348024733,0.05182296290870836,0.0754950470703589,-0.010312359059078017,0.00010634474936334844,0.00023316570988246376
2009-11-13,1093.47998046875,23.36000061035156,25.600000381469727,0.18993418262166337,0.04366582348185222,0.09589039865545006,0.005722887256427731,3.275143854978292e-05,0.00021654350337921635
2009-11-16,1109.300048828125,22.88999938964844,25.149999618530277,0.18970587001904082,0.03919412387744359,0.09873308384201518,0.01436397656849818,0.00020632382286036474,0.00020791748891194682
2009-11-17,1110.3199462890625,22.40999984741211,25.040000915527344,0.186574164687718,0.03752583378640309,0.11735837063912095,0.0009189839116237261,8.445314298232445e-07,0.00019928892585754397
2009-11-18,1109.800048828125,21.6299991607666,24.71999931335449,0.18665398802310076,0.02964600358456526,0.14285715545438665,-0.00046835078426778063,2.1935245712424518e-07,0.0001856574855931603
2009-11-19,1094.9000244140625,22.6299991607666,25.11000061035156,0.19079836699036795,0.035501624617298055,0.10958910921589916,-0.013516805711666349,0.00018270403664693603,0.00020322097699059408
2009-11-20,1091.3800048828125,22.190000534057617,24.65999984741211,0.1906202948450822,0.03127971049549397,0.11131136790931989,-0.0032201022062016984,1.0369058218385045e-05,0.0001953952871831259
2009-11-23,1106.239990234375,21.15999984741211,24.11000061035156,0.19400320161442516,0.017596796859695923,0.13941402571891973,0.013523913934335078,0.0001828962481033025,0.00017767682283431765
2009-11-24,1105.6500244140625,20.46999931335449,23.739999771118164,0.19373822202861704,0.010961771104927853,0.15974599743295298,-0.0005334495209037495,2.845683913524398e-07,0.00016627812376537033
2009-11-25,1110.6300048828125,20.479999542236328,23.65999984741211,0.1877644445597802,0.01703555086258307,0.1552734558717934,0.004494006880236033,2.0196097839608805e-05,0.00016644062748015877
2009-11-27,1091.489990234375,24.739999771118164,26.149999618530277,0.19444370690211366,0.052956290809067996,0.05699271869267223,-0.01738369996793421,0.0003021930245751559,0.00024288396375989163
2009-11-30,1095.6300048828125,24.51000022888184,26.239999771118164,0.1932595512883377,0.05184045100048071,0.07058341599677938,0.0037858184300650394,1.433242118542012e-05,0.00023838893302372533
2009-12-01,1108.8599853515625,21.920000076293945,24.940000534057617,0.1944903211921827,0.024709679570756732,0.1377737430315862,0.012002902588402555,0.00014406967054668077,0.00019066920767647877
2009-12-02,1109.239990234375,21.1200008392334,24.799999237060547,0.19348527501491913,0.01771473337741486,0.17424234145819867,0.00034263999883941797,1.1740216880467635e-07,0.00017700572835286488
2009-12-03,1099.9200439453125,22.459999084472656,25.51000022888184,0.19329643350230086,0.03130355734242571,0.13579702888401943,-0.008437597492034073,7.119305143757968e-05,0.00020017919002956848
2009-12-04,1105.97998046875,21.25,24.76000022888184,0.1915577537790625,0.020942246220937488,0.1651764813591454,0.005494312254292437,3.0187467147668043e-05,0.00017919146825396825
2009-12-07,1103.25,22.100000381469727,25.299999237060547,0.18800976174202857,0.03299024207266868,0.1447963258079369,-0.002471432926803079,6.107980711686434e-06,0.00019381349875435
2009-12-08,1091.93994140625,23.690000534057617,26.1299991607666,0.18720025613295474,0.049699749207621435,0.10299698487558717,-0.010304492069516176,0.00010618255681072176,0.0002227048116284326
2009-12-09,1095.949951171875,22.65999984741211,25.799999237060547,0.18696748884368936,0.039632509630431745,0.13857014169428786,0.0036656453959778533,1.3436956169053632e-05,0.00020376015598599876
2009-12-10,1102.3499755859375,22.31999969482422,25.34000015258789,0.17672538964640738,0.04647460730183481,0.13530468185732006,0.005822720019583755,3.390406842646144e-05,0.00019769142316545762
2009-12-11,1106.4100341796875,21.59000015258789,25.1200008392334,0.1659500265756998,0.04994997495017911,0.16350165176920498,0.0036763280289124935,1.351538777616762e-05,0.00018497147086854966
2009-12-14,1114.1099853515625,21.149999618530277,24.559999465942383,0.14068425137591734,0.07081574480938543,0.16122931011424144,0.006935296207216683,4.8098333481834106e-05,0.00017750892216818686
2009-12-15,1107.9300537109375,21.489999771118164,24.729999542236328,0.14199744447722568,0.07290255323395597,0.15076778993141798,-0.005562408837016108,3.094039207011489e-05,0.00018326194054073762
2009-12-16,1109.1800537109375,20.540000915527344,24.25,0.14201488371048465,0.06338512544478878,0.1806231216702653,0.0011275940949076902,1.271468442870693e-06,0.00016741731651185083
2009-12-17,1096.0799560546875,22.51000022888184,24.780000686645508,0.14758150400098702,0.07751849828783139,0.10084408861316249,-0.01188091353803201,0.0001411561064981923,0.00020107147234296052
2009-12-18,1102.469970703125,21.68000030517578,24.520000457763672,0.13864968650993814,0.07815031654181967,0.1309963151573334,0.005812952040880973,3.3790411429582264e-05,0.0001865168306477865
2009-12-21,1114.050048828125,20.489999771118164,23.530000686645508,0.14123625236793402,0.06366374534324762,0.14836510246390536,0.010448977120226209,0.0001091811228590108,0.0001666032105636597
2009-12-22,1118.02001953125,19.540000915527344,22.76000022888184,0.12725234660527954,0.06814766254999391,0.16479013114046187,0.0035572134993947157,1.2653767880276e-05,0.00015151255388047994
2009-12-23,1120.5899658203125,19.709999084472656,22.68000030517578,0.12730466107660546,0.06979532976812111,0.15068500043933858,0.002296020686836971,5.271710994383317e-06,0.00015416034282139402
2009-12-24,1126.47998046875,19.46999931335449,22.43000030517578,0.12737005888283293,0.06732993425071196,0.15202881850083197,0.005242407471724702,2.7482836099594983e-05,0.00015042891796112075
2009-12-28,1127.780029296875,19.93000030517578,22.489999771118164,0.12290446748130339,0.07639553557045443,0.1284495447437377,0.0011534152818410755,1.3303668123845276e-06,0.00015762099689059793
2009-12-29,1126.199951171875,20.01000022888184,22.6299991607666,0.1223698925750964,0.07773010971372199,0.13093447785688345,-0.0014020340886091167,1.9656995856219964e-06,0.00015888893220629018
2009-12-30,1126.4200439453125,19.959999084472656,22.65999984741211,0.1156100991386433,0.08398989170608327,0.13527058551018903,0.00019541047723540855,3.818525461337012e-08,0.00015809585851275765
2009-12-31,1115.0999755859375,21.68000030517578,23.88999938964844,0.11961379509372519,0.09718620795803262,0.10193722570866638,-0.010100435863962351,0.00010201880464201689,0.0001865168306477865
2010-01-04,1132.989990234375,20.040000915527344,22.770000457763672,0.12801679270691757,0.07238321644835588,0.13622751584412737,0.015916082167126387,0.0002533216715507186,0.00015936572884695904
2010-01-05,1136.52001953125,19.350000381469727,22.38999938964844,0.1208530877287364,0.07264691608596086,0.15710588879832424,0.003110831966759719,9.67727552541414e-06,0.00014858036300114226
2010-01-06,1137.1400146484375,19.15999984741211,21.799999237060547,0.12013517468400635,0.07146482379011475,0.1377870256092416,0.0005453718878234133,2.974304960280737e-07,0.00014567682307652067
2010-01-07,1141.68994140625,19.059999465942383,21.600000381469727,0.11481369001371845,0.07578630464570536,0.1332634305717573,0.003993218354654243,1.594579282794754e-05,0.00014416015065147773
2010-01-08,1144.97998046875,18.1299991607666,21.0,0.1148301578225732,0.06646983378509282,0.15830121191864657,0.0028775830750962126,8.280484354080175e-06,0.00013043526570214196
2010-01-11,1146.97998046875,17.549999237060547,21.270000457763672,0.11441331569385366,0.0610866766767518,0.21196589073619748,0.0017452316285846302,3.0458334374121605e-06,0.00012222320365905782
2010-01-12,1136.219970703125,18.25,21.790000915527344,0.1052122370389026,0.07728776296109739,0.1939726529056079,-0.00942544643894456,8.883904057341269e-05,0.0001321676587301587
2010-01-13,1145.6800537109375,17.850000381469727,21.290000915527344,0.106919394202601,0.07158060961209627,0.19271711263539903,0.008291456333360418,6.874824812802259e-05,0.00012643750540415453
2010-01-14,1148.4599609375,17.6299991607666,20.709999084472656,0.10223593021894661,0.0740640613887194,0.174702216127169,0.002423486421414183,5.873286434778923e-06,0.00012334002793993297
2010-01-15,1136.030029296875,17.90999984741211,21.479999542236328,0.1080364670187855,0.07106353145533559,0.19932996790840637,-0.010882126301208588,0.00011842067283545571,0.0001272889264025007
2010-01-19,1150.22998046875,17.579999923706055,20.88999938964844,0.10945186160515129,0.06634813763190926,0.18828210923248984,0.012422151207737096,0.00015430984062788419,0.0001226414275069464
2010-01-20,1138.0400390625,18.68000030517578,21.399999618530277,0.11422202573220006,0.07257797731955776,0.14561023923542704,-0.010654386601861304,0.00011351595386192166,0.00013846921087355845
2010-01-21,1116.47998046875,22.270000457763672,23.149999618530277,0.12793704569457537,0.09476295888306135,0.03951500416156586,-0.019126657272987804,0.00036582901843833725,0.0001968067144399977
2010-01-22,1091.760009765625,27.309999465942383,26.290000915527344,0.14086338411257365,0.13223661054685015,-0.03734890407768238,-0.02238977963010898,0.000501302231884843,0.0002959666947737195
2010-01-25,1096.780029296875,25.40999984741211,25.190000534057617,0.14109731448479593,0.11300268398932514,-0.008657981687351253,0.004587559053796009,2.1045698072065735e-05,0.00025621749692281083
2010-01-26,1092.1700439453125,24.549999237060547,25.170000076293945,0.14051063444303563,0.10498935792756983,0.025254617454221688,-0.004212057847785588,1.774143131309216e-05,0.00023916764386494976
2010-01-27,1097.5,23.13999938964844,24.1299991607666,0.1408464962680961,0.09055349762838832,0.042783050874281,0.004868282868611808,2.3700178088819215e-05,0.0002124839570448136
2010-01-28,1084.530029296875,23.729999542236328,24.670000076293945,0.14302818848638202,0.09427180693598125,0.03961232836876115,-0.011888125534279259,0.00014132752871878252,0.00022345749137878425
2010-01-29,1073.8699951171875,24.6200008392334,25.3799991607666,0.1447874074498232,0.10141260094251078,0.030869142795564075,-0.009877799049982582,9.757091407183679e-05,0.00024053350846184654
2010-02-01,1089.18994140625,22.59000015258789,23.63999938964844,0.15126987164934255,0.07463012987653636,0.04648070960461076,0.014165305546369656,0.00020065588122201094,0.0002025032170213972
2010-02-02,1103.3199462890625,21.479999542236328,22.93000030517578,0.15225939922498904,0.06254059619737423,0.06750469245068198,0.0128895204452028,0.00016613973730730098,0.00018309142076764796
2010-02-03,1097.280029296875,21.600000381469727,23.0,0.15217505762285172,0.06382494619184556,0.06481479600950885,-0.005489350382538535,3.0132967622275964e-05,0.00018514286368233825
2010-02-04,1063.1099853515625,26.07999992370605,25.979999542236328,0.1740036975149774,0.08679630172208308,-0.0038343704663444124,-0.031635856049806906,0.0010008273880041042,0.00026990730000813786
2010-02-05,1066.18994140625,26.11000061035156,26.0,0.17384451376576396,0.08725549233775162,-0.004212968509389776,0.0028929303608266027,8.369046072592338e-06,0.0002705286237589519
2010-02-08,1056.739990234375,26.51000022888184,26.43000030517578,0.17470136907816178,0.09039863321065664,-0.003017726254822916,-0.008902803100374192,7.925990304403233e-05,0.00027888099687909334
2010-02-09,1070.52001953125,26.0,26.040000915527344,0.17884423515162062,0.08115576484837939,0.0015384967510516827,0.01295584177358637,0.0001678538360622056,0.0002682539682539683
2010-02-10,1068.1300048828125,25.399999618530277,25.8700008392334,0.1786442370701657,0.07535575911513709,0.018503985344954,-0.0022350694280074235,4.995535348013431e-06,0.0002560158653259279
2010-02-11,1078.469970703125,23.959999084472656,24.56999969482422,0.18170119558802322,0.05789879525670333,0.025459124944077108,0.009633882335101287,9.281168884657663e-05,0.00022781014132060735
2010-02-12,1075.510009765625,22.729999542236328,24.459999084472656,0.18167076846305977,0.04562922695930352,0.07611084808962205,-0.0027483661199411307,7.553516329240266e-06,0.00020502098380558082
2010-02-16,1094.8699951171875,22.25,23.56999969482422,0.18816499816817753,0.034335001831822476,0.05932582898086376,0.017840653536261433,0.00031828891860091757,0.00019645337301587302
2010-02-17,1099.510009765625,21.71999931335449,23.290000915527344,0.18219955795222176,0.03500043518132312,0.07228368562643293,0.004229004596710374,1.788447987899747e-05,0.00018720570244925373
2010-02-18,1106.75,20.6299991607666,22.780000686645508,0.18314866028756666,0.02315133132009936,0.10421723768014991,0.006563157733795463,4.3075039438679194e-05,0.00016888764498937725
2010-02-19,1109.1700439453125,20.020000457763672,22.309999465942383,0.18332137603954737,0.016878628538089357,0.11438556222862917,0.0021842348635910053,4.770881939326418e-06,0.00015904778505113401
2010-02-22,1108.010009765625,19.940000534057617,21.729999542236328,0.18275013926285152,0.016649866077724645,0.08976925577917533,-0.0010464051249203224,1.0949636854595156e-06,0.0001577792148008802
2010-02-23,1094.5999755859375,21.3700008392334,22.6200008392334,0.18516828075783148,0.028531727634502513,0.05849321248996455,-0.0121766449451987,0.00014827068212143303,0.00018122100629715723
2010-02-24,1105.239990234375,20.270000457763672,22.07999992370605,0.18778296910948172,0.014917035468154982,0.08929449556322659,0.009673519697189884,9.357698333192066e-05,0.0001630448089514839
2010-02-25,1102.93994140625,20.100000381469727,22.06999969482422,0.1861994450220632,0.014800558792634061,0.09800991422719786,-0.0020832085528651543,4.33975787473053e-06,0.00016032143465677902
2010-02-26,1104.489990234375,19.5,21.649999618530277,0.18427595853521095,0.010724041464789058,0.11025639069386035,0.0014043925568579447,1.9723184537579955e-06,0.00015089285714285714
2010-03-01,1115.7099609375,19.26000022888184,21.440000534057617,0.18692292379371855,0.005677078495099852,0.11318796880940328,0.010107257423603737,0.00010215665262699286,0.000147201432070051
2010-03-02,1118.31005859375,19.059999465942383,21.18000030517578,0.1847405755813691,0.005859419078054706,0.11122774914141789,0.0023277310028862693,5.4183316217979174e-06,0.00014416015065147773
2010-03-03,1118.7900390625,18.82999992370605,20.96999931335449,0.18066237508896588,0.007637624148094629,0.11364840139772293,0.00042910952140039855,1.841349813564791e-07,0.00014070194330427374
2010-03-04,1122.969970703125,18.71999931335449,21.030000686645508,0.17872975723822948,0.008470235895315398,0.12339751378319275,0.00372915607957138,1.3906605065804184e-05,0.00013906284694126687
2010-03-05,1138.699951171875,17.420000076293945,20.229999542236328,0.17431523032228652,-0.00011522955934706314,0.16130880904911007,0.013910282801603982,0.00019349596762059955,0.00012041920740400043
2010-03-08,1138.5,17.790000915527344,20.26000022888184,0.16010430652448968,0.017795702630783755,0.13884200035080652,-0.00017561143217653642,3.083937511109425e-08,0.00012558894149780305
2010-03-09,1140.449951171875,17.920000076293945,20.15999984741211,0.15982306039207977,0.019376940370859685,0.12499998669539185,0.0017112720239721047,2.9284519400295836e-06,0.00012743111219618055
2010-03-10,1145.6099853515625,18.56999969482422,20.51000022888184,0.15920708517623913,0.026492911772003053,0.1044696050586545,0.00451435490421295,2.0379400201191514e-05,0.00013684320978800459
2010-03-11,1150.239990234375,18.059999465942383,20.700000762939453,0.1590761365589009,0.02152385810052293,0.1461794781320783,0.00403337431350597,1.626810835284975e-05,0.0001294299923451743
2010-03-12,1149.989990234375,17.579999923706055,20.270000457763672,0.15401543857165653,0.021784560665404018,0.1530148205763209,-0.0002173695700926971,4.724953000228395e-08,0.0001226414275069464
2010-03-15,1150.510009765625,18.0,20.71999931335449,0.14997683778041523,0.03002316221958476,0.15111107296413825,0.00045209262343589776,2.0438774016515245e-07,0.00012857142857142858
2010-03-16,1159.4599609375,17.690000534057617,20.15999984741211,0.14668171199288513,0.03021829334769105,0.1396268648267779,0.007749014983159959,6.004723320923754e-05,0.0001241809995614916
2010-03-17,1166.2099609375,16.90999984741211,19.71999931335449,0.14355030761851353,0.02554969085560757,0.16617383153746268,0.005804795332563638,3.36956488529526e-05,0.0001134714662061419
2010-03-18,1165.8299560546875,16.6200008392334,19.479999542236328,0.14202896021306013,0.024171048179273846,0.1720817423938739,-0.00032589912668909416,1.0621024077671424e-07,0.00010961286821274559
2010-03-19,1159.9000244140625,16.969999313354492,19.950000762939453,0.10279008919533165,0.06690990393821326,0.17560409959709647,-0.005099426451612706,2.6004150135407355e-05,0.00011427812567271902
2010-03-22,1165.81005859375,16.8700008392334,20.11000061035156,0.102983630277567,0.06571637811476698,0.19205688262819265,0.005082359099180065,2.5830374013018403e-05,0.00011293528901418077
2010-03-23,1174.1700439453125,16.350000381469727,19.68000030517578,0.09723944672361587,0.06626055709108139,0.20366971535242961,0.0071453777848001715,5.1056423687515804e-05,0.00010608036209288103
2010-03-24,1167.719970703125,17.549999237060547,20.07999992370605,0.09637926453706999,0.07912072783353546,0.14415958955159788,-0.0055084478872883084,3.034299812697103e-05,0.00012222320365905782
2010-03-25,1165.72998046875,18.399999618530277,20.57999992370605,0.09614621810138929,0.08785377808391348,0.11847827991150275,-0.0017056210833286789,2.9091432798952962e-06,0.00013434920077853743
2010-03-26,1166.5899658203125,17.770000457763672,20.059999465942383,0.09418084653781011,0.0835191580398266,0.12886882100097052,0.0007374506159884132,5.438334110216901e-07,0.00012530671280512742
2010-03-29,1173.219970703125,17.59000015258789,19.850000381469727,0.09316682376694108,0.08273317775893782,0.1284821039952827,0.005667146312798056,3.21165473306606e-05,0.00012278099419366746
2010-03-30,1173.27001953125,17.1299991607666,19.540000915527344,0.08196996346347556,0.08933002814419046,0.14068895930132022,4.26584629303888e-05,1.8197444595833557e-09,0.00011644320287613669
2010-03-31,1169.4300537109375,17.59000015258789,19.920000076293945,0.08331567503851263,0.09258432648736627,0.1324616204374085,-0.00327824231803275,1.0746872695740739e-05,0.00012278099419366746
2010-04-01,1178.0999755859375,17.469999313354492,19.899999618530277,0.08373588627203409,0.09096410686151084,0.13909561537980333,0.007386454005524301,5.455970277572599e-05,0.00012111145873357398
2010-04-05,1187.43994140625,17.020000457763672,19.350000381469727,0.0854161113430867,0.08478389323455003,0.13689775916799257,0.007896729443087884,6.235833589733108e-05,0.0001149525458659824
2010-04-06,1189.43994140625,16.229999542236328,18.84000015258789,0.08485892838420854,0.07744106703815475,0.16081335082970255,0.001682878875349027,2.8320813090960063e-06,0.0001045289226749966
2010-04-07,1182.449951171875,16.6200008392334,19.190000534057617,0.07710351744558852,0.08909649094674546,0.15463294615229156,-0.005894042967262019,3.473974249993087e-05,0.00010961286821274559
2010-04-08,1186.43994140625,16.479999542236328,19.07999992370605,0.07416781421217156,0.09063218121019173,0.1577670178209789,0.0033686614308549275,1.1347879835729568e-05,0.00010777396226671016
2010-04-09,1194.3699951171875,16.139999389648438,18.6200008392334,0.07394240064823882,0.08745759324824556,0.15365560987415752,0.00666166829683167,4.437782449701217e-05,0.00010337284932454442
2010-04-12,1196.47998046875,15.579999923706056,18.959999084472656,0.07389678357297272,0.08190321566408784,0.21694474822324583,0.0017650508571401095,3.115404528291035e-06,9.632396731058758e-05
2010-04-13,1197.300048828125,16.200000762939453,18.989999771118164,0.07062619855737158,0.09137380907202296,0.17222215288787876,0.0006851660398368415,4.6945250214570024e-07,0.00010414286695207893
2010-04-14,1210.6500244140625,15.59000015258789,18.770000457763672,0.07502640710690402,0.08087359441897489,0.203976925853199,0.011088363099908616,0.00012295179623541503,9.644766061813113e-05
2010-04-15,1211.6700439453125,15.890000343322754,18.899999618530277,0.07492990047195572,0.08397010296127183,0.18942726306940424,0.0008421839911768203,7.092738749945186e-07,0.00010019528210745923
2010-04-16,1192.1300048828125,18.36000061035156,20.229999542236328,0.09272662639717051,0.09087337970634508,0.10185179028972605,-0.016257982418547083,0.0002643219923217861,0.00013376572317940857
2010-04-19,1197.52001953125,17.34000015258789,19.790000915527344,0.08598536261120934,0.08741463891466955,0.14129185359746407,0.004511140739529798,2.035039077184545e-05,0.00011931571638561429
2010-04-20,1207.1700439453125,15.729999542236328,18.989999771118164,0.0877165509644694,0.06958344445789388,0.20724731873821547,0.008026045737071379,6.441741017356165e-05,9.818765301537901e-05
2010-04-21,1205.93994140625,16.31999969482422,19.299999237060547,0.08813778987340103,0.07506220707484117,0.18259801458093258,-0.0010195164357019706,1.0394137626664505e-06,0.00010569142461867564
2010-04-22,1208.6700439453125,16.469999313354492,19.59000015258789,0.08778965148181984,0.07691034165172507,0.1894353958292873,0.0022613206430901964,5.113571050865859e-06,0.00010764320531027675
2010-04-23,1217.280029296875,16.6200008392334,19.38999938964844,0.08891361503104624,0.07728639336128774,0.16666657103146149,0.0070982676832182495,5.0385404102620574e-05,0.00010961286821274559
2010-04-26,1212.050048828125,17.469999313354492,19.86000061035156,0.09052979525651647,0.08417019787702845,0.13680603268084227,-0.004305704355093108,1.853908999346776e-05,0.00012111145873357398
2010-04-27,1183.7099609375,22.809999465942383,22.71999931335449,0.11672154311248137,0.11137845154694245,-0.003945644660021734,-0.023659640178701643,0.0005597785733856331,0.00020646669668106815
2010-04-28,1191.3599853515625,21.07999992370605,22.309999465942383,0.11611970234866713,0.09468029688839337,0.058349124605693393,0.006441958378180898,4.149882774621507e-05,0.00017633587173946312
2010-04-29,1206.780029296875,18.440000534057617,20.959999084472656,0.12042741474743253,0.06397259059314366,0.13665935343986282,0.012860180281289574,0.00016538423686726918,0.00013493397606985922
2010-04-30,1186.68994140625,22.049999237060547,23.670000076293945,0.13114294482129932,0.08935704754930615,0.07346942835764735,-0.016787810139866296,0.00028183056929219764,0.00019293748664855981
2010-05-03,1202.260009765625,20.190000534057617,22.57999992370605,0.13478672827593446,0.06711327706464171,0.11837540002125557,0.01303525745326214,0.00016991793687282615,0.00016176036570049479
2010-05-04,1173.5999755859375,23.84000015258789,25.06999969482422,0.1528439342536913,0.08555606727218759,0.05159394019982037,-0.024127199957418213,0.0005821217777852414,0.00022553397114102804
2010-05-05,1165.8699951171875,24.90999984741211,26.3700008392334,0.15262815762069742,0.09647184085342367,0.05861103977377053,-0.006608341800780098,4.3670181355937544e-05,0.00024623336999923465
2010-05-06,1128.1500244140625,32.79999923706055,26.3700008392334,0.17916802341480667,0.14883196895579878,-0.1960365410789988,-0.032888440643963665,0.0010816495279915212,0.00042692061505998906
2010-05-07,1110.8800048828125,40.95000076293945,36.619998931884766,0.1838894258469995,0.22561058178239504,-0.10573874848308729,-0.015426646180907493,0.00023798141239090773,0.0006654375247955325
2010-05-10,1159.72998046875,28.84000015258789,28.979999542236328,0.2248698205056057,0.06353018102027322,0.004854347742986228,0.04303470414561544,0.001851985760900651,0.0003300577812703451
2010-05-11,1155.7900390625,28.31999969482422,28.8700008392334,0.22435055071849194,0.05884944622975022,0.01942094457401065,-0.003403075918466228,1.1580925706844762e-05,0.00031826285028366816
2010-05-12,1171.6700439453125,25.520000457763672,26.649999618530277,0.22806936739852215,0.027130637179114542,0.04427896318563105,0.013645992401824483,0.0001862131086306515,0.00025844064419216584
2010-05-13,1157.43994140625,26.68000030517578,27.61000061035156,0.23062855551154776,0.03617144754021007,0.034857582254051264,-0.01221949988922511,0.00014931617754277248,0.0002824692128111825
2010-05-14,1135.6800537109375,31.239999771118164,30.799999237060547,0.23555614000281222,0.07684385770836943,-0.01408452424075893,-0.018978981387949807,0.00036020173452414516,0.0003872768197220091
2010-05-17,1136.93994140625,30.84000015258789,30.51000022888184,0.23408962937574523,0.0743103721501337,-0.010700386578252325,0.0011087536210084368,1.2293345920993203e-06,0.0003774228608776275
2010-05-18,1120.800048828125,33.54999923706055,32.810001373291016,0.23679822778849785,0.09870176458210761,-0.022056568721232718,-0.01429763178499772,0.00020442227465937709,0.00044666763841538223
2010-05-19,1115.050048828125,35.31999969482422,34.18000030517578,0.2367004301798802,0.11649956676836196,-0.0322763136890823,-0.005143468860015588,2.6455271913950056e-05,0.0004950406263660249
2010-05-20,1071.5899658203125,45.790000915527344,40.83000183105469,0.2601111483769212,0.19778886077835228,-0.10832057185634879,-0.03975579583776626,0.0015805233026941533,0.0008320334062872996
2010-05-21,1087.68994140625,40.09999847412109,37.400001525878906,0.26395374836540103,0.13704623637580982,-0.06733159728134776,0.014912632585704338,0.00022238661063621085,0.0006380991577875053
2010-05-24,1073.6500244140625,38.31999969482422,36.90999984741211,0.26504400396749006,0.11815599298075213,-0.03679540340921648,-0.012992046323687721,0.00016879326767684763,0.0005827072923060827
2010-05-25,1074.030029296875,34.61000061035156,34.900001525878906,0.2649990797368119,0.08110092636670369,0.008379107495323387,0.00035387476465256084,1.2522734905790533e-07,0.00047533815168592674
2010-05-26,1067.949951171875,35.02000045776367,33.95000076293945,0.26134170304592497,0.08885830153171176,-0.030553960046765444,-0.005677078693651669,3.222922249391375e-05,0.0004866668381197492
2010-05-27,1103.06005859375,29.68000030517578,30.63999938964844,0.2817574047836906,0.015042598268067198,0.03234498229790278,0.032347311768677056,0.001046348578659993,0.00034956445163302955
2010-05-28,1089.4100341796875,32.06999969482422,32.0,0.2804292529049005,0.04027074404334169,-0.0021827157932750468,-0.012451892345405802,0.0001550496229815756,0.0004081289208039784
2010-06-01,1070.7099609375,35.540000915527344,34.02000045776367,0.28247393940289556,0.07292606975237786,-0.04276872308969433,-0.017314353324598773,0.00029978683104904454,0.0005012268512205097
2010-06-02,1098.3800048828125,30.170000076293945,30.59000015258789,0.29314503251783675,0.008554968245102712,0.013921116182693021,0.02551442810834267,0.0006509860416957866,0.0003612019462712606
2010-06-03,1102.8299560546875,29.459999084472656,30.239999771118164,0.2938308958516131,0.0007690949931134505,0.026476602541940307,0.004043191983442443,1.6347401414973233e-05,0.0003444014071655276
2010-06-04,1064.8800048828125,35.47999954223633,34.369998931884766,0.30759522450239274,0.04720477091997055,-0.03128524872245808,-0.035017442089831104,0.001226221250514675,0.0004995358601258293
2010-06-07,1050.469970703125,36.56999969482422,35.29999923706055,0.30683074815183564,0.05886924879640654,-0.03472793186660639,-0.013624466165715648,0.00018562607830073044,0.0005307003482854934
2010-06-08,1062.0,33.70000076293945,33.650001525878906,0.31024512884587374,0.026754878783520786,-0.0014836568524809058,0.01091626764351899,0.00011916489926493965,0.00045067065532623796
2010-06-09,1055.68994140625,33.72999954223633,33.79999923706055,0.3048946849886148,0.0324053104337485,0.0020752948643407453,-0.005959396741888012,3.551440952722545e-05,0.00045147336076161224
2010-06-10,1086.8399658203125,30.56999969482422,31.46999931335449,0.3182782938061294,-0.012578296857887195,0.02944061588206846,0.02907984566617691,0.0008456374239686679,0.0003708432068815686
2010-06-11,1091.5999755859375,28.790000915527344,30.950000762939453,0.3155271850295011,-0.027627175874227694,0.07502604302617977,0.00437011574261751,1.9097911603873392e-05,0.0003289143463158989
2010-06-14,1089.6300048828125,28.57999992370605,30.68000030517578,0.31295739231528474,-0.027157393078224235,0.07347797015660093,-0.0018062939317567235,3.2626977679011628e-06,0.00032413349033295154
2010-06-15,1115.22998046875,25.8700008392334,28.450000762939453,0.31878753822955325,-0.06008752983721927,0.09972941012793982,0.02322245059850045,0.0005392822117997938,0.00026557815215156217
2010-06-16,1114.6099853515625,25.920000076293945,28.780000686645508,0.31214561067016333,-0.052945609907223856,0.11033952939557579,-0.0005560893540954269,3.0923536973826906e-07,0.0002666057158551898
2010-06-17,1116.0400390625,25.049999237060547,28.209999084472656,0.3119092676454893,-0.06140927527488382,0.1261477023415237,0.001282185812389404,1.6440004574926758e-06,0.0002490089134034659
2010-06-18,1117.510009765625,23.950000762939453,27.959999084472656,0.29737172297886844,-0.05787171534947391,0.1674320748973974,0.0013162641384549061,1.7325512821824363e-06,0.00022762005418444458
2010-06-21,1113.199951171875,24.8799991607666,27.540000915527344,0.29413683152873343,-0.04533683992106741,0.10691325741502888,-0.003864297943398893,1.4932798595356914e-05,0.0002456406183491059
2010-06-22,1095.31005859375,27.049999237060547,29.09000015258789,0.2678795189468571,0.0026204734237483818,0.07541593246081826,-0.01620122508698942,0.0002624796943192953,0.0002903581185416572
2010-06-23,1092.0400390625,26.90999984741211,29.26000022888184,0.26786211770613705,0.0012378807679840342,0.0873281454773299,-0.00298993926106872,8.939736784880164e-06,0.00028736035388401575
2010-06-24,1073.68994140625,29.739999771118164,31.36000061035156,0.26711581197338163,0.030284185737800007,0.05447212009754787,-0.016946283204951274,0.00028717651446241363,0.0003509792009468684
2010-06-25,1076.760009765625,28.530000686645508,30.700000762939453,0.26612217413195044,0.01917783273450463,0.07606028826033964,0.002855281931545411,8.152634908609693e-06,0.0003230003726904734
2010-06-28,1074.5699462890625,29.0,30.959999084472656,0.2614441538954872,0.028555846104512783,0.06758617532664332,-0.0020360096106544403,4.145335134677246e-06,0.0003337301587301587
2010-06-29,1041.239990234375,34.130001068115234,34.380001068115234,0.2749834575245333,0.06631655315661905,0.007324933846355891,-0.03150823034220891,0.0009927685792976944,0.0004622448305196615
2010-06-30,1030.7099609375,34.540000915527344,35.22999954223633,0.2737570281851641,0.0716429809701093,0.019976798159226386,-0.01016445397333528,0.00010331612457605138,0.0004734173266843768
2010-07-01,1027.3699951171875,32.86000061035156,34.4900016784668,0.27367068871688016,0.05492931738663548,0.049604413811293456,-0.0032457133092441124,1.0534654885804368e-05,0.00042848398417154966
2010-07-02,1022.5800170898438,30.1200008392334,33.290000915527344,0.2503181350509321,0.05088187334140187,0.10524568353148249,-0.004673271754301508,2.1839468889552296e-05,0.0003600057343473891
2010-07-06,1028.06005859375,29.649999618530277,32.0099983215332,0.24635124375274814,0.05014875243255462,0.07959523552668124,0.005344725887457727,2.8566094812060788e-05,0.0003488581259439863
2010-07-07,1060.27001953125,26.84000015258789,29.71999931335449,0.2614719710549727,0.006928030470906177,0.10730250165400654,0.030850023008263838,0.0009517239196104082,0.00028586730483766583
2010-07-08,1070.25,25.709999084472656,28.82999992370605,0.2630041080142519,-0.005904117169525325,0.12135359589015676,0.00936865495165787,8.777169560322351e-05,0.00026230319560459716
2010-07-09,1077.9599609375,24.979999542236328,28.170000076293945,0.26328163694902507,-0.013481641526661786,0.1277021854489607,0.007178063766629461,5.152459943779872e-05,0.00024761919727386
2010-07-12,1078.75,24.43000030517578,28.38999938964844,0.24517511209756745,-0.0008751090458096467,0.16209574437187738,0.0007326336059528174,5.367520005714282e-07,0.0002368352836947971
2010-07-13,1095.3399658203125,24.559999465942383,28.31999969482422,0.24682553864635856,-0.001225543986934724,0.15309447518905156,0.015261822735573064,0.00023292323321205487,0.00023936252927265483
2010-07-14,1095.1700439453125,24.88999938964844,28.82999992370605,0.24120274444591688,0.007697249450567517,0.1582965299587844,-0.00015514366479341991,2.4069556725533043e-08,0.00024583812286376974
2010-07-15,1096.47998046875,25.13999938964844,29.229999542236328,0.22952396789575427,0.02187602600073016,0.16268895194452437,0.0011953885564136067,1.4289538008046067e-06,0.00025080141639346196
2010-07-16,1064.8800048828125,26.25,30.600000381469727,0.24416352042394132,0.01833647957605869,0.16571430024646577,-0.02924290970075012,0.0008551477677662254,0.0002734375
2010-07-19,1071.25,25.96999931335449,30.07999992370605,0.22274280069242244,0.036957192441122416,0.15825955791373805,0.005964069587908596,3.5570126049416205e-05,0.000267635263625251
2010-07-20,1083.47998046875,23.93000030517578,28.21999931335449,0.22102971530928503,0.018270287742472774,0.17927283549807688,0.011351874168992774,0.0001288650471486454,0.00022724004547845753
2010-07-21,1069.5899658203125,25.63999938964844,29.07999992370605,0.22254860957088918,0.03385138432559526,0.13416539063750646,-0.012902699582286207,0.00016647965651072868,0.0002608768129766558
2010-07-22,1093.6700439453125,24.6299991607666,27.899999618530277,0.23060645030422094,0.01569354130344508,0.1327649439376553,0.022263687822425646,0.000495671795454424,0.0002407289121664141
2010-07-23,1102.6600341796875,23.46999931335449,26.989999771118164,0.2161359610673093,0.01856403206623558,0.14997872009995272,0.00818642018434479,6.701747543464777e-05,0.0002185876459400239
2010-07-26,1115.010009765625,22.729999542236328,26.440000534057617,0.21807533664994355,0.009224658772419736,0.16322046047240152,0.01113790871672976,0.0001240530105822048,0.00020502098380558082
2010-07-27,1113.8399658203125,23.190000534057617,26.3700008392334,0.21801058679049481,0.013889418550081356,0.1371280824468083,-0.0010499083075197902,1.1023074541990705e-06,0.0002134032241149177
2010-07-28,1106.1300048828125,24.25,26.709999084472656,0.20828376458440834,0.034216235415591656,0.10144326121536727,-0.006946032638280118,4.8247369412052665e-05,0.0002333581349206349
2010-07-29,1101.530029296875,24.1299991607666,27.1200008392334,0.20858913979751487,0.032710851810151154,0.12391221643008982,-0.004167292220516642,1.7366324451178522e-05,0.00023105430932484003
2010-07-30,1101.5999755859375,23.5,27.13999938964844,0.20853396458612797,0.02646603541387202,0.15489359104886982,6.349719619899018e-05,4.031893925133053e-09,0.00021914682539682538
2010-08-02,1125.8599853515625,22.01000022888184,25.399999618530277,0.21823809733372246,0.0018619049550959443,0.15402087025878497,0.021783528781166763,0.00047452212615992073,0.00019223813891880106
2010-08-03,1120.4599609375,22.6299991607666,26.01000022888184,0.21840967555331733,0.007890316054348673,0.1493593103606964,-0.004807894641330393,2.311585088213351e-05,0.00020322097699059408
2010-08-04,1127.239990234375,22.209999084472656,25.959999084472656,0.2133337076984096,0.008766283146316972,0.16884287053490613,0.006032878060028029,3.6395617687167555e-05,0.00019574764259217312
2010-08-05,1125.81005859375,22.100000381469727,26.15999984741211,0.2131152014089244,0.007884802405772856,0.18371037990327757,-0.0012693298432147424,1.6111982508755626e-06,0.00019381349875435
2010-08-06,1121.6400146484375,21.739999771118164,26.1200008392334,0.2067801628833011,0.010619834827880564,0.20147199237481664,-0.0037109155663972966,1.377089434092977e-05,0.00018755063097151503
2010-08-09,1127.7900390625,22.13999938964844,26.030000686645508,0.2070722192614572,0.014327774635027213,0.17570015375952708,0.005468087107405527,2.9899976614174543e-05,0.0001945157035609656
2010-08-10,1121.06005859375,22.3700008392334,26.309999465942383,0.20797979476983394,0.015720213622500034,0.17612867585587472,-0.005985281603927613,3.58235958783143e-05,0.0001985781498203583
2010-08-11,1089.469970703125,25.38999938964844,28.690000534057617,0.2040933147284252,0.049806679168059226,0.1299724782882269,-0.028583405997961563,0.0008170110984443051,0.00025581431309775723
2010-08-12,1083.6099853515625,25.729999542236328,29.25,0.20218138770473082,0.05511860771763244,0.13680530588372217,-0.005393266400071399,2.9087322462139105e-05,0.0002627114589061435
2010-08-13,1079.25,26.239999771118164,29.96999931335449,0.20236014290832854,0.06003985480285312,0.14214937403855696,-0.004031690712189038,1.6254529998751352e-05,0.00027322920158265134
2010-08-16,1079.3800048828125,26.100000381469727,29.799999237060547,0.20153538268607862,0.05946462112861867,0.14176240618822813,0.00012045128871151444,1.4508512952264606e-08,0.0002703214364733016
2010-08-17,1092.5400390625,24.32999992370605,28.56999969482422,0.20351659544005202,0.03978340379700848,0.17427043914566165,0.012118489601347648,0.00014685779021797108,0.0002349003556696573
2010-08-18,1094.1600341796875,24.59000015258789,28.57999992370605,0.18426354714177018,0.061636454384108724,0.16226107142574567,0.0014816804859392602,2.195377062413202e-06,0.00023994766170804463
2010-08-19,1075.6300048828125,26.440000534057617,29.6299991607666,0.18974967634523313,0.07465032899534305,0.12065047512385321,-0.01708043585689712,0.00029174128906157685,0.0002774101699368917
2010-08-20,1071.68994140625,25.489999771118164,29.540000915527344,0.1888694226965269,0.06603057501465476,0.1588858839064446,-0.003669753922919338,1.3467093854781872e-05,0.0002578333683855572
2010-08-23,1067.3599853515625,25.65999984741211,29.290000915527344,0.18917357571034252,0.06742642276377855,0.1414653581333256,-0.0040484907945532,1.6390277713582003e-05,0.00026128396514650375
2010-08-24,1051.8699951171875,27.459999084472656,30.309999465942383,0.1875561556003815,0.08704383524434509,0.10378734437326578,-0.014618768361991257,0.00021370838842155654,0.0002992268054441425
2010-08-25,1055.3299560546875,26.700000762939453,29.850000381469727,0.18801081609019793,0.07898919153919659,0.11797751043148225,0.003283944691638116,1.0784292737738163e-05,0.00028289287330990765
2010-08-26,1047.219970703125,27.3700008392334,30.3700008392334,0.18878171194628204,0.08491829644605195,0.1096090576548198,-0.007714466580892417,5.9512994627705944e-05,0.00029726862934112576
2010-08-27,1064.5899658203125,24.450000762939453,28.399999618530277,0.1765537449857297,0.06794626264366482,0.16155414038179125,0.016450710403283032,0.0002706258727726846,0.00023722322909037295
2010-08-30,1048.9200439453125,27.209999084472656,30.01000022888184,0.18067753493199687,0.09142245591272971,0.10290338987945793,-0.014828611113085734,0.00021988770754312973,0.0002938031945146837
2010-08-31,1049.3299560546875,26.049999237060547,29.040000915527344,0.17708004621957443,0.08341994615103102,0.11477933842750412,0.00039071808849260096,1.5266062467531195e-07,0.0002692866905757361
2010-09-01,1080.2900390625,23.88999938964844,27.290000915527344,0.1937171040627392,0.045182889833745216,0.14231902941580343,0.029077736386750194,0.0008455147533773362,0.00022648098049103291
2010-09-02,1090.0999755859375,23.190000534057617,26.6200008392334,0.1842683180773909,0.04763168726318526,0.1479085910385542,0.00903985298673457,8.171894202177393e-05,0.0002134032241149177
2010-09-03,1104.510009765625,21.309999465942383,25.309999465942383,0.18674408374633913,0.0263559109130847,0.18770530737895116,0.013132393793160998,0.0001724597667386535,0.0001802047925549463
2010-09-07,1091.8399658203125,23.799999237060547,26.770000457763672,0.18661504367813125,0.0513849486924742,0.12478997125673602,-0.011537491412768315,0.0001331137080997026,0.00022477776336669942
2010-09-08,1098.8699951171875,23.25,26.299999237060547,0.18774511740026867,0.044754882599731344,0.1311827628843246,0.0064180594909031665,4.119148762877221e-05,0.0002145089285714286
2010-09-09,1104.1800537109375,22.809999465942383,26.100000381469727,0.18730468143003148,0.04079531322939234,0.1442350281699763,0.0048206520589967215,2.323868627390933e-05,0.00020646669668106815
2010-09-10,1109.550048828125,21.989999771118164,25.59000015258789,0.18740951721235352,0.032490480498828106,0.16371079667758773,0.004851545040690317,2.353748928184681e-05,0.00019188892457689557
2010-09-13,1121.9000244140625,21.209999084472656,24.75,0.19001489680019312,0.022085094044533432,0.1669024548953845,0.01106912660314444,0.00012252556375643995,0.00017851748458862338
2010-09-14,1121.0999755859375,21.559999465942383,24.739999771118164,0.17910340463450913,0.036496590024914705,0.14749537958936976,-0.0007133739296067345,5.089023634425542e-07,0.00018445776863945868
2010-09-15,1125.0699462890625,22.100000381469727,24.93000030517578,0.1788464646141465,0.04215353920055076,0.12805429297996465,0.003534883802268771,1.2495403495542123e-05,0.00019381349875435
2010-09-16,1124.6600341796875,21.71999931335449,24.959999084472656,0.1779727756844957,0.03922721744904917,0.14917126489622223,-0.0003644100558466401,1.3279468880215134e-07,0.00018720570244925373
2010-09-17,1125.5899658203125,22.01000022888184,25.1200008392334,0.1779543592236208,0.04214564306519761,0.14129943562065808,0.0008265141149324639,6.831255821825942e-07,0.00019223813891880106
2010-09-20,1142.7099609375,21.5,24.59000015258789,0.18283289721834414,0.032167102781655854,0.14372093732966934,0.015095287889557545,0.00022786771646862266,0.00018343253968253965
2010-09-21,1139.780029296875,22.350000381469727,24.940000534057617,0.18246438663861037,0.04103561717608689,0.11588367375309966,-0.0025673131207138568,6.591096659789522e-06,0.00019822322105226067
2010-09-22,1134.280029296875,22.51000022888184,25.15999984741211,0.1821479200705793,0.042952082218239096,0.11772543720946492,-0.004837172794451643,2.3398240643383118e-05,0.00020107147234296052
2010-09-23,1124.8299560546875,23.8700008392334,26.15999984741211,0.16257566592003672,0.07612434247229727,0.09593627681884304,-0.008366240177841381,6.999397471332738e-05,0.00022610196034325523
2010-09-24,1148.6700439453125,21.709999084472656,24.75,0.17120490641587932,0.04589508442884724,0.14002768510946653,0.020972915547808245,0.00043986318657549683,0.00018703335724119187
2010-09-27,1142.1600341796875,22.540000915527344,25.200000762939453,0.17177188203643157,0.05362812711884188,0.11801241079718369,-0.005683553181933576,3.230277677186728e-05,0.00020160779415554503
2010-09-28,1147.699951171875,22.600000381469727,25.34000015258789,0.17189414696442623,0.05410585685027103,0.12123892587916744,0.004838660735848585,2.341263771664277e-05,0.0002026825465247745
2010-09-29,1144.72998046875,23.25,25.90999984741211,0.16967648092236556,0.06282351907763445,0.11440859558761761,-0.002591112883144724,6.713865973198564e-06,0.0002145089285714286
2010-09-30,1141.199951171875,23.700000762939453,26.399999618530277,0.17020990977726574,0.06679009785212878,0.11392399867821563,-0.00308848670645526,9.538750135950859e-06,0.00022289287149338517
2010-10-01,1146.239990234375,22.5,25.700000762939453,0.16108174450203722,0.06391825549796279,0.14222225613064235,0.004406714359894576,1.941913144970106e-05,0.00020089285714285717
2010-10-04,1137.030029296875,23.530000686645508,26.31999969482422,0.16294853785409644,0.07235146901235864,0.11857199008762374,-0.008067386519721716,6.508272525858767e-05,0.00021970671917203894
2010-10-05,1160.75,21.76000022888184,25.07999992370605,0.17056013646033336,0.047039865828485045,0.15257351378230263,0.02064672250716406,0.000426287150287835,0.0001878958769686261
2010-10-06,1159.969970703125,21.489999771118164,24.90999984741211,0.16279930275974905,0.0521006949514326,0.15914379305346993,-0.0006722304595956211,4.5189379080814e-07,0.00018326194054073762
2010-10-07,1158.06005859375,21.559999465942383,24.88999938964844,0.16341953018007205,0.05218046447935179,0.1544526904542066,-0.0016478755817934904,2.715493933071234e-06,0.00018445776863945868
2010-10-08,1165.1500244140625,20.709999084472656,24.059999465942383,0.16035464298072316,0.04674534786400339,0.161757630592142,0.006103613171284074,3.7254093744672425e-05,0.00017020002463446752
2010-10-11,1165.3199462890625,18.959999084472656,23.979999542236328,0.1558624166034144,0.03373757424131216,0.2647679694180373,0.00014582627318711122,2.126530195164199e-08,0.00014265141479492222
2010-10-12,1169.77001953125,18.93000030517578,23.3700008392334,0.1463957013483857,0.042904301703372116,0.23454836040565968,0.0038114836641496563,1.452740772207969e-05,0.00014220036172775998
2010-10-13,1178.0999755859375,19.06999969482422,22.979999542236328,0.1463943609133997,0.0443056360348425,0.20503408022986602,0.007095785561559261,5.035017273563288e-05,0.00014431146363515706
2010-10-14,1173.81005859375,19.8799991607666,23.559999465942383,0.12682255359515981,0.0719774380125062,0.18511068714923803,-0.003648032184403023,1.3308138818440292e-05,0.00015683109786987333
2010-10-15,1176.18994140625,19.030000686645508,23.200000762939453,0.12542975325239508,0.06487025361405999,0.2191276892186496,0.002025432873275127,4.102378324143536e-06,0.00014370671671973354
2010-10-18,1184.7099609375,19.09000015258789,22.799999237060547,0.1222170397774754,0.0686829617484035,0.19434253823040012,0.007217634690706231,5.2094250528486025e-05,0.00014461432770865307
2010-10-19,1165.9000244140625,20.6299991607666,23.59000015258789,0.127207528479307,0.07909246312835902,0.1434804223090088,-0.016004644029054833,0.00025614863049676053,0.00016888764498937725
2010-10-20,1178.1700439453125,19.790000915527344,22.65999984741211,0.12890866818714916,0.06899134096812429,0.14502267807541883,0.010469082613678416,0.0001096016907720237,0.00015541433977641793
2010-10-21,1180.260009765625,19.270000457763672,22.21999931335449,0.12869794949890404,0.06400205507873269,0.15308763806501596,0.0017723369527991779,3.1411782742574754e-06,0.00014735433239770323
2010-10-22,1183.0799560546875,18.780000686645508,21.649999618530277,0.12845821046800582,0.05934179639844925,0.1528220887619898,0.0023864087842906394,5.6949468857395276e-06,0.00013995572452000225
2010-10-25,1185.6199951171875,19.850000381469727,21.90999984741211,0.12564015817144072,0.07285984564325654,0.10377830863244836,0.00214467014688162,4.59961003892523e-06,0.00015635814093029694
2010-10-26,1185.6400146484375,20.21999931335449,22.200000762939453,0.1255289017225283,0.07667109141101658,0.09792292368067756,1.6885142218022246e-05,2.851080277228372e-10,0.00016224141755240317
2010-10-27,1182.449951171875,20.709999084472656,22.600000381469727,0.1261060755663091,0.08099391527841746,0.09126032740455796,-0.0026942096392165637,7.2587655800474465e-06,0.00017020002463446752
2010-10-28,1183.780029296875,20.8799991607666,22.809999465942383,0.12597234429600015,0.08282764731166586,0.09243296852244327,0.0011242172367564925,1.2638643954204036e-06,0.00017300570037841827
2010-10-29,1183.260009765625,21.200000762939453,22.950000762939453,0.126102655260085,0.08589735236930954,0.08254716684063725,-0.00043938381356833266,1.930581356258513e-07,0.00017834921918596564
2010-11-01,1184.3800048828125,21.82999992370605,23.290000915527344,0.11950371263342013,0.09879628660364037,0.06688048542940307,0.0009460857172530168,8.950781843901552e-07,0.0001891067050273834
2010-11-02,1193.5699462890625,21.56999969482422,23.020000457763672,0.12041034230115893,0.09528965464708325,0.06722303122180316,0.007729336064693736,5.974263600097525e-05,0.00018462892334710987
2010-11-03,1197.9599609375,19.559999465942383,21.649999618530277,0.11901338705695406,0.07658660760246976,0.10685072646484349,0.003671306443685746,1.3478491003448481e-05,0.00015182284885224853
2010-11-04,1221.06005859375,18.520000457763672,20.56999969482422,0.1250528198031417,0.060147184774495016,0.11069110077700768,0.019099304409664532,0.00036478342893303106,0.00013610730831570104
2010-11-05,1225.8499755859375,18.26000022888184,20.65999984741211,0.1125878851795481,0.0700121171092703,0.13143480769152405,0.003915079053611362,1.532784399602644e-05,0.00013231254299950987
2010-11-08,1223.25,18.290000915527344,20.729999542236328,0.11089051723785136,0.07200949191742208,0.13340615115210525,-0.0021232098228606586,4.508019951891989e-06,0.00013274767201983773
2010-11-09,1213.4000244140625,19.07999992370605,21.530000686645508,0.11457050853093716,0.07622949070612335,0.1284067490951842,-0.008084894540661062,6.536551973361104e-05,0.00014446285598754876
2010-11-10,1218.7099609375,18.46999931335449,21.280000686645508,0.11399714654026351,0.07070284659328137,0.1521386831486932,0.004366533579725262,1.9066615502868315e-05,0.00013537336295052192
2010-11-11,1213.5400390625,18.63999938964844,21.46999931335449,0.11450454696570819,0.07189544693077621,0.15182403521309465,-0.004251149890857143,1.80722753945347e-05,0.0001378768163674977
2010-11-12,1199.2099609375,20.61000061035156,22.93000030517578,0.12112690631869585,0.08497309978481973,0.11256669704604383,-0.011878766244753407,0.00014110508749749296,0.00016856036712646492
2010-11-15,1197.75,20.200000762939453,22.809999465942383,0.11800948211172693,0.08399052551766759,0.12920785170421595,-0.0012181773094550822,1.483955957271223e-06,0.00016192064715188668
2010-11-16,1178.3399658203125,22.57999992370605,24.07999992370605,0.11515202574460587,0.11064797349245464,0.06643046966644123,-0.016338157414688127,0.0002669353877071286,0.00020232396688673227
2010-11-17,1178.5899658203125,21.76000022888184,23.82999992370605,0.1151022208059259,0.1024977814828925,0.09512866144535793,0.0002121403759877297,4.500353912421532e-08,0.0001878958769686261
2010-11-18,1196.68994140625,18.75,22.43000030517578,0.12249449218019275,0.06500550781980725,0.19626668294270833,0.015240583543647691,0.00023227538675090482,0.00013950892857142856
2010-11-19,1199.72998046875,18.040000915527344,21.399999618530277,0.12166027450811347,0.058739734647159966,0.18625269027070412,0.0025371519119104955,6.437139824111083e-06,0.0001291435051715188
2010-11-22,1197.8399658203125,18.3700008392334,21.32999992370605,0.12186451958165408,0.06183548881067992,0.1611322236932558,-0.001576608885061296,2.4856955764542225e-06,0.00013391148048945867
2010-11-23,1180.72998046875,20.6299991607666,22.59000015258789,0.12929660733663803,0.07700338427102799,0.09500732290618553,-0.014387031590549965,0.00020698667798748266,0.00016888764498937725
2010-11-24,1198.3499755859375,19.559999465942383,21.809999465942383,0.1346395235150349,0.060960471144388934,0.1150306779873727,0.01481271551861717,0.00021941654103548196,0.00015182284885224853
2010-11-26,1189.4000244140625,22.21999931335449,21.809999465942383,0.1361404187114163,0.08605957442212858,-0.018451838887577777,-0.007496591424233891,5.619888298189711e-05,0.00019592395614502934
2010-11-29,1187.760009765625,21.530000686645508,23.350000381469727,0.1361535107834711,0.07914649608298399,0.08453319260473209,-0.001379810265237083,1.9038763680536292e-06,0.00018394481332022067
2010-11-30,1180.550048828125,23.540000915527344,25.190000534057617,0.1357623496092845,0.09963765954598894,0.07009343901265137,-0.006088715610163862,3.707245778145309e-05,0.0002198935091678683
2010-12-01,1206.0699462890625,21.36000061035156,23.989999771118164,0.14089477431342726,0.07270523179008834,0.12312729801571475,0.021386622263129783,0.0004573876118257985,0.00018105143891834085
2010-12-02,1221.530029296875,19.38999938964844,21.989999771118164,0.1423470948378133,0.05155289905867111,0.13408976087218244,0.012737100160620848,0.00016223372050168763,0.0001491952683851456
2010-12-03,1224.7099609375,18.010000228881836,21.0,0.14239596482909647,0.037704037459721895,0.16601886358242432,0.0025998540163515035,6.759240906339044e-06,0.00012871432866838246
2010-12-06,1223.1199951171875,18.020000457763672,21.040000915527344,0.1425369606098385,0.03766304396779821,0.16759158607360333,-0.0012990821033003648,1.6876143111152997e-06,0.00012885730813404878
2010-12-07,1223.75,17.989999771118164,20.96999931335449,0.14251236708865742,0.03738763062252423,0.16564755865203123,0.0005149475844580072,2.651710147391365e-07,0.00012842860784318714
2010-12-08,1228.280029296875,17.739999771118164,20.3799991607666,0.1426781096268225,0.03472188808435914,0.1488162020129517,0.0036949257526148233,1.3652476317336218e-05,0.00012488396503145734
2010-12-09,1233.0,17.25,19.979999542236328,0.1423930969117955,0.03010690308820449,0.15826084302819293,0.0038353835670092563,1.4710167106084646e-05,0.00011808035714285713
2010-12-10,1240.4000244140625,17.610000610351562,19.84000015258789,0.1430078843096445,0.03309212179387111,0.12663256473287587,0.005983703744360294,3.58047105002714e-05,0.00012306036567324698
2010-12-13,1240.4599609375,17.549999237060547,20.459999084472656,0.14295568738322295,0.032544304987382505,0.16581196432573211,4.8319150458452794e-05,2.334740301026599e-09,0.00012222320365905782
2010-12-14,1241.5899658203125,17.610000610351562,20.38999938964844,0.1429570803456609,0.03314292575785471,0.1578647747270793,0.0009105416846800492,8.29086159539982e-07,0.00012306036567324698
2010-12-15,1235.22998046875,17.940000534057617,20.739999771118164,0.14300490687806985,0.036395098462506326,0.15607576107620388,-0.0051356170153353965,2.6374562128202447e-05,0.00012771572188967763
2010-12-16,1242.8699951171875,17.389999389648438,20.81999969482422,0.1435697582266656,0.030330235669818767,0.1972398174560904,0.006166045704273937,3.802011962719507e-05,0.00012000479316348133
2010-12-17,1243.9100341796875,16.110000610351562,20.290000915527344,0.1331963807654243,0.02790362533809132,0.25946617919368054,0.0008364544598930705,6.996560634750083e-07,0.00010298893637520941
2010-12-20,1247.0799560546875,16.40999984741211,20.100000381469727,0.1329606740162767,0.031139324457844397,0.22486292311815823,0.0025451114605429463,6.477592346587049e-06,0.00010686035515558154
2010-12-21,1254.5999755859375,16.489999771118164,19.90999984741211,0.13361645463681823,0.0312835430743634,0.20739843079221826,0.0060119938497866,3.61440700498719e-05,0.00010790479859185598
2010-12-22,1258.8399658203125,15.449999809265137,19.56999969482422,0.13106582949662002,0.02343416859603134,0.26666666255156707,0.0033738576255426243,1.1382915277432115e-05,9.472321194694156e-05
2010-12-23,1256.77001953125,16.469999313354492,20.440000534057617,0.1309720615270816,0.03372793160646331,0.24104440717760683,-0.0016456817776046477,2.7082685131399934e-06,0.00010764320531027675
2010-12-27,1257.5400390625,17.670000076293945,21.040000915527344,0.13002461788943492,0.046675382873504534,0.19071877898600512,0.0006125096248109704,3.7516804048607576e-07,0.00012390035821278892
2010-12-28,1258.510009765625,17.520000457763672,21.18000030517578,0.12400832696478138,0.05119167761285533,0.20890409542142716,0.0007710265951420123,5.944820104162847e-07,0.00012180572065080921
2010-12-29,1259.780029296875,17.280000686645508,20.84000015258789,0.1237348410006821,0.049065165865772975,0.20601847942596754,0.0010086365106648648,1.017347610646194e-06,0.00011849143798828144
2010-12-30,1257.8800048828125,17.520000457763672,21.01000022888184,0.11186189882353395,0.06333810575410276,0.19920089497324397,-0.0015093576964174303,2.2781606557345315e-06,0.00012180572065080921
2010-12-31,1257.6400146484375,17.75,20.899999618530277,0.11192948995258058,0.06557051004741941,0.17746476724114238,-0.00019080765268397786,3.6407560322769524e-08,0.00012502480158730158
2011-01-03,1271.8699951171875,17.610000610351562,20.6200008392334,0.10842174056134546,0.06767826554217016,0.17092561752169894,0.01125129414776139,0.0001265916199994497,0.00012306036567324698
2011-01-04,1270.199951171875,17.3799991607666,20.61000061035156,0.10883921042435225,0.06496078118331376,0.1858458921491966,-0.001313924652635054,1.7263979928021474e-06,0.00011986681382073325
2011-01-05,1276.56005859375,17.020000457763672,20.049999237060547,0.10868008312486561,0.06151992145277112,0.1780257754290918,0.004994676074308499,2.4946789087269753e-05,0.0001149525458659824
2011-01-06,1273.8499755859375,17.399999618530273,20.350000381469727,0.09775627658393075,0.07624371960137198,0.1695402774490768,-0.002125214370637225,4.516536121162977e-06,0.00012014285187494194
2011-01-07,1271.5,17.139999389648438,20.290000915527344,0.09127694112600501,0.08012305277047937,0.18378072567384826,-0.001846485769081899,3.409509695421972e-06,0.00011657919804648764
2011-01-10,1269.75,17.540000915527344,20.479999542236328,0.0873997802460498,0.08800022890922363,0.16761678866882732,-0.0013772751808198854,1.896886923702448e-06,0.00012208398099869047
2011-01-11,1274.47998046875,16.889999389648438,20.13999938964844,0.08684308837562278,0.0820569055208616,0.19242155816724701,0.003718206258407198,1.3825057780058453e-05,0.00011320320610409708
2011-01-12,1285.9599609375,16.239999771118164,19.229999542236328,0.08507660243727838,0.07732339527390325,0.18411328899374085,0.008967253798850817,8.04116406930044e-05,0.00010465777482774524
2011-01-13,1283.760009765625,16.389999389648438,19.200000762939453,0.06541299136069642,0.09848700253578796,0.1714460938336429,-0.001712211240459357,2.93166733195537e-06,0.00010660003174312546
2011-01-14,1293.239990234375,15.460000038146973,18.3700008392334,0.05937724482659028,0.09522275555487945,0.18822773569897203,0.007357410347301483,5.413148701857892e-05,9.484587348393033e-05
2011-01-18,1295.02001953125,15.869999885559082,18.3799991607666,0.05935815569730233,0.0993418431582885,0.15816000587948933,0.0013754642661832541,1.8919019475470378e-06,9.99432128443037e-05
2011-01-19,1281.9200439453125,17.309999465942383,19.63999938964844,0.06834461277394167,0.10475538188548215,0.13460427473093567,-0.010167165793385584,0.0001033712602701899,0.00011890320694878
2011-01-20,1280.260009765625,17.989999771118164,19.899999618530277,0.06878645857822507,0.11111353913295657,0.1061700873658987,-0.0012957984038339024,1.6790935033784892e-06,0.00012842860784318714
2011-01-21,1283.3499755859375,18.46999931335449,19.96999931335449,0.06853136195744196,0.11616863117610292,0.08121278049617711,0.0024106376042604427,5.811173659074527e-06,0.00013537336295052192
2011-01-24,1290.8399658203125,17.649999618530273,19.57999992370605,0.0693645713978484,0.10713542478745433,0.10934846158010796,0.005819315234595438,3.3864429799594555e-05,0.00012362003433893603
2011-01-25,1291.1800537109375,17.59000015258789,19.34000015258789,0.06814215416359823,0.10775784736228067,0.09948834478790695,0.00026342777361852736,6.93941919136141e-08,0.00012278099419366746
2011-01-26,1296.6300048828125,16.639999389648438,18.81999969482422,0.06852515473565378,0.0978748391608306,0.131009638529911,0.004212024148480004,1.7741147427378704e-05,0.00010987681733630968
2011-01-27,1299.5400390625,16.149999618530273,18.479999542236328,0.06853828179164208,0.09296171439366065,0.14427244450412535,0.002241791060799816,5.025627160281965e-06,0.00010350098717401902
2011-01-28,1276.3399658203125,20.040000915527344,20.59000015258789,0.0870653135727485,0.11333469558252494,0.027445070455780162,-0.018013805424182846,0.0003244971858603193,0.00015936572884695904
2011-01-31,1286.1199951171875,19.530000686645508,20.149999618530277,0.08790826624797105,0.10739174061848403,0.0317459759388908,0.007633349932881147,5.8268031197816606e-05,0.00015135751064300555
2011-02-01,1307.5899658203125,17.6299991607666,18.96999931335449,0.09859257441549438,0.07770741719217164,0.07600681885282745,0.016555791837834375,0.0002740942433777033,0.00012334002793993297
2011-02-02,1304.030029296875,17.299999237060547,19.09000015258789,0.09936400121851961,0.07363599115208587,0.10346826557614831,-0.0027262302593629275,7.432331427066055e-06,0.00011876586254059347
2011-02-03,1307.0999755859375,16.690000534057617,18.920000076293945,0.09847835244346931,0.06842165289710686,0.13361291017851024,0.0023514322901266806,5.529233815050406e-06,0.00011053814199477918
2011-02-04,1310.8699951171875,15.93000030517578,18.32999992370605,0.09840126203708192,0.060898741014675864,0.15065910687713505,0.0028801110627525582,8.29503973378967e-06,0.00010070036100115096
2011-02-07,1319.050048828125,16.280000686645508,18.26000022888184,0.09895988231566837,0.0638401245507867,0.12162158837379695,0.006220782345952654,3.869813299571621e-05,0.00010517397712586437
2011-02-08,1324.5699462890625,15.8100004196167,17.850000381469727,0.09918574824082232,0.05891425595534466,0.1290322522270044,0.004176020375839696,1.7439146179428317e-05,9.918893383661913e-05
2011-02-09,1320.8800048828125,15.869999885559082,17.860000610351562,0.10001858600712095,0.05868141284846988,0.12539387140155453,-0.002789653077800705,7.782164294482947e-06,9.99432128443037e-05
2011-02-10,1321.8699951171875,16.09000015258789,18.100000381469727,0.10003501719941049,0.06086498432646842,0.12492232503543828,0.000749212207498601,5.613189318649267e-07,0.00010273337496439617
2011-02-11,1329.1500244140625,15.6899995803833,17.860000610351562,0.10019975492878781,0.0567002408750452,0.13830472198873375,0.00549226150188646,3.0164936405104117e-05,9.768892334620167e-05
2011-02-14,1332.3199462890625,15.949999809265137,17.940000534057617,0.10002459981892356,0.0594753982737278,0.12476493721564287,0.002382084644068833,5.674327251508539e-06,0.00010095337060141186
2011-02-15,1328.010009765625,16.3700008392334,18.270000457763672,0.0970543688063804,0.06664563958595358,0.11606594509003396,-0.003240154691578971,1.0498602425361217e-05,0.00010634005058591355
2011-02-16,1336.3199462890625,16.719999313354492,18.31999969482422,0.09765856317990734,0.06954142995363757,0.09569380664936897,0.006237938698850808,3.8911879210620514e-05,0.00011093586390419629
2011-02-17,1340.4300537109375,16.59000015258789,18.6299991607666,0.09725146054427225,0.06864854098160666,0.12296558103771262,0.0030709708803804935,9.430862148144944e-06,0.00010921750200907391
2011-02-18,1343.010009765625,16.43000030517578,18.899999618530277,0.09659964342530347,0.06770035962645435,0.15033470891515419,0.0019228727220244875,3.6974395051058618e-06,0.00010712099604288741
2011-02-22,1315.43994140625,20.799999237060547,21.31999969482422,0.11625750723994073,0.09174248513066473,0.025000022924864217,-0.020742204920454525,0.0004302390649621279,0.00017168252708798384
2011-02-23,1307.4000244140625,22.1299991607666,22.46999931335449,0.1179531294863949,0.1033468621212711,0.015363767080057548,-0.006130715010508629,3.758566654007582e-05,0.0001943400249426708
2011-02-24,1306.0999755859375,21.31999969482422,22.26000022888184,0.11779114536562829,0.09540885158261389,0.044090081965893334,-0.0009948719612429039,9.897702192673021e-07,0.0001803739630902003
2011-02-25,1319.8800048828125,19.21999931335449,20.56999969482422,0.11878889800730323,0.07341109512624165,0.07023935638393698,0.010495248165324718,0.00011015023405175185,0.00014659062444656628
2011-02-28,1327.219970703125,18.350000381469727,20.0,0.11928054364974545,0.06421946016495182,0.08991823347298035,0.005545679951233036,3.0754566121508054e-05,0.00013362004523807109
2011-03-01,1306.3299560546875,21.01000022888184,21.899999618530277,0.12742167741206512,0.08267832487675328,0.04236075106867353,-0.015864861791058633,0.0002516938396493921,0.0001751667101657202
2011-03-02,1308.43994140625,20.700000762939453,21.68000030517578,0.12744045673656895,0.07955955089282557,0.04734297130997621,0.0016138978895201782,2.6046663977976854e-06,0.0001700357268197198
2011-03-03,1330.969970703125,18.600000381469727,20.440000534057617,0.13227985125680045,0.05372015255789683,0.09892473735758592,0.017072434579238578,0.00029146802246238115,0.00013728571991693413
2011-03-04,1321.1500244140625,19.059999465942383,20.799999237060547,0.13446930596088405,0.056130688698539766,0.09129065161976033,-0.007405389789368721,5.4839797932486505e-05,0.00014416015065147773
2011-03-07,1310.1300048828125,20.65999984741211,21.850000381469727,0.13712742791151153,0.06947257056260955,0.05759925183187636,-0.008376215256269803,7.016098201936701e-05,0.00016937920384724932
2011-03-08,1321.8199462890625,19.81999969482422,21.450000762939453,0.13840517043965667,0.05979482650858553,0.08224021661013908,0.008883161530176173,7.891055877120188e-05,0.0001558858682154096
2011-03-09,1320.02001953125,20.21999931335449,21.81999969482422,0.138539155615307,0.0636608375182379,0.0791295962316376,-0.0013626313929708095,1.8567643131095688e-06,0.00016224141755240317
2011-03-10,1295.1099853515625,21.8799991607666,22.76000022888184,0.14944498295405537,0.06935500865361066,0.040219428787418916,-0.019051280476330656,0.00036295128778781764,0.00018997395368061396
2011-03-11,1304.280029296875,20.07999992370605,21.8700008392334,0.15072912999321628,0.05007086924384424,0.08914347222751269,0.007055564524569619,4.978099076036531e-05,0.00016000253846668058
2011-03-14,1296.3900146484375,21.1299991607666,22.489999771118164,0.14196089539391102,0.069339096213755,0.06436349571072209,-0.006067696956773771,3.6816946359241685e-05,0.00017717335894206244
2011-03-15,1281.8699951171875,24.31999969482422,24.030000686645508,0.14427820254985355,0.09892179439838863,-0.011924301472768049,-0.011263544394845545,0.0001268674323346565,0.00023470729569692462
2011-03-16,1256.8800048828125,29.399999618530277,26.90999984741211,0.14612500993462008,0.14787498625068268,-0.08469387086484065,-0.019687481949372254,0.00038759694550685833,0.00034299999109903983
2011-03-17,1273.719970703125,26.3700008392334,25.440000534057617,0.1520530823756649,0.11164692601666909,-0.03526735971096834,0.013309266231874258,0.00017713656763090842,0.0002759432318496707
2011-03-18,1279.2099609375,24.440000534057617,24.34000015258789,0.1525067017022709,0.09189330363830528,-0.004091668546830598,0.0043009395825458095,1.849808129270932e-05,0.00023702921670822885
2011-03-21,1298.3800048828125,20.61000061035156,21.950000762939453,0.15879875692151693,0.047301249181998656,0.06501698752569988,0.01487466793018228,0.00022125574603319318,0.00016856036712646492
2011-03-22,1293.77001953125,20.209999084472656,21.700000762939453,0.15782518235162077,0.044274808493105805,0.07372596466921987,-0.0035568853410381704,1.2651433329292223e-05,0.00016208097737872447
2011-03-23,1297.5400390625,19.170000076293945,20.93000030517578,0.15753145672764612,0.03416854403529332,0.09181013155332701,0.002909742258502921,8.46660001091768e-06,0.00014582892973218642
2011-03-24,1309.6600341796875,18.0,20.07999992370605,0.1600054148147035,0.019994585185296482,0.11555555131700285,0.009297393435475379,8.644152469402068e-05,0.00012857142857142858
2011-03-25,1313.800048828125,17.90999984741211,20.030000686645508,0.16029233280805655,0.018807665666064538,0.11836967377415841,0.0031561510021889394,9.961289148618247e-06,0.0001272889264025007
2011-03-28,1310.18994140625,19.440000534057617,20.86000061035156,0.15952545685433914,0.03487454848623703,0.0730452694075905,-0.002751618499391395,7.571404366192952e-06,0.00014996572252546047
2011-03-29,1319.43994140625,18.15999984741211,19.96999931335449,0.16081546031787997,0.020784538156241122,0.0996695749532351,0.007035239607301627,4.949459633214555e-05,0.00013086729938809836
2011-03-30,1328.260009765625,17.709999084472656,19.75,0.16181293916357165,0.015287051681154906,0.11518921631768611,0.006662462626235184,4.4388408245980616e-05,0.00012446193157619932
2011-03-31,1325.8299560546875,17.739999771118164,19.84000015258789,0.160799424675853,0.016600573035328636,0.11837657319977306,-0.001831177104975248,3.35320958978553e-06,0.00012488396503145734
2011-04-01,1332.4100341796875,17.399999618530273,19.59000015258789,0.16122978040966843,0.012770215775634308,0.12586210241782753,0.004950712944456072,2.450955865840491e-05,0.00012014285187494194
2011-04-04,1332.8699951171875,17.5,19.38999938964844,0.16111406457426874,0.013885935425731244,0.10799996512276806,0.0003451501808517552,1.1912864734199932e-07,0.00012152777777777776
2011-04-05,1332.6300048828125,17.25,19.399999618530277,0.1489537048391741,0.023546295160825875,0.12463765904523345,-0.00018007145753026058,3.242572981707244e-08,0.00011808035714285713
2011-04-06,1335.5400390625,16.899999618530273,19.3799991607666,0.14771396660323635,0.02128602958206638,0.14674553835593543,0.002181296758153027,4.758055547128905e-06,0.00011333729647076325
2011-04-07,1333.510009765625,17.110000610351562,19.5,0.14777460834194653,0.023325397761569083,0.13968435443552737,-0.0015211626992252944,2.3139359575143835e-06,0.00011617147654215507
2011-04-08,1328.1700439453125,17.8700008392334,20.049999237060547,0.14537420174711374,0.03332580664522025,0.12199207025446719,-0.004012483000974196,1.6100019833106892e-05,0.00012672100396595335
2011-04-11,1324.4599609375,16.59000015258789,20.01000022888184,0.14472217246883953,0.021177829057039382,0.20614828480037473,-0.00279728829140217,7.824821785215672e-06,0.00010921750200907391
2011-04-12,1314.1600341796875,17.09000015258789,20.32999992370605,0.1388449715368827,0.03205502998899623,0.1895845372843684,-0.007807095445724583,6.095073929865353e-05,0.00011590004175216436
2011-04-13,1314.4100341796875,16.920000076293945,19.989999771118164,0.1387802167547633,0.03041978400817616,0.18144206152371678,0.0001902174903101045,3.61826936198747e-08,0.00011360571531023298
2011-04-14,1314.52001953125,16.270000457763672,19.959999084472656,0.1291838090932561,0.03351619548438062,0.22679769655127463,8.36730908616908e-05,7.001186134348763e-09,0.00010504480749826592
2011-04-15,1319.6800537109375,15.31999969482422,19.170000076293945,0.1280223877412745,0.02517760920696771,0.25130551293486164,0.003917728825568014,1.534859915068653e-05,9.313586930532311e-05
2011-04-18,1305.1400146484375,16.959999084472656,19.920000076293945,0.1297798238558858,0.03982016698884078,0.17452836978813585,-0.011078997728577972,0.00012274419066983587,0.00011414347974020372
2011-04-19,1312.6199951171875,15.829999923706056,19.18000030517578,0.12818338887389333,0.030116610363167234,0.2116235248019784,0.005714810218094469,3.2659055828836956e-05,9.944003872402133e-05
2011-04-20,1330.3599853515625,15.06999969482422,18.479999542236328,0.13407964781566145,0.01662034913258076,0.22627736671973983,0.013424435132347328,0.00018021545862260122,9.01209884134929e-05
2011-04-21,1337.3800048828125,14.6899995803833,18.350000381469727,0.12158526150004483,0.02531473430378818,0.24914914265715227,0.0052629084996557015,2.7698205875748227e-05,8.563336812367522e-05
2011-04-25,1335.25,15.770000457763672,18.549999237060547,0.12046465331552887,0.03723535126210785,0.17628400117948403,-0.0015939395500958124,2.540643289359641e-06,9.86876644594708e-05
2011-04-26,1347.239990234375,15.619999885559082,18.270000457763672,0.12090071128444528,0.035299287571145546,0.16965432724839863,0.008939507790192994,7.991479953092123e-05,9.681920493050228e-05
2011-04-27,1355.6600341796875,15.350000381469728,17.899999618530273,0.11564297924732903,0.03785702456736825,0.16612372467031747,0.006230397799828821,3.881785674411181e-05,9.350099671076222e-05
2011-04-28,1360.47998046875,14.619999885559082,17.520000457763672,0.09594202521945709,0.050257973636133726,0.1983584538238655,0.0035491184714345463,1.259624192427789e-05,8.481920502132841e-05
2011-04-29,1363.6099853515625,14.75,17.5,0.09045235984087084,0.05704764015912915,0.1864406779661017,0.002298019742020782,5.280894734717262e-06,8.633432539682539e-05
2011-05-02,1361.219970703125,15.989999771118164,18.38999938964844,0.09097373959924453,0.0689262581119371,0.15009378692207745,-0.001754249109045456,3.0773899365867764e-06,0.00010146035423823767
2011-05-03,1356.6199951171875,16.700000762939453,19.11000061035156,0.08374893190559159,0.08325107572380296,0.1443113615156452,-0.0033850263710526606,1.1458403532721945e-05,0.00011067064503261046
2011-05-04,1347.3199462890625,17.079999923706055,19.440000534057617,0.08600223635854341,0.08479776287851713,0.1381733384597981,-0.006878914252832363,4.731946129782023e-05,0.00011576444341023763
2011-05-05,1335.0999755859375,18.200000762939453,19.84000015258789,0.09102063074292033,0.0909793768864742,0.09010985279670745,-0.009111217180694528,8.301427851378315e-05,0.00013144445546468123
2011-05-06,1340.199951171875,18.399999618530277,19.90999984741211,0.08798794834172304,0.09601204784357974,0.08206523153191486,0.003812642995876722,1.4536246614007826e-05,0.00013434920077853743
2011-05-09,1346.2900390625,17.15999984741211,19.200000762939453,0.08840246399477195,0.08319753447934916,0.1188811732906277,0.004533870101931407,2.0555978101187502e-05,0.00011685142649332686
2011-05-10,1357.1600341796875,15.90999984741211,18.3700008392334,0.0901368596633515,0.0689631388107696,0.15461979983748575,0.00804161600966336,6.466758804687406e-05,0.00010044765680343386
2011-05-11,1342.0799560546875,16.950000762939453,19.049999237060547,0.09515767728301426,0.07434233034638028,0.12389370971077844,-0.011173689687885626,0.00012485134124116156,0.00011400893883478099
2011-05-12,1348.6500244140625,16.030000686645508,18.440000534057617,0.09430331741410777,0.0659966894523473,0.15034309071613858,0.004883493672167491,2.3848510446099925e-05,0.00010196861984676803
2011-05-13,1337.77001953125,17.06999969482422,19.06999969482422,0.09735529991286365,0.07334469703537855,0.11716461838053918,-0.008100047045425269,6.561076213810262e-05,0.00011562892443702339
2011-05-16,1329.469970703125,18.239999771118164,19.8700008392334,0.09809961485463121,0.08430038285655043,0.08936409476804015,-0.0062237186380957365,3.8734673686180245e-05,0.0001320228538295201
2011-05-17,1328.97998046875,17.549999237060547,19.450000762939453,0.0980949492048345,0.07740504316577096,0.10826219991318575,-0.0003686285233300362,1.3588698821248302e-07,0.00012222320365905782
2011-05-18,1340.6800537109375,16.229999542236328,18.530000686645508,0.1013998607519266,0.06090013467043669,0.1417129518965016,0.008765271983703134,7.682999294829109e-05,0.0001045289226749966
2011-05-19,1343.5999755859375,15.520000457763672,18.170000076293945,0.10139889056072428,0.05380111401691244,0.17074739306496906,0.0021755725891674884,4.733116090736929e-06,9.558349770197802e-05
2011-05-20,1333.27001953125,17.43000030517578,19.049999237060547,0.10387358813491959,0.07042641491683821,0.09294313846935001,-0.007717974612614023,5.956713212095457e-05,0.00012055750422159832
2011-05-23,1317.3699951171875,18.270000457763672,19.790000915527344,0.10900118650067923,0.07369881807695748,0.08319651996055431,-0.011997264840988668,0.00014393436366482286,0.0001324575066375733
2011-05-24,1316.280029296875,17.81999969482422,19.170000076293945,0.10875389391532991,0.06944610303291227,0.07575759846179073,-0.0008277226453314669,6.851247775945213e-07,0.0001260128528267997
2011-05-25,1320.469970703125,17.06999969482422,18.8700008392334,0.1067239840609229,0.0639760128873193,0.10544822358461767,0.0031781131566695725,1.0100403236596235e-05,0.00011562892443702339
2011-05-26,1325.68994140625,16.09000015258789,18.190000534057617,0.10728676242092886,0.053613239104950056,0.13051587082377783,0.003945322767699228,1.5565571741325898e-05,0.00010273337496439617
2011-05-27,1331.0999755859375,15.979999542236328,18.1299991607666,0.10784322708623632,0.05195676833612696,0.13454315895614793,0.004072615318765918,1.658619553464682e-05,0.00010133348625788621
2011-05-31,1345.199951171875,15.449999809265137,17.559999465942383,0.11135903187993686,0.0431409662127145,0.1365695587524804,0.01053701485636789,0.00011102868208331764,9.472321194694156e-05
2011-06-01,1314.550048828125,18.299999237060547,19.36000061035156,0.12665569338279403,0.05634429898781143,0.05792357472585751,-0.023048225700640405,0.0005312207079476609,0.00013289284606207008
2011-06-02,1312.93994140625,18.09000015258789,19.31999969482422,0.12564176636269292,0.05525823516318598,0.06799334062251894,-0.001225586114047521,1.5020613229461033e-06,0.00012986035933358327
2011-06-03,1300.1600341796875,17.950000762939453,19.46999931335449,0.12205958099213689,0.05744042663725764,0.08467958138215276,-0.00978149266519151,9.567759875919531e-05,0.00012785814578949482
2011-06-06,1286.1700439453125,18.489999771118164,19.959999084472656,0.12404058112693166,0.060859416584249995,0.07950239759605987,-0.010818516013722313,0.00011704028873916614,0.0001356667029904563
2011-06-07,1284.93994140625,18.06999969482422,19.5,0.12404126996196313,0.05665872698627905,0.07913670887251734,-0.0009568650426676839,9.155907098794286e-07,0.0001295733686392648
2011-06-08,1279.56005859375,18.790000915527344,19.950000762939453,0.1204265343956568,0.06747347475961664,0.061734954278449744,-0.0041956644216076975,1.7603599938744656e-05,0.00014010481524028508
2011-06-09,1289.0,17.770000457763672,19.26000022888184,0.12111071081264184,0.05658929376499487,0.08384916897777514,0.007350409328991669,5.4028517303727766e-05,0.00012530671280512742
2011-06-10,1270.97998046875,18.86000061035156,20.11000061035156,0.1252028934626727,0.06339711264084291,0.06627783454651222,-0.014078482881846339,0.00019820368025444038,0.00014115064405653222
2011-06-13,1271.8299560546875,19.61000061035156,20.440000534057617,0.1247748086639695,0.07132519743954607,0.04232533900421834,0.0006685325595012269,4.4693578311326155e-07,0.00015260004918174147
2011-06-14,1287.8699951171875,18.26000022888184,19.43000030517578,0.13200195083292074,0.05059805145589766,0.06407448311218271,0.012532913485107313,0.00015707392042518475,0.00013231254299950987
2011-06-15,1265.4200439453125,21.31999969482422,21.3799991607666,0.13963577544303038,0.0735642215052118,0.0028142339024961934,-0.01758556950725801,0.0003092522548946027,0.0001803739630902003
2011-06-16,1267.6400146484375,22.729999542236328,22.61000061035156,0.1394276429694023,0.08787235245296099,-0.005279319590912886,0.0017527979756827483,3.0723007435575404e-06,0.00020502098380558082
2011-06-17,1271.5,21.850000381469727,22.440000534057617,0.13851134475961024,0.07998865905508701,0.02700229484152552,0.003040390291799793,9.243973126470431e-06,0.00018945337963104252
2011-06-20,1278.3599853515625,19.989999771118164,21.21999931335449,0.13911967514882662,0.06078032256235502,0.06153074318757349,0.005380689090158733,2.8951815084953214e-05,0.00015857146462273976
2011-06-21,1295.52001953125,18.86000061035156,20.5,0.14470345425201114,0.043896551851504456,0.08695648656280032,0.0133341790614636,0.00017780033124317429,0.00014115064405653222
2011-06-22,1287.1400146484375,18.520000457763672,20.71999931335449,0.1426826729950774,0.042517331582559326,0.11879043203093263,-0.006489459844407726,4.211308907218035e-05,0.00013610730831570104
2011-06-23,1283.5,19.290000915527344,20.93000030517578,0.1399247974401177,0.052975211715155734,0.08501810844022989,-0.002831992858193941,8.020183548861487e-06,0.00014766037115914517
2011-06-24,1268.449951171875,21.100000381469727,21.920000076293945,0.1416646038799648,0.06933539993473248,0.03886254407579785,-0.011795077176858442,0.0001391238456080469,0.00017667064130873913
2011-06-27,1280.0999755859375,20.559999465942383,21.5,0.14405325552494644,0.06154673913447739,0.04571987152114119,0.009142536655730837,8.3585976501382e-05,0.0001677434833490282
2011-06-28,1296.6700439453125,19.170000076293945,20.520000457763672,0.1491101121539628,0.04258988860897664,0.07042255483030319,0.012861292735996777,0.00016541285084100348,0.00014582892973218642
2011-06-29,1307.4100341796875,17.270000457763672,19.420000076293945,0.15141692683936475,0.021283077738271955,0.12449331566541726,0.008248633534913173,6.803995519329419e-05,0.0001183543316710942
2011-06-30,1320.6400146484375,16.520000457763672,18.90999984741211,0.15215850044341114,0.013041504134225584,0.14467308253161962,0.010068371595162745,0.00010137210657828,0.00010829778377956824
2011-07-01,1339.6700439453125,15.869999885559082,17.93000030517578,0.15796502524335626,0.0007349736122345685,0.12980469026286498,0.014306869106082431,0.0002046865036185759,9.99432128443037e-05
2011-07-05,1337.8800048828125,16.059999465942383,18.11000061035156,0.15636464029090452,0.004235354368519295,0.1276464017795585,-0.0013370725450782008,1.7877629908018974e-06,0.00010235062811351967
2011-07-06,1339.219970703125,16.34000015258789,18.40999984741211,0.1520951618723093,0.011304839653569626,0.12668296667649523,0.0010010578196052824,1.002116758192882e-06,0.00010595063689943346
2011-07-07,1353.219970703125,15.949999809265137,17.770000457763672,0.15467151750491723,0.004828480587734135,0.11410662509483678,0.010399582892092554,0.00010815132432950412,0.00010095337060141186
2011-07-08,1343.800048828125,15.949999809265137,17.959999084472656,0.1561812233374416,0.0033187747552097524,0.12601876484286467,-0.006985458106936123,4.87966249637596e-05,0.00010095337060141186
2011-07-11,1319.489990234375,18.38999938964844,19.979999542236328,0.16503318095207928,0.01886681294440512,0.08646004379330667,-0.018256166936573934,0.00033328763121605526,0.0001342032053774881
2011-07-12,1313.6400146484375,19.8700008392334,20.93000030517578,0.16498258735735205,0.03371742103498193,0.053346724769603907,-0.004443369829837216,1.9743535444707612e-05,0.00015667338625045078
2011-07-13,1317.719970703125,19.90999984741211,20.850000381469727,0.16206517714193813,0.03703482133218297,0.04721248323765296,0.0031010271091221173,9.616369131510276e-06,0.00015730479917617073
2011-07-14,1308.8699951171875,20.799999237060547,21.59000015258789,0.14886761073188162,0.059132381638723835,0.03798081463963489,-0.006738782369334765,4.5411187821257065e-05,0.00017168252708798384
2011-07-15,1316.1400146484375,19.530000686645508,20.940000534057617,0.14972921052813623,0.04557079633831884,0.0721966102323928,0.005539055540283086,3.068113627834075e-05,0.00015135751064300555
2011-07-18,1305.43994140625,20.950000762939453,21.84000015258789,0.14887390059505032,0.06062610703434421,0.04248206955786112,-0.008163117539368405,6.663648796154409e-05,0.0001741676714155411
2011-07-19,1326.72998046875,19.209999084472656,20.5,0.1521381333307098,0.03996185751401676,0.06715257558601577,0.01617714964684356,0.0002617001706963707,0.00014643812096247632
2011-07-20,1325.8399658203125,19.09000015258789,20.3700008392334,0.15210787026729244,0.038792131258586465,0.06705084737634157,-0.0006710584073998067,4.503193861419649e-07,0.00014461432770865307
2011-07-21,1343.800048828125,17.559999465942383,19.200000762939453,0.1553911142360991,0.02020888042332472,0.09339415415005295,0.013455262786265243,0.0001810440966474543,0.0001223625322396416
2011-07-22,1345.02001953125,17.520000457763672,19.200000762939453,0.15445023975752864,0.02074976482010807,0.09589042587218195,0.0009074395131127662,8.234464699583341e-07,0.00012180572065080921
2011-07-25,1337.4300537109375,19.350000381469727,20.26000022888184,0.14893892074223034,0.04456108307246692,0.04702841495980343,-0.005658995223243947,3.2024226936697804e-05,0.00014858036300114226
2011-07-26,1331.93994140625,20.229999542236328,20.88999938964844,0.1498682805126546,0.05243171490970869,0.032624807827314126,-0.00411342006232854,1.6920224609166932e-05,0.00016240193709479448
2011-07-27,1304.8900146484375,22.979999542236328,22.690000534057617,0.15912733446495822,0.07067266095740507,-0.012619626368821473,-0.02051772480729147,0.0004209770312677438,0.00020955570593697695
2011-07-28,1300.6700439453125,23.739999771118164,22.950000762939453,0.15018873816304706,0.08721125954813458,-0.03327712787680038,-0.0032392071555055867,1.0492462996278595e-05,0.00022364586870344863
2011-07-29,1292.280029296875,25.25,22.90999984741211,0.15167461500249516,0.10082538499750485,-0.09267327336981745,-0.006471427287173138,4.1879371133169075e-05,0.0002530009920634921
2011-08-01,1286.93994140625,23.65999984741211,22.3799991607666,0.1521151267540109,0.08448487172011018,-0.05409977577770408,-0.004140860866230743,1.714672871348122e-05,0.0002221411082458496
2011-08-02,1254.050048828125,24.790000915527344,23.600000381469727,0.1692541594355869,0.07864584971968655,-0.04800324687814974,-0.025888909190623945,0.0006702356190803729,0.00024386672436184386
2011-08-03,1260.3399658203125,23.3799991607666,23.1200008392334,0.16494452271259666,0.06885546889506935,-0.011120544519501091,0.0050031459527175165,2.5031469424193667e-05,0.00021691442887200276
2011-08-04,1200.0699462890625,31.65999984741211,28.559999465942383,0.21564904403093435,0.10095095444318672,-0.09791536312098627,-0.0490016550437416,0.0024011621970258467,0.0003977601548960852
2011-08-05,1199.3800048828125,32.0,29.59000015258789,0.2157030218757759,0.10429697812422412,-0.07531249523162842,-0.0005750829892724604,3.3072044455054877e-07,0.00040634920634920635
2011-08-08,1119.4599609375,48.0,38.09999847412109,0.28887567490583965,0.19112432509416033,-0.20625003178914403,-0.06895836939262512,0.0047552567092897366,0.0009142857142857143
2011-08-09,1172.530029296875,35.060001373291016,31.06999969482422,0.3219555452537598,0.028644468479150365,-0.11380494929205598,0.04631744106338802,0.0021453053466604227,0.0004877792445615746
2011-08-10,1120.760009765625,42.9900016784668,36.58000183105469,0.34060569296164883,0.08929432382301916,-0.14910443352280225,-0.04515679702747437,0.002039136317780518,0.0007333889858391184
2011-08-11,1172.6400146484375,39.0,33.81999969482422,0.3687040072590239,0.0212959927409761,-0.13282052064553285,0.04525059436377155,0.002047616290274594,0.0006035714285714286
2011-08-12,1178.81005859375,36.36000061035156,32.75,0.3674105823305099,-0.0038105762269942667,-0.09928494361256442,0.005247875067275939,2.754019272173644e-05,0.0005246228747558595
2011-08-15,1204.489990234375,31.8700008392334,30.07999992370605,0.37109192095295274,-0.05239191256061876,-0.0561657002946726,0.021550727976033655,0.00046443387629699963,0.00040305434662410216
2011-08-16,1192.760009765625,32.849998474121094,30.440000534057617,0.3714627610731866,-0.04296277633197565,-0.073363715434022,-0.009786275177620173,9.577118185210475e-05,0.0004282231745038723
2011-08-17,1193.8900146484375,31.57999992370605,30.030000686645508,0.37145668142864996,-0.055656682191589424,-0.04908167323638942,0.0009469381398126654,8.96691840631871e-07,0.000395752537770347
2011-08-18,1140.6500244140625,42.66999816894531,36.59999847412109,0.38792682109800564,0.038773160591447475,-0.14225451031872544,-0.04561859893236344,0.0020810565685518306,0.0007225114062451572
2011-08-19,1123.530029296875,43.04999923706055,37.900001525878906,0.3888775450850308,0.04162244728557468,-0.1196282880940948,-0.015122756128207963,0.0002286977529132515,0.0007354374739329024
2011-08-22,1123.8199462890625,42.43999862670898,38.2599983215332,0.38749324708972915,0.03690673917736059,-0.09849199906771801,0.0002580078732242726,6.656806264571233e-08,0.0007147434458075633
2011-08-23,1162.3499755859375,36.27000045776367,34.790000915527344,0.403708206194161,-0.04100820161652424,-0.040805059927136865,0.03371024838647402,0.0011363808462777742,0.000522028941748483
2011-08-24,1177.5999755859375,35.900001525878906,34.79999923706055,0.40626184888588457,-0.04726183362709552,-0.030640730976721847,0.013034651368546804,0.00016990213629955906,0.0005114325831579793
2011-08-25,1159.27001953125,39.7599983215332,36.61000061035156,0.4076599814109878,-0.010059998195655784,-0.0792252978913147,-0.01568793473796148,0.00024611129634253854,0.0006273243914794933
2011-08-26,1176.800048828125,35.59000015258789,34.40999984741211,0.41050854548312304,-0.05460854395724413,-0.03315538915753499,0.015008418274915636,0.00022525261911482164,0.0005026381392306375
2011-08-29,1210.0799560546875,32.279998779296875,31.979999542236328,0.42030571068732253,-0.09750572289435377,-0.009293657013796253,0.027887505012164332,0.0007777129358034908,0.0004134913972981777
2011-08-30,1212.9200439453125,32.88999938964844,32.470001220703125,0.41685402815356826,-0.08795403425708387,-0.012769783421689563,0.0023442750237692416,5.495625387068279e-06,0.0004292666904170931
2011-08-31,1218.8900146484375,31.6200008392334,31.670000076293945,0.41743717568120664,-0.10123716728887266,0.0015812535020084163,0.004909908712070555,2.4107203560866332e-05,0.0003967557353464765
2011-09-01,1204.4200439453125,31.81999969482422,31.989999771118164,0.4153259256722204,-0.09712592872397818,0.005342554303091248,-0.011942460792303735,0.00014262236977571197,0.00040179062721373544
2011-09-02,1173.969970703125,33.91999816894531,33.790000915527344,0.41988192402480173,-0.08068194233534859,-0.003832466404346236,-0.025607017291752767,0.0006557193345801252,0.0004565739189608149
2011-09-06,1165.239990234375,37.0,35.380001068115234,0.41995653899466734,-0.04995653899466734,-0.043783754915804475,-0.007464076457609708,5.5712437365043485e-05,0.0005432539682539683
2011-09-07,1198.6199951171875,33.380001068115234,32.959999084472656,0.43061412804030497,-0.09681411735915263,-0.012582443684933444,0.028243824959147193,0.0007977136483229459,0.0004421525679791167
2011-09-08,1185.9000244140625,34.31999969482422,33.709999084472656,0.4281741757881002,-0.08497417883985797,-0.017773910716076036,-0.01066889038730246,0.00011382522209627483,0.00046740570597330743
2011-09-09,1154.22998046875,38.52000045776367,36.63999938964844,0.4337332050662082,-0.048533200488571515,-0.04880584230980511,-0.027068562510962152,0.0007327070764098656,0.0005888057282802037
2011-09-12,1162.27001953125,38.59000015258789,37.060001373291016,0.434804909454026,-0.04890490792814711,-0.039647545303113235,0.0069415681820229275,4.8185368825673094e-05,0.0005909476634034656
2011-09-13,1172.8699951171875,36.90999984741211,36.060001373291016,0.43633009056477734,-0.06723009209065622,-0.023028948188432197,0.009078726180354301,8.24232690578506e-05,0.000540614320926969
2011-09-14,1188.6800537109375,34.599998474121094,34.959999084472656,0.4333391367398233,-0.08733915199861236,0.01040464237652563,0.013389760518230381,0.00017928568673556113,0.00047506345016237386
2011-09-15,1209.1099853515625,31.96999931335449,33.52000045776367,0.43637152236203547,-0.11667152922849056,0.048482989605874584,0.01704104671810514,0.00029039727324864194,0.0004055876413078915
2011-09-16,1216.010009765625,30.979999542236328,32.95000076293945,0.41265551142692275,-0.10285551600455944,0.0635894528667549,0.00569047556193546,3.238151212098469e-05,0.00038085729033212826
2011-09-19,1204.0899658203125,32.72999954223633,33.810001373291016,0.4137280930319101,-0.08642809760954684,0.03299730663488102,-0.009850948688080358,9.704119005519213e-05,0.00042510034525190083
2011-09-20,1202.0899658203125,32.86000061035156,33.619998931884766,0.3583417882358815,-0.029741782132365835,0.02312837210641403,-0.0016623864527241425,2.763528718200758e-06,0.00042848398417154966
2011-09-21,1166.760009765625,37.31999969482422,36.18999862670898,0.34490820061672883,0.028291796331513352,-0.03027869982196054,-0.02983099508714744,0.0008898882678894148,0.0005526914195324125
2011-09-22,1129.56005859375,41.34999847412109,39.150001525878906,0.33219729342928667,0.08130269131192419,-0.05320428124366315,-0.032402456759229786,0.001049919204033756,0.0006785009419880223
2011-09-23,1136.4300537109375,41.25,39.54999923706055,0.30432582443566636,0.10817417556433362,-0.04121213970762311,0.006063588829469748,3.676710949287031e-05,0.0006752232142857143
2011-09-26,1162.949951171875,39.02000045776367,38.02999877929688,0.31181848831838327,0.07838151625925344,-0.025371647023387275,0.02306802129696945,0.0005321336065574361,0.0006041906490967765
2011-09-27,1175.3800048828125,37.709999084472656,37.209999084472656,0.3066871261287123,0.07041286471601427,-0.013259082793398378,0.010631665357294654,0.00011303230826949927,0.0005643031868852891
2011-09-28,1151.06005859375,41.08000183105469,39.52000045776367,0.31117523002011405,0.09962478829043281,-0.03797471528133484,-0.02090819585269548,0.0004371526538146725,0.0006696692660474033
2011-09-29,1160.4000244140625,38.84000015258789,38.18000030517578,0.3122852810106355,0.07611472051524337,-0.016992786941792376,0.008081486435358656,6.531042300488596e-05,0.0005986292110527886
2011-09-30,1131.4200439453125,42.959999084472656,41.2400016784668,0.29191115045277866,0.1376888403919479,-0.04003718441948316,-0.02529127447886567,0.0006396485647653219,0.0007323656830705919
2011-10-03,1099.22998046875,45.45000076293945,43.380001068115234,0.3005742298678643,0.1539257777615302,-0.04554454697638035,-0.02886360290378494,0.0008331075725873825,0.0008197232418060305
2011-10-04,1123.949951171875,40.81999969482422,40.45000076293945,0.30786451445655477,0.10033548249168739,-0.009064158124716492,0.02223930613115467,0.0004945867371952137,0.0006612191964624799
2011-10-05,1144.030029296875,37.810001373291016,38.310001373291016,0.2959011983347007,0.08219881539820945,0.01322401433058926,0.017707918945510777,0.0003135703933807795,0.0005673000808921699
2011-10-06,1164.969970703125,36.27000045776367,37.040000915527344,0.2982941336387385,0.06440587093889821,0.02122967874401699,0.018138168466480482,0.00032899315531842693,0.000522028941748483
2011-10-07,1155.4599609375,36.20000076293945,37.310001373291016,0.2957281636792662,0.06627184395012836,0.030662999639711336,-0.00819681118762265,6.718771364553583e-05,0.0005200158949352448
2011-10-10,1194.8900146484375,33.02000045776367,34.790000915527344,0.30857397495617067,0.021626029621466036,0.05360388955862382,0.033555643919288364,0.0011259812388380742,0.0004326668373931401
2011-10-11,1195.5400390625,32.86000061035156,34.060001373291016,0.29746847324434195,0.031131532859173694,0.03651858614273515,0.0005438556372526529,2.9577895417148916e-07,0.00042848398417154966
2011-10-12,1207.25,31.26000022888184,32.970001220703125,0.2988331732025794,0.013766829086238996,0.05470252652913853,0.009747046937638061,9.500492400451952e-05,0.00038777286282130663
2011-10-13,1203.6600341796875,30.700000762939453,32.709999084472656,0.2985455028714043,0.008454504757990255,0.06547225640331712,-0.0029781023951361333,8.869093875915573e-06,0.0003740039868430489
2011-10-14,1224.5799560546875,28.239999771118164,30.38999938964844,0.3007258955198103,-0.0183258978086287,0.07613313158483598,0.017230948802478146,0.00029690559663362307,0.00031646729645744205
2011-10-17,1200.8599853515625,33.38999938964844,33.599998474121094,0.2966377109936908,0.0372622829027936,0.006289280871857702,-0.01955993759944958,0.00038259115889436137,0.0004424174838256838
2011-10-18,1225.3800048828125,31.559999465942383,31.979999542236328,0.3007908337538491,0.01480916090557477,0.013307987433497382,0.02021304938031121,0.0004085673652508994,0.000395251415194557
2011-10-19,1209.8800048828125,34.439998626708984,34.38999938964844,0.29267668211439546,0.05172330415269438,-0.001451778137464017,-0.012729818787026607,0.00016204828635053557,0.0004706799624633796
2011-10-20,1215.3900146484375,34.779998779296875,34.20000076293945,0.2910335236895045,0.0567664641034642,-0.016676194270100756,0.004543839821084399,2.0646480319672306e-05,0.0004800191726539253
2011-10-21,1238.25,31.31999969482422,31.96999931335449,0.28301147221460904,0.03018852473363315,0.020753500155291683,0.01863406749243458,0.00034722847131260715,0.00038926284955705917
2011-10-24,1254.18994140625,29.26000022888184,30.46999931335449,0.2843421194193935,0.00825788286942486,0.04135335184578325,0.012790806680371788,0.00016360473553464358,0.000339741116426256
2011-10-25,1229.050048828125,32.220001220703125,32.36000061035156,0.29110300099703096,0.031097011210000303,0.004345108142282756,-0.020248346199382077,0.00040999552381003064,0.00041195574550083764
2011-10-26,1242.0,29.86000061035156,30.940000534057617,0.2901965791894537,0.008403426914061929,0.03616878438145962,0.01048143054408723,0.00010986038625052472,0.0003538173160516649
2011-10-27,1284.5899658203125,25.459999084472656,27.030000686645508,0.3017691853277927,-0.04716919448306611,0.06166542256988343,0.03371659116813434,0.0011368085199991143,0.0002572268068973605
2011-10-28,1285.0899658203125,24.530000686645508,26.520000457763672,0.3015997409595185,-0.056299734093063436,0.08112514127248065,0.00038915352854135727,1.5144046877618895e-07,0.00023877814828842425
2011-10-31,1253.300048828125,29.959999084472656,30.3700008392334,0.30982396428716585,-0.010223973442439305,0.013684972205931524,-0.025048616612977612,0.000627433194223938,0.0003561910893419057
2011-11-01,1218.280029296875,34.77000045776367,34.02000045776367,0.32149487472544486,0.026205129852191866,-0.0215703189567412,-0.02834005962159464,0.000803158979355539,0.0004797432269178119
2011-11-02,1237.9000244140625,32.7400016784668,32.880001068115234,0.3112576283029835,0.016142388481684478,0.004276095982625301,0.015976363304397206,0.0002552441844340896,0.0004253602023436542
2011-11-03,1261.1500244140625,30.5,31.6200008392334,0.2970924776541877,0.007907522345812268,0.03672133899125896,0.018607607200930413,0.00034624304574411735,0.00036914682539682537
2011-11-04,1253.22998046875,30.15999984741211,31.229999542236328,0.2983861497877841,0.0032138486863370064,0.0354774436418318,-0.0062998195371895644,3.9687726201155337e-05,0.0003609625360301185
2011-11-07,1261.1199951171875,29.850000381469727,31.3799991607666,0.29261326941871224,0.005886734395985027,0.051256239857426174,0.006276008211166596,3.938827906663054e-05,0.0003535803661800567
2011-11-08,1275.9200439453125,27.479999542236328,29.520000457763672,0.2928724485961441,-0.01807245317378081,0.07423584241302095,0.011667310321725162,0.0001361261301434345,0.0002996628471592495
2011-11-09,1229.0999755859375,36.15999984741211,35.4900016784668,0.30793764276192764,0.053662355712193466,-0.018528710502559994,-0.037385347098988095,0.0013976641777118176,0.0005188672972082713
2011-11-10,1239.699951171875,32.810001373291016,33.75,0.3080252422217904,0.02007477151111975,0.02864975883463968,0.008587201099481741,7.374002272294043e-05,0.0004271810278235549
2011-11-11,1263.8499755859375,30.040000915527344,31.600000381469727,0.3004540313193656,-5.40221640921712e-05,0.05193073962710954,0.019293223004513554,0.000372228453901891,0.0003580958948432078
2011-11-14,1251.780029296875,31.1299991607666,32.720001220703125,0.2872113387718756,0.024088652835790425,0.05107619989724948,-0.009596036687554769,9.20839201088971e-05,0.00038455430466243233
2011-11-15,1257.81005859375,31.21999931335449,32.52000045776367,0.2821660972534136,0.030033895880131334,0.04164001194750514,0.00480559827730043,2.3093774802792865e-05,0.00038678109409756144
2011-11-16,1236.9100341796875,33.5099983215332,34.38999938964844,0.28501766914795784,0.05008231406737418,0.02626085085625785,-0.016755798341954984,0.0002807567780762614,0.0004456031696464913
2011-11-17,1216.1300048828125,34.5099983215332,35.31999969482422,0.2865319199041483,0.05856806331118375,0.02347149848412479,-0.016942671987706433,0.0002870541340830123,0.00047259523180643827
2011-11-18,1215.6500244140625,32.0,34.20000076293945,0.2851423699404924,0.034857630059507594,0.06875002384185791,-0.0003947564904724282,1.558326867701083e-07,0.00040634920634920635
2011-11-21,1192.97998046875,32.90999984741211,34.779998779296875,0.2744945650916844,0.054605433382436674,0.056821602569281496,-0.01882457110494877,0.00035436447728527215,0.00042978892458597816
2011-11-22,1188.0400390625,31.96999931335449,34.2400016784668,0.2747427584545969,0.04495723467894802,0.07100414181629601,-0.004149438857005794,1.7217842828029548e-05,0.0004055876413078915
2011-11-23,1161.7900390625,33.97999954223633,35.869998931884766,0.2803225013794429,0.059477494042920354,0.055620936289278444,-0.02234297045859626,0.0004992083289137051,0.000458190622575548
2011-11-25,1158.6700439453125,34.470001220703125,36.45000076293945,0.2803085354001999,0.06439147680683133,0.05744123794945255,-0.0026891193002505226,7.23136261097986e-06,0.0004715003905378074
2011-11-28,1192.550048828125,32.130001068115234,33.939998626708984,0.288838769359867,0.032461241321285306,0.05633356671095578,0.028821079038609924,0.0008306545969498004,0.0004096575272369389
2011-11-29,1195.18994140625,30.63999938964844,33.209999084472656,0.28344791444636297,0.022952079450121454,0.08387727630609797,0.0022112069693969918,4.8894362615098286e-06,0.00037254347722129246
2011-11-30,1246.9599609375,27.799999237060547,30.57999992370605,0.303866862318794,-0.025866869948188542,0.10000002744386585,0.04240343833622763,0.001798051582734259,0.00030668252284943136
2011-12-01,1244.5799560546875,27.40999984741211,30.030000686645508,0.3013557968330294,-0.02725579835890829,0.09558558386788038,-0.0019104695778526483,3.649894007900476e-06,0.0002981381316012428
2011-12-02,1244.280029296875,27.520000457763672,29.850000381469727,0.30117795379707973,-0.02597794921944302,0.08466569349379273,-0.00024101537332728125,5.8088410180088756e-08,0.000300535883014013
2011-12-05,1257.0799560546875,27.84000015258789,29.899999618530277,0.2978169423087909,-0.019416940782912007,0.07399423328490526,0.010234463299265799,0.00010474423902401858,0.00030756571765718003
2011-12-06,1258.469970703125,28.1299991607666,30.15999984741211,0.2955443989427424,-0.014244407335076426,0.07216497501630875,0.0011051379065262915,1.2213297924413143e-06,0.00031400668761298795
2011-12-07,1261.010009765625,28.670000076293945,30.6200008392334,0.28919123883014825,-0.002491238067208801,0.06801537348274475,0.0020163207826575202,4.065549498576635e-06,0.00032617813665662487
2011-12-08,1234.3499755859375,30.59000015258789,32.09000015258789,0.29466008086197637,0.011239920663902558,0.04903563231506232,-0.021368498950929855,0.0004566127474158903,0.00037132861481560607
2011-12-09,1255.18994140625,26.3799991607666,29.530000686645508,0.281491849265532,-0.01769185765786596,0.11940870455233811,0.016742412907085384,0.0002803083899513393,0.00027615252211192335
2011-12-12,1236.469970703125,25.670000076293945,30.170000076293945,0.28446934283137515,-0.027769342068435676,0.17530190832199166,-0.01502638690477899,0.00022579230341211354,0.0002614876602844965
2011-12-13,1225.72998046875,25.40999984741211,30.170000076293945,0.27644081710217683,-0.02234081862805576,0.18732783382391952,-0.008723953020305214,7.610735630049246e-05,0.00025621749692281083
2011-12-14,1211.8199462890625,26.040000915527344,30.420000076293945,0.2659086528334334,-0.005508643678159952,0.1682027268345778,-0.01141325149713759,0.00013026230973691347,0.00026908001892089875
2011-12-15,1215.75,25.11000061035156,29.459999084472656,0.26171413796181975,-0.010614131858304177,0.17323768890422955,0.003237852858081692,1.048369113058778e-05,0.00025020322644914904
2011-12-16,1219.6600341796875,24.290000915527344,29.030000686645508,0.2556275510019436,-0.012727541846670187,0.1951420169806633,0.003210989101900451,1.0310451012523467e-05,0.00023412862876044413
2011-12-19,1205.3499755859375,24.920000076293945,28.739999771118164,0.25709058782200006,-0.007890587059060594,0.1532905169794976,-0.011802198458557732,0.0001392918884551825,0.00024643111262003583
2011-12-20,1241.300048828125,23.21999931335449,26.8700008392334,0.2713405043635685,-0.0391405112300236,0.15719214615909524,0.029389295930944068,0.0008637307153166055,0.00021395570163181864
2011-12-21,1243.719970703125,21.43000030517578,25.559999465942383,0.26899661905070693,-0.05469661599894912,0.1927204433949132,0.001947608164854339,3.793177563807286e-06,0.00018224004487295002
2011-12-22,1254.0,21.15999984741211,25.280000686645508,0.24672959475507833,-0.03512959628095724,0.19470703539429746,0.008231577169829831,6.775886270286369e-05,0.00017767682283431765
2011-12-23,1265.3299560546875,20.729999542236328,25.21999931335449,0.24684597720139542,-0.03954598177903215,0.21659430150830503,0.008994480783105519,8.090068455765447e-05,0.0001705289210401263
2011-12-27,1265.4300537109375,21.90999984741211,25.540000915527344,0.2404564343499433,-0.0213564358758222,0.16567782261048214,7.910481903918606e-05,6.257572395222373e-09,0.00019049527512444392
2011-12-28,1249.6400146484375,23.520000457763672,26.75,0.24163771504606563,-0.00643771046842892,0.13732990983723148,-0.012556506256502386,0.00015766584936958354,0.00021952000854492194
2011-12-29,1263.02001953125,22.649999618530277,26.25,0.243248107210793,-0.01674811102549023,0.1589404168697872,0.010650172463280615,0.00011342617349762067,0.0002035803502854848
2011-12-30,1257.5999755859375,23.399999618530277,26.86000061035156,0.23836089484037076,-0.004360898655068002,0.1478632926592586,-0.004300570740064627,1.8494908690300014e-05,0.0002172857072012766
2012-01-03,1277.06005859375,22.96999931335449,26.049999237060547,0.23613112826659313,-0.006431135133048244,0.1340879414791877,0.015355483670177897,0.00023579087874510006,0.00020937336049821654
2012-01-04,1277.300048828125,22.21999931335449,25.309999465942383,0.2360937582213879,-0.013893765087843013,0.13906391755515343,0.00018790634443729306,3.530879427978662e-08,0.00019592395614502934
2012-01-05,1281.06005859375,21.479999542236328,24.700000762939453,0.22798052229814733,-0.013180526875784054,0.14990695015479893,0.002939392669493865,8.64002926547427e-06,0.00018309142076764796
2012-01-06,1277.81005859375,20.6299991607666,24.09000015258789,0.22762779632210803,-0.02132780471444201,0.16771697201042043,-0.0025401850025391333,6.4525398471247365e-06,0.00016888764498937725
2012-01-09,1280.699951171875,21.06999969482422,24.1200008392334,0.2151913671461184,-0.00449137019787621,0.144755633060517,0.0022590443626086362,5.103281432233859e-06,0.00017616860600789392
2012-01-10,1292.0799560546875,20.690000534057617,23.68000030517578,0.2150228046623754,-0.008122799321799212,0.1445142433030078,0.0088465236130604,7.826098003643522e-05,0.00016987147702353354
2012-01-11,1292.47998046875,21.049999237060547,24.11000061035156,0.2014500115572561,0.009049980813349373,0.1453682415296047,0.00030954934463217333,9.582079676220802e-08,0.00017583431265089268
2012-01-12,1295.5,20.46999931335449,24.040000915527344,0.20144783244379366,0.0032521606897512323,0.17440164738275346,0.0023338827385691882,5.447008637391214e-06,0.00016627812376537033
2012-01-13,1289.0899658203125,20.90999984741211,24.670000076293945,0.1634994883109544,0.045600510163166685,0.17981828102916922,-0.004960204447869401,2.4603628164663384e-05,0.0001735032117534819
2012-01-17,1293.6700439453125,22.200000762939453,25.0,0.1633891053497578,0.05861090227963672,0.126126087424954,0.003546657768174128,1.2578781324549886e-05,0.00019557144201369535
2012-01-18,1308.0400390625,20.88999938964844,24.18000030517578,0.16572874590742573,0.04317124798905869,0.15749167121362503,0.011046689130222281,0.0001220293407397711,0.0001731714581347271
2012-01-19,1314.5,19.8700008392334,23.649999618530277,0.1640494766312356,0.03465053176109839,0.1902364680243624,0.004926501717244016,2.4270419170008236e-05,0.00015667338625045078
2012-01-20,1315.3800048828125,18.280000686645508,22.81999969482422,0.16406319996366175,0.018736806902793335,0.24835879855821977,0.0006692357932856269,4.478765470146423e-07,0.00013260254964434932
2012-01-23,1316.0,18.670000076293945,22.31999969482422,0.164079956660127,0.02262004410281246,0.19550078219682632,0.0004712319220408503,2.2205952435031402e-07,0.0001383209931939746
2012-01-24,1314.6500244140625,18.90999984741211,22.030000686645508,0.14946810297494476,0.03963189549917634,0.16499211340080364,-0.0010263438252235968,1.053381647574605e-06,0.00014190003739251032
2012-01-25,1326.06005859375,18.309999465942383,21.36000061035156,0.14432819181899795,0.03877180284042589,0.1665757090863027,0.008641694717196025,7.467888758521368e-05,0.00013303812715984538
2012-01-26,1318.4300537109375,18.56999969482422,21.68000030517578,0.13725377442113001,0.04844622252711217,0.16747445672917127,-0.005770508287989055,3.329876590175037e-05,0.00013684320978800459
2012-01-27,1316.3299560546875,18.530000686645508,21.399999618530277,0.13386380654853478,0.051436200317920316,0.15488390855555473,-0.0015941475452909452,2.5413063961571463e-06,0.00013625433549487422
2012-01-30,1313.010009765625,19.399999618530277,21.920000076293945,0.12826904100624303,0.06573095517905975,0.129896933366774,-0.0025253090863453726,6.3771859815785e-06,0.00014934920047578372
2012-01-31,1312.4100341796875,19.440000534057617,22.09000015258789,0.12857438867764542,0.06582561666293074,0.13631684906014516,-0.0004570511280779364,2.0889573367731426e-07,0.00014996572252546047
2012-02-01,1324.0899658203125,18.549999237060547,21.540000915527344,0.1298627503893273,0.055637241981278174,0.16118608094027048,0.008860237474265962,7.850380810038686e-05,0.00013654859987894717
2012-02-02,1325.5400390625,17.979999542236328,21.01000022888184,0.12248421903273062,0.05731577638963266,0.16852062090034092,0.0010945478306671234,1.1980349536181058e-06,0.00012828586648365814
2012-02-03,1344.9000244140625,17.100000381469727,20.049999237060547,0.10039645125661753,0.07060355255807974,0.1725145491100434,0.014499725948107648,0.00021024205257022622,0.00011603571946280348
2012-02-06,1344.3299560546875,17.760000228881836,20.38999938964844,0.1007797069187823,0.07682029537003607,0.148085536423002,-0.0004239640135311185,1.797454847694144e-07,0.0001251657175118583
2012-02-07,1347.050048828125,17.649999618530273,20.13999938964844,0.09935763075792307,0.07714236542737966,0.14107647733340356,0.0020213375254701533,4.085805391873802e-06,0.00012362003433893603
2012-02-08,1349.9599609375,18.15999984741211,20.68000030517578,0.09736196629152212,0.08423803218259897,0.13876654619701356,0.0021578809333250354,4.656450122407726e-06,0.00013086729938809836
2012-02-09,1351.949951171875,18.6299991607666,21.34000015258789,0.09718698555021718,0.08911300605744885,0.14546436467524648,0.0014730251258786603,2.169803021469843e-06,0.00013772891616276362
2012-02-10,1342.6400146484375,20.790000915527344,23.280000686645508,0.09090990967844768,0.11699009947682575,0.1197691034856313,-0.006910122643616179,4.7749794949817046e-05,0.0001715175151062015
2012-02-13,1351.77001953125,19.040000915527344,22.1200008392334,0.088514365901649,0.10188564325362444,0.16176469409695662,0.006777023326497382,4.592804516788964e-05,0.00014385779161241353
2012-02-14,1350.5,19.540000915527344,22.81999969482422,0.0868693103471164,0.10853069880815705,0.167860728025373,-0.0009399650039259267,8.835342086054674e-07,0.00015151255388047994
2012-02-15,1343.22998046875,21.13999938964844,24.1200008392334,0.08051463442822282,0.1308853594682616,0.14096506791027466,-0.005397747536216691,2.913567846473336e-05,0.00017734110087076844
2012-02-16,1358.0400390625,19.21999931335449,23.170000076293945,0.08472362678667586,0.10747636634686902,0.20551513548675868,0.010965365833276902,0.00012023924785759644,0.00014659062444656628
2012-02-17,1361.22998046875,17.780000686645508,22.38999938964844,0.08468653248117805,0.09311347438527703,0.2592800070286547,0.0023461758829402962,5.504541273690679e-06,0.00012544778746710904
2012-02-21,1362.2099609375,18.190000534057617,22.350000381469727,0.08368111881078273,0.09821888652979345,0.22869707120806468,0.0007196637576957368,5.179159241407482e-07,0.00013130004739246684
2012-02-22,1357.6600341796875,18.190000534057617,22.09000015258789,0.08517057612429227,0.09672942921628391,0.2144034911504374,-0.0033456974121455286,1.1193691173637287e-05,0.00013130004739246684
2012-02-23,1363.4599609375,16.799999237060547,20.780000686645508,0.08295026598775784,0.08504972638284763,0.23690485894815622,0.00426290318060624,1.81723435272228e-05,0.0001119999898274742
2012-02-24,1365.739990234375,17.309999465942383,21.18000030517578,0.08283254698381763,0.0902674476756062,0.2235702460215362,0.001670841175508428,2.7917102337743855e-06,0.00011890320694878
2012-02-27,1367.5899658203125,18.190000534057617,21.8700008392334,0.08283025226465993,0.09906975307591626,0.20230897180490015,0.0013536425518792066,1.8323481582580505e-06,0.00013130004739246684
2012-02-28,1372.1800537109375,17.959999084472656,21.600000381469727,0.08039826709358946,0.09920172375113709,0.2026726883379431,0.0033507134923147753,1.1227280907580277e-05,0.00012800062187073754
2012-02-29,1365.6800537109375,18.43000030517578,21.799999237060547,0.08264818398005723,0.10165181907170058,0.18285398133923814,-0.004748242756953383,2.2545809278960267e-05,0.00013478766319396007
2012-03-01,1374.0899658203125,17.260000228881836,21.030000686645508,0.07902444250265035,0.09357555978616801,0.21842412559503807,0.006139156544532941,3.768924307828164e-05,0.00011821730472261946
2012-03-02,1369.6300048828125,17.290000915527344,21.26000022888184,0.07962288333339809,0.09327712582187533,0.22961244089867136,-0.0032510350278581205,1.0569228752360451e-05,0.00011862862367418108
2012-03-05,1364.3299560546875,18.049999237060547,21.989999771118164,0.08104789291935073,0.09945209945125473,0.21828258729052716,-0.0038772005028211405,1.5032683739076505e-05,0.00012928669541979615
2012-03-06,1343.3599853515625,20.8700008392334,23.899999618530277,0.09442321597132568,0.11427679242100831,0.1451844109944069,-0.015489506127544145,0.00023992480007522764,0.0001728400535831757
2012-03-07,1352.6300048828125,19.06999969482422,22.71999931335449,0.0959439337709228,0.09475606317731938,0.19140008793607452,0.006876921722994126,4.729205238418849e-05,0.00014431146363515706
2012-03-08,1365.9100341796875,17.950000762939453,21.84000015258789,0.09678212807211489,0.08271787955727963,0.21671304870805028,0.009770049174722241,9.545386087649075e-05,0.00012785814578949482
2012-03-09,1370.8699951171875,17.110000610351562,21.21999931335449,0.09489400725546468,0.07620599884805093,0.24021031890065359,0.0036246730207315234,1.3138254507218987e-05,0.00011617147654215507
2012-03-12,1371.0899658203125,15.640000343322754,20.809999465942383,0.09456466460223575,0.06183533883099179,0.33056259649168596,0.00016044778678812074,2.5743492285206253e-08,9.706730584886344e-05
2012-03-13,1395.949951171875,14.800000190734863,19.600000381469727,0.10529619271220657,0.042703809195142065,0.32432433303208824,0.017969133090434228,0.00032288974402173835,8.69206371610127e-05
2012-03-14,1394.280029296875,15.3100004196167,20.75,0.10547047194028165,0.04762953225588533,0.35532328094602994,-0.0011969780885961415,1.4327565445792725e-06,9.301433049550138e-05
2012-03-15,1402.5999755859375,15.420000076293944,20.540000915527344,0.10415860517658813,0.0500413955863513,0.3320363692542825,0.0059494657015602215,3.539614213404146e-05,9.435571521940684e-05
2012-03-16,1404.1700439453125,14.470000267028809,20.3700008392334,0.10415696044290419,0.040543042227383905,0.4077401840584806,0.0011187724767004654,1.2516518546224935e-06,8.308766179675153e-05
2012-03-19,1409.75,15.039999961853027,19.940000534057617,0.09735468658675453,0.05304531303177573,0.32579791121228685,0.003965971514071157,1.5728930050423864e-05,8.976253922719802e-05
2012-03-20,1405.52001953125,15.579999923706056,19.959999084472656,0.09809856015048866,0.057701439086571896,0.2811296009123932,-0.003005028734390367,9.03019769451177e-06,9.632396731058758e-05
2012-03-21,1402.8900146484375,15.130000114440918,19.25,0.09856130889015458,0.05273869225425459,0.27230666585565483,-0.0018729499037742287,3.5079413420478927e-06,9.084004105673895e-05
2012-03-22,1392.780029296875,15.56999969482422,19.549999237060547,0.10160634923567342,0.05409364771256879,0.25561975724118724,-0.007232634226897842,5.231099786009414e-05,9.620035337175649e-05
2012-03-23,1397.1099853515625,14.81999969482422,18.63999938964844,0.1017764460017167,0.046423550946525505,0.2577597687912455,0.0031040360075561585,9.635039536205176e-06,8.715571069626588e-05
2012-03-26,1416.510009765625,14.260000228881836,17.43000030517578,0.105251595448092,0.037348406840726364,0.22230014203460594,0.013790299964088289,0.00019017237309953345,8.069349465385318e-05
2012-03-27,1412.52001953125,15.59000015258789,18.56999969482422,0.10497164550909135,0.05092835601678755,0.1911481406715482,-0.002820749754246321,7.956629176080681e-06,9.644766061813113e-05
2012-03-28,1405.5400390625,15.470000267028809,18.790000915527344,0.10640565006729331,0.048294352602994764,0.21460895870664257,-0.004953758683289016,2.4539725092261322e-05,9.49686143896315e-05
2012-03-29,1403.280029296875,15.479999542236328,18.84000015258789,0.10487924700250267,0.049920748419860606,0.21705430941286435,-0.0016092239433873861,2.589601699971249e-06,9.509142294747496e-05
2012-03-30,1408.469970703125,15.5,18.61000061035156,0.1012037864573581,0.0537962135426419,0.2006452006678425,0.003691613621621361,1.362801113134038e-05,9.533730158730159e-05
2012-04-02,1419.0400390625,15.640000343322754,18.459999084472656,0.1027819676011529,0.053618035832074654,0.18030682092368722,0.007476626120982405,5.5899938152956404e-05,9.706730584886344e-05
2012-04-03,1413.3800048828125,15.65999984741211,18.809999465942383,0.1039501104052102,0.0526498880689109,0.20114940288781843,-0.003996611820141247,1.5972906040892732e-05,9.731571238926479e-05
2012-04-04,1398.9599609375,16.440000534057617,19.450000762939453,0.10842491199934104,0.05597509334123513,0.18309003230542636,-0.010254926852538038,0.0001051635247509057,0.00010725143553960901
2012-04-05,1398.0799560546875,16.700000762939453,19.81999969482422,0.10807166755223863,0.058928340077155916,0.18682627481123532,-0.0006292401524213991,3.959431694193055e-07,0.00011067064503261046
2012-04-09,1382.199951171875,18.809999465942383,21.209999084472656,0.1137089386548475,0.07439105600457634,0.1275916898815304,-0.011423437999542612,0.0001304949357293941,0.00014040320631299714
2012-04-10,1358.5899658203125,20.38999938964844,22.6200008392334,0.12458802247649524,0.07931197141998918,0.1093674112965928,-0.017229025277185804,0.00029683931200190735,0.0001649809821864539
2012-04-11,1368.7099609375,20.020000457763672,22.46999931335449,0.12615059286965724,0.07404941170797949,0.1223775624161246,0.007421289800123757,5.507554229742092e-05,0.00015904778505113401
2012-04-12,1387.5699462890625,17.200000762939453,20.25,0.13143112090258985,0.04056888672680467,0.17732552917278516,0.013685315235975748,0.00018728785310802992,0.00011739683581155466
2012-04-13,1370.260009765625,19.549999237060547,21.989999771118164,0.13559873298577438,0.059901259384831096,0.12480821633139282,-0.012553467125056119,0.00015758953685986472,0.0001516676468924873
2012-04-16,1369.5699462890625,19.549999237060547,22.040000915527344,0.1352761412018387,0.06022385116876677,0.12736581972579059,-0.0005037272401734527,2.537411324927633e-07,0.0001516676468924873
2012-04-17,1390.780029296875,18.459999084472656,20.850000381469727,0.14182556280906428,0.04277442803566228,0.12946919910778235,0.015367979157954645,0.00023617478339932834,0.00013522681198362352
2012-04-18,1385.1400146484375,18.63999938964844,21.1200008392334,0.13419463589950514,0.05220535799697926,0.13304729242438731,-0.004063533761746023,1.6512306632849788e-05,0.0001378768163674977
2012-04-19,1376.9200439453125,18.36000061035156,21.229999542236328,0.13448065916293928,0.04911934694057632,0.15631801941589446,-0.005952075477202332,3.5427202486313366e-05,0.00013376572317940857
2012-04-20,1378.530029296875,17.440000534057617,20.479999542236328,0.1316613470708847,0.042738658269691476,0.1743118643971406,0.0011685826213373295,1.3655853428916244e-06,0.00012069588040790872
2012-04-23,1366.93994140625,18.96999931335449,21.38999938964844,0.13364919629753896,0.05605079683600592,0.12756985576643232,-0.008443113102887432,7.128615886814944e-05,0.00014280193410661497
2012-04-24,1371.969970703125,18.100000381469727,20.51000022888184,0.1340946864620021,0.04690531735269518,0.13314916003423974,0.003673019641628904,1.3491073287791724e-05,0.0001300039737338112
2012-04-25,1390.68994140625,16.81999969482422,19.459999084472656,0.12948965095671297,0.03871034599152923,0.15695597131674188,0.0135523428987414,0.00018366599804506644,0.00011226682132297098
2012-04-26,1399.97998046875,16.239999771118164,18.549999237060547,0.1309183883003615,0.03148160941082012,0.14224134842973177,0.006657952133507798,4.4328326612081036e-05,0.00010465777482774524
2012-04-27,1403.3599853515625,16.31999969482422,18.739999771118164,0.129951182780804,0.03324881416743819,0.14828432117320642,0.002411413929023093,5.814917137086591e-06,0.00010569142461867564
2012-04-30,1397.9100341796875,17.149999618530273,19.31999969482422,0.13039286915279674,0.04110712703250599,0.12653061950796188,-0.0038910622753696145,1.5140365630804561e-05,0.000116715272585551
2012-05-01,1405.8199462890625,16.600000381469727,19.1299991607666,0.1309419716031484,0.03505803221154885,0.15240956151549645,0.005642435719684134,3.1837080850767406e-05,0.00010934921137491867
2012-05-02,1402.31005859375,16.8799991607666,19.01000022888184,0.13085249578091862,0.03794749582674739,0.12618490367380472,-0.0024998055766587628,6.249027921094249e-06,0.00011306919510614332
2012-05-03,1391.5699462890625,17.559999465942383,19.5,0.13261993130713332,0.042980063352290515,0.11047839368220073,-0.0076883511035068415,5.9110742690794865e-05,0.0001223625322396416
2012-05-04,1369.0999755859375,19.15999984741211,20.71999931335449,0.1391766018455076,0.052423396628613506,0.08141959699196366,-0.016278995721590046,0.000265005701703547,0.00014567682307652067
2012-05-07,1369.5799560546875,18.940000534057617,20.450000762939453,0.13877290465099018,0.05062710068958598,0.07972545862216723,0.000350519582897646,1.2286397799473972e-07,0.0001423506429484535
2012-05-08,1363.719970703125,19.049999237060547,20.809999465942383,0.1321440845569934,0.05835590781361208,0.09238846715845893,-0.004287853134969311,1.838568450706615e-05,0.00014400891703651088
2012-05-09,1354.5799560546875,20.07999992370605,21.530000686645508,0.133024737346075,0.06777526189098551,0.07221119364784531,-0.006724827531781949,4.522330533221251e-05,0.00016000253846668058
2012-05-10,1357.989990234375,18.82999992370605,20.8700008392334,0.13305005813749626,0.05524994109956424,0.1083378079550115,0.0025142474063852525,6.321440020514969e-06,0.00014070194330427374
2012-05-11,1353.3900146484375,19.88999938964844,21.549999237060547,0.13320424997885025,0.06569574391763416,0.08345901952495971,-0.0033930913342817433,1.1513068802777862e-05,0.0001569889189365934
2012-05-14,1338.3499755859375,21.8700008392334,22.96999931335449,0.13540437955688428,0.08329562883544969,0.05029713909053732,-0.011175073102338487,0.00012488225884260915,0.00018980037170955138
2012-05-15,1330.6600341796875,21.96999931335449,23.920000076293945,0.13302148109299808,0.0866785120405468,0.08875743395012974,-0.005762408276502476,3.320534914510424e-05,0.00019154002770983996
2012-05-16,1324.800048828125,22.270000457763672,24.920000076293945,0.1330774290811901,0.08962257549644662,0.11899414297526167,-0.0044135439289479245,1.947937001275308e-05,0.0001968067144399977
2012-05-17,1304.8599853515625,24.489999771118164,26.40999984741211,0.13639385873584492,0.10850613897533673,0.07839935052013608,-0.015165797405604461,0.000230001410947839,0.0002380000352338761
2012-05-18,1295.219970703125,25.100000381469727,27.65999984741211,0.13707869002540451,0.11392131378929277,0.1019920090452398,-0.007415201826754865,5.498521813150868e-05,0.0002500039758530875
2012-05-21,1315.989990234375,22.01000022888184,24.709999084472656,0.14439343599932072,0.07570656628949768,0.12267145967803486,0.01590868439583931,0.00025308623920642113,0.00019223813891880106
2012-05-22,1316.6300048828125,22.479999542236328,25.229999542236328,0.13669289719859515,0.08810709822376814,0.12233096334513661,0.00048621879514186843,2.364087167492102e-07,0.0002005358648487879
2012-05-23,1318.8599853515625,22.32999992370605,25.11000061035156,0.13460170616148612,0.08869829307557439,0.12449622463698237,0.001692270514548765,2.8637794944111417e-06,0.00019786860975901278
2012-05-24,1320.6800537109375,21.540000915527344,24.780000686645508,0.1272726017469195,0.08812740740835392,0.15041781027885542,0.0013790801585880884,1.901862083811347e-06,0.00018411572993687252
2012-05-25,1317.8199462890625,21.76000022888184,24.93000030517578,0.12302752389327155,0.09457247839554685,0.14568014903264712,-0.002167980702760717,4.700140327542853e-06,0.0001878958769686261
2012-05-29,1332.4200439453125,21.030000686645508,23.88999938964844,0.12810337610810035,0.08219663075835473,0.1359961297965669,0.01101805527882847,0.0001213975421273199,0.00017550036860329782
2012-05-30,1313.3199462890625,24.13999938964844,26.190000534057617,0.12424804541845161,0.11715194847803281,0.08492134201495649,-0.014438629304797283,0.00020847401620135086,0.00023124586132231237
2012-05-31,1310.3299560546875,24.059999465942383,26.21999931335449,0.12408684927132842,0.11651314538809542,0.08977555674802268,-0.0022792610600432576,5.195030979829514e-06,0.00022971570408775706
2012-06-01,1278.0400390625,26.65999984741211,28.46999931335449,0.14065536002289047,0.1259446384512306,0.06789195334965752,-0.024951295414361523,0.0006225671428547383,0.000282045869787307
2012-06-04,1278.1800537109375,26.1200008392334,28.1200008392334,0.14044971919036328,0.1207502892019707,0.07656967594717345,0.00010954819498779878,1.200080702508478e-08,0.00027073589041331483
2012-06-05,1285.5,24.68000030517578,26.8700008392334,0.14125057935965032,0.10554942369210749,0.08873583901854085,0.005710514594359025,3.260997693238742e-05,0.00024170730756487168
2012-06-06,1315.1300048828125,22.15999984741211,24.709999084472656,0.1578646627953265,0.06373533567879461,0.11507216852974578,0.022787776048048256,0.0005192827372160018,0.00019486729890369237
2012-06-07,1314.989990234375,21.71999931335449,24.46999931335449,0.15144805822716015,0.06575193490638473,0.12661142205051404,-0.00010647016016737382,1.1335895006066234e-08,0.00018720570244925373
2012-06-08,1325.6600341796875,21.229999542236328,23.63999938964844,0.15219855683620098,0.06010143858616229,0.11351860100691495,0.008081420799989608,6.530936214650467e-05,0.0001788543176838709
2012-06-11,1308.9300537109375,23.559999465942383,25.5,0.15482841643593354,0.08077157822349029,0.08234297869412191,-0.012700423815401067,0.0001613007650908066,0.00022026729160127198
2012-06-12,1324.1800537109375,22.09000015258789,24.940000534057617,0.15987904442910947,0.06102095709676944,0.12901767142522372,0.011583389901239803,0.00013417492160414424,0.00019363813759576707
2012-06-13,1314.8800048828125,24.270000457763672,26.5,0.15896953090820234,0.08373047366943437,0.09188296251238755,-0.007048030071104175,4.967472788318872e-05,0.0002337432231031146
2012-06-14,1329.0999755859375,21.68000030517578,25.0,0.16335578365533213,0.053444219396425685,0.15313651513333318,0.010756592649869777,0.0001157042854352325,0.0001865168306477865
2012-06-15,1342.8399658203125,21.11000061035156,23.670000076293945,0.16599797961113735,0.04510202649237824,0.12126951169707963,0.010284745652146795,0.00010577599312935239,0.00017683814514644571
2012-06-18,1344.780029296875,18.31999969482422,22.1299991607666,0.1598299952324699,0.023370001715772276,0.20796940662716207,0.0014437039589353582,2.0842811210456264e-06,0.00013318348762633313
2012-06-19,1357.97998046875,18.3799991607666,21.920000076293945,0.16262145301093028,0.02117853859673574,0.19260071148880814,0.009767834417612748,9.541058920990017e-05,0.0001340572893451512
2012-06-20,1355.68994140625,17.239999771118164,20.84000015258789,0.16223926398938232,0.01016073372179932,0.2088167302357357,-0.001687780512771723,2.8486030592919798e-06,0.00011794348893180728
2012-06-21,1325.510009765625,20.07999992370605,23.15999984741211,0.17380071613581893,0.026999283101241583,0.1533864509665596,-0.022513208183375856,0.0005068445427080216,0.00016000253846668058
2012-06-22,1335.02001953125,18.11000061035156,21.51000022888184,0.17506540137374993,0.0060346047297656635,0.18774155184660032,0.00714898923450435,5.110804707505909e-05,0.00013014766750275153
2012-06-25,1313.719970703125,20.3799991607666,23.030000686645508,0.18062009521167013,0.02317989639599588,0.13002952085397562,-0.016083502390603004,0.00025867904914853257,0.00016481919277493945
2012-06-26,1319.989990234375,19.71999931335449,22.46999931335449,0.17870793348900013,0.018492059644544756,0.13945233751289662,0.004761368161020215,2.2670626764777023e-05,0.00015431681465027835
2012-06-27,1331.8499755859375,19.450000762939453,22.36000061035156,0.17999519793978233,0.014504809689612208,0.1496143821730278,0.00894478141961743,8.00091146447332e-05,0.00015012005145966087
2012-06-28,1329.0400390625,19.709999084472656,22.25,0.1796247139029173,0.01747527694180928,0.12886864705784443,-0.0021120283457667526,4.460663733322246e-06,0.00015416034282139402
2012-06-29,1362.1600341796875,17.079999923706055,20.31999969482422,0.18708112449941558,-0.016281125262355034,0.18969553779805534,0.024614793734920246,0.000605888070612669,0.00011576444341023763
2012-07-02,1365.510009765625,16.799999237060547,19.790000915527344,0.18520254264313646,-0.01720255027253098,0.1779762984673772,0.002456292158706836,6.033371168924688e-06,0.0001119999898274742
2012-07-03,1374.02001953125,16.65999984741211,19.31999969482422,0.18084736098630677,-0.014247362512185668,0.1596638578496327,0.0062127715684242545,3.859853056142077e-05,0.00011014110909356013
2012-07-05,1367.5799560546875,17.5,20.11000061035156,0.18170668700552928,-0.006706687005529288,0.1491428920200891,-0.004698041566321199,2.2071594558881745e-05,0.00012152777777777776
2012-07-06,1354.6800537109375,17.100000381469727,20.040000915527344,0.18434340220748996,-0.013343398392792694,0.17192985195740254,-0.009477418655581979,8.982146437317333e-05,0.00011603571946280348
2012-07-09,1352.4599609375,17.979999542236328,20.3700008392334,0.18448189872345855,-0.004681903301095275,0.13292554826727238,-0.00164017617051813,2.6901778703355174e-06,0.00012828586648365814
2012-07-10,1341.469970703125,18.71999931335449,20.8700008392334,0.18612721745176083,0.001072775681784044,0.11485051307374461,-0.00815912178959069,6.657126837737358e-05,0.00013906284694126687
2012-07-11,1341.449951171875,17.950000762939453,20.25,0.18348533632849795,-0.003985328699103424,0.12813365678564484,-1.4923688990578574e-05,2.2271649308751612e-10,0.00012785814578949482
2012-07-12,1334.760009765625,18.32999992370605,20.690000534057617,0.17891273205854794,0.004387267178512566,0.1287507157760211,-0.004999574352459078,2.499574370576661e-05,0.00013332892746153327
2012-07-13,1356.780029296875,16.739999771118164,19.38999938964844,0.18443331632225363,-0.01703331861107199,0.15830344413160455,0.016362759247573275,0.00026773989019404475,0.00011120142553056991
2012-07-16,1353.6400146484375,17.110000610351562,19.61000061035156,0.16747310435565005,0.003626901747865563,0.14611337877378536,-0.0023169958916205513,5.368469961786513e-06,0.00011617147654215507
2012-07-17,1363.6700439453125,16.479999542236328,18.920000076293945,0.1681168133336158,-0.0033168179112525176,0.1480582889461968,0.00738235580991176,5.449917730413792e-05,0.00010777396226671016
2012-07-18,1372.780029296875,16.15999984741211,18.940000534057617,0.1683131661600964,-0.0067131676859752965,0.17202974708509677,0.006658275330085007,4.433263037121861e-05,0.00010362920439220612
2012-07-19,1376.510009765625,15.449999809265137,18.61000061035156,0.156614548872482,-0.0021145507798306373,0.20453079871181723,0.002713415248511383,7.3626223108540916e-06,9.472321194694156e-05
2012-07-20,1362.6600341796875,16.270000457763672,19.63999938964844,0.16016268354053453,0.0025373210371021915,0.20712961506259103,-0.010112620534169033,0.00010226509406809718,0.00010504480749826592
2012-07-23,1350.52001953125,18.6200008392334,21.18000030517578,0.16139326000608253,0.024806748386251437,0.13748653869812502,-0.008948979003707246,8.008422520879313e-05,0.00013758112351311603
2012-07-24,1338.31005859375,20.46999931335449,22.26000022888184,0.1591230758288717,0.0455769173046732,0.08744508918276155,-0.00908205019242412,8.248363569771099e-05,0.00016627812376537033
2012-07-25,1337.8900146484375,19.34000015258789,21.8799991607666,0.15577890532275848,0.03762109620312043,0.13133397043116532,-0.0003139107221179555,9.853994146061626e-08,0.00014842682773892843
2012-07-26,1360.02001953125,17.530000686645508,20.239999771118164,0.1608568081232963,0.014443198743158775,0.1545920694992987,0.01640566286495112,0.00026914577403843614,0.00012194481114039365
2012-07-27,1385.969970703125,16.700000762939453,19.65999984741211,0.16671927542123632,0.00028073220815821864,0.17724544606258158,0.018900814490450273,0.000357240788402415,0.00011067064503261046
2012-07-30,1385.300048828125,18.030000686645508,20.1299991607666,0.16463891209933215,0.015661094767122935,0.11647245669139238,-0.00048347644461061725,2.3374947249332324e-07,0.00012900036696842756
2012-07-31,1379.3199462890625,18.93000030517578,20.780000686645508,0.16536294575464094,0.02393705729711687,0.09772849189885673,-0.004326172766220222,1.871577080318553e-05,0.00014220036172775998
2012-08-01,1375.3199462890625,18.959999084472656,20.670000076293945,0.16348934807671509,0.026110642768011477,0.0901899300839998,-0.0029041929017454256,8.434336410548516e-06,0.00014265141479492222
2012-08-02,1365.0,17.56999969482422,20.229999542236328,0.16501528900296877,0.010684707945273403,0.15139441625577796,-0.007531963624136046,5.67304760353086e-05,0.00012250194018893776
2012-08-03,1390.989990234375,15.640000343322754,18.68000030517578,0.1589250917317386,-0.002525088298511058,0.19437339482865845,0.018861288185302486,0.00035574819200903115,9.706730584886344e-05
2012-08-06,1394.22998046875,15.949999809265137,18.739999771118164,0.15807618534620116,0.0014238127464502037,0.17492162979414924,0.002326560724057678,5.412884802727787e-06,0.00010095337060141186
2012-08-07,1401.3499755859375,15.989999771118164,18.809999465942383,0.1493432939590226,0.01055670375215903,0.17636020857972903,0.005093762742592908,2.5946418877827625e-05,0.00010146035423823767
2012-08-08,1402.219970703125,15.31999969482422,18.57999992370605,0.14919683885868731,0.004003158089554898,0.21279375286040014,0.000620633807453193,3.85186322953847e-07,9.313586930532311e-05
2012-08-09,1402.800048828125,15.279999732971191,18.229999542236328,0.14779553409397458,0.005004463235737333,0.1930628181163921,0.00041359999517301903,1.7106495600712138e-07,9.265015549190463e-05
2012-08-10,1405.8699951171875,14.739999771118164,18.13999938964844,0.14734891698735245,5.1080723829199925e-05,0.2306648352323791,0.0021860506671047943,4.778817519149316e-06,8.621729890974744e-05
2012-08-13,1404.1099853515625,13.699999809265137,18.06999969482422,0.1308003440535905,0.0061996540390608645,0.31897809827732304,-0.0012526850781939547,1.5692199051297943e-06,7.448015665629555e-05
2012-08-14,1403.9300537109375,14.850000381469728,18.51000022888184,0.13076667378784218,0.017733330026855093,0.24646462985813575,-0.00012815461201997174,1.6423604581989484e-08,8.750893306732186e-05
2012-08-15,1405.530029296875,14.630000114440918,18.86000061035156,0.12980712427492733,0.016492876869481865,0.28913195234600925,0.0011389916294490677,1.2973019319550425e-06,8.4935279106564e-05
2012-08-16,1415.510009765625,14.289999961853027,18.549999237060547,0.12999352524954966,0.012906474368980625,0.29811051690549567,0.007075420387505465,5.0061573659927985e-05,8.103337258323791e-05
2012-08-17,1418.1600341796875,13.449999809265137,18.350000381469727,0.12603351327534817,0.008466484817303194,0.3643123153674089,0.0018703837394767023,3.4983353328988526e-06,7.17867043131874e-05
2012-08-20,1418.1300048828125,14.020000457763672,18.59000015258789,0.12576709870360614,0.014432905874030566,0.3259628777182778,-2.1175053652821643e-05,4.483828971998752e-10,7.800016382368792e-05
2012-08-21,1413.1700439453125,15.020000457763672,18.799999237060547,0.12333451314290167,0.026865491434735045,0.2516643584616561,-0.003503666814444632,1.2275681146640595e-05,8.952397371080195e-05
2012-08-22,1413.489990234375,15.109999656677246,19.420000076293945,0.1233067311569365,0.027793265409835954,0.2852415961314778,0.00022637762345679676,5.1246828401947256e-08,9.060003556539145e-05
2012-08-23,1402.0799560546875,15.960000038146973,20.09000015258789,0.12509792878839568,0.03450207159307406,0.25877193637653834,-0.008104999597722566,6.569101847908295e-05,0.000101080000483195
2012-08-24,1411.1300048828125,15.18000030517578,19.239999771118164,0.11805553745078773,0.03374446560097005,0.26745713994209114,0.006433988343262266,4.1396206001234715e-05,9.144143224807012e-05
2012-08-27,1410.43994140625,16.350000381469727,19.920000076293945,0.11768594283805792,0.04581406097663934,0.21834860009362925,-0.0004891344205224454,2.392524813398285e-07,0.00010608036209288103
2012-08-28,1409.300048828125,16.489999771118164,19.81999969482422,0.11643750211797826,0.04846249559320337,0.2019405682187133,-0.0008085090427962799,6.536868722833567e-07,0.00010790479859185598
2012-08-29,1410.489990234375,17.059999465942383,20.459999084472656,0.11523765111006005,0.05536234354936377,0.1992965841129034,0.0008439929642994782,7.123241237870202e-07,0.00011549348483252158
2012-08-30,1399.47998046875,17.829999923706055,20.920000076293945,0.11782507554160662,0.06047492369545393,0.17330343049971358,-0.007836429729673381,6.140963090810883e-05,0.0001261543243172055
2012-08-31,1406.5799560546875,17.469999313354492,20.6200008392334,0.11403716280032623,0.06066283033321869,0.18030919574627394,0.005060469767645165,2.560835426925071e-05,0.00012111145873357398
2012-09-04,1404.93994140625,17.979999542236328,20.68000030517578,0.1102716506179969,0.06952834480436637,0.15016689831370433,-0.0011666393226880797,1.3610473092421015e-06,0.00012828586648365814
2012-09-05,1403.43994140625,17.739999771118164,19.989999771118164,0.106070711065572,0.07132928664560964,0.12683201967472071,-0.0010682316532888013,1.1411188650881258e-06,0.00012488396503145734
2012-09-06,1432.1199951171875,15.600000381469728,18.6200008392334,0.11882120179276694,0.03717880202193034,0.19358976819968166,0.020229536612006892,0.0004092341515365273,9.657143329438717e-05
2012-09-07,1437.9200439453125,14.380000114440918,17.59000015258789,0.11119742308884452,0.03260257805556467,0.22322670463148148,0.0040417949889430295,1.6336106732644984e-05,8.205730289338129e-05
2012-09-10,1429.0799560546875,16.280000686645508,18.299999237060547,0.10108343903310253,0.06171656783335254,0.12407852980448857,-0.006166805654652836,3.8029491982258194e-05,0.00010517397712586437
2012-09-11,1433.56005859375,16.40999984741211,18.290000915527344,0.10115859838691164,0.06294140008720946,0.11456435622159462,0.003130052101452872,9.79722615780954e-06,0.00010686035515558154
2012-09-12,1436.56005859375,15.800000190734863,17.600000381469727,0.09984580065643389,0.05815420125091475,0.11392406132946664,0.002090505602596938,4.3702136744891865e-06,9.906349445524672e-05
2012-09-13,1459.989990234375,14.050000190734863,16.450000762939453,0.10777430352569006,0.03272569838165856,0.17081854374544755,0.01617817215384428,0.0002617332542394224,7.833432752367051e-05
2012-09-14,1465.77001953125,14.510000228881836,16.899999618530273,0.10403061012867924,0.04106939216013912,0.1647139456890701,0.003951135292808127,1.5611470102073964e-05,8.354766136593292e-05
2012-09-17,1461.18994140625,14.59000015258789,17.1299991607666,0.09264696972068928,0.053253031805189616,0.17409177392833547,-0.0031295828602655195,9.79428887926771e-06,8.447147002083914e-05
2012-09-18,1459.3199462890625,14.18000030517578,16.6299991607666,0.09300425694896343,0.04879574610279437,0.1727784769296908,-0.001280595132117327,1.6399238924025944e-06,7.979063835507349e-05
2012-09-19,1461.050048828125,13.880000114440918,16.489999771118164,0.0923873567487901,0.04641264439561908,0.18804031953586017,0.0011848517443742584,1.403873656146723e-06,7.645015999082537e-05
2012-09-20,1460.260009765625,14.06999969482422,16.75,0.09253269654500214,0.04816730040324006,0.19047621629740635,-0.00054087999282134,2.925511666344128e-07,7.855749659220383e-05
2012-09-21,1460.1500244140625,13.979999542236328,16.790000915527344,0.0925866134642006,0.04721338195816269,0.2010015354293431,-7.532185571705149e-05,5.673381948660322e-09,7.755570920671745e-05
2012-09-24,1456.8900146484375,14.149999618530272,16.59000015258789,0.09311891231017409,0.048381083875128614,0.17243820493551762,-0.002235150069379947,4.995895832649182e-06,7.945336873190746e-05
2012-09-25,1441.5899658203125,15.43000030517578,17.600000381469727,0.09896012417210204,0.055339878879655746,0.14063512854021465,-0.010557389418567714,0.00011145847133528553,9.447813865782722e-05
2012-09-26,1433.3199462890625,16.809999465942383,18.5,0.10078327518154698,0.06731671947787685,0.10053543056212551,-0.005753253211740956,3.309992251840763e-05,0.00011213336589086634
2012-09-27,1447.1500244140625,14.84000015258789,17.06999969482422,0.10404305470463077,0.04435694682124813,0.15026950938726555,0.009602727708234702,9.221237943849849e-05,8.739111290825739e-05
2012-09-28,1440.6700439453125,15.729999542236328,17.610000610351562,0.10354565412360646,0.05375434129875682,0.11951691817073984,-0.004487808236766832,2.0140422769992222e-05,9.818765301537901e-05
2012-10-01,1444.489990234375,16.31999969482422,17.920000076293945,0.10365385757594073,0.059546139372301465,0.09803924089392944,0.002647997667994667,7.011891649705195e-06,0.00010569142461867564
2012-10-02,1445.75,15.710000038146973,17.739999771118164,0.10363867881100329,0.053461321570466444,0.12921704188682065,0.0008719067272658147,7.602213410513838e-07,9.793813539626107e-05
2012-10-03,1450.989990234375,15.43000030517578,17.579999923706055,0.10321711799472523,0.051082885057032554,0.13933892261875638,0.003617857293033645,1.3088891392756734e-05,9.447813865782722e-05
2012-10-04,1461.4000244140625,14.550000190734863,17.059999465942383,0.10477416283967977,0.040725839067668856,0.17250853898997437,0.007148821731697362,5.110565215158847e-05,8.400893077396212e-05
2012-10-05,1460.9300537109375,14.329999923706056,16.93000030517578,0.10119212503891324,0.042107874198147335,0.18143757120113835,-0.0003216410840751239,1.034529869650209e-07,8.148765786246652e-05
2012-10-08,1455.8800048828125,15.109999656677246,17.360000610351562,0.10095385901288947,0.050146137553882975,0.14890807444062518,-0.0034627238474289053,1.1990456443552841e-05,9.060003556539145e-05
2012-10-09,1441.47998046875,16.3700008392334,18.010000228881836,0.10579821096820348,0.0579017974241305,0.10018321964394218,-0.009940182135141966,9.88072208797955e-05,0.00010634005058591355
2012-10-10,1432.56005859375,16.290000915527344,18.1299991607666,0.1076198584584481,0.05528015069682535,0.11295261766900232,-0.0062072555664811424,3.853002166761113e-05,0.00010530322612217528
2012-10-11,1432.8399658203125,15.59000015258789,17.56999969482422,0.10762065306696421,0.0482793484589147,0.1270044594520196,0.00019537043698457742,3.816960764754474e-08,9.644766061813113e-05
2012-10-12,1428.5899658203125,16.139999389648438,17.739999771118164,0.10523345908859413,0.056166534807890245,0.09913261722276794,-0.002970544956016541,8.824137335715314e-06,0.00010337284932454442
2012-10-15,1440.1300048828125,15.270000457763672,17.110000610351562,0.10665762939645718,0.04604237518117954,0.12049771430441483,0.008045470752666933,6.472959963201903e-05,9.252893411908839e-05
2012-10-16,1454.9200439453125,15.220000267028809,16.969999313354492,0.10990091852253686,0.042299084147751215,0.11498022441673136,0.010217555817170515,0.00010439844687699503,9.192397147950674e-05
2012-10-17,1460.9100341796875,15.06999969482422,16.610000610351562,0.11001084591162202,0.040689151036620186,0.10218984384294673,0.004108606125954804,1.688064429823334e-05,9.01209884134929e-05
2012-10-18,1457.3399658203125,15.029999732971191,16.579999923706055,0.09474477330193135,0.05555522402778057,0.1031270936974563,-0.0024467198768949572,5.986438155992875e-06,8.96432111004421e-05
2012-10-19,1433.18994140625,17.059999465942383,18.1200008392334,0.10651829214288487,0.06408170251653895,0.06213372839824188,-0.01671014460003599,0.0002792289325541119,0.00011549348483252158
2012-10-22,1433.8199462890625,16.6200008392334,17.8700008392334,0.10496347210671991,0.06123653628561407,0.07521058585323492,0.0004394856785508615,1.9314766165131115e-07,0.00010961286821274559
2012-10-23,1413.1099853515625,18.82999992370605,19.450000762939453,0.1127608279832526,0.07553917125380791,0.03292622632742824,-0.014549234970738009,0.0002116802382337458,0.00014070194330427374
2012-10-24,1408.75,18.32999992370605,19.270000457763672,0.11273469380412944,0.07056530543293106,0.05128208063121294,-0.0030901524835878326,9.54904237182405e-06,0.00013332892746153327
2012-10-25,1412.969970703125,18.1200008392334,19.11000061035156,0.10155180916042343,0.07964819923191056,0.0546357464274844,0.002991064948394708,8.946469525515437e-06,0.0001302914406404044
2012-10-26,1411.93994140625,17.809999465942383,19.020000457763672,0.10043220689665178,0.07766778776277206,0.06793941763643192,-0.0007292475686444066,5.318020163737784e-07,0.00012587146070510634
2012-10-31,1412.1600341796875,18.600000381469727,19.309999465942383,0.10034848092063413,0.08565152289406315,0.03817199300597831,0.00015586755128053293,2.4294693542189563e-08,0.00013728571991693413
2012-11-01,1427.5899658203125,16.690000534057617,17.729999542236328,0.10620371319467002,0.06069629214590615,0.062312700713010094,0.010867212600985972,0.0001180963097150283,0.00011053814199477918
2012-11-02,1414.199951171875,17.59000015258789,18.549999237060547,0.1089542553657419,0.066945746160137,0.054576411378337505,-0.009423718242892513,8.880646552142515e-05,0.00012278099419366746
2012-11-05,1417.260009765625,18.420000076293945,18.96999931335449,0.10935260358488272,0.07484739717805675,0.02985880753433752,0.002161471345057592,4.671958375505077e-06,0.0001346414296867734
2012-11-06,1428.3900146484375,17.579999923706055,18.239999771118164,0.11228695744447494,0.06351304179258561,0.03754265359933939,0.00782250912272711,6.119164897514885e-05,0.0001226414275069464
2012-11-07,1394.530029296875,19.07999992370605,19.809999465942383,0.13096553545770773,0.05983446377935278,0.03825993423245981,-0.023990484179204748,0.0005755433311526733,0.00014446285598754876
2012-11-08,1377.510009765625,18.489999771118164,19.82999992370605,0.13209577604008477,0.052804221671096885,0.07247161542321923,-0.0122799333135091,0.0001507967621842306,0.0001356667029904563
2012-11-09,1379.8499755859375,18.61000061035156,20.06999969482422,0.1317834286373679,0.05431657746614771,0.07845239315363349,0.0016972512798215903,2.880661906856026e-06,0.00013743338203066883
2012-11-12,1380.030029296875,16.68000030517578,19.149999618530277,0.12779325135840053,0.039006751693357294,0.148081490897099,0.00013047937654856286,1.7024867704501657e-08,0.00011040571832566039
2012-11-13,1374.530029296875,16.649999618530273,18.96999931335449,0.12770359605307446,0.038796400132228265,0.13933932420287984,-0.003993383474745327,1.594711157636906e-05,0.00011000892353057867
2012-11-14,1355.489990234375,17.920000076293945,19.8700008392334,0.13193326583088613,0.04726673493205333,0.10881700639717491,-0.013948870444327605,0.00019457098667263617,0.00012743111219618055
2012-11-15,1353.3299560546875,17.989999771118164,19.790000915527344,0.131640590222862,0.04825940748831964,0.10005565132351867,-0.001594815957016726,2.5434379367551752e-06,0.00012842860784318714
2012-11-16,1359.8800048828125,16.40999984741211,18.93000030517578,0.1321513516468666,0.03194864682725451,0.15356492877488243,0.004828274735175702,2.3312236918335996e-05,0.00010686035515558154
2012-11-19,1386.8900146484375,15.239999771118164,17.59000015258789,0.14424285802490322,0.00815713968627843,0.15419950241228292,0.01966737673954756,0.0003868057078152964,9.2165711517334e-05
2012-11-20,1387.81005859375,15.079999923706056,17.280000686645508,0.14435546116698458,0.0064445380700759725,0.14588864549534958,0.0006631664358276915,4.397897216084037e-07,9.024063400752963e-05
2012-11-21,1391.030029296875,15.3100004196167,17.579999923706055,0.14471777274695363,0.008382231449213351,0.14826906870497572,0.002317493660971613,5.3707768686436085e-06,9.301433049550138e-05
2012-11-23,1409.1500244140625,15.140000343322754,17.579999923706055,0.1482987336701268,0.003101269763100739,0.1611624521170782,0.012942202068968308,0.00016750059439400757,9.096016285548139e-05
2012-11-26,1406.2900390625,15.5,17.309999465942383,0.147456399864275,0.007543600135724998,0.11677415909305695,-0.0020316442693263446,4.127578437086577e-06,9.533730158730159e-05
2012-11-27,1398.93994140625,15.920000076293944,17.6200008392334,0.1480366275396777,0.011163373223261747,0.1067839670095782,-0.005240293685227754,2.7460677907437875e-05,0.00010057396921793619
2012-11-28,1409.9300537109375,15.510000228881836,17.200000762939453,0.14995422831794322,0.00514577397087515,0.10896199285094753,0.007825330760125263,6.123580150536263e-05,9.546035996028358e-05
2012-11-29,1415.949951171875,15.0600004196167,16.81999969482422,0.14848754867736186,0.002112455518805123,0.11686581847069526,0.004260553566881813,1.8152316696269336e-05,9.000143358684727e-05
2012-11-30,1416.1800537109375,15.869999885559082,17.270000457763672,0.14496094799714834,0.013739050858442486,0.08821679787650921,0.0001624943340681183,2.6404408604241234e-08,9.99432128443037e-05
2012-12-03,1409.4599609375,16.639999389648438,17.81999969482422,0.14457601486099164,0.02182397903549274,0.07091348247944328,-0.004756519166260062,2.2624474578999314e-05,0.00010987681733630968
2012-12-04,1407.050048828125,17.1200008392334,18.190000534057617,0.1445363961928433,0.026663612199490677,0.06249997911052271,-0.0017112757910542108,2.928464833048215e-06,0.00011630731299021916
2012-12-05,1409.280029296875,16.459999084472656,17.829999923706055,0.13697221975679796,0.027627771087928604,0.08323213337999347,0.0015836076545869759,2.5078132036664625e-06,0.00010751252772255582
2012-12-06,1413.93994140625,16.579999923706055,17.84000015258789,0.13740423649002,0.02839576274704053,0.07599518906392091,0.0033011358587093772,1.0897497957656897e-05,0.00010908587201194158
2012-12-07,1418.0699462890625,15.899999618530272,17.290000915527344,0.13102414810826662,0.027975848077036097,0.0874214673173406,0.002916661999350491,8.506917218455203e-06,0.00010032142375764397
2012-12-10,1418.550048828125,16.049999237060547,17.350000381469727,0.1306712693529183,0.02982872301768716,0.08099695988815925,0.0003385032499758963,1.1458445024424414e-07,0.0001022232045673191
2012-12-11,1427.8399658203125,15.56999969482422,17.0,0.13171813949638167,0.023981857451860544,0.09184330977547418,0.006527531315292975,4.260866507213044e-05,9.620035337175649e-05
2012-12-12,1428.47998046875,15.949999809265137,17.43000030517578,0.13167858643206798,0.027821411660583384,0.09279000085322461,0.000448139333956705,2.0082886263915918e-07,0.00010095337060141186
2012-12-13,1419.449951171875,16.559999465942383,17.8799991607666,0.13311685743100277,0.032483137228421055,0.07971012906968722,-0.006341489977008348,4.0214495128497336e-05,0.00010882285012381428
2012-12-14,1413.5799560546875,17.0,18.030000686645508,0.1297020099080778,0.040297990091922226,0.06058827568502987,-0.004143975679491531,1.7172534432217296e-05,0.0001146825396825397
2012-12-17,1430.3599853515625,16.34000015258789,17.5,0.1313460356737667,0.032053965852112204,0.07099142206729976,0.011800688037811027,0.00013925623816573627,0.00010595063689943346
2012-12-18,1446.7900390625,15.56999969482422,16.809999465942383,0.13512552302852712,0.02057447391971509,0.07964032083638145,0.011421185666775555,0.0001304434820349594,9.620035337175649e-05
2012-12-19,1435.81005859375,17.360000610351562,17.860000610351562,0.13545069352016514,0.03814931258335047,0.028801842305342773,-0.0076181455628212226,5.803614181633268e-05,0.00011959111952039944
2012-12-20,1443.68994140625,17.670000076293945,18.13999938964844,0.11517824398465437,0.061521756778285086,0.026598715977655618,0.005473104693568626,2.995487498676292e-05,0.00012390035821278892
2012-12-21,1430.1500244140625,17.84000015258789,18.8700008392334,0.11255008885589875,0.06584991266998015,0.057735464004247485,-0.009422944450144789,8.879188211051447e-05,0.00012629587517632378
2012-12-24,1426.6600341796875,17.84000015258789,18.8700008392334,0.11304579775267462,0.06535420377320428,0.057735464004247485,-0.0024432789712663986,5.969612131432591e-06,0.00012629587517632378
2012-12-26,1419.8299560546875,19.479999542236328,19.93000030517578,0.11431341833757085,0.08048657708479244,0.02310065572454282,-0.0047989567899257195,2.3029986271574165e-05,0.00015058348498632048
2012-12-27,1418.0999755859375,19.46999931335449,19.920000076293945,0.11355164649330167,0.08114834664024322,0.023112520740090667,-0.0012191849162664064,1.4864118600515243e-06,0.00015042891796112075
2012-12-28,1402.4300537109375,22.71999931335449,21.8799991607666,0.11055521804506525,0.11664477508847963,-0.03697183881929728,-0.011111445674961485,0.0001234642249876203,0.00020484062253921763
2012-12-31,1426.18994140625,18.020000457763672,18.729999542236328,0.11913077633997861,0.061069228237658105,0.039400614119671835,0.01680002726988578,0.0002822409162689058,0.00012885730813404878
2013-01-02,1462.4200439453125,14.68000030517578,16.690000534057617,0.13683500538159424,0.009964997670163567,0.1369209936714487,0.025086115958697298,0.0006293132138932072,8.551682895236549e-05
2013-01-03,1459.3699951171875,14.5600004196167,16.739999771118164,0.12719900561994676,0.01840099857622024,0.14972522587048487,-0.002087795423524574,4.358889730490155e-06,8.412444929334862e-05
2013-01-04,1466.469970703125,13.829999923706056,16.34000015258789,0.127482183054145,0.01081781618291558,0.18148953309677415,0.0048532999789810665,2.355452068597762e-05,7.59003563054403e-05
2013-01-07,1461.8900146484375,13.789999961853027,16.450000762939453,0.12827856046874997,0.009621439149780309,0.19289345964066187,-0.003128003259122683,9.784404389082126e-06,7.546194402694702e-05
2013-01-08,1457.1500244140625,13.619999885559082,16.450000762939453,0.12442505660046281,0.011774942255127999,0.20778273870478844,-0.0032476391807331087,1.0547160248232817e-05,7.361285590580531e-05
2013-01-09,1461.02001953125,13.8100004196167,16.5,0.12413546394684638,0.013964540249320617,0.1947863503727513,0.00265234535868163,7.034935901719984e-06,7.568099666262437e-05
2013-01-10,1472.1199951171875,13.489999771118164,16.1200008392334,0.12384646155734928,0.011053536153832352,0.19495931154469084,0.00756870010921085,5.728522134316833e-05,7.221432294633655e-05
2013-01-11,1472.050048828125,13.359999656677246,16.010000228881836,0.12255792506497203,0.011042071501800435,0.19835334134010518,-4.751511497752233e-05,2.257686151327167e-09,7.082920270889529e-05
2013-01-14,1470.6800537109375,13.520000457763672,16.290000915527344,0.12244226664955,0.012757737928086724,0.20488168372605622,-0.0009311049049197806,8.669563439656736e-07,7.253587792774997e-05
2013-01-15,1472.3399658203125,13.550000190734863,16.329999923706055,0.12239874835613504,0.013101253551213582,0.20516602906559978,0.001128033295304306,1.2724591153150917e-06,7.285813697179159e-05
2013-01-16,1472.6300048828125,13.420000076293944,16.239999771118164,0.12110526839970157,0.013094732363237882,0.21013410423191214,0.0001969725099562613,3.879816967846946e-08,7.146682620941646e-05
2013-01-17,1480.93994140625,13.56999969482422,16.079999923706055,0.12130211257762623,0.014397884370615968,0.1849668596410641,0.0056270605413545815,3.1663810336069714e-05,7.307336972917834e-05
2013-01-18,1485.97998046875,12.460000038146973,15.289999961853027,0.12140008232712463,0.003199918054345108,0.22712679896002047,0.003397492378151099,1.1542954459594812e-05,6.160777815500896e-05
2013-01-22,1492.56005859375,12.43000030517578,14.720000267028809,0.12156586916832036,0.002734133883437434,0.1842316899139163,0.00441833162771152,1.9521654372435932e-05,6.131147126455158e-05
2013-01-23,1494.81005859375,12.460000038146973,14.5,0.1215223865646738,0.0030776138167959294,0.16372391297010078,0.001506341924293118,2.2690659928830936e-06,6.160777815500896e-05
2013-01-24,1494.8199462890625,12.6899995803833,14.670000076293944,0.12155984582094223,0.005340149982890785,0.1560284130325272,6.61466154430249e-06,4.37537473456742e-11,6.390321005957474e-05
2013-01-25,1502.9599609375,12.890000343322754,14.65999984741211,0.1212260277269166,0.007673975706310954,0.13731570651247083,0.005430708661868184,2.949259657009012e-05,6.593337652811935e-05
2013-01-28,1500.1800537109375,13.56999969482422,15.06999969482422,0.12161643998861238,0.014083556959629817,0.11053795384918985,-0.0018513342747921247,3.427438597020082e-06,7.307336972917834e-05
2013-01-29,1507.8399658203125,13.3100004196167,14.739999771118164,0.1196002668814915,0.013499737314675492,0.10743796441913606,0.005093003781205059,2.5938687515369025e-05,7.030004411515742e-05
2013-01-30,1501.9599609375,14.31999969482422,15.420000076293944,0.1194962796902982,0.023703717257944,0.07681567073407858,-0.003907244671751714,1.526656092493216e-05,8.137396478562133e-05
2013-01-31,1498.1099853515625,14.279999732971191,15.550000190734863,0.11649670789553099,0.02630328943418092,0.0889356079490225,-0.002566591958392015,6.5873942808825594e-06,8.091999697367353e-05
2013-02-01,1513.1700439453125,12.899999618530272,14.789999961853027,0.11551981315536969,0.013480183029933035,0.14651165885368359,0.010002513224009682,0.00010005027079648855,6.603571038019095e-05
2013-02-04,1495.7099609375,14.670000076293944,15.789999961853027,0.11878549410929336,0.027914506653646073,0.07634627673717283,-0.0116058327096515,0.0001346953528844167,8.540035803113661e-05
2013-02-05,1511.2900390625,13.720000267028809,15.300000190734863,0.12107902707867053,0.016120975591617556,0.11516034205210829,0.010362632222059643,0.00010738414656966878,7.469778068542483e-05
2013-02-06,1512.1199951171875,13.40999984741211,15.140000343322754,0.11661054432748123,0.01748945414663987,0.12900824128230723,0.0005490198591339299,3.014228057234402e-07,7.136035551888604e-05
2013-02-07,1509.3900146484375,13.5,15.1899995803833,0.1164210476325445,0.018578952367455506,0.12518515410246672,-0.001807031055856767,3.2653612368308225e-06,7.232142857142858e-05
2013-02-08,1517.9300537109375,13.020000457763672,14.800000190734863,0.11514259581145592,0.015057408766180808,0.136712724300236,0.0056419945850431485,3.183210289765621e-05,6.727000473022469e-05
2013-02-11,1517.010009765625,12.9399995803833,14.68000030517578,0.11499680620213351,0.014403189601699506,0.13446683007859397,-0.0006063012476382776,3.67601202887732e-07,6.644586870647621e-05
2013-02-12,1519.4300537109375,12.640000343322754,14.529999732971191,0.10784461788592153,0.018555385547306014,0.1495252641070421,0.0015940011376042063,2.5408396266835038e-06,6.340063836476166e-05
2013-02-13,1520.3299560546875,12.979999542236328,14.630000114440918,0.09928345136084042,0.030516544061522863,0.12711869263443062,0.0005920877747906565,3.5056793305655116e-07,6.685729687160925e-05
2013-02-14,1521.3800048828125,12.65999984741211,14.43000030517578,0.07158083457999144,0.055019163894129655,0.13981046438365355,0.000690433265053607,4.7669809349258427e-07,6.360142703828359e-05
2013-02-15,1519.7900390625,12.460000038146973,14.260000228881836,0.07121279293479833,0.0533872074466714,0.14446229415923467,-0.001045627796013619,1.0933374877962985e-06,6.160777815500896e-05
2013-02-19,1530.93994140625,12.3100004196167,13.989999771118164,0.07260446257148671,0.050495541624680285,0.13647435371523534,0.007309694441361245,5.343163282606748e-05,6.0133377115461636e-05
2013-02-20,1511.949951171875,14.68000030517578,15.40999984741211,0.08214599033078551,0.06465401272097229,0.049727488219394066,-0.012481711430005843,0.00015579312022193851,8.551682895236549e-05
2013-02-21,1502.4200439453125,15.220000267028809,15.710000038146973,0.08402960883862683,0.06817039383166125,0.03219446534305613,-0.00632300546566533,3.9980398118833636e-05,9.192397147950674e-05
2013-02-22,1515.5999755859375,14.170000076293944,14.979999542236328,0.08685758019097155,0.05484242057196788,0.05716298246867997,0.008734213386774423,7.628648348570952e-05,7.967813577863902e-05
2013-02-25,1487.8499755859375,18.989999771118164,17.940000534057617,0.1018368265891658,0.08806317112201582,-0.05529221957429866,-0.01847927558477439,0.00034148362613803883,0.00014310321083613805
2013-02-26,1496.93994140625,16.8700008392334,17.25,0.10317163133802257,0.06552837705431142,0.02252514178202432,0.006090876862567387,3.709878095495873e-05,0.00011293528901418077
2013-02-27,1515.989990234375,14.729999542236328,15.65999984741211,0.10881718454628188,0.038482810876081394,0.06313647889187832,0.012645699119019574,0.00015991370620877242,8.61003517913819e-05
2013-02-28,1514.6800537109375,15.510000228881836,16.18000030517578,0.10895178264108904,0.04614821964772933,0.0431979410965004,-0.0008644534614572404,7.472797870254046e-07,9.546035996028358e-05
2013-03-01,1518.199951171875,15.359999656677246,16.290000915527344,0.10899897583430247,0.04460102073246998,0.06054695830971654,0.002321159449526721,5.387781190127191e-06,9.362285295758932e-05
2013-03-04,1525.199951171875,14.010000228881836,15.420000076293944,0.10866157167706371,0.03143843061175465,0.10064238575138426,0.004600126548349631,2.116116426083109e-05,7.788893111637663e-05
2013-03-05,1539.7900390625,13.479999542236328,14.949999809265137,0.11126254072013299,0.0235374547022303,0.10905046861633172,0.009520551872499975,9.064090795696279e-05,7.2107296689957e-05
2013-03-06,1541.4599609375,13.529999732971191,15.029999732971191,0.11083960289943617,0.024460394430275728,0.1108647471991191,0.0010839250554146814,1.1748935257557201e-06,7.264321141833351e-05
2013-03-07,1544.260009765625,13.0600004196167,14.739999771118164,0.11085365116287314,0.019746353033293848,0.12863700593592872,0.0018148436172064244,3.293657354914899e-06,6.768397260332871e-05
2013-03-08,1551.1800537109375,12.59000015258789,14.520000457763672,0.11123083590544204,0.014669165620436866,0.1532962892600972,0.00447112871295497,1.9990991967810363e-05,6.290004120720758e-05
2013-03-11,1556.219970703125,11.5600004196167,14.300000190734863,0.11069307365821154,0.004906930537955448,0.2370241930500739,0.0032438188658736856,1.0522360834598043e-05,5.302921019902312e-05
2013-03-12,1552.47998046875,12.270000457763672,14.579999923706056,0.11083585020289871,0.011864154374738006,0.18826400813055916,-0.002406145396801988,5.789535670551397e-06,5.97432187434606e-05
2013-03-13,1554.52001953125,11.829999923706056,14.510000228881836,0.11020467957984631,0.008095319657214259,0.2265427153389363,0.0013131891571707575,1.7244657625108444e-06,5.5535277061462426e-05
2013-03-14,1563.22998046875,11.300000190734863,14.100000381469728,0.10995398650821972,0.0030460153991289096,0.2477876233162059,0.005587352158971998,3.1218504148369046e-05,5.0670636631193625e-05
2013-03-15,1560.699951171875,11.300000190734863,14.260000228881836,0.10969614927118333,0.003303852636165297,0.26194690160925366,-0.0016197737499887566,2.6236670011526387e-06,5.0670636631193625e-05
2013-03-18,1552.0999755859375,13.359999656677246,15.390000343322754,0.10829359480584258,0.02530640176092988,0.15194616308473674,-0.005525570335024047,3.053192752729776e-05,7.082920270889529e-05
2013-03-19,1548.3399658203125,14.390000343322754,15.710000038146973,0.10221868716651993,0.04168131626670761,0.09173034491529564,-0.0024254697268762293,5.88290339599305e-06,8.217147217493213e-05
2013-03-20,1558.7099609375,12.670000076293944,14.93000030517578,0.09986319016741968,0.02683681059551976,0.17837412906653277,0.006675163815817943,4.455781196800516e-05,6.370194521162245e-05
2013-03-21,1545.800048828125,13.989999771118164,15.529999732971191,0.10347474860727715,0.03642524910390449,0.1100786266653342,-0.008316923756005078,6.917122076320162e-05,7.766670380789137e-05
2013-03-22,1556.8900146484375,13.56999969482422,15.260000228881836,0.10481028934706571,0.030889707601176486,0.12453946735917792,0.007148643803299891,5.110310822645793e-05,7.307336972917834e-05
2013-03-25,1551.68994140625,13.739999771118164,15.300000190734863,0.1046125227147691,0.03278747499641253,0.11353715033502843,-0.003345629300947282,1.1193235419356999e-05,7.491571178981238e-05
2013-03-26,1563.77001953125,12.770000457763672,14.75,0.10647242949965215,0.021227575077984576,0.15505085914327937,0.007754963194634991,6.013945415014335e-05,6.471147289336682e-05
2013-03-27,1562.8499755859375,13.149999618530272,14.93000030517578,0.10655661869489365,0.024943377490409077,0.1353612728731358,-0.0005885230525645966,3.46359383399951e-07,6.862003570132791e-05
2013-03-28,1569.18994140625,12.699999809265137,14.640000343322754,0.10692901152155143,0.02007098657109993,0.1527559498577561,0.004048463396191122,1.6390055870299354e-05,6.400396633148195e-05
2013-04-01,1562.1700439453125,13.579999923706056,15.279999732971191,0.10812685605457595,0.027673143182484622,0.12518408091428,-0.004483616865356026,2.0102820195304993e-05,7.318111028883196e-05
2013-04-02,1570.25,12.779999732971191,14.710000038146973,0.10865973106971447,0.019140266259997457,0.15101724143206066,0.005158933898853431,2.6614598972739063e-05,6.481285443442213e-05
2013-04-03,1553.68994140625,14.210000038146973,15.489999771118164,0.11209545252401837,0.030004547857451352,0.09007739124102826,-0.010602133218841155,0.0001124052287900551,8.012861154132419e-05
2013-04-04,1559.97998046875,13.890000343322754,15.300000190734863,0.10551396243138382,0.03338604100184371,0.10151186555513148,0.004040279012737101,1.6323854500763885e-05,7.656036092758182e-05
2013-04-05,1553.280029296875,13.920000076293944,15.380000114440918,0.10444618926770373,0.034753811495235695,0.1048850596368448,-0.004304145168907639,1.852566563503097e-05,7.689142941429498e-05
2013-04-08,1563.0699462890625,13.1899995803833,14.710000038146973,0.10312452322604891,0.02877547257778411,0.1152388556573025,0.006282958765270947,3.947557084609503e-05,6.903813052798084e-05
2013-04-09,1568.6099853515625,12.84000015258789,14.460000038146973,0.08510163815556857,0.043298363370310344,0.12616821388686453,0.003538065806577469,1.2517909651672676e-05,6.542285869780042e-05
2013-04-10,1587.72998046875,12.359999656677246,14.119999885559082,0.08944508695395118,0.03415490961282129,0.14239484447971085,0.012115443329548888,0.00014678396707151065,6.0622853775024464e-05
2013-04-11,1593.3699951171875,12.239999771118164,14.170000076293944,0.08370488794626126,0.03869510976492038,0.15767976644328546,0.0035459561795765683,1.2573805227477252e-05,5.945142634800504e-05
2013-04-12,1588.8499755859375,12.0600004196167,14.020000457763672,0.08441567925601715,0.03618432494014985,0.16252072719324723,-0.0028407983185492532,8.070135086672265e-06,5.771571830204562e-05
2013-04-15,1552.3599853515625,17.270000457763672,17.030000686645508,0.1108542143486152,0.06184579022902151,-0.013896917472881302,-0.02323412455036433,0.0005398245436218425,0.0001183543316710942
2013-04-16,1574.5699462890625,13.960000038146973,15.100000381469728,0.11708053364283984,0.02251946673862988,0.08166191548765049,0.014205840828064486,0.00020180591363230387,7.733396867661249e-05
2013-04-17,1552.010009765625,16.510000228881836,16.93000030517578,0.12249816967107571,0.04260183261774264,0.02543913206973895,-0.014431313685984552,0.00020826281470328502,0.00010816670934828502
2013-04-18,1541.6099853515625,17.559999465942383,17.520000457763672,0.12412298379621951,0.05147701086320432,-0.00227784791544493,-0.0067235559695443025,4.520620487559482e-05,0.0001223625322396416
2013-04-19,1555.25,14.970000267028809,16.170000076293945,0.12663977664267584,0.023060226027612235,0.0801603064702756,0.008808989051054724,7.759828810160201e-05,8.892893174398515e-05
2013-04-22,1562.5,14.390000343322754,15.65999984741211,0.1266930436969161,0.017206959736311422,0.08825569658020616,0.004650798215427389,2.1629924040622585e-05,8.217147217493213e-05
2013-04-23,1578.780029296875,13.479999542236328,14.829999923706056,0.1298022269843368,0.00499776843802649,0.10014839965237593,0.01036531280555277,0.00010743970955695624,7.2107296689957e-05
2013-04-24,1578.7900390625,13.609999656677246,14.970000267028809,0.12952416288608853,0.006575833680683929,0.09992657198079562,6.340170072840042e-06,4.0197756552536504e-11,7.350479787887093e-05
2013-04-25,1585.1600341796875,13.619999885559082,14.960000038146973,0.12989944460765726,0.006300554247933549,0.09838474037056759,0.004026614564991384,1.621362485500075e-05,7.361285590580531e-05
2013-04-26,1582.239990234375,13.609999656677246,14.890000343322754,0.12922910021296474,0.006870896353807721,0.09404854657858294,-0.0018438118015177635,3.3996419594161806e-06,7.350479787887093e-05
2013-04-29,1593.6099853515625,13.710000038146973,14.920000076293944,0.1305337906839848,0.0065662096974849204,0.0882567494369251,0.00716031536940742,5.127011618937212e-05,7.458892898650395e-05
2013-04-30,1597.5699462890625,13.520000457763672,14.779999732971191,0.1292745543285365,0.005925450249100239,0.09319520950785046,0.00248181741858196,6.159417699176825e-06,7.253587792774997e-05
2013-05-01,1582.699951171875,14.489999771118164,15.609999656677246,0.13237318762116013,0.012526810090021517,0.07729467931334921,-0.009351472649564404,8.745004071555109e-05,8.331749736785891e-05
2013-05-02,1597.5899658203125,13.59000015258789,14.869999885559082,0.13364555412872525,0.002254447397153664,0.09418688142747711,0.009364003810320709,8.768456735970076e-05,7.328893021719798e-05
2013-05-03,1614.4200439453125,12.850000381469728,14.449999809265137,0.13358050635046906,-0.005080502535771775,0.1245135704511479,0.01047956394817034,0.00010982126054379152,6.552480547768736e-05
2013-05-06,1617.5,12.65999984741211,14.3100004196167,0.13249605430717012,-0.00589605583304903,0.13033180032319466,0.001905961128483939,3.6326878232917706e-06,6.360142703828359e-05
2013-05-07,1625.9599609375,12.829999923706056,14.350000381469728,0.1322260952210461,-0.00392609598398555,0.11847236685911114,0.005216639159837863,2.7213324123953885e-05,6.532099128662596e-05
2013-05-08,1632.68994140625,12.65999984741211,14.399999618530272,0.1311631376233583,-0.0045631391492372,0.1374407418712445,0.004130538866696586,1.7061351329291114e-05,6.360142703828359e-05
2013-05-09,1626.6700439453125,13.130000114440918,14.8100004196167,0.1318867900696077,-0.0005867889251985337,0.12795127879153995,-0.00369391802877331,1.3645030403296497e-05,6.841146944651529e-05
2013-05-10,1633.699951171875,12.59000015258789,14.710000038146973,0.1319361906256478,-0.006036189099768885,0.16838759808301618,0.004312343771584845,1.859630880432661e-05,6.290004120720758e-05
2013-05-13,1633.77001953125,12.550000190734863,15.050000190734863,0.13084688831608896,-0.0053468864087403145,0.1992031842235066,4.288844886953105e-05,1.8394190464343792e-09,6.250099396327188e-05
2013-05-14,1650.3399658203125,12.770000457763672,14.979999542236328,0.1328134392564988,-0.005113434678862078,0.17306178584583068,0.010091066969150287,0.00010182963257587596,6.471147289336682e-05
2013-05-15,1658.780029296875,12.8100004196167,15.050000190734863,0.12792493981503802,0.00017506438112896427,0.17486336438271477,0.005101103490210887,2.602125681784169e-05,6.511750426610316e-05
2013-05-16,1650.469970703125,13.06999969482422,15.449999809265137,0.12946796259596727,0.0012320343522749244,0.18209641698640644,-0.005022331985410747,2.5223818571679853e-05,6.778765556456556e-05
2013-05-17,1667.469970703125,12.449999809265137,15.170000076293944,0.13029504239117903,-0.00579504429852766,0.21847392037746186,0.010247411986562578,0.0001050094524223464,6.150892668678649e-05
2013-05-20,1666.2900390625,13.020000457763672,15.3100004196167,0.13004329555176666,0.00015670902587006097,0.17588324741475161,-0.0007078684047072334,5.010776783827636e-07,6.727000473022469e-05
2013-05-21,1669.1600341796875,13.369999885559082,15.779999732971191,0.12997914581950584,0.0037208530360849645,0.18025429080333402,0.001720904683002348,2.9615129279794114e-06,7.093527656343247e-05
2013-05-22,1655.3499755859375,13.81999969482422,15.81999969482422,0.12974264226358762,0.008457354684654583,0.14471780348512073,-0.008308074265778554,6.902409800569185e-05,7.579063157338948e-05
2013-05-23,1650.510009765625,14.06999969482422,16.0,0.13016403902398116,0.010535957924261041,0.13717131109005978,-0.0029281151046060853,8.573858065822306e-06,7.855749659220383e-05
2013-05-24,1649.5999755859375,13.989999771118164,15.920000076293944,0.12971873127141495,0.01018126643976669,0.13795570670131058,-0.0005515174989888943,3.0417155169096503e-07,7.766670380789137e-05
2013-05-28,1660.06005859375,14.479999542236328,15.869999885559082,0.1076466223694637,0.03715337305289958,0.09599450188297995,0.006320962109160131,3.995456198543809e-05,8.320253442189056e-05
2013-05-29,1648.3599853515625,14.829999923706056,16.149999618530273,0.10471196980667655,0.04358802943038401,0.08900874589447372,-0.007072936243165862,5.002642709988921e-05,8.727337211790541e-05
2013-05-30,1654.4100341796875,14.529999732971191,16.010000228881836,0.09325539765786543,0.05204459967184648,0.10185826036543251,0.003663625114313425,1.3422148978228055e-05,8.377813184132654e-05
2013-05-31,1630.739990234375,16.299999237060547,17.1299991607666,0.1018611360145114,0.061138856356094076,0.050920243101540925,-0.014410576921857085,0.00020766472722076002,0.00010543252981276762
2013-06-03,1640.4200439453125,16.280000686645508,17.219999313354492,0.10048616061673428,0.06231384624972079,0.05773947094978108,0.005918439859741687,3.50279303733792e-05,0.00010517397712586437
2013-06-04,1631.3800048828125,16.270000457763672,17.260000228881836,0.1022702207954102,0.06042978378222652,0.06084817106724535,-0.005526048005605536,3.0537206560256925e-05,0.00010504480749826592
2013-06-05,1608.9000244140625,17.5,18.0,0.10786198584105995,0.06713801415894004,0.02857142857142857,-0.013875554543922225,0.0001925310139013607,0.00012152777777777776
2013-06-06,1622.56005859375,16.6299991607666,17.549999237060547,0.11019148013382708,0.056108511473838926,0.055321715136607115,0.008454454144230643,7.14777948768987e-05,0.00010974479051075311
2013-06-07,1643.3800048828125,15.140000343322754,16.719999313354492,0.11512440185113389,0.036275601582093656,0.10435924268182534,0.01274991452694569,0.00016256032044442072,9.096016285548139e-05
2013-06-10,1642.81005859375,15.4399995803833,16.729999542236328,0.11486167026750595,0.039538325536327065,0.0835492225979065,-0.0003468736036370341,1.2032129690014225e-07,9.460062977866529e-05
2013-06-11,1626.1300048828125,17.06999969482422,17.90999984741211,0.11808159190911807,0.05261840503912413,0.049209148658777443,-0.01020526418482108,0.00010414741708199187,0.00011562892443702339
2013-06-12,1612.52001953125,18.59000015258789,19.06999969482422,0.1208166046864168,0.0650833968394621,0.025820308676517575,-0.008404776908050976,7.064027487410692e-05,0.00013713813717191182
2013-06-13,1636.3599853515625,16.40999984741211,17.829999923706055,0.12414307610176158,0.039956922372359524,0.08653260752576315,0.014676069097359318,0.00021538700415046517,0.00010686035515558154
2013-06-14,1626.72998046875,17.149999618530273,18.299999237060547,0.12320574825164285,0.048294247933659884,0.06705537283439465,-0.005902401062457968,3.483833830210495e-05,0.000116715272585551
2013-06-17,1639.0400390625,16.799999237060547,17.989999771118164,0.12143932340837305,0.04656066896223243,0.07083336833923741,0.007538875562714677,5.6834644750096545e-05,0.0001119999898274742
2013-06-18,1651.81005859375,16.610000610351562,17.75,0.12319933946112492,0.042900666642390714,0.06863331413353323,0.0077609634287832945,6.023255334291175e-05,0.00010948100010947591
2013-06-19,1628.9300537109375,16.639999389648438,17.780000686645508,0.12945605644740452,0.03694393744907987,0.06850969584207153,-0.013948301328481997,0.00019455510995013264,0.00010987681733630968
2013-06-20,1588.18994140625,20.489999771118164,20.34000015258789,0.14820611830592362,0.056693879405258024,-0.007320625681104523,-0.02532842439229829,0.000641529082196371,0.0001666032105636597
2013-06-21,1592.4300537109375,18.899999618530277,19.489999771118164,0.1483184258588749,0.040681570326427885,0.0312169399204341,0.002666219053525561,7.108724041382739e-06,0.0001417499942779542
2013-06-24,1573.0899658203125,20.11000061035156,20.729999542236328,0.1511665867726511,0.04993341933086448,0.030830378571228223,-0.01221936895962692,0.00014931297777149387,0.00016048100180489686
2013-06-25,1588.030029296875,18.46999931335449,19.670000076293945,0.15429895201123411,0.030401041122310762,0.0649702657038981,0.009452456559302368,8.934893500549836e-05,0.00013537336295052192
2013-06-26,1603.260009765625,17.209999084472656,18.81999969482422,0.15396714972999143,0.01813284111473515,0.09355030191745624,0.009544789666190033,9.110300977180805e-05,0.00011753336051093243
2013-06-27,1613.199951171875,16.860000610351562,18.559999465942383,0.15436801431559263,0.014231991787923004,0.10083029620693307,0.006180691300296602,3.82009449495621e-05,0.00011280143673851393
2013-06-28,1606.280029296875,16.860000610351562,18.38999938964844,0.15421545303178166,0.014384553071733974,0.09074725527337779,-0.004298788980467904,1.8479586698592283e-05,0.00011280143673851393
2013-07-01,1614.9599609375,16.3700008392334,17.920000076293945,0.1517862662124209,0.01191374217991309,0.09468534866203054,0.005389199609389811,2.9043472429847294e-05,0.00010634005058591355
2013-07-02,1614.0799560546875,16.440000534057617,18.020000457763672,0.15179034311278924,0.012609662227786922,0.09610704819825751,-0.0005450566900508968,2.9708679536923933e-07,0.00010725143553960901
2013-07-03,1615.4100341796875,16.200000762939453,17.809999465942383,0.15166967495098993,0.010330332678404608,0.09938263130740736,0.0008237078945754475,6.784946955859165e-07,0.00010414286695207893
2013-07-05,1631.8900146484375,14.890000343322754,16.8799991607666,0.15346154607149423,-0.004561542638266691,0.13364666027937597,0.010150045703225963,0.00010302342777757585,8.798099612069513e-05
2013-07-08,1640.4599609375,14.779999732971191,16.40999984741211,0.1541510535652169,-0.006351056235504998,0.11028417752976796,0.00523780521383603,2.7434603458087905e-05,8.668586988358274e-05
2013-07-09,1652.3199462890625,14.350000381469728,15.90999984741211,0.15563050220544591,-0.012130498390748617,0.10871076128728338,0.007203661934863007,5.189274527179425e-05,8.17152821222942e-05
2013-07-10,1652.6199951171875,14.210000038146973,15.770000457763672,0.15449559926691117,-0.01239559888544145,0.10978187300695659,0.00018157596462801376,3.29698309305937e-08,8.012861154132419e-05
2013-07-11,1675.02001953125,14.010000228881836,15.5,0.1579257099891441,-0.017825707700325738,0.10635258720742245,0.013463212765353812,0.00018125809796518583,7.788893111637663e-05
2013-07-12,1680.18994140625,13.84000015258789,15.649999618530272,0.15783451024969036,-0.019434508723811444,0.13078030679096025,0.0030817302206288433,9.497061152737099e-06,7.601016040620352e-05
2013-07-15,1682.5,13.789999961853027,15.619999885559082,0.1513606400995843,-0.013460640481054026,0.13270485342772612,0.0013739351515561534,1.8876978006816303e-06,7.546194402694702e-05
2013-07-16,1676.260009765625,14.420000076293944,16.010000228881836,0.1512386899899447,-0.0070386892270052626,0.11026353288317979,-0.0037156554177069927,1.3806095183135326e-05,8.251444531758624e-05
2013-07-17,1680.9100341796875,13.779999732971191,15.5600004196167,0.1501687671846135,-0.012368769854901596,0.12917276641062103,0.0027702066483981415,7.674044874829264e-06,7.535253676217702e-05
2013-07-18,1689.3699951171875,13.770000457763672,15.5600004196167,0.14375610694503116,-0.006056102367394428,0.1299927307441596,0.0050203417120067255,2.520383090531462e-05,7.524321928841736e-05
2013-07-19,1692.0899658203125,12.539999961853027,15.039999961853027,0.142292537156216,-0.016892537537685742,0.19936204207376862,0.0016087555796456545,2.588094515041026e-06,6.240142819177536e-05
2013-07-22,1695.530029296875,12.289999961853027,14.6899995803833,0.13819437792965322,-0.015294378311122944,0.19528068559639059,0.0020309625424268186,4.124808848740807e-06,5.9938134548550565e-05
2013-07-23,1692.3900146484375,12.65999984741211,14.880000114440918,0.13839476253411506,-0.011794764059993967,0.1753554734428065,-0.0018536538683364202,3.4360326635985743e-06,6.360142703828359e-05
2013-07-24,1685.93994140625,13.18000030517578,15.1899995803833,0.13510359699310903,-0.0033035939413512405,0.15250373510372345,-0.0038185027297184216,1.4580963096867037e-05,6.893349525572762e-05
2013-07-25,1690.25,12.970000267028809,15.0,0.13202921584202018,-0.0023292131717320974,0.15651501088490166,0.002553209985188819,6.518881228467889e-06,6.675432814552673e-05
2013-07-26,1691.6500244140625,12.720000267028809,14.800000190734863,0.12604825749657453,0.0011517451737135531,0.16352200314787493,0.0008279514379092263,6.855035835359555e-07,6.420571698143371e-05
2013-07-29,1685.3299560546875,13.390000343322754,15.109999656677246,0.12515692202325332,0.008743081409974207,0.12845401562758071,-0.0037430341753677174,1.4010304837970689e-05,7.114766237864422e-05
2013-07-30,1685.9599609375,13.390000343322754,14.979999542236328,0.12370780421579836,0.010192199217429171,0.1187452694656924,0.00037374708533409457,1.3968688379573097e-07,7.114766237864422e-05
2013-07-31,1685.72998046875,13.449999809265137,14.920000076293944,0.12203050668361466,0.012469491409036706,0.109293701700738,-0.0001364185159984208,1.861001150721139e-08,7.17867043131874e-05
2013-08-01,1706.8699951171875,12.9399995803833,14.550000190734863,0.11847962406188331,0.010920371741949708,0.12442045305722274,0.012462588230416578,0.00015531610540091783,6.644586870647621e-05
2013-08-02,1709.6700439453125,11.979999542236328,14.029999732971191,0.08686359379169671,0.032936401630666565,0.1711185533444675,0.0016391140879470276,2.6866949933064163e-06,5.6952535330151836e-05
2013-08-05,1707.1400146484375,11.84000015258789,13.859999656677246,0.08760515923907831,0.030794842286800586,0.17060806402505327,-0.0014809308775636419,2.1931562641214186e-06,5.5629207783048124e-05
2013-08-06,1697.3699951171875,12.720000267028809,14.5600004196167,0.07993848377537023,0.04726151889491785,0.1446540970095188,-0.00573947283055402,3.294154837266778e-05,6.420571698143371e-05
2013-08-07,1690.9100341796875,12.979999542236328,14.8100004196167,0.07920523581946876,0.05059475960289453,0.1409862050784849,-0.0038131256619417632,1.453992731375881e-05,6.685729687160925e-05
2013-08-08,1697.47998046875,12.729999542236328,14.670000076293944,0.0762185399977886,0.05108145542457468,0.15239596259379032,0.0038779210740465357,1.5038271856534236e-05,6.430670172434012e-05
2013-08-09,1691.4200439453125,13.40999984741211,15.100000381469728,0.07670503527197003,0.05739496320215107,0.12602539547260017,-0.0035763480414268737,1.2790265313417835e-05,7.136035551888604e-05
2013-08-12,1689.469970703125,12.8100004196167,15.170000076293944,0.07513659615338845,0.052963408042778534,0.18423103664096993,-0.0011535858605248943,1.3307603376029609e-06,6.511750426610316e-05
2013-08-13,1694.1600341796875,12.3100004196167,14.859999656677246,0.07439407962825284,0.04870592456791416,0.2071485905879398,0.002772210007268357,7.685148324398824e-06,6.0133377115461636e-05
2013-08-14,1685.3900146484375,13.039999961853027,15.239999771118164,0.07673689440863596,0.05366310520989431,0.168711642308357,-0.005190063227858108,2.6936756309164924e-05,6.74768250020345e-05
2013-08-15,1661.3199462890625,14.729999542236328,16.239999771118164,0.08941237498875802,0.05788762043360525,0.10251189924019412,-0.014384564947961866,0.00020691570874213316,8.61003517913819e-05
2013-08-16,1655.8299560546875,14.369999885559082,15.9399995803833,0.08579383240707539,0.05790616644851543,0.10925537281332665,-0.003310067623478068,1.0956547671997745e-05,8.194321298054287e-05
2013-08-19,1646.06005859375,15.100000381469728,16.399999618530273,0.0865133953422463,0.06448660847245098,0.08609266253104639,-0.005917777957153822,3.502009595017567e-05,9.048016330174044e-05
2013-08-20,1652.3499755859375,14.90999984741211,16.309999465942383,0.08463687491601064,0.06446312355811044,0.09389668899113153,0.0038139130983711445,1.4545933121926984e-05,8.821749819437663e-05
2013-08-21,1642.800048828125,15.9399995803833,16.790000915527344,0.08628313928624468,0.07311685651758834,0.053325053796745674,-0.005796369467346862,3.3597899001990944e-05,0.0001008268200883412
2013-08-22,1656.9599609375,14.760000228881836,15.989999771118164,0.08053585383507565,0.06706414845374271,0.0833333010272933,0.008582441743413965,7.365830627909455e-05,8.645143125261581e-05
2013-08-23,1663.5,13.979999542236328,15.550000190734863,0.08089198111019796,0.05890801431216533,0.1123033404797514,0.00393924191021318,1.551762682717998e-05,7.755570920671745e-05
2013-08-26,1656.780029296875,14.989999771118164,16.209999084472656,0.08142247224115749,0.06847752547002416,0.0813875471636173,-0.004047839230058562,1.638500243240109e-05,8.916670362623914e-05
2013-08-27,1630.47998046875,16.770000457763672,17.68000030517578,0.09263512239911165,0.07506488217852508,0.054263555311402804,-0.01600153922918335,0.00025604925770309373,0.00011160036323547372
2013-08-28,1634.9599609375,16.489999771118164,17.6200008392334,0.09262603173934977,0.07227396597183186,0.06852644534867756,0.0027438773089689754,7.5288626866748265e-06,0.00010790479859185598
2013-08-29,1638.1700439453125,16.809999465942383,17.899999618530273,0.09133551336745264,0.07676448129197118,0.06484236687789711,0.0019614766490956537,3.847390644947514e-06,0.00011213336589086634
2013-08-30,1632.969970703125,17.010000228881836,18.049999237060547,0.0911894596942114,0.07891054259460696,0.061140446454131296,-0.0031793671926351754,1.0108375745604876e-05,0.0001148175030899048
2013-09-03,1639.77001953125,16.610000610351562,17.639999389648438,0.09204455116141265,0.07405545494210299,0.06201076107456412,0.004155575226959593,1.7268805466920275e-05,0.00010948100010947591
2013-09-04,1653.0799560546875,15.880000114440918,17.299999237060547,0.09578179998262397,0.0630182011617852,0.08942059901676659,0.008084187928560308,6.53540944642802e-05,0.00010006920779152522
2013-09-05,1655.0799560546875,15.770000457763672,17.139999389648438,0.09550540289546147,0.06219460168217525,0.08687374078104776,0.0012091315394673384,1.4619990797346557e-06,9.86876644594708e-05
2013-09-06,1655.1700439453125,15.850000381469728,17.170000076293945,0.0950584559182411,0.06344154789645619,0.08328073583944084,5.442965978223178e-05,2.9625878640095e-09,9.969147305261529e-05
2013-09-09,1671.7099609375,15.630000114440918,16.829999923706055,0.0998797820313995,0.05642021911300968,0.0767754190965379,0.009943282138970118,9.886885969516216e-05,9.694321570532662e-05
2013-09-10,1683.989990234375,14.529999732971191,16.110000610351562,0.10178529061313919,0.04351470671657272,0.10874059920283852,0.007318940484802409,5.3566889820079715e-05,8.377813184132654e-05
2013-09-11,1689.1300048828125,13.81999969482422,15.609999656677246,0.10217094924540489,0.03602904770283731,0.12952243135890987,0.0030476346138184848,9.288076739344546e-06,7.579063157338948e-05
2013-09-12,1683.4200439453125,14.289999961853027,15.850000381469728,0.10265891998712497,0.040241079631405316,0.10916727948083291,-0.0033861418278017777,1.1465956477988764e-05,8.103337258323791e-05
2013-09-13,1687.989990234375,14.15999984741211,15.699999809265137,0.09600929482326363,0.04559070365085745,0.10875706062486143,0.002711001653103429,7.349529963129526e-06,7.956571257091704e-05
2013-09-16,1697.5999755859375,14.380000114440918,15.579999923706056,0.09744633310425564,0.04635366804015355,0.08344922112066294,0.005677008295820802,3.22284231908182e-05,8.205730289338129e-05
2013-09-17,1704.760009765625,14.529999732971191,15.65999984741211,0.09820712535681593,0.04709287197289598,0.07777014006935896,0.00420886959655227,1.7714583280782066e-05,8.377813184132654e-05
2013-09-18,1725.52001953125,13.59000015258789,15.18000030517578,0.10273122678212918,0.03316877474374974,0.11699780240878889,0.012104121558415792,0.00014650975870090594,7.328893021719798e-05
2013-09-19,1722.3399658203125,13.15999984741211,15.020000457763672,0.10216186775171937,0.02943813072240173,0.14133743403631788,-0.0018446541484815583,3.4027489275102228e-06,6.872444285074871e-05
2013-09-20,1709.9100341796875,13.119999885559082,15.31999969482422,0.1041396789096134,0.027060319945977435,0.16768291375418637,-0.007243053962847499,5.246183070872086e-05,6.830730039566283e-05
2013-09-23,1701.8399658203125,14.3100004196167,15.920000076293944,0.1045605000165601,0.0385395041796069,0.112508707859309,-0.004730758941951058,2.2380080166849893e-05,8.126036190850401e-05
2013-09-24,1697.4200439453125,14.079999923706056,15.640000343322754,0.10480764060920011,0.03599235862786046,0.11079548494813365,-0.002600521497731875,6.7627120601656345e-06,7.866920549665181e-05
2013-09-25,1692.77001953125,14.010000228881836,15.5600004196167,0.10483053501149021,0.035269467277328145,0.1106352723349364,-0.0027432251543777135,7.52528424761063e-06,7.788893111637663e-05
2013-09-26,1698.6700439453125,14.0600004196167,15.40999984741211,0.10412933762674624,0.03647066656942076,0.09601702613834015,0.0034793658479979504,1.2105986704214496e-05,7.844587769826262e-05
2013-09-27,1691.75,15.460000038146973,16.040000915527344,0.09545736039649853,0.0591426399849712,0.03751622742233122,-0.004082121663443529,1.666371727515496e-05,9.484587348393033e-05
2013-09-30,1681.550048828125,16.600000381469727,16.799999237060547,0.0967538674825819,0.06924613633211536,0.012048123553905176,-0.006047479981190951,3.657201412290531e-05,0.00010934921137491867
2013-10-01,1695.0,15.539999961853027,16.1299991607666,0.09710149946006175,0.05829850015846852,0.03796648650977354,0.007966724683406784,6.346870218120292e-05,9.582999952952065e-05
2013-10-02,1693.8699951171875,16.600000381469727,16.809999465942383,0.09683182641625887,0.06916817739843839,0.012650546966678045,-0.0006668918703408628,4.447447667267342e-07,0.00010934921137491867
2013-10-03,1678.6600341796875,17.670000076293945,17.700000762939453,0.09917042674238731,0.07752957402055215,0.0016978317213340991,-0.009019972500552986,8.135990391073208e-05,0.00012390035821278892
2013-10-04,1690.5,16.739999771118164,17.209999084472656,0.0981973088881122,0.06920268882306943,0.028076422925966273,0.007028466704283861,4.9399344213226836e-05,0.00011120142553056991
2013-10-07,1676.1199951171875,19.40999984741211,19.06999969482422,0.10120180402704047,0.09289819444708063,-0.017516751945426835,-0.008542747536819599,7.297853547783733e-05,0.00014950321193513418
2013-10-08,1655.449951171875,20.34000015258789,19.84000015258789,0.1070223858804757,0.09637761564540319,-0.024582104043710355,-0.012408749931083476,0.00015397707485216417,0.00016417285960606165
2013-10-09,1656.4000244140625,19.600000381469727,19.290000915527344,0.09570686386465002,0.10029313995004724,-0.0158162989749461,0.0005737417306057981,3.291795734385362e-07,0.00015244445037841802
2013-10-10,1692.56005859375,16.479999542236328,17.209999084472656,0.11345393440059533,0.05134606102176796,0.04429608995834156,0.021595622882836497,0.0004663709276976913,0.00010777396226671016
2013-10-11,1703.199951171875,15.720000267028809,16.56999969482422,0.11440230300579685,0.042797699664491234,0.054071209501071214,0.006266595617327234,3.92702206311049e-05,9.806286047435945e-05
2013-10-14,1710.1400146484375,16.06999969482422,16.920000076293945,0.11386450523647418,0.04683549171176801,0.052893615283856686,0.004066441145288558,1.6535943588095717e-05,0.00010247813102843274
2013-10-15,1698.06005859375,18.65999984741211,18.40999984741211,0.11625785079388824,0.07034214768023285,-0.013397642124561519,-0.007088789613758755,5.0250938188133994e-05,0.00013817285488310313
2013-10-16,1721.5400390625,14.710000038146973,16.260000228881836,0.12026312675817359,0.026836873623296134,0.10537050895413307,0.013732804307132302,0.0001885899141379915,8.586670679455712e-05
2013-10-17,1733.1500244140625,13.479999542236328,15.4399995803833,0.12126293411607941,0.013537061306283876,0.14540060123932386,0.0067213144137370845,4.5176067448309886e-05,7.2107296689957e-05
2013-10-18,1744.5,13.039999961853027,14.920000076293944,0.12202434818114818,0.008375651437382087,0.14417178833900562,0.00652740546362272,4.2607022086531735e-05,6.74768250020345e-05
2013-10-21,1744.6600341796875,13.15999984741211,15.140000343322754,0.11959413046533632,0.012005868008784781,0.15045596647936194,9.173220960465485e-05,8.414798278952331e-09,6.872444285074871e-05
2013-10-22,1754.6700439453125,13.329999923706056,15.020000457763672,0.11899788960232696,0.014302109634733606,0.12678173621382552,0.005721116239627231,3.273117102732643e-05,7.051146744682677e-05
2013-10-23,1746.3800048828125,13.420000076293944,15.109999656677246,0.12017700570456132,0.014022995058378132,0.12593141361963475,-0.004735753240036749,2.2427358750518564e-05,7.146682620941646e-05
2013-10-24,1752.0699462890625,13.199999809265137,14.899999618530272,0.11955693906722013,0.012443059025431233,0.12878786619920235,0.003252838544355574,1.058095859564529e-05,6.914285514468241e-05
2013-10-25,1759.77001953125,13.09000015258789,14.869999885559082,0.1198228734037962,0.01107712812208271,0.13598164340886473,0.0043852143927746775,1.9230105270598185e-05,6.799527936299644e-05
2013-10-28,1762.1099853515625,13.3100004196167,14.869999885559082,0.1191311687948388,0.013968835401328192,0.11720506512105036,0.0013288165192369688,1.7657533417970533e-06,7.030004411515742e-05
2013-10-29,1771.949951171875,13.40999984741211,15.029999732971191,0.11948996737477265,0.014610031099348456,0.1208053619681221,0.0055686612140941685,3.100998771735674e-05,7.136035551888604e-05
2013-10-30,1763.31005859375,13.649999618530272,15.130000114440918,0.11622919029810806,0.020270805887194668,0.10842494778545653,-0.0048878496945693045,2.3891074636701244e-05,7.393749586741135e-05
2013-10-31,1756.5400390625,13.75,15.25,0.1167570493348244,0.020742950665175605,0.10909090909090909,-0.003846770567938354,1.4797643802356767e-05,7.50248015873016e-05
2013-11-01,1761.6400146484375,13.279999732971191,15.0600004196167,0.11447293427183328,0.01832706305787865,0.13403619897869234,0.0028992144122096126,8.405444207963929e-06,6.998348924909323e-05
2013-11-04,1767.9300537109375,12.93000030517578,14.68000030517578,0.11338789898164643,0.015912104070111358,0.13534415767178973,0.0035641993780981683,1.270351720683537e-05,6.63432174173991e-05
2013-11-05,1762.969970703125,13.270000457763672,14.920000076293944,0.1134514960110717,0.01924850856656503,0.12434058489914611,-0.0028095308483402836,7.893463587775673e-06,6.987813974168575e-05
2013-11-06,1770.489990234375,12.670000076293944,14.65999984741211,0.11311696448987753,0.013583036273061913,0.15706391153394952,0.004256468712287575,1.8117525898683043e-05,6.370194521162245e-05
2013-11-07,1747.1500244140625,13.90999984741211,15.359999656677246,0.1207263722869219,0.018373626187199205,0.10424154027110952,-0.013270435999594777,0.00017610447161934103,7.67809903789702e-05
2013-11-08,1770.6099853515625,12.899999618530272,14.630000114440918,0.12491647614239,0.004083520042912722,0.134108569540233,0.013338208792264144,0.0001779078137860325,6.603571038019095e-05
2013-11-11,1771.8900146484375,12.529999732971191,14.729999542236328,0.12287758189612695,0.0024224154335849707,0.1755785998523289,0.0007226700649729084,5.222520228079475e-07,6.230194178899133e-05
2013-11-12,1767.68994140625,12.81999969482422,14.880000114440918,0.1219787464181952,0.006221250530047018,0.16068646401359707,-0.002373205445619954,5.632104087120204e-06,6.521920324416394e-05
2013-11-13,1782.0,12.520000457763672,14.829999923706056,0.12331025196968855,0.0018897526079481725,0.18450474292993738,0.008062752720499361,6.500798143191985e-05,6.220254423111213e-05
2013-11-14,1790.6199951171875,12.369999885559082,14.880000114440918,0.11932489089048813,0.004375107965102695,0.20291028715465445,0.004825596820450657,2.3286384673543487e-05,6.072099093997291e-05
2013-11-15,1798.1800537109375,12.1899995803833,14.800000190734863,0.11860194238324015,0.0032980534205928613,0.2141099836091622,0.004213146273881077,1.7750601525118e-05,5.896670228958137e-05
2013-11-18,1791.530029296875,13.100000381469728,14.93000030517578,0.11563611874597853,0.01536388506871876,0.13969464659670017,-0.0037050524235046974,1.372741346091803e-05,6.809921031528056e-05
2013-11-19,1787.8699951171875,13.390000343322754,15.25,0.10788490422328428,0.026015099209943243,0.1389096048533546,-0.0020450552776006604,4.182251088442314e-06,7.114766237864422e-05
2013-11-20,1781.3699951171875,13.399999618530272,14.989999771118164,0.10924451621932173,0.024755479965981,0.11865673118297339,-0.003642235996161311,1.3265883051733179e-05,7.125396419706804e-05
2013-11-21,1795.8499755859375,12.65999984741211,14.520000457763672,0.09469603981033244,0.03190395866378866,0.1469194812614294,0.0080957054207559,6.554044625965648e-05,6.360142703828359e-05
2013-11-22,1804.760009765625,12.260000228881836,14.149999618530272,0.09425311395533698,0.028346888333481382,0.15415981683230456,0.0049491905000291735,2.449448660557902e-05,5.964587524292963e-05
2013-11-25,1802.47998046875,12.789999961853027,14.43000030517578,0.09446941642822186,0.03343058319030841,0.12822520314418728,-0.0012641407872397545,1.5980519299631461e-06,6.491432500960335e-05
2013-11-26,1802.75,12.8100004196167,14.550000190734863,0.09084218423926174,0.03725781995690525,0.13583135941616373,0.00014979323550383503,2.2438013402707382e-08,6.511750426610316e-05
2013-11-27,1807.22998046875,12.979999542236328,14.600000381469728,0.0837873568014833,0.04601263862087998,0.12480746505128842,0.002481998677460743,6.160317434916877e-06,6.685729687160925e-05
2013-11-29,1805.81005859375,13.699999809265137,15.029999732971191,0.08263207867152497,0.0543679194211264,0.09708028775347811,-0.0007859984571164318,6.177935745894113e-07,7.448015665629555e-05
2013-12-02,1800.9000244140625,14.229999542236328,15.1899995803833,0.08196053195533033,0.060339463467032936,0.0674631109648021,-0.002722723534716429,7.413223446498725e-06,8.035432022700241e-05
2013-12-03,1795.1500244140625,14.550000190734863,15.489999771118164,0.08284822086721674,0.06265178104013189,0.06460478131002864,-0.0031979559918936147,1.0226922526088273e-05,8.400893077396212e-05
2013-12-04,1792.81005859375,14.699999809265137,15.56999969482422,0.08182910672097671,0.06517089137167467,0.059183666452209,-0.0013043434697867973,1.7013118871754618e-06,8.574999777475996e-05
2013-12-05,1785.030029296875,15.079999923706056,15.779999732971191,0.08161256842983695,0.0691874308072236,0.04641908572988263,-0.004349015813080098,1.891393854242075e-05,9.024063400752963e-05
2013-12-06,1805.0899658203125,13.789999961853027,14.949999809265137,0.08680569717121878,0.0510943024473115,0.08411891592610525,0.011175194876875877,0.00012488498053615283,7.546194402694702e-05
2013-12-09,1808.3699951171875,13.489999771118164,14.93000030517578,0.08625099889239815,0.048648998818783484,0.10674577898367571,0.0018154512479509814,3.2958632336867756e-06,7.221432294633655e-05
2013-12-10,1802.6199951171875,13.90999984741211,15.220000267028809,0.0870480183262823,0.05205198014783881,0.09417688238583401,-0.0031847248956570497,1.0142472661017807e-05,7.67809903789702e-05
2013-12-11,1782.219970703125,15.420000076293944,15.989999771118164,0.09259310534624651,0.061606895416692925,0.03696496057094798,-0.011381397674606988,0.00012953621302754935,9.435571521940684e-05
2013-12-12,1775.5,15.539999961853027,16.1200008392334,0.09211847637804038,0.06328152324048988,0.03732309387413991,-0.0037776883791563434,1.4270929490012882e-05,9.582999952952065e-05
2013-12-13,1775.3199462890625,15.760000228881836,16.270000457763672,0.0913143227709254,0.06628567951789295,0.032360420144360635,-0.00010141528650587885,1.0285060337069494e-08,9.856254254537916e-05
2013-12-16,1786.5400390625,16.030000686645508,16.389999389648438,0.09265997803485766,0.0676400288315974,0.022457809580934227,0.006300152129396221,3.969191685353574e-05,0.00010196861984676803
2013-12-17,1781.0,16.209999084472656,16.5,0.0927396905243886,0.06936030032033796,0.017890248729571602,-0.0031058059363714124,9.646030514399906e-06,0.00010427145647563665
2013-12-18,1810.6500244140625,13.800000190734863,14.989999771118164,0.10349098398587422,0.0345090179214744,0.08623185245912175,0.01651090600917418,0.0002726100172437841,7.557143066042945e-05
2013-12-19,1809.5999755859373,14.149999618530272,15.279999732971191,0.10307214979921725,0.03842784638608546,0.0798586674844229,-0.0005800974283938427,3.365130264291494e-07,7.945336873190746e-05
2013-12-20,1818.3199462890625,13.789999961853027,15.010000228881836,0.09471488497276098,0.043185114645769296,0.08846992533746689,0.004807155440690711,2.3108743430962302e-05,7.546194402694702e-05
2013-12-23,1827.989990234375,13.039999961853027,14.520000457763672,0.08852429466238726,0.04187570495614301,0.11349697087731675,0.0053040288862060605,2.8132722425708303e-05,6.74768250020345e-05
2013-12-24,1833.3199462890625,12.479999542236328,14.239999771118164,0.0886783240168954,0.036121671405467876,0.14102566453832227,0.002911504304306033,8.476857313992558e-06,6.180570975167419e-05
2013-12-26,1842.02001953125,12.329999923706056,14.029999732971191,0.08862679376297265,0.034673205474087906,0.13787508676270632,0.004734304621132077,2.241364024567254e-05,6.0328927824837836e-05
2013-12-27,1841.4000244140625,12.460000038146973,13.979999542236328,0.08643368633570152,0.038166314045768215,0.1219903290076881,-0.0003366410106074713,1.1332717002281962e-07,6.160777815500896e-05
2013-12-30,1841.0699462890625,13.5600004196167,14.770000457763672,0.08577018809792332,0.049829816098243676,0.08923303839994835,-0.00017926996201467877,3.213771928074437e-08,7.296571880158931e-05
2013-12-31,1848.3599853515625,13.720000267028809,14.770000457763672,0.08568647704565888,0.051513525624629214,0.07653062465736019,0.003951856349111548,1.561716860401325e-05,7.469778068542483e-05
2014-01-02,1831.97998046875,14.229999542236328,15.260000228881836,0.0893669143916112,0.052933081030752074,0.07238234151648026,-0.008901413016629188,7.923515369261554e-05,8.035432022700241e-05
2014-01-03,1831.3699951171875,13.760000228881836,15.09000015258789,0.08903973019980833,0.04856027208901002,0.09665696959178997,-0.00033302052016060914,1.1090266684804268e-07,7.513397075350324e-05
2014-01-06,1826.77001953125,13.550000190734863,14.81999969482422,0.0886097690392401,0.04689023286810852,0.09372689935146641,-0.0025149272537594355,6.324859091701976e-06,7.285813697179159e-05
2014-01-07,1837.8800048828125,12.920000076293944,14.40999984741211,0.08735026688711679,0.04184973387582265,0.1153250590030621,0.006063345375391041,3.676415714127592e-05,6.624063570295061e-05
2014-01-08,1837.489990234375,12.869999885559082,14.289999961853027,0.08648160764798007,0.042218391207610756,0.11033411724325431,-0.0002122315034510835,4.504221105710727e-08,6.572892740249636e-05
2014-01-09,1838.1300048828125,12.890000343322754,14.289999961853027,0.08630582109381582,0.04259418233941173,0.10861129412269549,0.0003482485435141758,1.2127704805974478e-07,6.593337652811935e-05
2014-01-10,1842.3699951171875,12.140000343322754,13.9399995803833,0.08642246942276442,0.03497753401046312,0.14827011418089317,0.002304030490455301,5.308556500947694e-06,5.848397156185579e-05
2014-01-13,1819.199951171875,13.279999732971191,14.979999542236328,0.09450626487154908,0.03829373245816285,0.12801203640421974,-0.012655966458794009,0.00016017348700611897,6.998348924909323e-05
2014-01-14,1838.8800048828125,12.279999732971191,14.489999771118164,0.09924384842495436,0.02355614890475756,0.17996743372992363,0.010759876119934082,0.00011577493411632771,5.984063231816371e-05
2014-01-15,1848.3800048828125,12.279999732971191,14.460000038146973,0.0995735456177331,0.02322645171197882,0.17752445867914707,0.005152889134682223,2.6552266434326105e-05,5.984063231816371e-05
2014-01-16,1845.8900146484373,12.529999732971191,14.6899995803833,0.09906025211307277,0.026239745216639146,0.17238626444087854,-0.0013480284864259254,1.8171808002157712e-06,6.230194178899133e-05
2014-01-17,1838.699951171875,12.4399995803833,14.630000114440918,0.0998524380734954,0.024547557730337607,0.17604506494606642,-0.003902780320014972,1.5231694226296169e-05,6.141015458727647e-05
2014-01-21,1843.800048828125,12.869999885559082,14.619999885559082,0.09876189086652719,0.029938107989063642,0.13597513718423618,0.0027699122428176707,7.67241383291122e-06,6.572892740249636e-05
2014-01-22,1844.8599853515625,12.84000015258789,14.470000267028809,0.09401038448966222,0.034389617036216694,0.1269470479026741,0.0005747000497681626,3.302801472035286e-07,6.542285869780042e-05
2014-01-23,1828.4599609375,13.770000457763672,14.979999542236328,0.09800190895139223,0.0396980956262445,0.08787211650312227,-0.00892932476457093,7.97328407511797e-05,7.524321928841736e-05
2014-01-24,1790.2900390625,18.13999938964844,17.399999618530273,0.11578151703363661,0.06561847686284782,-0.04079381455439558,-0.02109642142734084,0.00044505899703996575,0.00013057919756208168
2014-01-27,1781.56005859375,17.420000076293945,17.1299991607666,0.11180776716647312,0.06239223359646634,-0.016647584056098386,-0.004888221853339347,2.389471288746436e-05,0.00012041920740400043
2014-01-28,1792.5,15.800000190734863,16.200000762939453,0.11258938660995653,0.04541061529739211,0.0253164916060666,0.006121875622432071,3.747736113652806e-05,9.906349445524672e-05
2014-01-29,1774.199951171875,17.350000381469727,17.239999771118164,0.11669409018425077,0.0568059136304465,-0.006340092676254126,-0.01026170390849596,0.00010530256710564126,0.00011945337826865067
2014-01-30,1794.18994140625,17.290000915527344,17.3700008392334,0.11982590055509029,0.053074108600183134,0.00462694733776506,0.011204044372218206,0.00012553061029463444,0.00011862862367418108
2014-01-31,1782.5899658203125,18.40999984741211,18.09000015258789,0.1210168343394336,0.0630831641346875,-0.017381841253475135,-0.006486290214250376,4.2071960743480185e-05,0.00013449527554829918
2014-02-03,1741.8900146484375,21.440000534057617,20.13999938964844,0.1283658360065381,0.0860341693340381,-0.060634380225136356,-0.023096604704486576,0.0005334531488753114,0.00018241016781761545
2014-02-04,1755.199951171875,19.11000061035156,19.07999992370605,0.13093000126797993,0.06017000483553567,-0.0015698945937896495,0.007612043683081426,5.794320903313985e-05,0.00014491750925699882
2014-02-05,1751.6400146484375,19.950000762939453,19.670000076293945,0.12978148622863542,0.06971852140075913,-0.01403512160088019,-0.0020302824086565886,4.122046658900399e-06,0.00015793751207987493
2014-02-06,1773.4300537109375,17.229999542236328,17.790000915527344,0.13440717627691498,0.037892819145448314,0.032501531524610335,0.012363054453375717,0.00015284511541713316,0.00011780670008946989
2014-02-07,1797.02001953125,15.289999961853027,16.34000015258789,0.14021083637270132,0.012689163245828944,0.06867234750519983,0.013214193504296921,0.00017461490996900295,9.277146779105776e-05
2014-02-10,1799.8399658203125,15.260000228881836,16.31999969482422,0.1394492363350058,0.013150765953812565,0.06946261140521971,0.0015680048032540356,2.4586390630277268e-06,9.240778054979117e-05
2014-02-11,1819.75,14.510000228881836,15.75,0.14356787290060677,0.001532129388211595,0.08545828749540416,0.011001375944254965,0.00012103027266683182,8.354766136593292e-05
2014-02-12,1819.260009765625,14.300000190734863,15.649999618530272,0.14356693864247,-0.0005669367351213705,0.09440555313209636,-0.00026929864772088686,7.252176166429832e-08,8.114682756151473e-05
2014-02-13,1829.8299560546875,14.140000343322754,15.5,0.14414965922623021,-0.002749655793002681,0.0961810200605455,0.005793211978776681,3.356130503104162e-05,7.934111496395539e-05
2014-02-14,1838.6300048828125,13.56999969482422,15.170000076293944,0.14253497091050288,-0.006834973962260682,0.11790717888372426,0.004797689385548304,2.3017823440202865e-05,7.307336972917834e-05
2014-02-18,1840.760009765625,13.869999885559082,15.220000267028809,0.14255921460043083,-0.003859215744840022,0.09733240033226646,0.0011578033925587676,1.3405086958205918e-06,7.634003842278133e-05
2014-02-19,1828.75,15.5,16.290000915527344,0.14369322152799227,0.011306778472007728,0.05096780100176411,-0.0065458617731959995,4.284830635378867e-05,9.533730158730159e-05
2014-02-20,1839.780029296875,14.789999961853027,15.720000267028809,0.1436750677193738,0.004224931899156487,0.06288034533972117,0.006013341826934013,3.616027992755409e-05,8.68032138379415e-05
2014-02-21,1836.25,14.68000030517578,15.640000343322754,0.14378582474713814,0.003014178304619669,0.06539509660694652,-0.0019205666731810659,3.6885763461337873e-06,8.551682895236549e-05
2014-02-24,1847.6099853515625,14.229999542236328,15.5,0.14490103321864028,-0.002601037796277017,0.08924810250303661,0.006167455552331448,3.8037507989984e-05,8.035432022700241e-05
2014-02-25,1845.1199951171875,13.670000076293944,15.5,0.14482059351060259,-0.008120592747663163,0.13386978152835427,-0.0013485906767746498,1.8186968134835078e-06,7.415432622455412e-05
2014-02-26,1845.1600341796875,14.350000381469728,15.90999984741211,0.13972704630073396,0.0037729575139633376,0.10871076128728338,2.1699742124629578e-05,4.708788082754234e-10,8.17152821222942e-05
2014-02-27,1854.2900390625,14.039999961853027,15.630000114440918,0.13699375642404574,0.003406243194484543,0.11324787442364347,0.004935881408416543,2.4362925277952078e-05,7.822285671779088e-05
2014-02-28,1859.449951171875,14.0,15.800000190734863,0.1364313174227301,0.003568682577269916,0.12857144219534739,0.0027788242813380905,7.721864386554154e-06,7.77777777777778e-05
2014-03-03,1845.72998046875,16.0,16.920000076293945,0.13814716527483775,0.02185283472516225,0.05750000476837158,-0.007405866200454787,5.484685417903862e-05,0.00010158730158730159
2014-03-04,1873.9100341796875,14.100000381469728,15.6899995803833,0.1443715631704104,-0.003371559355713094,0.11276589758133305,0.015152322676141788,0.00022959288248192063,7.889286141168512e-05
2014-03-05,1873.81005859375,13.890000343322754,15.770000457763672,0.1442401375185585,-0.005340134085330961,0.13534917695986076,-5.335274966455346e-05,2.846515896768509e-09,7.656036092758182e-05
2014-03-06,1877.030029296875,14.210000038146973,15.829999923706056,0.1442806358122561,-0.002180635430786365,0.11400421401901253,0.0017169334968570882,2.947860632629909e-06,8.012861154132419e-05
2014-03-07,1878.0400390625,14.109999656677246,15.869999885559082,0.14144183155180484,-0.0003418349850323743,0.12473425029808237,0.0005379445771157059,2.893843680481956e-07,7.900479774263176e-05
2014-03-10,1877.1700439453125,14.199999809265137,15.970000267028809,0.12528822079190371,0.01671177730074766,0.12464792123509691,-0.0004633536412194934,2.1469659683136302e-07,8.00158708663214e-05
2014-03-11,1867.6300048828125,14.800000190734863,16.350000381469727,0.125382422193531,0.022617579713817643,0.10472974126751691,-0.005095096975215844,2.5960013186853646e-05,8.69206371610127e-05
2014-03-12,1868.199951171875,14.470000267028809,16.079999923706055,0.1246799123634343,0.020020090306853797,0.11126465977652913,0.0003051243232100062,9.310085261436434e-08,8.308766179675153e-05
2014-03-13,1846.3399658203125,16.219999313354492,17.1299991607666,0.1259735899232612,0.036226403210283725,0.05610356879996133,-0.011770091695883623,0.00013853505852950862,0.00010440014989096038
2014-03-14,1841.1300048828125,17.81999969482422,17.93000030517578,0.12294239064176608,0.055257606306476095,0.006172873862815606,-0.002825766417445165,7.984955845960884e-06,0.0001260128528267997
2014-03-17,1858.8299560546875,15.640000343322754,16.690000534057617,0.12340932637383611,0.03299067705939143,0.06713556059371469,0.009567717695038962,9.154122189196167e-05,9.706730584886344e-05
2014-03-18,1872.25,14.520000457763672,16.15999984741211,0.10021663536269423,0.044983369214942476,0.11294761280613798,0.0071936822454731885,5.174906424883617e-05,8.366286241803858e-05
2014-03-19,1860.77001953125,15.119999885559082,16.31999969482422,0.10192704886330259,0.049272949992288234,0.07936506735104153,-0.006150525096734505,3.7828958965561e-05,9.071999862670899e-05
2014-03-20,1872.010009765625,14.520000457763672,15.859999656677246,0.1018686064358533,0.04333139814178341,0.09228644329670752,0.0060223340875217475,3.62685078617264e-05,8.366286241803858e-05
2014-03-21,1866.52001953125,15.0,16.18000030517578,0.09821028317377023,0.051789716826229765,0.07866668701171875,-0.002936980116608755,8.625852205355174e-06,8.928571428571429e-05
2014-03-24,1857.43994140625,15.09000015258789,16.100000381469727,0.0936799649426797,0.0572200365831992,0.06693175736705502,-0.004876580959363224,2.3781041853223945e-05,9.036035897027879e-05
2014-03-25,1865.6199951171875,14.020000457763672,15.529999732971191,0.09415894672169743,0.046041057855939274,0.10770322581347329,0.0043942708488222335,1.930961629280887e-05,7.800016382368792e-05
2014-03-26,1852.56005859375,14.93000030517578,16.079999923706055,0.09232419921017651,0.056975803841581296,0.0770260947772121,-0.007024936954876045,4.934973921998312e-05,8.845432901291623e-05
2014-03-27,1849.0400390625,14.619999885559082,15.869999885559082,0.09257801104237759,0.05362198781321323,0.08549931667473464,-0.0019018913439770551,3.617190684294849e-06,8.481920502132841e-05
2014-03-28,1857.6199951171875,14.40999984741211,15.460000038146973,0.09206434705019513,0.05203565142392595,0.07286607924034313,0.004629489243409657,2.1432170654845714e-05,8.240003793746706e-05
2014-03-31,1872.3399658203125,13.880000114440918,15.079999923706056,0.09374096298317537,0.045059038161233814,0.08645531695757296,0.007892871384796676,6.22974186969422e-05,7.645015999082537e-05
2014-04-01,1885.52001953125,13.100000381469728,14.399999618530272,0.09556004072176681,0.035439963092930474,0.09923658009196885,0.007014688044213445,4.9205848357631046e-05,6.809921031528056e-05
2014-04-02,1890.9000244140625,13.09000015258789,14.449999809265137,0.09313216889426887,0.03776783263161004,0.10389607645714002,0.0028492638318384613,8.118304383422792e-06,6.799527936299644e-05
2014-04-03,1888.77001953125,13.369999885559082,14.5,0.09216232703212353,0.04153767182346728,0.08451758594713449,-0.0011270852130106552,1.270321077387274e-06,7.093527656343247e-05
2014-04-04,1865.0899658203125,13.960000038146973,14.960000038146973,0.0998736018436834,0.039726398537786325,0.07163323762660521,-0.012616542925313997,0.00015917715538629068,7.733396867661249e-05
2014-04-07,1845.0400390625,15.56999969482422,15.899999618530272,0.10358141260682709,0.05211858434141513,0.021194600524992283,-0.010808312332149784,0.0001168196154693011,9.620035337175649e-05
2014-04-08,1851.9599609375,14.890000343322754,15.529999732971191,0.10407534800342141,0.044824655429806126,0.04298182504310268,0.0037435379801772804,1.4014076609029792e-05,8.798099612069513e-05
2014-04-09,1872.1800537109373,13.81999969482422,14.829999923706056,0.10862364920370812,0.029576347744534076,0.07308250732162425,0.010859039341965573,0.0001179187354303561,7.579063157338948e-05
2014-04-10,1833.0799560546875,15.890000343322754,16.06999969482422,0.12442339813188923,0.03447660530133832,0.011327838112798003,-0.021105967737387127,0.00044546187413162626,0.00010019528210745923
2014-04-11,1815.68994140625,17.030000686645508,16.790000915527344,0.12679778767185806,0.043502219194597014,-0.014092763443419339,-0.009532059739897396,9.086016288497281e-05,0.00011508766801077241
2014-04-14,1830.6099853515625,16.110000610351562,16.3700008392334,0.127780026465716,0.03331997963779962,0.016139057667991116,0.008183708150740607,6.697307909649824e-05,0.00010298893637520941
2014-04-15,1842.97998046875,15.609999656677246,15.989999771118164,0.12110380292198485,0.03499619364478761,0.024343377501508865,0.006734579517703411,4.53545612802703e-05,9.669527352439036e-05
2014-04-16,1862.31005859375,14.18000030517578,15.229999542236328,0.1252252706128325,0.016574732438925294,0.07404789946847132,0.010433867948766148,0.00010886560037228952,7.979063835507349e-05
2014-04-17,1864.8499755859373,13.359999656677246,14.84000015258789,0.12518224818936186,0.008417748377410605,0.11077848307959719,0.0013629237070939353,1.8575610313586753e-06,7.082920270889529e-05
2014-04-21,1871.8900146484373,13.25,14.75,0.12570049973137937,0.00679950026862064,0.11320754716981132,0.003768015655572547,1.4197941980639813e-05,6.966765873015874e-05
2014-04-22,1879.550048828125,13.1899995803833,14.609999656677246,0.1262787456659472,0.005621250137885808,0.1076573253577526,0.004083788996128047,1.667733256489652e-05,6.903813052798084e-05
2014-04-23,1875.3900146484373,13.270000457763672,14.829999923706056,0.1255344019660987,0.007165602611538036,0.11755835811065855,-0.002215766862522173,4.909622789051355e-06,6.987813974168575e-05
2014-04-24,1878.6099853515625,13.31999969482422,14.770000457763672,0.12561721985367402,0.007582777094568172,0.10885891863067243,0.001715488275330875,2.9429000227976997e-06,7.040571105957036e-05
2014-04-25,1863.4000244140625,14.0600004196167,15.18000030517578,0.12302264608008315,0.017577358116083852,0.07965859545753935,-0.008129344743501644,6.608624595869782e-05,7.844587769826262e-05
2014-04-28,1869.4300537109373,13.970000267028809,14.93000030517578,0.12293491322259768,0.01676508944769041,0.06871868430902667,0.0032308111625021225,1.0438140767748316e-05,7.744480454793056e-05
2014-04-29,1878.3299560546875,13.710000038146973,14.829999923706056,0.12062089677327713,0.01647910360819259,0.08169218690319287,0.004749460504633521,2.2557375085073702e-05,7.458892898650395e-05
2014-04-30,1883.949951171875,13.40999984741211,14.699999809265137,0.11915360843114436,0.014946390042976737,0.09619686625887429,0.00298754980270127,8.925453823620397e-06,7.136035551888604e-05
2014-05-01,1883.6800537109373,13.25,14.670000076293944,0.11763038559567573,0.014869614404324272,0.10716981707878818,-0.00014327174433241034,2.0526792724051554e-08,6.966765873015874e-05
2014-05-02,1881.1400146484373,12.90999984741211,14.68000030517578,0.1165078795897728,0.012592118884348302,0.13710305799255898,-0.0013493550298709083,1.8207589966379197e-06,6.613813335721456e-05
2014-05-05,1884.6600341796875,13.289999961853027,14.75,0.11622934799831296,0.016670651620217317,0.10985703855061596,0.0018694675823400038,3.494909041420179e-06,7.008892816906884e-05
2014-05-06,1867.719970703125,13.800000190734863,15.119999885559082,0.11844532056421925,0.019554681343129376,0.09565215047681297,-0.009029031461991046,8.152340914162417e-05,7.557143066042945e-05
2014-05-07,1878.2099609375,13.399999618530272,14.619999885559082,0.11886884337558921,0.015131152809713513,0.09104479863877947,0.005600754871033284,3.136845512540306e-05,7.125396419706804e-05
2014-05-08,1875.6300048828125,13.43000030517578,14.579999923706056,0.11698771345627822,0.017312289595479577,0.08562915803412748,-0.0013745692327864058,1.8894405757230082e-06,7.157337626865934e-05
2014-05-09,1878.47998046875,12.920000076293944,14.380000114440918,0.11681958451295,0.012380416249989437,0.11300309826048935,0.0015183231948788392,2.3053053241070857e-06,6.624063570295061e-05
2014-05-12,1896.6500244140625,12.229999542236328,13.880000114440918,0.11921763747179862,0.0030823579505646626,0.13491419738049126,0.009626256172315509,9.266480789504243e-05,5.935432095361143e-05
2014-05-13,1897.449951171875,12.130000114440918,14.039999961853027,0.1172470653699445,0.0040529357744646805,0.15746082682540377,0.0004216687882830338,1.7780456701208196e-07,5.838765983187964e-05
2014-05-14,1888.530029296875,12.170000076293944,14.18000030517578,0.11645988420196443,0.0052401165609750056,0.16516024784561292,-0.004712089565017091,2.220378806874296e-05,5.877337375277563e-05
2014-05-15,1870.8499755859373,13.170000076293944,14.859999656677246,0.11928521963300295,0.012414781129936492,0.12832191120676673,-0.009405904183934903,8.847103351736412e-05,6.882892936888195e-05
2014-05-16,1877.8599853515625,12.4399995803833,14.329999923706056,0.11984433631907587,0.004555659484757141,0.15192929317321738,0.0037399628190006033,1.398732188750694e-05,6.141015458727647e-05
2014-05-19,1885.0799560546875,12.420000076293944,14.109999656677246,0.11438632599732608,0.009813674765613359,0.13607081884073455,0.003837414189704193,1.4725747663343087e-05,6.121285789489745e-05
2014-05-20,1872.8299560546875,12.960000038146973,14.40999984741211,0.11138514550958661,0.018214854871883124,0.11188270100286654,-0.006519604608543308,4.2505244251739135e-05,6.665142896379745e-05
2014-05-21,1888.030029296875,11.90999984741211,13.869999885559082,0.11317958516387948,0.0059204133102416096,0.16456759557162007,0.008083340547746922,6.534039441084951e-05,5.6288927129109705e-05
2014-05-22,1892.489990234375,12.029999732971191,13.829999923706056,0.10912091589176692,0.011179081437944993,0.14962595433826312,0.0023594441947138818,5.566976907969038e-06,5.7428926021939264e-05
2014-05-23,1900.530029296875,11.359999656677246,13.619999885559082,0.08858974049113758,0.025010256075634882,0.19894368813237068,0.004239392917884754,1.797245231221141e-05,5.121015563480442e-05
2014-05-27,1911.9100341796875,11.510000228881836,13.640000343322754,0.0835115647702236,0.03158843751859476,0.1850564788952955,0.0059699502115288725,3.564030552813363e-05,5.2571470344785684e-05
2014-05-28,1909.780029296875,11.68000030517578,13.770000457763672,0.08158501254298026,0.035214990508777536,0.17893836455310252,-0.0011146927500584232,1.2425399270328103e-06,5.413587584480409e-05
2014-05-29,1920.030029296875,11.56999969482422,13.710000038146973,0.08089693617931144,0.03480306076893076,0.1849611408615741,0.005352758657361124,2.8652025243954462e-05,5.31209892612034e-05
2014-05-30,1923.5699462890625,11.399999618530272,13.75,0.076225117141014,0.03777487904428871,0.20614039123737257,0.0018419804431013698,3.3928919527679186e-06,5.1571425120035845e-05
2014-06-02,1924.969970703125,11.579999923706056,13.880000114440918,0.07622678344032578,0.039573215796734784,0.19861832520623807,0.0007275613640587,5.293455384709562e-07,5.321285644167947e-05
2014-06-03,1924.239990234375,11.869999885559082,13.81999969482422,0.07589234773189905,0.04280765112369177,0.1642796822296088,-0.0003792884695348666,1.4385974312210143e-07,5.591146717586216e-05
2014-06-04,1927.8800048828125,12.079999923706056,13.770000457763672,0.07536196884426567,0.0454380303927949,0.13990070734529736,0.0018898766063629325,3.5716335872778745e-06,5.7907300855848555e-05
2014-06-05,1940.4599609375,11.68000030517578,13.579999923706056,0.07651201399022901,0.04028798906152878,0.16267119596635,0.006504082119662981,4.23030842193197e-05,5.413587584480409e-05
2014-06-06,1949.43994140625,10.729999542236328,12.829999923706056,0.07716206695828189,0.030137928464081393,0.19571299823485824,0.00461708354801898,2.1317460489387533e-05,4.568765483190151e-05
2014-06-09,1951.27001953125,11.149999618530272,13.020000457763672,0.07189672578631236,0.039603270398990364,0.1677130854897637,0.0009383308564868176,8.804647962352846e-07,4.933432202112111e-05
2014-06-10,1950.7900390625,10.989999771118164,13.010000228881836,0.07189066444878395,0.03800933326239769,0.18380350316951366,-0.0002460138818795375,6.052283007743903e-08,4.79286091147529e-05
2014-06-11,1943.8900146484373,11.600000381469728,13.289999961853027,0.07256782691491427,0.043432176899783015,0.14568961420751048,-0.0035433111516661626,1.2555053917521788e-05,5.339682890876899e-05
2014-06-12,1930.1099853515625,12.5600004196167,14.109999656677246,0.07615468435759228,0.04944531983857471,0.12340757844559444,-0.007114139088910178,5.0610974976359736e-05,6.260063910348081e-05
2014-06-13,1936.1600341796875,12.18000030517578,13.789999961853027,0.07639025846309515,0.04540974458866265,0.1321838765466281,0.0031296591990707602,9.794766702328232e-06,5.887000295003257e-05
2014-06-16,1937.780029296875,12.649999618530272,13.970000267028809,0.07608909214213025,0.05041090404317247,0.1043478804983474,0.0008363553307868065,6.994902393355085e-07,6.350098823365716e-05
2014-06-17,1941.989990234375,12.0600004196167,13.65999984741211,0.07612432294077268,0.04447568125539432,0.13266993135363941,0.0021702124448891515,4.7098220559517485e-06,5.771571830204562e-05
2014-06-18,1956.97998046875,10.609999656677246,12.619999885559082,0.07231247521084067,0.0337875213559318,0.18944394853178642,0.007689243160729406,5.912446038482394e-05,4.467146536297273e-05
2014-06-19,1959.47998046875,10.619999885559082,12.699999809265137,0.07128957290233574,0.03491042595325508,0.1958568687495381,0.001276663295165036,1.629869169221648e-06,4.4755713321140844e-05
2014-06-20,1962.8699951171875,10.850000381469728,12.869999885559082,0.0708012005627823,0.03769880325191498,0.18617506295568692,0.0017285634956760601,2.9879317585838408e-06,4.671528106265605e-05
2014-06-23,1962.6099853515625,10.979999542236328,12.920000076293944,0.07096209016099415,0.03883790526136913,0.17668493760815676,-0.0001324728528989271,1.7549056755180776e-08,4.7841424582345226e-05
2014-06-24,1949.97998046875,12.130000114440918,13.380000114440918,0.070184450664745,0.05111555047966418,0.1030502875685763,-0.006456106498617479,4.168131112149085e-05,5.838765983187964e-05
2014-06-25,1959.530029296875,11.59000015258789,13.109999656677246,0.07109319156676473,0.04480680995911418,0.1311474964691834,0.004885557422717193,2.3868671330667065e-05,5.330480299086799e-05
2014-06-26,1957.219970703125,11.630000114440918,13.06999969482422,0.0693101214343209,0.04698987971008828,0.12381767551276819,-0.0011795794276391145,1.3914076261094208e-06,5.367337407218086e-05
2014-06-27,1960.9599609375,11.260000228881836,12.81999969482422,0.061607742413187894,0.05099225987563047,0.13854346662809072,0.0019090452380837368,3.6444537210501915e-06,5.031254172794405e-05
2014-06-30,1960.22998046875,11.56999969482422,13.010000228881836,0.06150074160209938,0.054199255346142824,0.12445985929470614,-0.00037232599700135415,1.386266480430524e-07,5.31209892612034e-05
2014-07-01,1973.3199462890625,11.149999618530272,12.739999771118164,0.06298346101012242,0.0485165351751803,0.14260091542473766,0.006655572896822518,4.429665058491849e-05,4.933432202112111e-05
2014-07-02,1974.6199951171875,10.81999969482422,12.489999771118164,0.05827666310208501,0.049923333846157186,0.1543438191678317,0.0006585960751231936,4.3374879016767524e-07,4.645729896666516e-05
2014-07-03,1985.43994140625,10.31999969482422,12.239999771118164,0.05626877108537253,0.04693122586286968,0.1860465245223679,0.005464550227672394,2.9861309190754415e-05,4.226285464332223e-05
2014-07-07,1977.6500244140625,11.329999923706056,12.869999885559082,0.05851463569404736,0.05478536354301321,0.13592232764546125,-0.003931239054323629,1.5454640502239345e-05,5.0940038996499704e-05
2014-07-08,1963.7099609375,11.979999542236328,13.210000038146973,0.06288085784511359,0.05691913757724969,0.10267116384889595,-0.007073762181680688,5.0038111402975926e-05,5.6952535330151836e-05
2014-07-09,1972.8299560546875,11.649999618530272,12.989999771118164,0.06209399390508333,0.054406002280219384,0.1150214760914252,0.004633516553259208,2.1469475649327092e-05,5.385813139355376e-05
2014-07-10,1964.6800537109373,12.59000015258789,13.649999618530272,0.06360890206751633,0.06229109945836257,0.08419376116723055,-0.0041396283244738334,1.7136522664786037e-05,6.290004120720758e-05
2014-07-11,1967.5699462890625,12.079999923706056,13.279999732971191,0.062251698006966144,0.05854830123009443,0.09933773318245052,0.0014698419980472353,2.160435499223489e-06,5.7907300855848555e-05
2014-07-14,1977.0999755859373,11.81999969482422,12.93000030517578,0.0632749093613887,0.05492508758685351,0.09390868350340226,0.004831860726996926,2.334687808509526e-05,5.544142570858916e-05
2014-07-15,1973.280029296875,11.960000038146973,13.15999984741211,0.06381132233140348,0.05578867805006625,0.10033443189278277,-0.0019339645679455134,3.7402189500686763e-06,5.6762540044633175e-05
2014-07-16,1981.5699462890625,11.0,12.630000114440918,0.06443337460204857,0.045566625397951435,0.148181828585538,0.004192285009448555,1.7575253600447073e-05,4.801587301587301e-05
2014-07-17,1958.1199951171875,14.539999961853027,14.970000267028809,0.07437480420055873,0.07102519541797156,0.02957361116258081,-0.011904605927478003,0.0001417196422885444,8.389349162328812e-05
2014-07-18,1978.219970703125,12.0600004196167,13.359999656677246,0.07767174292271029,0.04292826127345671,0.1077942945131228,0.010212608899671183,0.00010429738053764304,5.771571830204562e-05
2014-07-21,1973.6300048828125,12.8100004196167,13.800000190734863,0.07718860494783843,0.05091139924832856,0.07728335196633716,-0.002322946423904652,5.3960800883314115e-06,6.511750426610316e-05
2014-07-22,1983.530029296875,12.239999771118164,13.5,0.07832084428404945,0.04407915342713219,0.10294119709503317,0.005003611167300126,2.5036124713530527e-05,5.945142634800504e-05
2014-07-23,1987.010009765625,11.520000457763672,13.380000114440918,0.07835932226019707,0.03684068231743966,0.16145829711523466,0.001752900777012884,3.072661134052373e-06,5.266286132812509e-05
2014-07-24,1987.97998046875,11.84000015258789,13.449999809265137,0.07736590481725689,0.041034096708622014,0.1359796989804384,0.00048803681255066896,2.381799304046168e-07,5.5629207783048124e-05
2014-07-25,1978.3399658203125,12.6899995803833,14.0,0.07563247813900123,0.051267517664831785,0.10323092694516313,-0.004860946046109087,2.3628796463183564e-05,6.390321005957474e-05
2014-07-28,1978.9100341796875,12.5600004196167,13.920000076293944,0.07532708420396894,0.050272919992198045,0.10828022382492469,0.0002881133935528325,8.300932754452935e-08,6.260063910348081e-05
2014-07-29,1969.949951171875,13.279999732971191,14.220000267028809,0.07685490652513186,0.05594509080458007,0.07078317416858161,-0.004538068413714011,2.05940649275488e-05,6.998348924909323e-05
2014-07-30,1970.0699462890625,13.329999923706056,14.260000228881836,0.0767112303118974,0.056588768925163166,0.06976746515368451,6.091091941020138e-05,3.710140103396047e-09,7.051146744682677e-05
2014-07-31,1930.6700439453125,16.950000762939453,16.3799991607666,0.09446626650341074,0.07503374112598381,-0.03362841159388847,-0.02020193215523012,0.00040811806280452066,0.00011400893883478099
2014-08-01,1925.1500244140625,17.030000686645508,16.780000686645508,0.09457020990567296,0.07572979696078212,-0.01467997592014448,-0.002863216231298331,8.198007187170218e-06,0.00011508766801077241
2014-08-04,1938.989990234375,15.119999885559082,15.8100004196167,0.09700797297112,0.05419202588447082,0.04563495630159547,0.007163314449646609,5.13130739045159e-05,9.071999862670899e-05
2014-08-05,1920.2099609375,16.8700008392334,17.139999389648438,0.1006913658650952,0.06800864252723879,0.01600465542284515,-0.009732679197336652,9.47250443582696e-05,0.00011293528901418077
2014-08-06,1920.239990234375,16.3700008392334,16.93000030517578,0.09922857072311281,0.06447143766922117,0.03420888437587932,1.5638426360123552e-05,2.4456037902100716e-10,0.00010634005058591355
2014-08-07,1909.5699462890625,16.65999984741211,17.219999313354492,0.09891366455851151,0.06768633391560959,0.033613413629734856,-0.005572115446733026,3.1048470551720796e-05,0.00011014110909356013
2014-08-08,1931.5899658203125,15.770000457763672,16.690000534057617,0.10515228832101686,0.05254771625661986,0.0583386207729007,0.011465422557972033,0.00013145591443285395,9.86876644594708e-05
2014-08-11,1936.9200439453125,14.229999542236328,15.760000228881836,0.10534503506831859,0.03695496035404468,0.10751937708109435,0.0027556250258418476,7.593469283045883e-06,8.035432022700241e-05
2014-08-12,1933.75,14.130000114440918,15.699999809265137,0.10540482859129939,0.0358951725531098,0.11111108861348647,-0.0016379823741559415,2.6829862580455347e-06,7.922892985480173e-05
2014-08-13,1946.719970703125,12.899999618530272,14.850000381469728,0.10542197087725742,0.0235780253080453,0.1511628543103496,0.006684767102510805,4.46861112148107e-05,6.603571038019095e-05
2014-08-14,1955.1800537109373,12.420000076293944,14.43000030517578,0.1062940423943195,0.01790595836861994,0.1618357662266302,0.004336398273697699,1.8804349988128385e-05,6.121285789489745e-05
2014-08-15,1955.06005859375,13.149999618530272,14.420000076293944,0.10487351868468951,0.026626477500613213,0.09657798438062733,-6.137480757115501e-05,3.766867004396306e-09,6.862003570132791e-05
2014-08-18,1971.739990234375,12.31999969482422,13.90999984741211,0.10750625597388239,0.015693740974359813,0.12905845714069838,0.0084954832196601,7.217323513552635e-05,6.023110812717018e-05
2014-08-19,1981.5999755859373,12.210000038146973,13.789999961853027,0.10638500130746226,0.015714999074007474,0.12940212274936572,0.004988190179197795,2.4882041263845327e-05,5.9160357512519476e-05
2014-08-20,1986.510009765625,11.779999732971191,13.760000228881836,0.10580367089676321,0.011996326432948706,0.16808153996547182,0.0024747482825436223,6.124379061952608e-06,5.5066822900317994e-05
2014-08-21,1992.3699951171875,11.760000228881836,13.529999732971191,0.10525205880802356,0.012347943480794793,0.1505101589830199,0.002945547280270624,8.676248780309671e-06,5.4880002136230486e-05
2014-08-22,1988.4000244140625,11.470000267028809,13.510000228881836,0.10544384660639457,0.009256156063893517,0.17785526716308173,-0.0019945749188226202,3.978329106796262e-06,5.220670878001625e-05
2014-08-25,1997.9200439453125,11.699999809265137,13.56999969482422,0.10542347056129073,0.01157652753136064,0.15982905265333813,0.004776353863603847,2.2813556230363398e-05,5.432142680031914e-05
2014-08-26,2000.02001953125,11.630000114440918,13.710000038146973,0.10521646845887651,0.011083532685532665,0.1788477990746817,0.0010505288952435787,1.103610959741694e-06,5.367337407218086e-05
2014-08-27,2000.1199951171875,11.779999732971191,13.920000076293944,0.10461899308631124,0.01318100424340067,0.1816638702743836,4.998604328455613e-05,2.4986045232455187e-09,5.5066822900317994e-05
2014-08-28,1996.739990234375,12.050000190734863,14.130000114440918,0.09825045754230204,0.0222495443650466,0.17261409882012682,-0.0016913305449461642,2.8605990122678886e-06,5.762004150663105e-05
2014-08-29,2003.3699951171875,12.09000015258789,14.260000228881836,0.09437475625834592,0.026525245267532985,0.17948718353237175,0.0033149143290199016,1.0988657008741464e-05,5.800321574983143e-05
2014-09-02,2002.280029296875,12.25,14.460000038146973,0.09406563590010678,0.028434364099893222,0.1804081663793447,-0.0005442142177026967,2.9616911474975815e-07,5.95486111111111e-05
2014-09-03,2000.719970703125,12.359999656677246,14.390000343322754,0.09313787479298889,0.030462121773783574,0.16423954231655985,-0.0007794447528015455,6.075341226698624e-07,6.0622853775024464e-05
2014-09-04,1997.6500244140625,12.640000343322754,14.539999961853027,0.09317596530144452,0.033224038131783026,0.1503164214337995,-0.001535599204712169,2.358064917512646e-06,6.340063836476166e-05
2014-09-05,2007.7099609375,12.09000015258789,14.079999923706056,0.0942282775671514,0.02667172395872751,0.1645988210092952,0.005023247704958486,2.52330175053707e-05,5.800321574983143e-05
2014-09-08,2001.5400390625,12.65999984741211,14.390000343322754,0.09351383981171525,0.03308615866240584,0.13665090969683402,-0.003077845854315851,9.473135102929272e-06,6.360142703828359e-05
2014-09-09,1988.43994140625,13.5,14.84000015258789,0.09566344588950872,0.03933655411049129,0.09925927056206597,-0.006566521532685439,4.311920503922153e-05,7.232142857142858e-05
2014-09-10,1995.68994140625,12.880000114440918,14.630000114440918,0.0951078870090097,0.03369211413539948,0.1358695640101679,0.0036394436003678032,1.3245549720258157e-05,6.583111228095161e-05
2014-09-11,1997.449951171875,12.800000190734863,14.68000030517578,0.09510974744676215,0.03289025446058649,0.14687500675208842,0.0008815167647232053,7.770718064880669e-07,6.501587495349704e-05
2014-09-12,1985.5400390625,13.3100004196167,15.039999961853027,0.07508628750207512,0.058013716694091874,0.12997742206578747,-0.0059804054920065425,3.576524984882202e-05,7.030004411515742e-05
2014-09-15,1984.1300048828125,14.119999885559082,15.579999923706056,0.0743962761537502,0.06680372270184061,0.10339943696742925,-0.0007104037481093734,5.04673485327846e-07,7.911682411436051e-05
2014-09-16,1998.97998046875,12.729999542236328,14.850000381469728,0.07461168201145066,0.052688313410912624,0.1665358142551018,0.007456507324556423,5.559950148116358e-05,6.430670172434012e-05
2014-09-17,2001.5699462890625,12.649999618530272,14.619999885559082,0.06729389559727832,0.059206100588024405,0.15573125110162597,0.0012948050790884346,1.6765201928332074e-06,6.350098823365716e-05
2014-09-18,2011.3599853515625,12.029999732971191,14.229999542236328,0.06790854090230339,0.05239145642740853,0.18287613118024373,0.004879257127339826,2.380715011469649e-05,5.7428926021939264e-05
2014-09-19,2010.4000244140625,12.109999656677246,14.380000114440918,0.06480278001642302,0.056297216550349444,0.18744843287522578,-0.00047738351040339826,2.2789501600507145e-07,5.8195274478064695e-05
2014-09-22,1994.2900390625,13.6899995803833,15.260000228881836,0.06396033368962091,0.07293966211421209,0.11468230070278625,-0.0080456025302185,6.473172007425833e-05,7.437146369479957e-05
2014-09-23,1982.77001953125,14.93000030517578,16.06999969482422,0.06673541029095041,0.0825645927608074,0.07635628709620562,-0.0057932500796262516,3.356174648508957e-05,8.845432901291623e-05
2014-09-24,1998.300048828125,13.270000457763672,15.220000267028809,0.06932165452378082,0.0633783500538559,0.14694798357179262,0.0078019767586544365,6.0870841342583985e-05,6.987813974168575e-05
2014-09-25,1965.989990234375,15.640000343322754,16.59000015258789,0.08372811071328669,0.07267189271994086,0.060741674450840014,-0.016300913265170507,0.0002657197732786118,9.706730584886344e-05
2014-09-26,1982.8499755859373,14.850000381469728,16.020000457763672,0.08632227415145903,0.06217772966323824,0.07878788190159944,0.00853926112400154,7.291898054388404e-05,8.750893306732186e-05
2014-09-29,1977.800048828125,15.979999542236328,16.81999969482422,0.08675526110237322,0.07304473431999006,0.05256571818839592,-0.002550050856915712,6.502759372856556e-06,0.00010133348625788621
2014-09-30,1972.2900390625,16.309999465942383,17.079999923706055,0.08369982373861704,0.07940017092080678,0.04721033004149039,-0.0027898165443120183,7.783076350917052e-06,0.0001055619375313654
2014-10-01,1946.1600341796875,16.709999084472656,17.6200008392334,0.09077905159931786,0.07632093924540871,0.05445851613518868,-0.013337106112637435,0.00017787839945975083,0.00011080320214407819
2014-10-02,1946.1700439453125,16.15999984741211,17.239999771118164,0.09033289958683317,0.07126709888728792,0.06683167907820295,5.143328250229687e-06,2.645382548961077e-11,0.00010362920439220612
2014-10-03,1967.9000244140625,14.550000190734863,16.040000915527344,0.09609201316341516,0.04940798874393347,0.10240554675327646,0.011103635523902509,0.00012329072184766974,8.400893077396212e-05
2014-10-06,1964.8199462890625,15.460000038146973,16.549999237060547,0.09603872989409043,0.0585612704873793,0.07050447582302988,-0.0015663860013981836,2.4535651053761903e-06,9.484587348393033e-05
2014-10-07,1935.0999755859373,17.200000762939453,17.68000030517578,0.10387226940320222,0.0681277382261923,0.027906948892152082,-0.015241618619128747,0.00023230693813097207,0.00011739683581155466
2014-10-08,1968.8900146484373,15.109999656677246,16.280000686645508,0.11665433631370435,0.0344456602530681,0.07743223405377297,0.01731094749805919,0.0002996689032805618,9.060003556539145e-05
2014-10-09,1928.2099609375,18.76000022888184,18.09000015258789,0.13068607329609547,0.056913928992722934,-0.03571428934539428,-0.020877848454314847,0.00043588455608133684,0.00013965778118557408
2014-10-10,1906.1300048828125,21.239999771118164,19.93000030517578,0.13405309206813257,0.07834690564304908,-0.06167605838318796,-0.011517080026210946,0.0001326431323301471,0.00017902285328456338
2014-10-13,1874.739990234375,24.63999938964844,22.1200008392334,0.14007091660507462,0.10632907729140978,-0.10227267097554087,-0.016605033202522507,0.0002757271276568749,0.00024092443250868072
2014-10-14,1877.699951171875,22.790000915527344,21.3700008392334,0.1404250057123179,0.08747500344295556,-0.06230803068228344,0.001577619680866768,2.4888838574581633e-06,0.0002061048181467211
2014-10-15,1862.489990234375,25.270000457763672,22.770000457763672,0.14141922031647994,0.11128078426115676,-0.09893153758261718,-0.008133300726077349,6.615058070081034e-05,0.0002534019536251492
2014-10-16,1862.760009765625,25.200000762939453,22.850000381469727,0.1415908549944672,0.11040915263492732,-0.09325398056835657,0.0001449672004417697,2.1015489203924235e-08,0.00025200001525878924
2014-10-17,1886.760009765625,21.989999771118164,21.25,0.1468003181166028,0.07309967959457883,-0.033651649787194884,0.012801813377146141,0.0001638864257432779,0.00019188892457689557
2014-10-20,1904.010009765625,18.56999969482422,19.670000076293945,0.15027706446860756,0.03542293247963463,0.05923534731001184,0.009101116121281314,8.283031465304664e-05,0.00013684320978800459
2014-10-21,1941.280029296875,16.079999923706055,17.8700008392334,0.16133802817170104,-0.0005380289346404998,0.11131846542414606,0.01938537082775091,0.00037579260212941594,0.00010260571331205821
2014-10-22,1927.1099853515625,17.8700008392334,19.059999465942383,0.16184543012213126,0.01685457827020273,0.06659197374497906,-0.007326100661612184,5.367175090407448e-05,0.00012672100396595335
2014-10-23,1950.8199462890625,16.530000686645508,18.21999931335449,0.1663704678302263,-0.0010704609637712248,0.10223826718133902,0.012228305721599457,0.00014953146082090203,0.00010842893757956387
2014-10-24,1964.5799560546875,16.110000610351562,17.920000076293945,0.1671126402855066,-0.006012634181990967,0.11235253863239202,0.007028690175716194,4.9402485586209343e-05,0.00010298893637520941
2014-10-27,1961.6300048828125,16.040000915527344,17.860000610351562,0.16714310760197754,-0.006743098446704093,0.11346630866226375,-0.001502696878837878,2.2580979096691005e-06,0.00010209588467068177
2014-10-28,1985.050048828125,14.390000343322754,16.459999084472656,0.16941427555830102,-0.025514272125073484,0.14384980484801885,0.011868364566910393,0.0001408580774930941,8.217147217493213e-05
2014-10-29,1982.300048828125,15.149999618530272,16.889999389648438,0.16938236397085812,-0.01788236778555541,0.11485147293270799,-0.0013863159906425204,1.9218720259111527e-06,9.108035255613785e-05
2014-10-30,1994.6500244140625,14.520000457763672,16.739999771118164,0.16978119103361322,-0.02458118645597651,0.1528925098736815,0.006210797247873184,3.857400245418912e-05,8.366286241803858e-05
2014-10-31,2018.050048828125,14.029999732971191,16.510000228881836,0.17326768858936048,-0.032967691259648574,0.17676411568864972,0.011663114233148569,0.00013602823361547273,7.811146528062368e-05
2014-11-03,2017.81005859375,14.729999542236328,16.809999465942383,0.17153331566942293,-0.024233320247059653,0.1412084174029965,-0.00011892891639947338,1.4144087155952927e-08,8.61003517913819e-05
2014-11-04,2012.0999755859373,14.890000343322754,16.93000030517578,0.1708191584760456,-0.02191915504281805,0.13700469542083263,-0.0028338532526651443,8.030724257640819e-06,8.798099612069513e-05
2014-11-05,2023.5699462890625,14.170000076293944,16.56999969482422,0.1701403197009028,-0.028440318937963366,0.16937188465830813,0.005684311060804709,3.231139223598676e-05,7.967813577863902e-05
2014-11-06,2031.2099609375,13.670000076293944,16.260000228881836,0.16278620215475548,-0.026086201391816055,0.18946599401117664,0.003768403644328259,1.4200866026586504e-05,7.415432622455412e-05
2014-11-07,2031.9200439453125,13.119999885559082,15.829999923706056,0.16125190733565234,-0.030051908480061507,0.20655488275802628,0.00034952512678080786,1.2216781425113982e-07,6.830730039566283e-05
2014-11-10,2038.260009765625,12.670000076293944,15.039999961853027,0.16106047720584712,-0.034360476442907684,0.18705602772595437,0.003115327019558855,9.70526243879346e-06,6.370194521162245e-05
2014-11-11,2039.6800537109373,12.920000076293944,15.359999656677246,0.16066339220874418,-0.031463391445804734,0.18885445557080893,0.0006964516302872132,4.850448733297172e-07,6.624063570295061e-05
2014-11-12,2038.25,13.020000457763672,15.739999771118164,0.15485191629053172,-0.02465191171289499,0.20890931011700456,-0.0007013625789178698,4.919094671063251e-07,6.727000473022469e-05
2014-11-13,2039.3299560546875,13.789999961853027,15.890000343322754,0.15481416175435378,-0.0169141621358235,0.15228429204343083,0.0005297044284002311,2.8058678146681555e-07,7.546194402694702e-05
2014-11-14,2039.8199462890625,13.3100004196167,15.960000038146973,0.15217309167308912,-0.01907308747692213,0.19909838730167284,0.0002402413485468054,5.771590555158764e-08,7.030004411515742e-05
2014-11-17,2041.3199462890625,13.989999771118164,15.93000030517578,0.15195602456585702,-0.012056026854675383,0.13867051935645308,0.0007350887776586797,5.403555110397318e-07,7.766670380789137e-05
2014-11-18,2051.800048828125,13.859999656677246,15.699999809265137,0.143976278224559,-0.00537628165778653,0.13275614705383093,0.005120849353688389,2.622309810317079e-05,7.622999622344975e-05
2014-11-19,2048.719970703125,13.960000038146973,15.970000267028809,0.13667645080207658,0.002923549579393142,0.14398282402502344,-0.0015022868756188182,2.2568658566565502e-06,7.733396867661249e-05
2014-11-20,2052.75,13.579999923706056,16.010000228881836,0.1193701151737968,0.016429884063263775,0.17893964056169295,0.001965164013202754,3.861869598787155e-06,7.318111028883196e-05
2014-11-21,2063.5,12.899999618530272,15.789999961853027,0.11245234459582526,0.016547651589477463,0.2240310409909935,0.0052232126037382535,2.7281949903850147e-05,6.603571038019095e-05
2014-11-24,2069.409912109375,12.619999885559082,15.550000190734863,0.09652127022018925,0.02967872863540158,0.23217118318111446,0.00285992981373923,8.179198539514506e-06,6.320015758393304e-05
2014-11-25,2067.030029296875,12.25,15.40999984741211,0.09726368724507445,0.02523631275492555,0.25795917121731504,-0.0011506914684172845,1.3240908554883265e-06,5.95486111111111e-05
2014-11-26,2072.830078125,12.06999969482422,15.31999969482422,0.09116149857281261,0.0295384983754296,0.26926264143930706,0.0028020524716035632,7.851498053619637e-06,5.781146533057809e-05
2014-11-28,2067.56005859375,13.329999923706056,15.93000030517578,0.0923646831965808,0.04093531604047977,0.19504879192428842,-0.0025456646370122207,6.480408444134562e-06,7.051146744682677e-05
2014-12-01,2053.43994140625,14.15999984741211,16.65999984741211,0.09268754352769251,0.04891245494642857,0.1765536742189232,-0.006852789344834434,4.6960721804676357e-05,7.956571257091704e-05
2014-12-02,2066.550048828125,12.850000381469728,15.960000038146973,0.09140690640229195,0.03709309741240534,0.24202331240098654,0.006364166758848178,4.050261853442812e-05,6.552480547768736e-05
2014-12-03,2074.330078125,12.5,15.529999732971191,0.07670269146662127,0.04829730853337873,0.2423999786376953,0.0037576738340269794,1.412011264293102e-05,6.200396825396825e-05
2014-12-04,2071.919921875,12.380000114440918,15.640000343322754,0.07197886901642546,0.05182113212798373,0.26332796435753975,-0.0011625717317858438,1.3515730315475359e-06,6.0819207473633795e-05
2014-12-05,2075.3701171875,11.890000343322754,15.300000190734863,0.06570187557283132,0.053198127860396224,0.28679560546246025,0.0016638315989210529,2.7683355895681872e-06,5.610004292230762e-05
2014-12-08,2060.31005859375,14.210000038146973,16.780000686645508,0.06929762301977821,0.07280237736169151,0.18085859546793295,-0.007283022149715385,5.304241163324491e-05,8.012861154132419e-05
2014-12-09,2059.820068359375,15.350000381469728,17.229999542236328,0.0689035880721478,0.08459641574254947,0.12247551231569377,-0.00023785182583414743,5.65734910526376e-08,9.350099671076222e-05
2014-12-10,2026.1400146484373,18.530000686645508,19.13999938964844,0.08034236728967338,0.10495763957678171,0.032919518639983464,-0.016486121183048767,0.00027179219166216924,0.00013625433549487422
2014-12-11,2035.3299560546875,20.07999992370605,20.71999931335449,0.08084469915230116,0.11995530008475935,0.03187247968526468,0.004525433971620777,2.0479552631499395e-05,0.00016000253846668058
2014-12-12,2002.3299560546875,21.07999992370605,21.0,0.09338206147757852,0.11741793775948198,-0.0037950628081400125,-0.01634646579165845,0.00026720694387785996,0.00017633587173946312
2014-12-15,1989.6300048828125,20.420000076293945,21.059999465942383,0.08852108826251523,0.11567891250042422,0.03134179173639807,-0.006362786271721939,4.048504913961317e-05,0.00016546682663327173
2014-12-16,1972.739990234375,23.56999969482422,23.09000015258789,0.09153079441001001,0.14416920253823218,-0.02036485144044071,-0.008525259865380821,7.268005577227302e-05,0.00022045431968810067
2014-12-17,2012.8900146484373,19.440000534057617,20.43000030517578,0.10946864059636402,0.08493136474421215,0.05092591275312718,0.02014807324329562,0.00040594485541720483,0.00014996572252546047
2014-12-18,2061.22998046875,16.809999465942383,18.479999542236328,0.1284444956674458,0.03965549899197801,0.09934563529745619,0.02373137488570905,0.0005631781539660622,0.00011213336589086634
2014-12-19,2070.64990234375,16.489999771118164,18.46999931335449,0.12863364585288614,0.03626635185829549,0.12007274528312886,0.004559637967419008,2.079029839392894e-05,0.00010790479859185598
2014-12-22,2078.5400390625,15.25,17.59000015258789,0.12895469501776322,0.02354530498223678,0.153442632956583,0.003803222479927145,1.4464501231823183e-05,9.228670634920634e-05
2014-12-23,2082.169921875,14.800000190734863,17.940000534057617,0.12879790139507702,0.019202100512271614,0.21216218262540737,0.0017448386297044874,3.0444618437090335e-06,8.69206371610127e-05
2014-12-24,2081.8798828125,14.369999885559082,17.260000228881836,0.12882146689441074,0.01487853196118008,0.20111345625179974,-0.0001393062410745646,1.9406228802324707e-08,8.194321298054287e-05
2014-12-26,2088.77001953125,14.5,17.15999984741211,0.1289705265490145,0.016029473450985487,0.18344826533876615,0.0033041099821209488,1.0917142773951296e-05,8.343253968253968e-05
2014-12-29,2090.570068359375,15.0600004196167,17.270000457763672,0.1289677083061983,0.021632295889968678,0.1467463463857739,0.000861403428089447,7.42015865924251e-07,9.000143358684727e-05
2014-12-30,2080.35009765625,15.920000076293944,18.020000457763672,0.1300273289820048,0.029172671780934634,0.13190957106820522,-0.004900593034504285,2.4015812089831914e-05,0.00010057396921793619
2014-12-31,2058.89990234375,19.200000762939453,19.739999771118164,0.13389055675925524,0.0581094508701393,0.028124947225056204,-0.01036438356125046,0.00010742044660471878,0.0001462857259114586
2015-01-02,2058.199951171875,17.790000915527344,19.459999084472656,0.1331101282428021,0.044789880912471325,0.09387285458134612,-0.0003400214731352804,1.1561460219308621e-07,0.00012558894149780305
2015-01-05,2020.5799560546875,19.920000076293945,20.790000915527344,0.14353809309979146,0.05566190766314799,0.043674740758096395,-0.01844721353258727,0.0003402996871168709,0.0001574628583490281
2015-01-06,2002.6099853515625,21.1200008392334,21.420000076293945,0.14540069560847138,0.06579931278386261,0.014204508766081852,-0.00893325469070017,7.98030393689166e-05,0.00017700572835286488
2015-01-07,2025.9000244140625,19.309999465942383,20.07999992370605,0.14881279749832574,0.04428719716109808,0.03987573687517397,0.011562735844876304,0.00013369686021838734,0.00014796669816456154
2015-01-08,2062.139892578125,17.010000228881836,18.65999984741211,0.15779800639649108,0.012301995892327278,0.09700173993699807,0.017730168127155693,0.00031435886181720765,0.0001148175030899048
2015-01-09,2044.81005859375,17.549999237060547,19.31999969482422,0.1596162696517331,0.015883722718872367,0.10085473132249148,-0.008439322147078786,7.122215830217449e-05,0.00012222320365905782
2015-01-12,2028.260009765625,19.600000381469727,20.479999542236328,0.16087258016156136,0.0351274236531359,0.04489791549180643,-0.008126616843470486,6.60419013205782e-05,0.00015244445037841802
2015-01-13,2023.030029296875,20.559999465942383,21.270000457763672,0.1608761773683555,0.044723817291068335,0.03453312306731354,-0.0025818854358163217,6.666132403680438e-06,0.0001677434833490282
2015-01-14,2011.27001953125,21.479999542236328,20.93000030517578,0.16056470352186944,0.05423529190049384,-0.02560517917977969,-0.00583002896797565,3.3989237767435226e-05,0.00018309142076764796
2015-01-15,1992.6700439453125,22.38999938964844,22.11000061035156,0.16099687827591375,0.06290311562057066,-0.01250552867037298,-0.009290903004567546,8.632087864028225e-05,0.00019893336217002283
2015-01-16,2019.4200439453125,20.950000762939453,21.149999618530277,0.16588519837159554,0.04361480925779898,0.009546484406082781,0.013334893186267299,0.00017781937628915802,0.0001741676714155411
2015-01-20,2022.550048828125,19.88999938964844,20.8700008392334,0.1660331497339113,0.0328668441625731,0.049271064839498675,0.001548752433400387,2.39863409996362e-06,0.0001569889189365934
2015-01-21,2032.1199951171875,18.850000381469727,20.040000915527344,0.1666630690418164,0.021836934772880845,0.0631300005292007,0.004720465022189361,2.2282790025713202e-05,0.0001410009977704003
2015-01-22,2063.14990234375,16.399999618530273,18.600000381469727,0.1715785066259568,-0.007578510440654079,0.1341463911044049,0.015154313070630327,0.00022965320464267717,0.00010673015376499727
2015-01-23,2051.820068359375,16.65999984741211,19.0,0.17233210480380234,-0.005732106329681241,0.14045619291835562,-0.005506656279301935,3.0323263378375432e-05,0.00011014110909356013
2015-01-26,2057.090087890625,15.520000457763672,18.030000686645508,0.16532262280228707,-0.010122618224650354,0.16172681410110668,0.0025651679986232745,6.580086861160936e-06,9.558349770197802e-05
2015-01-27,2029.550048828125,17.219999313354492,19.11000061035156,0.16969512566058767,0.0025048674729572507,0.10975617725671619,-0.013478287815857576,0.0001816642424470948,0.0001176699906158449
2015-01-28,2002.1600341796875,20.440000534057617,21.440000534057617,0.16757424053355352,0.036825764807022654,0.048923677782384406,-0.01358750281102202,0.0001846202326395313,0.00016579111977471257
2015-01-29,2021.25,18.76000022888184,20.0,0.16864111849263932,0.018958883796179077,0.06609806801649856,0.00948951705826357,9.005093399907529e-05,0.00013965778118557408
2015-01-30,1994.989990234375,20.96999931335449,21.81999969482422,0.1712596298457195,0.03844036328782541,0.04053411584655693,-0.013077099006318498,0.00017101051842105625,0.00017450034571511418
2015-02-02,2020.8499755859373,19.43000030517578,20.90999984741211,0.16515339289428718,0.029146610157470637,0.07617084503298152,0.012879170000215295,0.00016587301989444566,0.0001498114729599726
2015-02-03,2050.030029296875,17.329999923706055,19.489999771118164,0.1554467677672617,0.017853231469798836,0.12463934546574361,0.014336238577453099,0.00020552773654965444,0.00011917813387129041
2015-02-04,2041.510009765625,18.32999992370605,20.43000030517578,0.15519076454230618,0.02810923469475432,0.11456630606712744,-0.0041647065724529616,1.7344780834632895e-05,0.00013332892746153327
2015-02-05,2062.52001953125,16.850000381469727,19.270000457763672,0.15782993711341092,0.01067006670128634,0.14362017931793442,0.010238810710909235,0.00010483324477382968,0.00011266766383155949
2015-02-06,2055.469970703125,17.290000915527344,19.8799991607666,0.15797089630539718,0.014929112849876247,0.14979746142831613,-0.00342402761187852,1.1723965086906521e-05,0.00011862862367418108
2015-02-09,2046.739990234375,18.549999237060547,20.670000076293945,0.15835518114535874,0.02714481122524673,0.11428576422784457,-0.004256239310481708,1.8115573068089807e-05,0.00013654859987894717
2015-02-10,2068.590087890625,17.229999542236328,19.729999542236328,0.1613009734436072,0.010999021978756102,0.14509576705859378,0.010618979554062366,0.00011276272676959457,0.00011780670008946989
2015-02-11,2068.530029296875,16.959999084472656,19.709999084472656,0.16126476986299032,0.008335220981736252,0.1621462351680019,-2.9034010158247172e-05,8.429737458692e-10,0.00011414347974020372
2015-02-12,2088.47998046875,15.34000015258789,18.34000015258789,0.16317573814850753,-0.009775736622628622,0.19556714277436912,0.009598295065916026,9.212726817238792e-05,9.337920820690337e-05
2015-02-13,2096.989990234375,14.6899995803833,18.1299991607666,0.1604482498635244,-0.0135482540596914,0.23417288486359114,0.004066459227779422,1.653609065119241e-05,8.563336812367522e-05
2015-02-17,2100.340087890625,15.800000190734863,18.3799991607666,0.16044665881357342,-0.002446656906224781,0.16329107208142013,0.0015962996977983961,2.548172725191251e-06,9.906349445524672e-05
2015-02-18,2099.679931640625,15.449999809265137,18.65999984741211,0.1499291916945511,0.004570806398100258,0.20776699532526746,-0.00031435862322874816,9.882134399827405e-08,9.472321194694156e-05
2015-02-19,2097.449951171875,15.289999961853027,18.010000228881836,0.1469764695103185,0.005923530108211755,0.17789406630575072,-0.0010626217157189283,1.1291649107174387e-06,9.277146779105776e-05
2015-02-20,2110.300048828125,14.300000190734863,17.290000915527344,0.14457550926095816,-0.0015755073536095343,0.20909095698682134,0.006107842721055837,3.730574270515477e-05,8.114682756151473e-05
2015-02-23,2109.659912109375,14.5600004196167,17.540000915527344,0.13602726085603595,0.009572743340131057,0.20467035783156212,-0.000303385211985694,9.20425868516045e-08,8.412444929334862e-05
2015-02-24,2115.47998046875,13.6899995803833,16.709999084472656,0.13329077880037526,0.003609217003457732,0.22059894789308676,0.002754972468831103,7.589873304017343e-06,7.437146369479957e-05
2015-02-25,2113.860107421875,13.84000015258789,16.8700008392334,0.13052615302682444,0.007873848499054481,0.21893068303752433,-0.0007660169636026022,5.867819885269504e-07,7.601016040620352e-05
2015-02-26,2110.739990234375,13.90999984741211,16.850000381469727,0.13027394373693252,0.008826054737188588,0.21135877543554327,-0.00147711863025381,2.1818794478428917e-06,7.67809903789702e-05
2015-02-27,2104.5,13.34000015258789,16.889999389648438,0.1291479079612523,0.004252093564626608,0.2661168812934283,-0.0029606830486323707,8.765644114459069e-06,7.061730320279563e-05
2015-03-02,2117.389892578125,13.039999961853027,16.459999084472656,0.12561947191411854,0.00478052770441173,0.26226987213377534,0.0061062381811330165,3.728614472472665e-05,6.74768250020345e-05
2015-03-03,2107.780029296875,13.859999656677246,16.780000686645508,0.12227505088176986,0.016324945685002604,0.21067829020915674,-0.004548872603817568,2.069224196576202e-05,7.622999622344975e-05
2015-03-04,2098.530029296875,14.229999542236328,16.90999984741211,0.1234330932095308,0.018866902212832465,0.18833453207227605,-0.004398161230154572,1.9343822206434777e-05,8.035432022700241e-05
2015-03-05,2101.0400390625,14.039999961853027,16.639999389648438,0.12298872129399047,0.017411278324539814,0.1851851449330244,0.001195365251036089,1.428898083384572e-06,7.822285671779088e-05
2015-03-06,2071.260009765625,15.199999809265137,17.510000228881836,0.12336614379497353,0.028633854297677827,0.1519737137239069,-0.014275356362467066,0.00020378579927542894,9.168253738161118e-05
2015-03-09,2079.429931640625,15.0600004196167,17.309999465942383,0.12265023516984971,0.027949769026317267,0.14940232295046307,0.003936662357975969,1.5497310520704914e-05,9.000143358684727e-05
2015-03-10,2044.1600341796875,16.690000534057617,18.26000022888184,0.13254850396280896,0.03435150137776721,0.09406828307886993,-0.017106820937141425,0.00029264332257542024,0.00011053814199477918
2015-03-11,2040.239990234375,16.8700008392334,18.530000686645508,0.1265940218791785,0.042105986513155474,0.09839951184540324,-0.001919520676484767,3.684559627452537e-06,0.00011293528901418077
2015-03-12,2065.949951171875,15.420000076293944,17.389999389648438,0.12452920743579222,0.029670793327147213,0.12775611566844852,0.012522702206037068,0.00015681807054108564,9.435571521940684e-05
2015-03-13,2053.39990234375,16.0,17.889999389648438,0.12353310966481722,0.036466890335182786,0.11812496185302734,-0.006093237090196838,3.712753823735043e-05,0.00010158730158730159
2015-03-16,2081.18994140625,15.609999656677246,17.399999618530273,0.12205968762815309,0.03404030893861937,0.11467008335822397,0.013442909023855906,0.00018071180302366656,9.669527352439036e-05
2015-03-17,2074.280029296875,15.65999984741211,17.479999542236328,0.11778938810479218,0.03881061036932891,0.11621964958862899,-0.0033256977077820026,1.1060265243546466e-05,9.731571238926479e-05
2015-03-18,2099.5,13.970000267028809,16.43000030517578,0.11571542740446696,0.023984575265821137,0.17609162427526384,0.012085101501628708,0.00014604967830466847,7.744480454793056e-05
2015-03-19,2089.27001953125,14.06999969482422,16.969999313354492,0.1160019502906399,0.024698046657602307,0.2061122730227964,-0.004884489126950175,2.385823403129448e-05,7.855749659220383e-05
2015-03-20,2108.10009765625,13.020000457763672,16.709999084472656,0.1151587505433124,0.015041254034324325,0.2834100228090762,0.008972382193259682,8.050364222192341e-05,6.727000473022469e-05
2015-03-23,2104.419921875,13.40999984741211,16.530000686645508,0.11473509555493154,0.01936490291918956,0.2326622576237764,-0.0017472566067133015,3.052905649703281e-06,7.136035551888604e-05
2015-03-24,2091.5,13.619999885559082,16.59000015258789,0.11559051439185383,0.020609484463736977,0.21806169544669524,-0.006158345701590925,3.7925221780303426e-05,7.361285590580531e-05
2015-03-25,2061.050048828125,15.4399995803833,17.56999969482422,0.11992516728807938,0.03447482851575363,0.13795337903681731,-0.014665926527239062,0.00021508940090237444,9.460062977866529e-05
2015-03-26,2056.14990234375,15.800000190734863,17.56999969482422,0.120102865687141,0.03789713622020764,0.11202528371659673,-0.0023803307374738966,5.665974419763024e-06,9.906349445524672e-05
2015-03-27,2061.02001953125,15.06999969482422,17.389999389648438,0.11675819096053373,0.033941805987708476,0.1539482244064689,0.0023657607295033602,5.5968238292602715e-06,9.01209884134929e-05
2015-03-30,2086.239990234375,14.510000228881836,16.920000076293945,0.12172623767713024,0.023373764611688122,0.16609233696737355,0.012162382647149434,0.00014792355165568167,8.354766136593292e-05
2015-03-31,2067.889892578125,15.289999961853027,17.540000915527344,0.12414025525886638,0.028759744359663886,0.14715506600966885,-0.008834686217530795,7.805168056222859e-05,9.277146779105776e-05
2015-04-01,2059.68994140625,15.109999656677246,17.34000015258789,0.12454012991576663,0.02655986665100582,0.14758441737787778,-0.0039732542018475255,1.5786748952499016e-05,9.060003556539145e-05
2015-04-02,2066.9599609375,14.670000076293944,17.219999313354492,0.12511317886848944,0.021586821894449992,0.17382407796856333,0.0035234523037141535,1.2414716136548576e-05,8.540035803113661e-05
2015-04-06,2080.6201171875,14.739999771118164,16.81999969482422,0.12534022627489494,0.022059771436286707,0.14111261573976724,0.006587072647165644,4.338952605903781e-05,8.621729890974744e-05
2015-04-07,2076.330078125,14.779999732971191,16.799999237060547,0.12542347329538497,0.02237652403432694,0.136671146182983,-0.002064032708587167,4.260231022117678e-06,8.668586988358274e-05
2015-04-08,2081.89990234375,13.979999542236328,16.399999618530273,0.12540635738179282,0.014393638040570478,0.17310444603253736,0.0026789415573472003,7.176727867681843e-06,7.755570920671745e-05
2015-04-09,2091.179931640625,13.09000015258789,16.020000457763672,0.12622994443209853,0.004670057093780378,0.22383500924532232,0.004447575873625805,1.9780931151658343e-05,6.799527936299644e-05
2015-04-10,2102.06005859375,12.579999923706056,15.460000038146973,0.12719212011637893,-0.0013921208793183648,0.22893482765558482,0.005189376899456221,2.6929632604609863e-05,6.280015796843031e-05
2015-04-13,2092.429931640625,13.9399995803833,16.31999969482422,0.1275939623472978,0.011806033456535192,0.17073172066591097,-0.004591806820961145,2.1084689881025296e-05,7.711253504011373e-05
2015-04-14,2095.840087890625,13.670000076293944,15.850000381469728,0.12632707650364466,0.010372924259294758,0.15947332062976857,0.00162843225851382,2.6517916205684204e-06,7.415432622455412e-05
2015-04-15,2106.6298828125,12.84000015258789,15.6899995803833,0.12664152820986108,0.0017584733160178334,0.2219625696204525,0.005134989044995592,2.636811249222474e-05,6.542285869780042e-05
2015-04-16,2104.989990234375,12.600000381469728,15.329999923706056,0.12598652805794022,1.3475756757058699e-05,0.21666662377655319,-0.0007787467579851993,6.064465130724586e-07,6.300000381469734e-05
2015-04-17,2081.179931640625,13.890000343322754,16.139999389648438,0.1302355429986641,0.008664460434563426,0.16198696837378485,-0.01137570418905323,0.0001294066457968432,7.656036092758182e-05
2015-04-20,2100.39990234375,13.300000190734863,15.579999923706056,0.12607297390801953,0.006927027999329094,0.17142854889276635,0.009192748586536723,8.450662657527292e-05,7.01944464577569e-05
2015-04-21,2097.2900390625,13.25,15.520000457763672,0.12575434322030554,0.006745656779694464,0.1713207892651828,-0.001481702504767951,2.1954423126356202e-06,6.966765873015874e-05
2015-04-22,2107.9599609375,12.710000038146973,15.460000038146973,0.11507625926942441,0.012023741112045322,0.2163650662270911,0.005074582853386292,2.5751391135882165e-05,6.410480197210161e-05
2015-04-23,2112.929931640625,12.479999542236328,15.170000076293944,0.11479251839602143,0.010007477026341846,0.2155449224940906,0.0023549408425523675,5.545746371921255e-06,6.180570975167419e-05
2015-04-24,2117.68994140625,12.289999961853027,15.260000228881836,0.10971050434145552,0.013189495277074761,0.2416599085636617,0.0022502668247534868,5.063700782586139e-06,5.9938134548550565e-05
2015-04-27,2108.919921875,13.119999885559082,15.93000030517578,0.10878639418022673,0.0224136046753641,0.2141768631194584,-0.004149913240734652,1.722177990562478e-05,6.830730039566283e-05
2015-04-28,2114.760009765625,12.40999984741211,15.3100004196167,0.10228691142676821,0.02181308704735288,0.23368256308313612,0.0027654044373465075,7.647461702095753e-06,6.111432389395579e-05
2015-04-29,2106.85009765625,13.390000343322754,15.970000267028809,0.10243234353806069,0.03146765989516684,0.19268109466424577,-0.003747348127573222,1.4042617989226533e-05,7.114766237864422e-05
2015-04-30,2085.510009765625,14.550000190734863,16.479999542236328,0.10090219261512091,0.044597809292227716,0.13264600180077304,-0.010180553033248205,0.00010364366006277922,8.400893077396212e-05
2015-05-01,2108.2900390625,12.699999809265137,15.380000114440918,0.10482680274438598,0.02217319534826538,0.2110236492460904,0.010863776563455257,0.0001180216412206797,6.400396633148195e-05
2015-05-04,2114.489990234375,12.850000381469728,15.43000030517578,0.1019076699363374,0.02659233387835988,0.20077819821908532,0.0029364331477630206,8.62263963128144e-06,6.552480547768736e-05
2015-05-05,2089.4599609375,14.3100004196167,16.31999969482422,0.10760461392703739,0.03549539026912961,0.14046116116475688,-0.0119080033585301,0.00014180054398676414,8.126036190850401e-05
2015-05-06,2080.14990234375,15.149999618530272,16.719999313354492,0.1069048800616642,0.04459511612363852,0.10363034550205018,-0.004465681140931977,1.9942308052475523e-05,9.108035255613785e-05
2015-05-07,2088.0,15.130000114440918,16.739999771118164,0.09819665293038146,0.05310334821402771,0.10641108027094939,0.003766710469475405,1.4188107760855627e-05,9.084004105673895e-05
2015-05-08,2116.10009765625,12.859999656677246,15.5600004196167,0.1046704021739577,0.02392959439281475,0.20995340863306652,0.013368147987361164,0.00017870738061198833,6.562682189275352e-05
2015-05-11,2105.330078125,13.850000381469728,16.100000381469727,0.10602682876916386,0.03247317504553343,0.16245486917172444,-0.005102556456082039,2.6036082387504496e-05,7.612004387567922e-05
2015-05-12,2099.1201171875,13.859999656677246,16.399999618530273,0.10075811025332645,0.03784188631344601,0.18326118504839553,-0.002953996439367266,8.726094963794485e-06,7.622999622344975e-05
2015-05-13,2098.47998046875,13.760000228881836,16.290000915527344,0.09707355809653673,0.04052644419228163,0.18386632591292482,-0.0003050012906516677,9.302578729918309e-08,7.513397075350324e-05
2015-05-14,2121.10009765625,12.739999771118164,15.90999984741211,0.10048601276709844,0.02691398494408319,0.24882261642424824,0.010721604261760033,0.0001149527979457909,6.440777546352812e-05
2015-05-15,2122.72998046875,12.380000114440918,15.56999969482422,0.10019671803727694,0.02360328310713225,0.2576736309285053,0.0007681188278664758,5.900065337229687e-07,6.0819207473633795e-05
2015-05-18,2129.199951171875,12.729999542236328,15.229999542236328,0.0989638504683463,0.028336144954016984,0.19638649567153207,0.003043312472570502,9.261750805703182e-06,6.430670172434012e-05
2015-05-19,2127.830078125,12.850000381469728,15.279999732971191,0.09869572525095054,0.029804278563746747,0.18910500228510732,-0.0006435815978420154,4.141972730808817e-07,6.552480547768736e-05
2015-05-20,2125.85009765625,12.880000114440918,15.149999618530272,0.09865838283674448,0.030141618307664694,0.17624219595652446,-0.0009309494507940488,8.666668799337411e-07,6.583111228095161e-05
2015-05-21,2130.820068359375,12.109999656677246,14.609999656677246,0.09814908877560981,0.022950907791162656,0.20644096373871842,0.0023351459087448084,5.452906415127617e-06,5.8195274478064695e-05
2015-05-22,2126.06005859375,12.130000114440918,14.479999542236328,0.09750643247122376,0.023793568673185425,0.1937344934562454,-0.0022363851494835974,5.001418536830772e-06,5.838765983187964e-05
2015-05-26,2104.199951171875,14.0600004196167,15.479999542236328,0.1013937962476645,0.039206207948502506,0.10099566715790614,-0.010335204907502334,0.00010681646048006033,7.844587769826262e-05
2015-05-27,2123.47998046875,13.270000457763672,14.989999771118164,0.10459423420862628,0.02810577036901045,0.12961561823821935,0.009120918929110081,8.319116211139859e-05,6.987813974168575e-05
2015-05-28,2120.7900390625,13.3100004196167,15.010000228881836,0.10373768573228914,0.02936231846387785,0.12772349779641054,-0.0012675639174870542,1.6067182849151275e-06,7.030004411515742e-05
2015-05-29,2107.389892578125,13.84000015258789,15.380000114440918,0.10544184875957266,0.03295815276630626,0.1112716723175085,-0.006338515184097658,4.017677473903657e-05,7.601016040620352e-05
2015-06-01,2111.72998046875,13.970000267028809,15.40999984741211,0.09984553204658977,0.03985447062369832,0.10307799233060182,0.002057343499147661,4.232662273485141e-06,7.744480454793056e-05
2015-06-02,2109.60009765625,14.239999771118164,15.710000038146973,0.09643455195828492,0.045965445752896725,0.10323035748991309,-0.0010091051653478204,1.018293234731652e-06,8.046729900057355e-05
2015-06-03,2114.070068359375,13.65999984741211,15.359999656677246,0.09647079655473938,0.04012920191938173,0.12445093911089626,0.0021166294697559994,4.4801203122395635e-06,7.404587136162654e-05
2015-06-04,2095.840087890625,14.710000038146973,16.280000686645508,0.0987085517432189,0.04839144863825083,0.10673015937641758,-0.008660562215101069,7.500533788163633e-05,8.586670679455712e-05
2015-06-05,2092.830078125,14.210000038146973,15.960000038146973,0.09846981323112584,0.04363018715034388,0.1231527090290005,-0.0014372152327325357,2.0655876251984366e-06,8.012861154132419e-05
2015-06-08,2079.280029296875,15.289999961853027,16.600000381469727,0.09974144372443916,0.0531585558940911,0.08567694067266286,-0.006495560338305542,4.2192304108568004e-05,9.277146779105776e-05
2015-06-09,2080.14990234375,14.470000267028809,16.25,0.09920997867456585,0.045490023995722245,0.12301310989102607,0.00041826551900276467,1.749460443866521e-07,8.308766179675153e-05
2015-06-10,2105.199951171875,13.220000267028809,15.329999923706056,0.10521423343471707,0.026985769235571014,0.1596066273871165,0.011970491752514406,0.00014329267279701542,6.935254248422293e-05
2015-06-11,2108.860107421875,12.850000381469728,15.100000381469728,0.10478508486171163,0.02371491895298565,0.1750972710665908,0.0017371167565281324,3.0175746258108188e-06,6.552480547768736e-05
2015-06-12,2094.110107421875,13.779999732971191,15.609999656677246,0.10248286059323677,0.03531713673647513,0.13280115813989765,-0.007018874653102703,4.9264601395967586e-05,7.535253676217702e-05
2015-06-15,2084.429931640625,15.390000343322754,16.6200008392334,0.09813814394365909,0.05576185948956845,0.07992205773044728,-0.004633289621771348,2.1467372719214077e-05,9.398893276487084e-05
2015-06-16,2096.2900390625,14.8100004196167,16.200000762939453,0.09925611531825783,0.04884388887790915,0.09385552356106745,0.005673730515753803,3.219121796539591e-05,8.703813985279634e-05
2015-06-17,2100.43994140625,14.5,16.219999313354492,0.09309808964084272,0.05190191035915727,0.1186206423003098,0.0019776843950728407,3.911235566514628e-06,8.343253968253968e-05
2015-06-18,2121.239990234375,13.1899995803833,15.4399995803833,0.09609821193702478,0.03580178386680824,0.17058378101438992,0.009854000054008836,9.710131706440613e-05,6.903813052798084e-05
2015-06-19,2109.989990234375,13.960000038146973,15.90999984741211,0.09714078586971578,0.04245921451175394,0.1396847997089244,-0.00531761523794962,2.827703181887399e-05,7.733396867661249e-05
2015-06-22,2122.85009765625,12.739999771118164,14.989999771118164,0.0907365549038988,0.03666344280728283,0.1766091083534236,0.006076367981542122,3.6922247847110284e-05,6.440777546352812e-05
2015-06-23,2124.199951171875,12.109999656677246,14.539999961853027,0.08938828073522066,0.0317117158315518,0.20066064195434727,0.0006356664251933869,4.0407180411813973e-07,5.8195274478064695e-05
2015-06-24,2108.580078125,13.260000228881836,15.18000030517578,0.09167867992783837,0.04092132236097998,0.14479638334484776,-0.007380465718305258,5.447127421907915e-05,6.9772859551566e-05
2015-06-25,2102.31005859375,14.010000228881836,15.520000457763672,0.09212019071513815,0.04797981157368021,0.10778017160691737,-0.0029780041565964136,8.868508756705516e-06,7.788893111637663e-05
2015-06-26,2101.489990234375,14.020000457763672,15.460000038146973,0.0863974896840163,0.05380251489362041,0.1027103804112853,-0.00039015574492238484,1.5222150529594103e-07,7.800016382368792e-05
2015-06-29,2057.639892578125,18.850000381469727,18.71999931335449,0.10520168252817556,0.08329832128652169,-0.0068966082485087885,-0.02108696950861153,0.00044466028305711235,0.0001410009977704003
2015-06-30,2063.110107421875,18.229999542236328,18.46999931335449,0.10507670664534792,0.07722328877701536,0.013165100227354095,0.0026549623524674106,7.0488250930192866e-06,0.00013187812829759392
2015-07-01,2077.419921875,16.09000015258789,16.790000915527344,0.1075832806983242,0.05331672082755472,0.04350532978875492,0.006912096434637041,4.7777077121722095e-05,0.00010273337496439617
2015-07-02,2076.780029296875,16.790000915527344,17.68000030517578,0.107591798460437,0.06030821069483645,0.0530077034614911,-0.00030807018954653404,9.490724168723741e-08,0.00011186671854897186
2015-07-06,2068.760009765625,17.010000228881836,18.040000915527344,0.10753425674810704,0.06256574554071131,0.06055265566055878,-0.003869232698897424,1.4970961678217044e-05,0.0001148175030899048
2015-07-07,2081.340087890625,16.09000015258789,17.020000457763672,0.10936953089582278,0.05153047063005613,0.05779989411785067,0.006062560593868743,3.6754640954330126e-05,0.00010273337496439617
2015-07-08,2046.6800537109373,19.65999984741211,19.25,0.11572554614026243,0.08087445233385868,-0.02085451935881264,-0.01679296491214163,0.00028200367054041997,0.00015337920396835087
2015-07-09,2051.31005859375,19.96999931335449,19.780000686645508,0.11220546258571092,0.08749453054783397,-0.009514202966543093,0.0022596476448199895,5.1060074787405255e-06,0.0001582543145140392
2015-07-10,2076.6201171875,16.829999923706055,17.729999542236328,0.11874706481817619,0.04955293441888435,0.05347591340523838,0.012262986385007718,0.00015038083507888466,0.00011240035612378802
2015-07-13,2099.60009765625,13.899999618530272,15.9399995803833,0.1221823938999667,0.016817602285336006,0.14676259121140395,0.011005268507355188,0.00012111593491898389,7.66706307123578e-05
2015-07-14,2108.949951171875,13.369999885559082,15.460000038146973,0.12274682799741306,0.01095317085817775,0.15632013242163875,0.00444327323650017,1.9742677054198698e-05,7.093527656343247e-05
2015-07-15,2107.39990234375,13.229999542236328,15.600000381469728,0.12273068106483237,0.009569314357530917,0.17913839162784945,-0.0007352563007372865,5.406018277738791e-07,6.945749519348154e-05
2015-07-16,2124.2900390625,12.109999656677246,14.729999542236328,0.12478464631313085,-0.00368464974635839,0.21635012054805955,0.007982733444475738,6.372403324555148e-05,5.8195274478064695e-05
2015-07-17,2126.639892578125,11.949999809265137,14.609999656677246,0.12196371433374453,-0.002463716241093164,0.22259413304339506,0.00110557162445071,1.2222886167905817e-06,5.666765692120509e-05
2015-07-20,2128.280029296875,12.25,14.850000381469728,0.12182893196681109,0.0006710680331889068,0.21224492909956966,0.0007709366240016023,5.943432782269879e-07,5.95486111111111e-05
2015-07-21,2119.2099609375,12.220000267028809,14.75,0.1208762457960857,0.0013237568742023864,0.2070376168319299,-0.004270796242723094,1.8239700546857696e-05,5.925730417705721e-05
2015-07-22,2114.14990234375,12.119999885559082,14.8100004196167,0.12119353425701147,6.4645985793504446e-06,0.22194724087932866,-0.00239056502019028,5.714801115757353e-06,5.829142747061594e-05
2015-07-23,2102.14990234375,12.640000343322754,14.920000076293944,0.11747252145063743,0.008927481982590121,0.18037972081034234,-0.0056922102113794535,3.240125709053252e-05,6.340063836476166e-05
2015-07-24,2079.64990234375,13.739999771118164,15.649999618530272,0.12134285024634864,0.016057147464833,0.1390101804387928,-0.010761020696661188,0.00011579956643397045,7.491571178981238e-05
2015-07-27,2067.639892578125,15.600000381469728,16.780000686645508,0.1208178945355058,0.03518210927919148,0.07564104335391098,-0.005791755065064178,3.354442673369656e-05,9.657143329438717e-05
2015-07-28,2093.25,13.4399995803833,15.43000030517578,0.12557443899199003,0.008825556811842966,0.14806553474131323,0.012310073801889353,0.0001515379170079626,7.16799955240886e-05
2015-07-29,2108.570068359375,12.5,14.920000076293944,0.12627971755139836,-0.0012797175513983572,0.1936000061035155,0.007292142927383681,5.317534847339184e-05,6.200396825396825e-05
2015-07-30,2108.6298828125,12.130000114440918,14.710000038146973,0.12616688158542225,-0.004866880441013063,0.21269578725185107,2.836690402236809e-05,8.046812438142428e-10,5.838765983187964e-05
2015-07-31,2103.840087890625,12.119999885559082,14.899999618530272,0.1228982519009112,-0.0016982530453203831,0.2293729174274618,-0.002274103801051709,5.171548097957831e-06,5.829142747061594e-05
2015-08-03,2098.0400390625,12.5600004196167,14.84000015258789,0.12220800677574106,0.003391997420425924,0.18152863509544145,-0.0027606939449045503,7.621431057432648e-06,6.260063910348081e-05
2015-08-04,2093.320068359375,13.0,15.130000114440918,0.12087406220499856,0.00912593779500144,0.16384616264930138,-0.0022522391669328678,5.072581265066458e-06,6.706349206349208e-05
2015-08-05,2099.840087890625,12.510000228881836,14.880000114440918,0.12128219642047895,0.003817805868339394,0.1894484286329159,0.003109838185490679,9.671093539935959e-06,6.210321655818394e-05
2015-08-06,2083.56005859375,13.770000457763672,15.550000190734863,0.12148950480117567,0.016210499776461065,0.12926649773403665,-0.007783195922562142,6.057813876898795e-05,7.524321928841736e-05
2015-08-07,2077.570068359375,13.390000343322754,15.420000076293944,0.12147157567546119,0.012428427757766342,0.15160565204791035,-0.0028790228563377145,8.288772607314972e-06,7.114766237864422e-05
2015-08-10,2104.179931640625,12.229999542236328,14.989999771118164,0.12728558892318853,-0.004985593500825253,0.22567459788940872,0.012726835632025084,0.00016197234520458332,5.935432095361143e-05
2015-08-11,2084.070068359375,13.710000038146973,15.9399995803833,0.11442166191714975,0.022678338464319964,0.16265496251141748,-0.00960306468018227,9.221885125176419e-05,7.458892898650395e-05
2015-08-12,2086.050048828125,13.609999656677246,15.869999885559082,0.11423951774727116,0.021860478819501303,0.16605439279148326,0.0009496036382146948,9.017470697105849e-07,7.350479787887093e-05
2015-08-13,2083.389892578125,13.489999771118164,15.75,0.1126174139707072,0.02228258374047444,0.16753152462763224,-0.0012760258683812036,1.6282420167780047e-06,7.221432294633655e-05
2015-08-14,2091.5400390625,12.829999923706056,15.510000228881836,0.11314671110018827,0.015153288136872292,0.2088854498139107,0.0039043322743591373,1.5243810508602394e-05,6.532099128662596e-05
2015-08-17,2102.43994140625,13.020000457763672,15.210000038146973,0.11333953668444481,0.016860467893191913,0.1682027268345778,0.005197891709402951,2.701807822267993e-05,6.727000473022469e-05
2015-08-18,2096.919921875,13.789999961853027,15.609999656677246,0.11245423785662642,0.025445761761903857,0.13197967366634109,-0.0026289829356331003,6.9115512758500336e-06,7.546194402694702e-05
2015-08-19,2079.610107421875,15.25,16.5,0.10360897652144271,0.04889102347855728,0.08196721311475409,-0.008289136409597112,6.870978241690851e-05,9.228670634920634e-05
2015-08-20,2035.72998046875,19.13999938964844,18.82999992370605,0.12124122113114048,0.07015877276534392,-0.01619641984471787,-0.021325960454146156,0.0004547965892918057,0.00014537284787132646
2015-08-21,1970.8900146484373,28.030000686645508,23.46999931335449,0.1473882086123257,0.13291179825412935,-0.16268288482288787,-0.0323692425218784,0.0010477678614401807,0.00031177815019577283
2015-08-24,1893.2099609375,40.7400016784668,31.13999938964844,0.18003160561560372,0.22736841116906426,-0.23564069448461644,-0.04021144434651916,0.0016169602564332078,0.0006586300542704276
2015-08-25,1867.6099853515625,36.02000045776367,29.57999992370605,0.18075828720942053,0.1794417173682162,-0.17878957390933506,-0.013614249742655897,0.00018534779605540615,0.0005148573146735298
2015-08-26,1940.510009765625,30.31999969482422,25.649999618530277,0.2184406019679831,0.08475939498025908,-0.15402375076841227,0.03829129943453164,0.001466223612384963,0.0003648025323389447
2015-08-27,1987.6600341796875,26.100000381469727,24.86000061035156,0.22991812616861018,0.031081877646087108,-0.04750956908025691,0.02400725448969004,0.0005763482681327426,0.0002703214364733016
2015-08-28,1988.8699951171875,26.049999237060547,25.34000015258789,0.22986023709988246,0.03063975527072299,-0.02725524396417494,0.0006085511568762156,3.7033451053538037e-07,0.0002692866905757361
2015-08-31,1972.1800537109373,28.43000030517578,26.530000686645508,0.23036118290888913,0.05393882014286866,-0.06683079838674401,-0.008427078663984167,7.101565480897718e-05,0.000320740046568371
2015-09-01,1913.8499755859373,31.399999618530277,29.530000686645508,0.24374535349969875,0.07025464268560402,-0.05955410683448592,-0.030022649842427997,0.0009013595035610418,0.0003912539587475006
2015-09-02,1948.8599853515625,26.09000015258789,26.190000534057617,0.2516093475989355,0.009290653926943393,0.0038329007621645196,0.01812767142321464,0.00032861247122803266,0.00027011432855636355
2015-09-03,1951.1300048828125,25.61000061035156,26.200000762939453,0.251688728589198,0.00441127751431758,0.023037881238839805,0.0011641156994188924,1.3551653616335372e-06,0.0002602667187548441
2015-09-04,1921.219970703125,27.799999237060547,28.06999969482422,0.2533889192780397,0.02461107309256577,0.009712246948688066,-0.015448308754276238,0.00023865024336744786,0.00030668252284943136
2015-09-08,1969.4100341796875,24.899999618530277,25.690000534057617,0.2652923889063044,-0.016292392721001636,0.03172694488474735,0.024773637197038505,0.0006137330999704898,0.000246035706747146
2015-09-09,1942.0400390625,26.229999542236328,26.309999465942383,0.26424050322942816,-0.0019405078070648951,0.0030499399581474036,-0.013995035769084717,0.00019586102617796065,0.00027302098253401504
2015-09-10,1952.2900390625,24.3700008392334,25.649999618530277,0.26365219532988843,-0.019952186937554434,0.05252354268434006,0.005264075444935658,2.7710490289974544e-05,0.00023567338924771294
2015-09-11,1961.050048828125,23.200000762939453,24.68000030517578,0.26434706452691786,-0.03234705689752332,0.06379308161922713,0.004477006444986281,2.0043586708448698e-05,0.0002135873156350759
2015-09-14,1953.030029296875,24.25,23.700000762939453,0.2643912527130498,-0.021891252713049814,-0.022680380909713273,-0.00409804122304381,1.6793941865766406e-05,0.0002333581349206349
2015-09-15,1978.0899658203125,22.540000915527344,23.1200008392334,0.2680442418655388,-0.04264423271026538,0.02573202751320674,0.01274968763143236,0.00016255453469909932,0.00020160779415554503
2015-09-16,1995.31005859375,21.350000381469727,22.32999992370605,0.26980432673400473,-0.056304322919307453,0.045901617083196594,0.0086677407153759,7.51297291089851e-05,0.0001808819509082371
2015-09-17,1990.199951171875,21.13999938964844,21.13999938964844,0.2694448535391647,-0.058044859642680274,0.0,-0.002564344442560099,6.575862420088864e-06,0.00017734110087076844
2015-09-18,1958.030029296875,22.280000686645508,23.200000762939453,0.2722064544978896,-0.049406447631434536,0.04129264128997032,-0.01629623095438354,0.00026556714331860826,0.00019698350420512868
2015-09-21,1966.969970703125,20.13999938964844,21.59000015258789,0.27286675309712305,-0.07146675920063864,0.07199606786903484,0.004555392033672697,2.075159658044867e-05,0.00016096014897422207
2015-09-22,1942.739990234375,22.440000534057617,23.280000686645508,0.27093333862364294,-0.046533333283066775,0.037433160989145536,-0.012394930019378313,0.00015363429018528567,0.00019982286665416908
2015-09-23,1938.760009765625,22.1299991607666,22.8799991607666,0.27013477987103846,-0.04883478826337245,0.033890647466884916,-0.002050744229593947,4.205551895212871e-06,0.0001943400249426708
2015-09-24,1932.239990234375,23.46999931335449,23.459999084472656,0.2699580874824695,-0.03525809434892463,-0.00042608560606741174,-0.00336865187130644,1.134781543005638e-05,0.0002185876459400239
2015-09-25,1931.3399658203125,23.6200008392334,24.399999618530277,0.27000159643898947,-0.03380158804665548,0.033022809127139466,-0.00046590180122054944,2.1706448838055236e-07,0.00022139065065293113
2015-09-28,1881.77001953125,27.6299991607666,26.3799991607666,0.2776170117412833,-0.001317020133617286,-0.04524068179397362,-0.026001211162809106,0.0006760629819329889,0.000302943195882525
2015-09-29,1884.0899658203125,26.82999992370605,26.0,0.2767711204372538,-0.008471121200193332,-0.03093551718472769,0.001232093912981713,1.518055410406589e-06,0.00028565432377224864
2015-09-30,1920.030029296875,24.5,24.75,0.28439059568191855,-0.03939059568191855,0.01020408163265306,0.01889589860356512,0.0003570549840362142,0.0002381944444444444
2015-10-01,1923.8199462890625,22.549999237060547,23.82999992370605,0.2842676675005663,-0.05876767512996084,0.05676278181605632,0.001971938678337173,3.888542151122156e-06,0.00020178669269501243
2015-10-02,1951.3599853515625,20.940000534057617,22.600000381469727,0.2825756447148785,-0.07317563937430233,0.07927410721466899,0.014213793016405511,0.0002020319119132181,0.00017400143744695766
2015-10-05,1987.050048828125,19.540000915527344,21.32999992370605,0.2722103219666842,-0.07681031281141076,0.09160690503122215,0.018124593518502156,0.0003285008902109304,0.00015151255388047994
2015-10-06,1979.9200439453125,19.399999618530277,21.59000015258789,0.24412769812883917,-0.050127701943536385,0.11288662768662083,-0.0035946893441432997,1.2921791480897387e-05,0.00014934920047578372
2015-10-07,1995.8299560546875,18.399999618530277,20.709999084472656,0.2405164374682524,-0.05651644128294964,0.12554345183877202,0.008003519857552759,6.405633011024133e-05,0.00013434920077853743
2015-10-08,2013.4300537109373,17.420000076293945,20.09000015258789,0.21600914741969449,-0.04180914665675503,0.1532721047416884,0.008779780144558488,7.708453938678346e-05,0.00012041920740400043
2015-10-09,2014.8900146484373,17.079999923706055,19.850000381469727,0.2049311699569656,-0.03413117071990504,0.16217801347405575,0.0007248485605153577,5.254054356811862e-07,0.00011576444341023763
2015-10-12,2017.4599609375,16.170000076293945,19.26000022888184,0.204944641142924,-0.043244640379984545,0.19109462820089865,0.00127466447733306,1.624769529774763e-06,0.00010375750097910563
2015-10-13,2003.68994140625,17.670000076293945,20.5,0.2043992018953096,-0.02769920113237015,0.16015845565857012,-0.006848823690127077,4.6906385938445876e-05,0.00012390035821278892
2015-10-14,1994.239990234375,18.030000686645508,20.809999465942383,0.18363856146279828,-0.0033385545963431906,0.15418739175955604,-0.0047274309119391435,2.2348603027157763e-05,0.00012900036696842756
2015-10-15,2023.8599853515625,16.049999237060547,19.43000030517578,0.18120107755988538,-0.020701085189279905,0.21059197687128736,0.014743551351355088,0.00021737230645004445,0.0001022232045673191
2015-10-16,2033.1099853515625,15.050000190734863,18.670000076293945,0.18145280053206347,-0.03095279862471484,0.24053155080939068,0.004560061373697022,2.079415973188357e-05,8.988194672266644e-05
2015-10-19,2033.6600341796875,14.979999542236328,17.860000610351562,0.17437204702969786,-0.024572051607334583,0.19225641896683837,0.0002705089438730595,7.317508871531805e-08,8.904777233547642e-05
2015-10-20,2030.77001953125,15.75,18.600000381469727,0.16048183802988916,-0.002981838029889161,0.18095240517268105,-0.0014221010558937615,2.022371413174151e-06,9.843750000000001e-05
2015-10-21,2018.93994140625,16.700000762939453,19.459999084472656,0.1555150009716705,0.011485006657724034,0.16526935302052057,-0.005842448911134253,3.413420927921382e-05,0.00011067064503261046
2015-10-22,2052.510009765625,14.449999809265137,17.15999984741211,0.16130152480405324,-0.016801526711401865,0.18754325771058894,0.016490847012594123,0.0002719480351927845,8.28581327332391e-05
2015-10-23,2075.14990234375,14.460000038146973,17.479999542236328,0.16336833267236853,-0.018768332290898804,0.20885197068618847,0.010969953969042788,0.00012033989008291762,8.297285758063906e-05
2015-10-26,2071.179931640625,15.289999961853027,17.989999771118164,0.16279508571337425,-0.009895086094843991,0.17658599189021307,-0.0019149330011001104,3.6669683987022756e-06,9.277146779105776e-05
2015-10-27,2065.889892578125,15.43000030517578,18.13999938964844,0.15999846650980382,-0.0056984634580460325,0.17563182312858608,-0.00255738586508774,6.5402224629505675e-06,9.447813865782722e-05
2015-10-28,2090.35009765625,14.329999923706056,17.489999771118164,0.16146117214085165,-0.018161172903791073,0.22051638968849774,0.011770488488143476,0.0001385443992495181,8.148765786246652e-05
2015-10-29,2089.409912109375,14.609999656677246,17.809999465942383,0.16110876146339098,-0.01500876489661851,0.21902805506245393,-0.00044987538066072313,2.0238785812463054e-07,8.470321030480526e-05
2015-10-30,2079.360107421875,15.06999969482422,18.399999618530277,0.1532606854451587,-0.0025606884969164856,0.2209688116217907,-0.004821481688425431,2.3246685671821747e-05,9.01209884134929e-05
2015-11-02,2104.050048828125,14.149999618530272,17.420000076293945,0.15572919037568833,-0.014229194190385624,0.2310954449413138,0.011803876338814608,0.00013933149662202735,7.945336873190746e-05
2015-11-03,2109.7900390625,14.539999961853027,17.469999313354492,0.14941471934739464,-0.004014719728864358,0.20151302332796264,0.0027243529250675206,7.4220988603239555e-06,8.389349162328812e-05
2015-11-04,2102.31005859375,15.510000228881836,18.309999465942383,0.1498962959970865,0.005203706291731863,0.18052863931275437,-0.003551666939647187,1.2614338050182815e-05,9.546035996028358e-05
2015-11-05,2099.929931640625,15.050000190734863,17.809999465942383,0.14924842725436033,0.0012515746529883076,0.18338865383580796,-0.0011327897564983025,1.2832126324274835e-06,8.988194672266644e-05
2015-11-06,2099.199951171875,14.329999923706056,17.450000762939453,0.14922651746463952,-0.005926518227578947,0.21772511206172393,-0.00034768178002366065,1.2088262016042114e-07,8.148765786246652e-05
2015-11-09,2078.580078125,16.520000457763672,18.850000381469727,0.12800941374269584,0.03719059083494089,0.14104115370112216,-0.009871290656502512,9.744237922515378e-05,0.00010829778377956824
2015-11-10,2081.719970703125,15.289999961853027,18.020000457763672,0.1279727014626923,0.024927298155837968,0.17854810351351957,0.0015094551534496445,2.2784548602756898e-06,9.277146779105776e-05
2015-11-11,2075.0,16.059999465942383,18.450000762939453,0.12042459852915478,0.040175396130269034,0.14881702219638446,-0.003233307321568946,1.0454276235711351e-05,0.00010235062811351967
2015-11-12,2045.969970703125,18.3700008392334,20.170000076293945,0.12977179281409063,0.05392821557824337,0.09798580048054385,-0.014089163336632673,0.00019850452352631432,0.00013391148048945867
2015-11-13,2023.0400390625,20.07999992370605,21.57999992370605,0.13003714521424833,0.07076285402281218,0.07470119550295065,-0.011270640432155438,0.00012702733575093692,0.00016000253846668058
2015-11-16,2053.18994140625,18.15999984741211,19.979999542236328,0.12658263724931218,0.05501736122480891,0.10022024835443916,0.014793302794234362,0.00021884180756190217,0.00013086729938809836
2015-11-17,2050.43994140625,18.84000015258789,20.43000030517578,0.12602480884807904,0.06237519267779987,0.08439491187421704,-0.0013402770182465746,1.7963424856399289e-06,0.00014085143085298084
2015-11-18,2083.580078125,16.850000381469727,19.21999931335449,0.13182545686231942,0.036674546952377846,0.1406527524172104,0.016033229877172244,0.00025706446029424867,0.00011266766383155949
2015-11-19,2081.239990234375,16.989999771118164,19.63999938964844,0.1301442873724983,0.03975571033868333,0.15597408206179583,-0.0011237403289792015,1.262792326974284e-06,0.000114547655643887
2015-11-20,2089.169921875,15.470000267028809,18.940000534057617,0.13037190339908303,0.02432809927120505,0.22430512004737424,0.0038029552801494165,1.4462468862816327e-05,9.49686143896315e-05
2015-11-23,2086.590087890625,15.619999885559082,18.6299991607666,0.13056340552488926,0.025636593330701563,0.1927016195429238,-0.0012356238416840882,1.5267662781381447e-06,9.681920493050228e-05
2015-11-24,2089.139892578125,15.93000030517578,18.709999084472656,0.128358039486635,0.0309419635651228,0.17451341657499114,0.0012212499449607925,1.4914514280667388e-06,0.00010070036100115096
2015-11-25,2088.8701171875,15.1899995803833,18.190000534057617,0.12713912798537022,0.02476086781846279,0.19749842241922005,-0.00012914061496715576,1.6677298434095174e-08,9.156193938573208e-05
2015-11-27,2090.110107421875,15.119999885559082,17.350000381469727,0.12083278013643634,0.030367218719154487,0.14748680640140013,0.0005934415594808398,3.5217288451905114e-07,9.071999862670899e-05
2015-11-30,2080.409912109375,16.1299991607666,18.489999771118164,0.1214710460997705,0.03982894550789551,0.14631126677872686,-0.004651800139618441,2.1639244538954147e-05,0.00010324479084378224
2015-12-01,2102.6298828125,14.670000076293944,17.579999923706055,0.12476527675900802,0.021934724003931413,0.1983639967469761,0.01062393894673922,0.00011286807874404243,8.540035803113661e-05
2015-12-02,2079.510009765625,15.90999984741211,18.32999992370605,0.12950041296821907,0.029599585505902026,0.15210560022020203,-0.011056592639448921,0.00012224824079471607,0.00010044765680343386
2015-12-03,2049.6201171875,18.11000061035156,20.11000061035156,0.13561786953753943,0.04548213656597616,0.11043621935919831,-0.014477826444150087,0.00020960745854693157,0.00013014766750275153
2015-12-04,2091.68994140625,14.8100004196167,18.170000076293945,0.13992360480795055,0.008176399388216432,0.22687370435362939,0.02031785636385123,0.0004128152872220899,8.703813985279634e-05
2015-12-07,2077.070068359375,15.84000015258789,18.649999618530277,0.13807144389444956,0.02032855763142935,0.17739895447433424,-0.007014043960397749,4.9196812678392146e-05,9.956571620396206e-05
2015-12-08,2063.590087890625,17.600000381469727,20.059999465942383,0.13927164213536136,0.03672836167933591,0.1397726722246371,-0.006511052625594547,4.239380629326165e-05,0.00012292064024910102
2015-12-09,2047.6199951171875,19.61000061035156,21.049999237060547,0.14087335667387174,0.05522664942964384,0.07343185017285792,-0.007769086365692726,6.035870295759261e-05,0.00015260004918174147
2015-12-10,2052.22998046875,19.34000015258789,20.76000022888184,0.1364187948786722,0.05698120664720671,0.07342296096641644,0.0022488565785946774,5.057355911088559e-06,0.00014842682773892843
2015-12-11,2012.3699951171875,24.38999938964844,24.3799991607666,0.14710733622524025,0.09679265767124418,-0.000410013494550712,-0.01961386775581532,0.0003847038083426119,0.00023606034532819498
2015-12-14,2021.93994140625,22.729999542236328,23.299999237060547,0.14770184566483954,0.07959814975752375,0.025076977840015318,0.0047442880640680245,2.2508269234858324e-05,0.00020502098380558082
2015-12-15,2043.4100341796875,20.950000762939453,21.86000061035156,0.14681279871091854,0.06268720891847598,0.043436745311336476,0.010562580105914385,0.00011156809849385835,0.0001741676714155411
2015-12-16,2073.070068359375,17.860000610351562,19.56999969482422,0.1531420124782194,0.025457993625296216,0.0957446263177365,0.014410635650771483,0.00020766641985928605,0.00012657921500069767
2015-12-17,2041.8900146484373,18.940000534057617,20.3700008392334,0.15868703170184564,0.030712973638730517,0.07550159793313505,-0.015154776635876426,0.000229667254883306,0.0001423506429484535
2015-12-18,2005.550048828125,20.700000762939453,21.26000022888184,0.16615166052352595,0.04084834710586857,0.027053113299637627,-0.017957495007106822,0.00032247162693026645,0.0001700357268197198
2015-12-21,2021.1500244140625,18.700000762939453,21.11000061035156,0.1682964927070062,0.018703514922388337,0.12887699192977348,0.0077483067271562,6.003625713809402e-05,0.00013876588433886354
2015-12-22,2038.969970703125,16.600000381469727,19.84000015258789,0.16868657081905267,-0.0026865670043554057,0.19518070461823098,0.008778095591568889,7.705496221472116e-05,0.00010934921137491867
2015-12-23,2064.2900390625,15.56999969482422,19.32999992370605,0.17275900585171552,-0.01705900890347331,0.24149006439169873,0.012341596527553888,0.00015231500484893018,9.620035337175649e-05
2015-12-24,2060.989990234375,15.739999771118164,19.690000534057617,0.1725811591952775,-0.015181161484095873,0.25095303814345904,-0.0015999154038633197,2.5597292995191295e-06,9.831253682333325e-05
2015-12-28,2056.5,16.90999984741211,19.68000030517578,0.1676493775042932,0.0014506209698278982,0.16380842594670927,-0.002180936456306017,4.756483826444647e-06,0.0001134714662061419
2015-12-29,2078.360107421875,16.079999923706055,19.100000381469727,0.16664583856998003,-0.005845839332919489,0.18781097463261892,0.010573664173022947,0.00011180237404386904,0.00010260571331205821
2015-12-30,2063.360107421875,17.290000915527344,19.59000015258789,0.16287674584816905,0.010023263307104374,0.1330248186970901,-0.007243398783778549,5.246682594084456e-05,0.00011862862367418108
2015-12-31,2043.93994140625,18.209999084472656,19.799999237060547,0.16521032013507042,0.016889670709656135,0.08731467504266134,-0.009456485041467845,8.942510933950512e-05,0.00013158891533987895
2016-01-04,2012.6600341796875,20.700000762939453,22.01000022888184,0.16365493639547626,0.04334507123391826,0.06328499602221092,-0.015422041797805928,0.0002378393732132731,0.0001700357268197198
2016-01-05,2016.7099609375,19.34000015258789,20.520000457763672,0.16391188680519253,0.02948811472068638,0.06101345893825575,0.0020102041393599396,4.040920681899836e-06,0.00014842682773892843
2016-01-06,1990.260009765625,20.59000015258789,21.270000457763672,0.16691906725731717,0.03898093426856172,0.03302575522760811,-0.01320216300262602,0.0001742971079479073,0.00016823337550935291
2016-01-07,1943.0899658203125,24.989999771118164,24.6200008392334,0.17904998111613987,0.07085001659504178,-0.014805879762847642,-0.023985816519344776,0.0005753193940996727,0.0002478174954605103
2016-01-08,1922.030029296875,27.01000022888184,26.229999542236328,0.18037494647264968,0.08972505581616874,-0.028878218438941564,-0.010897537445847908,0.00011875632238365734,0.0002895000445889671
2016-01-11,1923.6700439453125,24.299999237060547,24.729999542236328,0.18052270983709395,0.06247728253351151,0.01769548636528255,0.0008529082958226729,7.274525610831361e-07,0.00023432141385759648
2016-01-12,1938.6800537109373,22.46999931335449,22.530000686645508,0.18286078165515834,0.04183921147838654,0.0026702881675371858,0.007772514117774639,6.041197571100608e-05,0.0002003574877548219
2016-01-13,1890.280029296875,25.21999931335449,24.88999938964844,0.19437667991564506,0.05782331321789985,-0.013084850622153114,-0.025282375077908908,0.0006391984895800694,0.0002524001449863496
2016-01-14,1921.8399658203125,23.950000762939453,23.530000686645508,0.1987541582476838,0.04074584938171072,-0.01753653707367972,0.016558060934383972,0.00027416938190677264,0.00022762005418444458
2016-01-15,1880.3299560546875,27.020000457763672,26.8799991607666,0.2049123835690437,0.065287621008593,-0.005181395063849589,-0.021835772698162375,0.00047680096932581334,0.00028971445426093214
2016-01-19,1881.3299560546875,26.049999237060547,26.440000534057617,0.20243602055532708,0.058063971815278365,0.014971259440277728,0.0005316801874288286,2.8268382170435435e-07,0.0002692866905757361
2016-01-20,1859.3299560546875,27.59000015258789,27.809999465942383,0.19158573036389887,0.08431427116198004,0.007973878656679045,-0.011762766025898373,0.000138362664580029,0.00030206670969039676
2016-01-21,1868.989990234375,26.690000534057617,26.709999084472656,0.19313163616273452,0.07376836917784166,0.0007492899968106044,0.005181988635948063,2.6853006223094863e-05,0.00028268100337618883
2016-01-22,1906.9000244140625,22.34000015258789,24.280000686645508,0.20458919806908016,0.018810803456798753,0.08683977264131242,0.02008072688221347,0.00040323559211805066,0.00019804587572128056
2016-01-25,1877.0799560546875,24.149999618530277,25.25,0.20762188523018807,0.0338781109551147,0.04554867075963403,-0.015761545172821467,0.0002484263062348917,0.00023143749268849702
2016-01-26,1903.6300048828125,22.5,23.290000915527344,0.21291092118782734,0.012089078812172666,0.035111151801215275,0.014045237830367907,0.00019726870571159778,0.00020089285714285717
2016-01-27,1882.949951171875,23.11000061035156,24.46999931335449,0.20828211070439048,0.0228178953991251,0.05884892544718288,-0.010922922300528425,0.00011931023158338118,0.00021193338421049578
2016-01-28,1893.3599853515625,22.420000076293945,24.020000457763672,0.20851722383571403,0.015682776927225417,0.07136486958184741,0.005513350717591524,3.039703613516697e-05,0.00019946682675437322
2016-01-29,1940.239990234375,20.200000762939453,22.65999984741211,0.21950242682081006,-0.01750241919141554,0.12178212829506267,0.024458650994556432,0.0005982256084735163,0.00016192064715188668
2016-02-01,1939.3800048828125,19.979999542236328,22.01000022888184,0.21416991007516203,-0.014369914652798743,0.10160163829604857,-0.00044333484554180534,1.965457852715764e-07,0.0001584128498840333
2016-02-02,1903.030029296875,21.979999542236328,23.40999984741211,0.21641255121160072,0.0033874442107625635,0.06505915991617385,-0.01892096871823143,0.0003580030572362923,0.0001917144364590116
2016-02-03,1912.530029296875,21.649999618530277,23.200000762939453,0.21220542280497245,0.004294573380330319,0.07159358760831235,0.0049796200215740235,2.479661555926088e-05,0.00018600098550887348
2016-02-04,1915.449951171875,21.84000015258789,23.65999984741211,0.21058787566373446,0.007812125862144442,0.08333331877786462,0.0015255682925234377,2.327358615152877e-06,0.00018928000264485678
2016-02-05,1880.050048828125,23.3799991607666,24.479999542236328,0.21361154174927718,0.02018844985838883,0.04704877762851292,-0.018654158276351848,0.0003479776209991862,0.00021691442887200276
2016-02-08,1853.43994140625,26.0,25.979999542236328,0.21122723483736003,0.04877276516263998,-0.0007692483755258414,-0.014255057923057347,0.00020320667638972005,0.0002682539682539683
2016-02-09,1852.2099609375,26.540000915527344,26.799999237060547,0.21132132833266118,0.054078680822612274,0.009796469953438847,-0.0006638406467602255,4.406844042910345e-07,0.000279512558966743
2016-02-10,1851.8599853515625,26.290000915527344,26.71999931335449,0.21151308316713624,0.05138692598813721,0.016355967396455288,-0.00018896813076091644,3.570895444327481e-08,0.0002742714873565193
2016-02-11,1829.0799560546875,28.13999938964844,27.71999931335449,0.20868959803552065,0.07271039586096376,-0.014925376169284969,-0.012377447329256216,0.00015320120238851182,0.0003142299863688153
2016-02-12,1864.780029296875,25.399999618530277,26.229999542236328,0.21932769899017626,0.03467229719512652,0.03267716284139368,0.01933001520704595,0.00037364948790462766,0.0002560158653259279
2016-02-16,1895.5799560546875,24.11000061035156,25.01000022888184,0.22578937791988207,0.015310628183633518,0.037328892399275525,0.016381737741684915,0.000268361331437344,0.00023067147993299705
2016-02-17,1926.8199462890625,22.309999465942383,23.549999237060547,0.2287584020353259,-0.005658407375902091,0.05558044826541129,0.016346110625641338,0.00026719533258570466,0.00019751431594061482
2016-02-18,1917.8299560546875,21.63999938964844,23.200000762939453,0.2286996908950219,-0.012299696998537502,0.07208879007812004,-0.004676632123934705,2.1870888022618034e-05,0.00018582919586666063
2016-02-19,1917.780029296875,20.530000686645508,22.799999237060547,0.22610268434238665,-0.020802677475931564,0.11056982340442116,-2.60332818018429e-05,6.777317613741647e-10,0.00016725433658478772
2016-02-22,1945.5,19.3799991607666,21.6200008392334,0.21979729174253937,-0.025997300134873363,0.11558316694881583,0.014350731099076084,0.0002059434830779895,0.0001490414156632199
2016-02-23,1921.27001953125,20.979999542236328,22.440000534057617,0.22055417190039645,-0.010754176478033173,0.06959013458899545,-0.01253257757078849,0.00015706550056783074,0.00017466681777469702
2016-02-24,1929.800048828125,20.71999931335449,22.34000015258789,0.2209195901323316,-0.013719596998786693,0.07818537127987626,0.0044299600346319485,1.9624545908436295e-05,0.00017036443315294068
2016-02-25,1951.699951171875,19.11000061035156,21.239999771118164,0.22220930456095236,-0.031109298457436763,0.11145992112699468,0.011284366730450844,0.00012733693250730589,0.00014491750925699882
2016-02-26,1948.050048828125,19.809999465942383,21.86000061035156,0.20881447831644098,-0.01071448365701716,0.1034831499078819,-0.0018718653295646535,3.5038798120261886e-06,0.00015572860271453868
2016-02-29,1932.22998046875,20.549999237060547,22.38999938964844,0.2050680403174674,0.00043195205313806273,0.08953772364475698,-0.008154131091571704,6.648985385853635e-05,0.0001675803446996782
2016-03-01,1978.3499755859373,17.700000762939453,20.280000686645508,0.20495158017478055,-0.027951572545386022,0.14576270127107,0.023588385401618728,0.0005564119258552995,0.00012432143928891158
2016-03-02,1986.449951171875,17.09000015258789,19.920000076293945,0.20503530700645128,-0.034135305480572364,0.16559390862717552,0.004085949861101922,1.6694986267438812e-05,0.00011590004175216436
2016-03-03,1993.4000244140625,16.700000762939453,19.489999771118164,0.20098567381102683,-0.03398566618163229,0.16706580124057605,0.003492634320316937,1.2198494495455753e-05,0.00011067064503261046
2016-03-04,1999.989990234375,16.860000610351562,19.6299991607666,0.20082684018689145,-0.032226834083375816,0.16429409550046745,0.0033004398659416986,1.0892903308697258e-05,0.00011280143673851393
2016-03-07,2001.760009765625,17.350000381469727,19.899999618530277,0.19359972569524309,-0.020099721880545818,0.14697401619564338,0.0008846228008639487,7.825574998083773e-07,0.00011945337826865067
2016-03-08,1979.260009765625,18.670000076293945,21.040000915527344,0.19052901744645467,-0.0038290166835152073,0.12694166200045626,-0.011303756056006186,0.00012777490097369651,0.0001383209931939746
2016-03-09,1989.260009765625,18.34000015258789,20.75,0.1872454336588193,-0.0038454321329403907,0.13140675176450548,0.00503967278281425,2.539830175783873e-05,0.00013347444666544597
2016-03-10,1989.5699462890625,18.049999237060547,20.709999084472656,0.18359290147819907,-0.0030929091075936055,0.14736841882799392,0.00015579279712262694,2.4271395635291998e-08,0.00012928669541979615
2016-03-11,2022.18994140625,16.5,19.46999931335449,0.18805296969482851,-0.023052969694828507,0.17999995838512053,0.016262545588851488,0.000264470389029473,0.0001080357142857143
2016-03-14,2019.6400146484373,16.920000076293945,19.420000076293945,0.1759789923368874,-0.006778991573947957,0.1477541364496013,-0.0012617686166118578,1.5920600418666015e-06,0.00011360571531023298
2016-03-15,2015.9300537109373,16.84000015258789,19.32999992370605,0.17614803209054153,-0.007748030564662611,0.14786221784775394,-0.0018386309343179589,3.3805637126309307e-06,0.00011253397029331755
2016-03-16,2027.219970703125,14.989999771118164,18.479999542236328,0.165724793869385,-0.01582479615820334,0.23282186954015083,0.0055847278817799184,3.1189185513530016e-05,8.916670362623914e-05
2016-03-17,2040.5899658203125,14.4399995803833,18.13999938964844,0.16602897094785468,-0.021628975144021678,0.2562326812177737,0.006573583068596323,4.321199435973625e-05,8.274348725455154e-05
2016-03-18,2049.580078125,14.020000457763672,17.93000030517578,0.16614198595928914,-0.025941981381652435,0.2788872838621713,0.004395967251026178,1.932452807209465e-05,7.800016382368792e-05
2016-03-21,2051.60009765625,13.789999961853027,17.59000015258789,0.15396762348883328,-0.016067623870303,0.2755620160439971,0.0009850919042923014,9.704060599022327e-07,7.546194402694702e-05
2016-03-22,2049.800048828125,14.170000076293944,17.75,0.1456653234253259,-0.003965322662386472,0.2526464293881908,-0.0008777728967722512,7.704852583079491e-07,7.967813577863902e-05
2016-03-23,2036.7099609375,14.9399995803833,18.299999237060547,0.14797520499869524,0.0014247908051377711,0.22489958173017846,-0.00640650953066712,4.104336436652864e-05,8.857285216740206e-05
2016-03-24,2035.93994140625,14.739999771118164,18.270000457763672,0.14801347726757463,-0.0006134795563929873,0.2394844465033343,-0.0003781417793768198,1.4299120531026744e-07,8.621729890974744e-05
2016-03-28,2037.050048828125,15.239999771118164,18.299999237060547,0.14078882538327997,0.011611172327901681,0.20078736954717616,0.000545106888072358,2.971415194239302e-07,9.2165711517334e-05
2016-03-29,2055.010009765625,13.81999969482422,17.239999771118164,0.13367953882276268,0.004520458125479521,0.2474674494801024,0.00877801205423741,7.705349562433728e-05,7.579063157338948e-05
2016-03-30,2063.949951171875,13.5600004196167,16.920000076293945,0.12781850872738065,0.0077814954687863425,0.24778757763284961,0.0043408799935662195,1.8843239118543463e-05,7.296571880158931e-05
2016-03-31,2059.739990234375,13.949999809265137,17.079999923706055,0.12190367389046275,0.017596324202188623,0.2243727711280737,-0.0020418423596207116,4.169120221541475e-06,7.72232121740069e-05
2016-04-01,2072.780029296875,13.100000381469728,16.5,0.12065223891382808,0.010347764900869208,0.2595419480551813,0.006310959066599757,3.982820434029767e-05,6.809921031528056e-05
2016-04-04,2066.1298828125,14.119999885559082,17.229999542236328,0.1216026947551832,0.01959730410040761,0.22025493497757953,-0.003213480045854618,1.0326454005105799e-05,7.911682411436051e-05
2016-04-05,2045.1700439453125,15.420000076293944,18.3799991607666,0.1215979555161314,0.03260204524680804,0.19195843513796318,-0.01019629841179453,0.00010396450130236366,9.435571521940684e-05
2016-04-06,2066.659912109375,14.09000015258789,17.280000686645508,0.11641455647064917,0.024485445055229718,0.2264017387871862,0.01045279793201316,0.00010926098460749858,7.878099376981221e-05
2016-04-07,2041.9100341796875,16.15999984741211,18.86000061035156,0.12353490705795236,0.038065091416168734,0.16707925671000748,-0.012048073970004866,0.0001451560863867088,0.00010362920439220612
2016-04-08,2047.5999755859373,15.359999656677246,18.31999969482422,0.12032800216552708,0.03327199440124537,0.19270834012422725,0.0027827026046162826,7.743433785738243e-06,9.362285295758932e-05
2016-04-11,2041.989990234375,16.260000228881836,18.88999938964844,0.12057275935211878,0.04202724293669957,0.16174656357599967,-0.0027435458896038338,7.527044048362091e-06,0.00010491571723937989
2016-04-12,2061.719970703125,14.850000381469728,17.969999313354492,0.11911004573563298,0.02938995807906429,0.21010093277694397,0.009615753881389974,9.246272270746635e-05,8.750893306732186e-05
2016-04-13,2082.419921875,13.84000015258789,17.260000228881836,0.10332881604722839,0.03507118547865053,0.24710982937774406,0.009990069768557895,9.98014939806544e-05,7.601016040620352e-05
2016-04-14,2082.780029296875,13.720000267028809,17.239999771118164,0.10316884985517331,0.034031152815114776,0.25655972562540214,0.00017291243013242585,2.989870849430105e-08,7.469778068542483e-05
2016-04-15,2080.72998046875,13.619999885559082,17.15999984741211,0.10326305906898096,0.032936939786609845,0.2599118936562102,-0.000984769576145959,9.697711181026918e-07,7.361285590580531e-05
2016-04-18,2094.340087890625,13.350000381469728,16.510000228881836,0.10418736619574556,0.029312637618951726,0.23670410165667852,0.006519725613797989,4.250682207921356e-05,7.072321832747694e-05
2016-04-19,2100.800048828125,13.239999771118164,16.469999313354492,0.10426222895692276,0.02813776875425887,0.24395767357052933,0.0030797379028665328,9.484785550352749e-06,6.95625372774639e-05
2016-04-20,2102.39990234375,13.279999732971191,16.600000381469727,0.0968794984378661,0.03592049889184583,0.2500000538596199,0.0007612550492345003,5.795092499850215e-07,6.998348924909323e-05
2016-04-21,2091.47998046875,13.949999809265137,17.139999389648438,0.09863299315718967,0.04086700493546171,0.22867380817199773,-0.005207562857292034,2.7118710912647574e-05,7.72232121740069e-05
2016-04-22,2091.580078125,13.220000267028809,16.639999389648438,0.09864788977881929,0.0335521128914688,0.25869886940541437,4.785857954074228e-05,2.2904436356575556e-09,6.935254248422293e-05
2016-04-25,2087.7900390625,14.079999923706056,17.219999313354492,0.08883011957131397,0.05196987966574661,0.22301132149594097,-0.0018136896207629953,3.289470040463418e-06,7.866920549665181e-05
2016-04-26,2091.699951171875,13.960000038146973,16.920000076293945,0.08858099838425339,0.05101900199721633,0.2120343861073426,0.0018710001742369307,3.500641651994625e-06,7.733396867661249e-05
2016-04-27,2095.14990234375,13.770000457763672,16.770000457763672,0.0881276637022167,0.049572340875420035,0.21786491650467363,0.0016479941117468401,2.7158845923522566e-06,7.524321928841736e-05
2016-04-28,2075.81005859375,15.220000267028809,17.780000686645508,0.0922529290335089,0.059947073636779175,0.1681997618069985,-0.00927363606156167,8.600032580229705e-05,9.192397147950674e-05
2016-04-29,2065.300048828125,15.699999809265137,18.450000762939453,0.09208440368695621,0.06491559440569515,0.17515929854033765,-0.005075949230557177,2.5765260591194e-05,9.781348968687512e-05
2016-05-02,2081.429931640625,14.68000030517578,17.780000686645508,0.09386491154139291,0.05293509151036489,0.21117168372106573,0.007779606697244105,6.0522280363805333e-05,8.551682895236549e-05
2016-05-03,2063.3701171875,15.600000381469728,18.56999969482422,0.09757816915797582,0.05842183465672146,0.19038456671336804,-0.008714499388395887,7.59424995903523e-05,9.657143329438717e-05
2016-05-04,2051.1201171875,16.049999237060547,18.90999984741211,0.09915781573503964,0.061342176635565834,0.17819319291602365,-0.00595458270547255,3.5457055196312794e-05,0.0001022232045673191
2016-05-05,2050.6298828125,15.90999984741211,18.920000076293945,0.09727691524582509,0.06182308322829601,0.18918920538968056,-0.00023903669279415213,5.713854050196586e-08,0.00010044765680343386
2016-05-06,2057.139892578125,14.720000267028809,18.270000457763672,0.09762792177782902,0.04957208089245908,0.24116848684347347,0.0031696105535526063,1.004643106119206e-05,8.598349518306676e-05
2016-05-09,2058.68994140625,14.56999969482422,18.049999237060547,0.09763348579770391,0.048066511150538296,0.23884691936352925,0.0007532133076099479,5.67330286760718e-07,8.424003615364202e-05
2016-05-10,2084.389892578125,13.630000114440918,17.18000030517578,0.10086722918702369,0.03543277195738549,0.2604548907504157,0.012406365236037333,0.00015391789836995565,7.372099330145216e-05
2016-05-11,2064.4599609375,14.6899995803833,18.020000457763672,0.10426361825503562,0.042636377548797386,0.22668488580674845,-0.009607522877868724,9.230449584877093e-05,8.563336812367522e-05
2016-05-12,2064.110107421875,14.40999984741211,17.75,0.10408477322581221,0.040015225248308875,0.23178349673527032,-0.00016947926796424465,2.8723222269696243e-08,8.240003793746706e-05
2016-05-13,2046.6099853515625,15.039999961853027,18.25,0.10522379550692623,0.04517620411160403,0.2134308541415368,-0.008514434161752484,7.249558909481773e-05,8.976253922719802e-05
2016-05-16,2066.659912109375,14.68000030517578,17.700000762939453,0.10888041138721205,0.037919591664545754,0.20572209775083597,0.009748976389612767,9.504254064522718e-05,8.551682895236549e-05
2016-05-17,2047.2099609375,15.56999969482422,18.43000030517578,0.10829695618832665,0.04740304075991557,0.1836866195509485,-0.009455863552162807,8.941335551712101e-05,9.620035337175649e-05
2016-05-18,2047.6300048828125,15.949999809265137,18.540000915527344,0.10370466075852297,0.05579533733412839,0.16238251644101656,0.00020515768640127935,4.208967628952568e-08,0.00010095337060141186
2016-05-19,2040.0400390625,16.329999923706055,18.770000457763672,0.0981716951688878,0.06512830406817274,0.14941828202433113,-0.0037135945227206248,1.3790784279180624e-05,0.0001058209910746983
2016-05-20,2052.320068359375,15.199999809265137,18.049999237060547,0.09940865775874282,0.05259134033390854,0.1874999647077757,0.006001459222804671,3.6017512802987246e-05,9.168253738161118e-05
2016-05-23,2048.0400390625,15.81999969482422,18.149999618530277,0.09926502801313238,0.05893496893510984,0.1472819196367213,-0.0020876365681016884,4.358226440475396e-06,9.931444061279304e-05
2016-05-24,2076.06005859375,14.420000076293944,17.079999923706055,0.10316612782293749,0.041033872940001936,0.18446600785981082,0.013588637533990108,0.00018465107003016475,8.251444531758624e-05
2016-05-25,2090.5400390625,13.899999618530272,16.770000457763672,0.10102145450713464,0.03797854167816807,0.20647488618685747,0.006950529651583447,4.8309862437540716e-05,7.66706307123578e-05
2016-05-26,2090.10009765625,13.43000030517578,16.559999465942383,0.10102614092723998,0.033273862124517814,0.23306024494730168,-0.0002104660499285901,4.429595817254378e-08,7.157337626865934e-05
2016-05-27,2099.06005859375,13.119999885559082,16.309999465942383,0.10167667403831987,0.029523324817270963,0.24314021404028124,0.004277694939439437,1.8298673994905768e-05,6.830730039566283e-05
2016-05-31,2096.949951171875,14.1899995803833,16.6299991607666,0.0999969999948603,0.04190299580897271,0.1719520544423717,-0.0010057686205899895,1.0115705181634902e-06,7.990320956003104e-05
2016-06-01,2099.330078125,14.199999809265137,16.700000762939453,0.0996417090933176,0.042358288999333776,0.17605640755312754,0.001134398653926189,1.2868603060295495e-06,8.00158708663214e-05
2016-06-02,2105.260009765625,13.630000114440918,16.3700008392334,0.0999608862254126,0.03633911491899658,0.20102719748985645,0.002820696166986195,7.956326866450612e-06,7.372099330145216e-05
2016-06-03,2099.1298828125,13.470000267028809,16.489999771118164,0.09913169343435646,0.03556830923593163,0.22420188895478785,-0.002916062236694851,8.503418968277777e-06,7.20003599975223e-05
2016-06-06,2109.409912109375,13.649999618530272,16.440000534057617,0.10008723239395986,0.03641276379134287,0.20439567717934864,0.004885328519363624,2.3866434742107576e-05,7.393749586741135e-05
2016-06-07,2112.1298828125,14.050000190734863,16.6299991607666,0.09992625290189242,0.04057374900545621,0.1836298174382299,0.001288615629197613,1.66053023981236e-06,7.833432752367051e-05
2016-06-08,2119.1201171875,14.079999923706056,16.790000915527344,0.10019722921029872,0.04060277002676185,0.1924716623938714,0.0033041019719547236,1.0917089841075093e-05,7.866920549665181e-05
2016-06-09,2115.47998046875,14.640000343322754,17.31999969482422,0.10031794629215404,0.046082057141073496,0.18306006070032654,-0.0017192355978938075,2.955771041065278e-06,8.505143256051204e-05
2016-06-10,2096.070068359375,17.030000686645508,18.940000534057617,0.1002714353264623,0.07002857153999278,0.11215500706995758,-0.009217532410166119,8.496290373246281e-05,0.00011508766801077241
2016-06-13,2079.06005859375,20.96999931335449,21.8700008392334,0.10208805113847838,0.10761194199506652,0.04291852910580473,-0.008148298789709478,6.639477316638095e-05,0.00017450034571511418
2016-06-14,2075.320068359375,20.5,21.940000534057617,0.09967192058130821,0.10532807941869178,0.07024392849061548,-0.0018005050719719037,3.2418185141965502e-06,0.00016676587301587298
2016-06-15,2071.5,20.13999938964844,21.809999465942383,0.09644738745608333,0.10495260644040108,0.08291956935968373,-0.0018424090638101951,3.3944711584099598e-06,0.00016096014897422207
2016-06-16,2077.989990234375,19.3700008392334,21.15999984741211,0.09504962392415922,0.09865038446817476,0.09241088955211182,0.0031280931110455722,9.784966511370767e-06,0.00014888767163170736
2016-06-17,2071.219970703125,19.40999984741211,21.309999465942383,0.09563798239970152,0.09846201607441958,0.09788766787566956,-0.003263284144608922,1.0649023408455984e-05,0.00014950321193513418
2016-06-20,2083.25,18.3700008392334,19.809999465942383,0.09661061268138374,0.08708939571095026,0.07838859885262135,0.0057913827784231015,3.354011448621568e-05,0.00013391148048945867
2016-06-21,2088.89990234375,18.479999542236328,19.690000534057617,0.09683506368178955,0.08796493174057372,0.06547624576807011,0.002708390604209703,7.3353796649713994e-06,0.00013551999328613288
2016-06-22,2085.449951171875,21.170000076293945,21.07999992370605,0.0901369689623304,0.12156303180060907,-0.004251306200450886,-0.00165292899657585,2.7321742677212462e-06,0.000177844802869161
2016-06-23,2113.320068359375,17.25,18.420000076293945,0.09325039280646562,0.07924960719353437,0.06782609137935915,0.013275567071955107,0.0001762406810819787,0.00011808035714285713
2016-06-24,2037.4100341796875,25.76000022888184,23.93000030517578,0.14294360589503716,0.11465639639378125,-0.07104036907788074,-0.03658079280558263,0.0013381544022849658,0.00026332444912380656
2016-06-27,2000.5400390625,23.850000381469727,23.68000030517578,0.15033280020258236,0.08816720361211491,-0.007127885684481036,-0.018262246511702756,0.0003335096476541995,0.00022572322150639132
2016-06-28,2036.0899658203125,18.75,20.26000022888184,0.15670326043568875,0.030796739564311254,0.08053334554036477,0.01761412160408792,0.00031025727988359675,0.00013950892857142856
2016-06-29,2070.77001953125,16.639999389648438,18.729999542236328,0.1621235215537029,0.004276472342781473,0.12560097531542322,0.016889242971253916,0.0002852465281420498,0.00010987681733630968
2016-06-30,2098.860107421875,15.630000114440918,18.09000015258789,0.16650009406345423,-0.010200092919045056,0.15738963660493654,0.013473863149466128,0.00018154498817054128,9.694321570532662e-05
2016-07-01,2102.949951171875,14.770000457763672,17.649999618530273,0.16596705841352916,-0.018267053835892444,0.194989781415529,0.0019467062930320223,3.789665391330478e-06,8.656861647711868e-05
2016-07-05,2088.550048828125,15.579999923706056,18.239999771118164,0.16679575158283805,-0.010995752345777488,0.17073169835930052,-0.006871028985598719,4.721103932093777e-05,9.632396731058758e-05
2016-07-06,2099.72998046875,14.960000038146973,17.739999771118164,0.16715071518750552,-0.01755071480603579,0.1858288586819775,0.0053386870582759595,2.8501579506203218e-05,8.881015918307834e-05
2016-07-07,2097.89990234375,14.760000228881836,17.760000228881836,0.16275641323036835,-0.015156410941549986,0.2032520293685164,-0.0008719578867330009,7.603105562358808e-07,8.645143125261581e-05
2016-07-08,2129.89990234375,13.199999809265137,16.489999771118164,0.1673085809645524,-0.03530858287190103,0.24924242495395812,0.0151381865659924,0.00022916469250679279,6.914285514468241e-05
2016-07-11,2137.159912109375,13.539999961853027,16.489999771118164,0.167480058341013,-0.032080058722482735,0.21787295550785304,0.0034028193119982385,1.1579179270108165e-05,7.275063451070634e-05
2016-07-12,2152.139892578125,13.550000190734863,16.170000076293945,0.16815906171436926,-0.032659059807020635,0.19335792241173322,0.006984842307345719,4.8788022058486664e-05,7.285813697179159e-05
2016-07-13,2152.429931640625,13.039999961853027,15.970000267028809,0.16808319582732006,-0.03768319620878979,0.22469327559410657,0.00013475867498170382,1.8159900482824486e-08,6.74768250020345e-05
2016-07-14,2163.75,12.81999969482422,15.859999656677246,0.16856091870156,-0.04036092175331779,0.23712948784861168,0.005245422801696999,2.7514460368562795e-05,6.521920324416394e-05
2016-07-15,2161.739990234375,12.670000076293944,15.989999771118164,0.16856078820701403,-0.04186078744407459,0.26203628057083184,-0.0009293790598711438,8.63745436926971e-07,6.370194521162245e-05
2016-07-18,2166.889892578125,12.4399995803833,15.770000457763672,0.16822219588644985,-0.043822200082616836,0.2676849670181233,0.0023794618218687365,5.661838561730887e-06,6.141015458727647e-05
2016-07-19,2163.780029296875,11.970000267028809,15.739999771118164,0.1679702676047247,-0.048270264934436605,0.31495400334064855,-0.0014362045004153862,2.062683367013409e-06,5.685750253677372e-05
2016-07-20,2173.02001953125,11.770000457763672,15.4399995803833,0.16825868216859302,-0.05055867759095631,0.3118095989706476,0.004261208315763991,1.815789631033619e-05,5.4973377291967075e-05
2016-07-21,2165.169921875,12.739999771118164,16.100000381469727,0.16861208926510018,-0.041212091553918556,0.2637363163827327,-0.003619069856524976,1.3097666626407709e-05,6.440777546352812e-05
2016-07-22,2175.030029296875,12.020000457763672,15.800000190734863,0.16880280617196525,-0.04860280159432853,0.3144758393523774,0.004543626789510244,2.0644544402355167e-05,5.733349643041225e-05
2016-07-25,2168.47998046875,12.869999885559082,16.270000457763672,0.1665060367960312,-0.03780603794044038,0.2641803109897146,-0.0030160187399297005,9.096369039607139e-06,6.572892740249636e-05
2016-07-26,2169.179931640625,13.050000190734863,16.31999969482422,0.16419734353470825,-0.0336973416273596,0.2505746709805387,0.0003227321607194127,1.0415604756262084e-07,6.75803591183254e-05
2016-07-27,2166.580078125,12.829999923706056,16.100000381469727,0.1641042672099586,-0.03580426797289804,0.25487143236233956,-0.001199260946808637,1.4382268185403487e-06,6.532099128662596e-05
2016-07-28,2170.06005859375,12.720000267028809,16.0,0.16380998402906163,-0.03660998135877355,0.2578616088140498,0.001604920448092453,2.5757696447052803e-06,6.420571698143371e-05
2016-07-29,2173.60009765625,11.869999885559082,15.420000076293944,0.1637420535520115,-0.04504205469642067,0.2990733129706054,0.0016299801176578648,2.656835183959947e-06,5.591146717586216e-05
2016-08-01,2170.840087890625,12.4399995803833,15.699999809265137,0.16333974913957106,-0.03893975333573804,0.26205790505190585,-0.0012705941474910585,1.6144094876385298e-06,6.141015458727647e-05
2016-08-02,2157.030029296875,13.369999885559082,16.389999389648438,0.16441017049916612,-0.030710171643575312,0.22587879805079525,-0.006381940812667669,4.072916853639327e-05,7.093527656343247e-05
2016-08-03,2163.7900390625,12.859999656677246,16.079999923706055,0.1644491091531174,-0.03584911258634493,0.2503888299372466,0.0031290427160710972,9.790908318997588e-06,6.562682189275352e-05
2016-08-04,2164.25,12.420000076293944,15.710000038146973,0.1642592049692747,-0.04005920420633527,0.2648953254140998,0.00021254929948908707,4.5177204713301626e-08,6.121285789489745e-05
2016-08-05,2182.8701171875,11.390000343322754,15.140000343322754,0.16180879981407345,-0.047908796380845914,0.32923616215678086,0.00856669728938006,7.338830244787166e-05,5.148099516702081e-05
2016-08-08,2180.889892578125,11.5,15.15999984741211,0.11629001560235218,-0.0012900156023521736,0.31826085629670514,-0.0009075772915415996,8.236965401219857e-07,5.2480158730158736e-05
2016-08-09,2181.739990234375,11.65999984741211,15.109999656677246,0.09894693545365038,0.01765306302047072,0.29588334943510747,0.00038971798655598234,1.5188010904524882e-07,5.395063350859144e-05
2016-08-10,2175.489990234375,12.050000190734863,15.40999984741211,0.08985156374666907,0.030648438160679567,0.27883814136872126,-0.0028687970634882847,8.229996591479006e-06,5.762004150663105e-05
2016-08-11,2185.7900390625,11.68000030517578,15.300000190734863,0.07881835782227326,0.03798164522948454,0.30993148895338185,0.004723415102443644,2.2310650229992698e-05,5.413587584480409e-05
2016-08-12,2184.050048828125,11.550000190734863,15.260000228881836,0.0709096439623707,0.044590357944977926,0.32121211921044357,-0.0007963633869140575,6.341946440172288e-07,5.293750174840293e-05
2016-08-15,2190.14990234375,11.8100004196167,15.380000114440918,0.07101563527317901,0.04708436892298798,0.3022861615562995,0.002789016294521772,7.778611891107956e-06,5.534766266323278e-05
2016-08-16,2178.14990234375,12.640000343322754,16.020000457763672,0.06973032833090152,0.056669675102326025,0.2674050650818572,-0.0054941422164782264,3.018559869488828e-05,6.340063836476166e-05
2016-08-17,2182.219970703125,12.1899995803833,15.520000457763672,0.06874538477104894,0.05315461103278407,0.2731748147669471,0.0018668460061555662,3.485114010698988e-06,5.896670228958137e-05
2016-08-18,2187.02001953125,11.43000030517578,15.15999984741211,0.0684837968994117,0.04581620615234609,0.32633415946168404,0.002197201696382422,4.827695294585793e-06,5.18432170540946e-05
2016-08-19,2183.8701171875,11.34000015258789,15.130000114440918,0.0551061139071554,0.05829388761872351,0.33421515968746396,-0.0014413095687681864,2.0773732730227354e-06,5.1030001373291025e-05
2016-08-22,2182.639892578125,12.270000457763672,15.5,0.05469702251849158,0.06800298205914514,0.2632436366530525,-0.0005634818833231075,3.1751183283335614e-07,5.97432187434606e-05
2016-08-23,2186.89990234375,12.380000114440918,15.420000076293944,0.05152599603199674,0.07227400511241244,0.2455573452141533,0.001949867178361733,3.8019820132523464e-06,6.0819207473633795e-05
2016-08-24,2175.43994140625,13.449999809265137,16.0,0.0541872334803308,0.08031276461232056,0.18959109493654236,-0.005254055259671874,2.7605096671685682e-05,7.17867043131874e-05
2016-08-25,2172.469970703125,13.630000114440918,16.1299991607666,0.05235885550541316,0.08394114563899602,0.183418857324656,-0.001366160396645455,1.8663942293624667e-06,7.372099330145216e-05
2016-08-26,2169.0400390625,13.649999618530272,16.239999771118164,0.052507448442357205,0.08399254774294553,0.18974360622485967,-0.001580064238713279,2.4966029984605738e-06,7.393749586741135e-05
2016-08-29,2180.3798828125,12.9399995803833,15.93000030517578,0.05418710258802774,0.07521289321580528,0.23106652409210593,0.005214428428674345,2.71902638377672e-05,6.644586870647621e-05
2016-08-30,2176.1201171875,13.119999885559082,16.030000686645508,0.054344636172219817,0.07685536268337101,0.22179884348089093,-0.001955591407122778,3.824337751612447e-06,6.830730039566283e-05
2016-08-31,2170.949951171875,13.420000076293944,16.139999389648438,0.05342120838794744,0.080778792374992,0.20268251102019716,-0.0023786911055626065,5.658171375682655e-06,7.146682620941646e-05
2016-09-01,2170.860107421875,13.479999542236328,16.309999465942383,0.05232871089128979,0.0824712845310735,0.20994065428852074,-4.138538941144249e-05,1.712750456736736e-09,7.2107296689957e-05
2016-09-02,2179.97998046875,11.979999542236328,15.649999618530272,0.05207800155356367,0.0677219938687996,0.3063439245848968,0.004192241599034617,1.7574889624676326e-05,5.6952535330151836e-05
2016-09-06,2186.47998046875,12.020000457763672,15.5600004196167,0.05188257980857739,0.06831742476905933,0.2945091370247457,0.002977242370005349,8.863972129755068e-06,5.733349643041225e-05
2016-09-07,2186.159912109375,11.9399995803833,15.489999771118164,0.051896686628673715,0.06750330917515929,0.2973199594217155,-0.00014639593829345095,2.1431770748819896e-08,5.657285316648944e-05
2016-09-08,2181.300048828125,12.510000228881836,15.8100004196167,0.05223157094500899,0.07286843134380935,0.2637889792452724,-0.0022254881924702883,4.952797694824671e-06,6.210321655818394e-05
2016-09-09,2127.81005859375,17.5,18.82999992370605,0.08923850216722704,0.08576149783277295,0.07599999564034578,-0.024827742410836417,0.0006164167932188453,0.00012152777777777776
2016-09-12,2159.0400390625,15.15999984741211,17.270000457763672,0.09941877533832386,0.05218122313579723,0.13918209970904127,0.014570387233434434,0.00021229618413222913,9.120063308473617e-05
2016-09-13,2127.02001953125,17.850000381469727,19.049999237060547,0.108179080981182,0.07032092283351528,0.06722682520704884,-0.014941748278210834,0.00022325584160941644,0.00012643750540415453
2016-09-14,2125.77001953125,18.13999938964844,19.350000381469727,0.10682002666837671,0.07457996722810771,0.06670347478135917,-0.0005878493998128358,3.4556691686031133e-07,0.00013057919756208168
2016-09-15,2147.260009765625,16.299999237060547,18.190000534057617,0.11067654090067466,0.05232345146993081,0.1159510052429857,0.01005851644943989,0.00010117375316365285,0.00010543252981276762
2016-09-16,2139.159912109375,15.369999885559082,17.8799991607666,0.11113360102889824,0.04256639782669258,0.16330509394250517,-0.0037794277955721,1.4284074461942984e-05,9.374480019130406e-05
2016-09-19,2139.1201171875,15.529999732971191,17.780000686645508,0.10785924362499881,0.04744075370471311,0.14488093962406318,-1.8603233824686035e-05,3.460803087359426e-10,9.570670305797036e-05
2016-09-20,2139.760009765625,15.920000076293944,17.989999771118164,0.10789331345693569,0.051306687306003754,0.1300251058356842,0.0002990934842341777,8.945691231134032e-08,0.00010057396921793619
2016-09-21,2163.1201171875,13.300000190734863,16.65999984741211,0.11290635193190054,0.020093649975448075,0.25263154951064676,0.010858000333635954,0.00011789617124523847,7.01944464577569e-05
2016-09-22,2177.179931640625,12.020000457763672,15.9399995803833,0.11428986936554918,0.005910135212087539,0.3261230427065181,0.006478751917642122,4.197422641035147e-05,5.733349643041225e-05
2016-09-23,2164.68994140625,12.289999961853027,16.049999237060547,0.11458120763045823,0.008318791988072047,0.30593973042133393,-0.005753292959718776,3.3100379880349635e-05,5.9938134548550565e-05
2016-09-26,2146.10009765625,14.5,17.280000686645508,0.11708119166499434,0.02791880833500565,0.1917241852858971,-0.008624850117916047,7.438803955651645e-05,8.343253968253968e-05
2016-09-27,2159.929931640625,13.100000381469728,16.450000762939453,0.11845690644367719,0.012543097371020093,0.25572521251284713,0.006423495165298114,4.1261290138608245e-05,6.809921031528056e-05
2016-09-28,2171.3701171875,12.390000343322754,16.010000228881836,0.11859733968215283,0.0053026637510747154,0.29217108839790956,0.005282576603642458,2.7905615573350687e-05,6.0917503376007137e-05
2016-09-29,2151.1298828125,14.020000457763672,16.8700008392334,0.12140983956629484,0.01879016501134187,0.20328104767582367,-0.009365127730081198,8.77056174007358e-05,7.800016382368792e-05
2016-09-30,2168.27001953125,13.289999961853027,16.3700008392334,0.12362805324944508,0.009271946369085196,0.2317532645764527,0.0079363925880277,6.298632731130101e-05,7.008892816906884e-05
2016-10-03,2161.199951171875,13.56999969482422,16.399999618530273,0.123888940195653,0.0118110567525892,0.20854826730655365,-0.003266023181527122,1.0666907422272545e-05,7.307336972917834e-05
2016-10-04,2150.489990234375,13.630000114440918,16.469999313354492,0.12461109844098152,0.011688902703427664,0.20836384263156454,-0.004967881786362002,2.4679849443267315e-05,7.372099330145216e-05
2016-10-05,2159.72998046875,12.989999771118164,16.219999313354492,0.1251924065120042,0.0047075911991774355,0.24865277899526042,0.004287486231196994,1.8382538182703803e-05,6.696035478319442e-05
2016-10-06,2160.77001953125,12.84000015258789,16.06999969482422,0.12436753735702291,0.004032464168855998,0.2515575937579194,0.0004814438526045025,2.3178818321066592e-07,6.542285869780042e-05
2016-10-07,2153.739990234375,13.479999542236328,16.440000534057617,0.12463904405506117,0.01016095136730212,0.21958465076700037,-0.0032587874416142044,1.061969558962245e-05,7.2107296689957e-05
2016-10-10,2163.659912109375,13.380000114440918,15.949999809265137,0.12536597405144642,0.00843402709296276,0.19207770350094694,0.004595330317324387,2.1117060725320654e-05,7.104142978668213e-05
2016-10-11,2136.72998046875,15.359999656677246,16.940000534057617,0.1293320869450392,0.024267909621733252,0.10286464275365517,-0.012524577697755964,0.0001568650465071261,9.362285295758932e-05
2016-10-12,2139.179931640625,15.90999984741211,17.020000457763672,0.12937741614270035,0.02972258233142075,0.06976748089234665,0.0011459322063988205,1.3131606216620689e-06,0.00010044765680343386
2016-10-13,2132.550048828125,16.690000534057617,17.59000015258789,0.1294825415041573,0.03741746383641886,0.05392448111033515,-0.0031040764122339942,9.635290372987465e-06,0.00011053814199477918
2016-10-14,2132.97998046875,16.1200008392334,17.420000076293945,0.12949348109984982,0.03170652729248416,0.0806451097630569,0.0002015841591211507,4.0636173208581406e-08,0.00010311683613368469
2016-10-17,2126.5,16.209999084472656,17.469999313354492,0.12886948927364864,0.03323050157107793,0.07772981493186965,-0.0030426181118402627,9.257524974498405e-06,0.00010427145647563665
2016-10-18,2139.60009765625,15.279999732971191,16.920000076293945,0.1300027237870777,0.022797273542634222,0.10732986727636915,0.00614150560569863,3.77180911048277e-05,9.265015549190463e-05
2016-10-19,2144.2900390625,14.40999984741211,16.459999084472656,0.1302686911680747,0.01383130730604637,0.142262266396117,0.0021895721553504997,4.794226223486233e-06,8.240003793746706e-05
2016-10-20,2141.340087890625,13.75,16.229999542236328,0.13020239244131268,0.00729760755868733,0.18036360307173296,-0.0013766711313809553,1.8952234039777193e-06,7.50248015873016e-05
2016-10-21,2141.159912109375,13.34000015258789,16.040000915527344,0.10809238396439665,0.025307617561482268,0.20239885547644967,-8.414514015477906e-05,7.080404611667412e-09,7.061730320279563e-05
2016-10-24,2151.330078125,13.020000457763672,15.609999656677246,0.10020941259254357,0.029990591985093157,0.19892466266152767,0.004738594647427366,2.245427923262728e-05,6.727000473022469e-05
2016-10-25,2143.159912109375,13.460000038146973,15.8100004196167,0.09063592628765242,0.04396407409381729,0.1745914097183947,-0.0038049574647063588,1.4477701308224642e-05,7.18934924709986e-05
2016-10-26,2139.429931640625,14.239999771118164,16.25,0.09079043779128908,0.051609559919892564,0.14115170373517535,-0.001741927921187231,3.034312882611668e-06,8.046729900057355e-05
2016-10-27,2133.0400390625,15.359999656677246,16.93000030517578,0.08625881602659005,0.0673411805401824,0.10221358617127507,-0.0029911959060088668,8.947252948124205e-06,9.362285295758932e-05
2016-10-28,2126.409912109375,16.190000534057617,17.3700008392334,0.08604134326291935,0.07585866207765682,0.07288451304825522,-0.00311314013962507,9.6916415289448e-06,0.00010401433225904203
2016-10-31,2126.14990234375,17.059999465942383,17.850000381469727,0.0860399761949539,0.08456001846446992,0.0463072063457245,-0.0001222838841985538,1.4953348334685316e-08,0.00011549348483252158
2016-11-01,2111.719970703125,18.559999465942383,18.739999771118164,0.08812155548523373,0.0974784391741901,0.009698292583794626,-0.006810019108735079,4.6376360261336914e-05,0.00013669586514911968
2016-11-02,2097.93994140625,19.31999969482422,19.18000030517578,0.08302191202309461,0.11017808492514758,-0.00724634533436059,-0.006546884453454001,4.2861696046877696e-05,0.00014811999532063808
2016-11-03,2088.659912109375,22.07999992370605,20.700000762939453,0.08044115352008775,0.14035884571697277,-0.06249996220719959,-0.004433213022609399,1.965337770383356e-05,0.0001934628558058965
2016-11-04,2085.179931640625,22.51000022888184,21.1299991607666,0.0793770846255933,0.1457229176632251,-0.06130613301125622,-0.0016675202716929607,2.7806238565069656e-06,0.00020107147234296052
2016-11-07,2131.52001953125,18.709999084472656,18.149999618530277,0.10121618083103731,0.08588381001368925,-0.02993049135994455,0.0219801997294649,0.0004831291801471689,0.00013891431180197128
2016-11-08,2139.56005859375,18.739999771118164,18.100000381469727,0.09998395962828671,0.08741603808289494,-0.0341515153396531,0.0037648783971575305,1.4174309345383456e-05,0.00013936015532599558
2016-11-09,2163.260009765625,14.380000114440918,16.280000686645508,0.10407105886957325,0.039728942274835935,0.132127994233918,0.011016119879656035,0.0001213548972029529,8.205730289338129e-05
2016-11-10,2167.47998046875,14.739999771118164,16.75,0.10044454042265841,0.04695545728852324,0.13636365400902303,0.001948845716095396,3.7979996251433765e-06,8.621729890974744e-05
2016-11-11,2164.449951171875,14.170000076293944,16.489999771118164,0.0978493152750782,0.043850685487861224,0.16372615965652126,-0.0013989283477976058,1.9570005222717392e-06,7.967813577863902e-05
2016-11-14,2164.199951171875,14.479999542236328,16.700000762939453,0.09737687611947168,0.047423119302891587,0.1533150062765998,-0.00011550945718323702,1.3342434698766067e-08,8.320253442189056e-05
2016-11-15,2180.389892578125,13.369999885559082,15.75,0.09846729609564318,0.03523270275994762,0.1780104812874047,0.007452955022089459,5.5546538561288495e-05,7.093527656343247e-05
2016-11-16,2176.93994140625,13.720000267028809,16.06999969482422,0.09795324797546232,0.039246754694825775,0.17128275379431346,-0.0015835165223759536,2.507524576637634e-06,7.469778068542483e-05
2016-11-17,2187.1201171875,13.350000381469728,15.640000343322754,0.09878086923400185,0.034719134580695435,0.17153557276534812,0.004665469361197901,2.1766604360276347e-05,7.072321832747694e-05
2016-11-18,2181.89990234375,12.850000381469728,15.520000457763672,0.09853262710034841,0.029967376714348876,0.20778210093629276,-0.00238965136554844,5.710433648867524e-06,6.552480547768736e-05
2016-11-21,2198.179931640625,12.420000076293944,15.31999969482422,0.09990833342633808,0.02429166733660136,0.23349433178068227,0.007433702070873876,5.525992647851455e-05,6.121285789489745e-05
2016-11-22,2202.93994140625,12.40999984741211,15.350000381469728,0.09198947461123995,0.03211052386288114,0.23690576713993314,0.002163091103593048,4.678963122443391e-06,6.111432389395579e-05
2016-11-23,2204.719970703125,12.43000030517578,15.43000030517578,0.09199058502147194,0.032309418030285864,0.24135156285964188,0.000807698156908801,6.52376312673874e-07,6.131147126455158e-05
2016-11-25,2213.35009765625,12.34000015258789,15.510000228881836,0.09151155450369004,0.03188844702218886,0.2568881715636889,0.003906745613423708,1.5262661288005387e-05,6.042682689121792e-05
2016-11-28,2201.719970703125,13.149999618530272,16.020000457763672,0.0934043816506172,0.03809561453468553,0.21825102072163938,-0.0052683892547352165,2.7755925339409488e-05,6.862003570132791e-05
2016-11-29,2204.659912109375,12.899999618530272,15.899999618530272,0.09259281653205673,0.036407179653246,0.23255814641192968,0.001334402353261901,1.7806296403908992e-06,6.603571038019095e-05
2016-11-30,2198.81005859375,13.329999923706056,16.100000381469727,0.09202485308048722,0.04127514615657335,0.2078019860178322,-0.0026569305551563936,7.059279974923661e-06,7.051146744682677e-05
2016-12-01,2191.080078125,14.06999969482422,16.670000076293945,0.0928200161359825,0.047879980812259706,0.1847903651644114,-0.003521722966763813,1.2402532654631712e-05,7.855749659220383e-05
2016-12-02,2191.949951171875,14.119999885559082,16.780000686645508,0.09261406768439205,0.04858593117119876,0.1883853273828198,0.0003969277200846238,1.5755161497157748e-07,7.911682411436051e-05
2016-12-05,2204.7099609375,12.140000343322754,15.770000457763672,0.09370346505011838,0.027696538383109162,0.2990115330958365,0.005804426926743671,3.3691371947906976e-05,5.848397156185579e-05
2016-12-06,2212.22998046875,11.789999961853027,15.479999542236328,0.09331694475332981,0.02458305486520046,0.31297706465839087,0.0034050844688746093,1.159460024017108e-05,5.5160356785910475e-05
2016-12-07,2241.35009765625,12.220000267028809,15.479999542236328,0.09855335064712159,0.0236466520231665,0.2667757122725629,0.013077358744723351,0.00017101731173819231,5.925730417705721e-05
2016-12-08,2246.18994140625,12.640000343322754,15.720000267028809,0.09808791947087685,0.0283120839623507,0.24367087342154267,0.0021570150168711013,4.652713783007437e-06,6.340063836476166e-05
2016-12-09,2259.530029296875,11.75,15.220000267028809,0.09784551106846665,0.019654488931533348,0.29531917166202626,0.005921418532969715,3.506319744259721e-05,5.4786706349206346e-05
2016-12-12,2256.9599609375,12.640000343322754,15.729999542236328,0.09712743214738012,0.029272571285847426,0.2444619552993847,-0.001138082290599516,1.295231300176241e-06,6.340063836476166e-05
2016-12-13,2271.719970703125,12.720000267028809,15.699999809265137,0.09777955280323009,0.029420449867057996,0.23427668865390747,0.00651848320123699,4.249062324480884e-05,6.420571698143371e-05
2016-12-14,2253.280029296875,13.1899995803833,15.869999885559082,0.0989240899217949,0.03297590588203812,0.2031842600784905,-0.008150295461858616,6.642731611559314e-05,6.903813052798084e-05
2016-12-15,2262.030029296875,12.789999961853027,15.75,0.09550298387514321,0.03239701574338706,0.23143080898947282,0.0038757076875535726,1.502111007936186e-05,6.491432500960335e-05
2016-12-16,2258.070068359375,12.199999809265137,15.56999969482422,0.09411519941997593,0.027884798672675445,0.2762295031348918,-0.0017521567509802415,3.070053280005636e-06,5.90634902166942e-05
2016-12-19,2262.530029296875,11.710000038146973,15.3100004196167,0.09326852516567943,0.023831475215790293,0.3074295789703005,0.0019731727152112587,3.893410564054171e-06,5.441432575135004e-05
2016-12-20,2270.760009765625,11.449999809265137,15.140000343322754,0.07338618305158538,0.04111381504106598,0.32227079436907363,0.0036309124011527547,1.3183524864844863e-05,5.202479985403637e-05
2016-12-21,2265.179931640625,11.270000457763672,15.09000015258789,0.07437706115388448,0.03832294342375224,0.3389529316471943,-0.0024603857246776667,6.053497914197647e-06,5.040194853888626e-05
2016-12-22,2260.9599609375,11.43000030517578,15.289999961853027,0.06989498190307604,0.04440502114868175,0.3377077474730554,-0.0018647112223965044,3.477147942931466e-06,5.18432170540946e-05
2016-12-23,2263.7900390625,11.4399995803833,15.25,0.06988291294290022,0.04451708286093278,0.33304200693764746,0.0012509325350792359,1.5648322073197637e-06,5.193396444411511e-05
2016-12-27,2268.8798828125,11.989999771118164,15.359999656677246,0.06938876782564683,0.0505112298855348,0.2810675521176263,0.0022458489045486347,5.0438373020623025e-06,5.704765655214826e-05
2016-12-28,2249.919921875,12.949999809265137,15.93000030517578,0.0750511969761958,0.05444880111645556,0.23011587179936388,-0.008391640709771516,7.04196338018946e-05,6.654860915078059e-05
2016-12-29,2249.260009765625,13.369999885559082,16.15999984741211,0.07285383473584094,0.06084616411974987,0.20867613954630637,-0.00029334773186837293,8.605289179231883e-08,7.093527656343247e-05
2016-12-30,2238.830078125,14.039999961853027,16.540000915527344,0.07433769627567281,0.06606230334285747,0.17806274647199938,-0.004647834696854234,2.160236736928209e-05,7.822285671779088e-05
2017-01-03,2257.830078125,12.850000381469728,15.5600004196167,0.07675872035220747,0.05174128346248981,0.21089493834217402,0.008450766753157112,7.14154587162656e-05,6.552480547768736e-05
2017-01-04,2270.75,11.850000381469728,14.84000015258789,0.07718153130425368,0.04131847251044361,0.2523206476679724,0.005705963770549438,3.2558022550822763e-05,5.572321787334632e-05
2017-01-05,2269.0,11.670000076293944,14.699999809265137,0.07518097847318882,0.041519022289750615,0.25964007824869134,-0.0007709676024811847,5.943910440755861e-07,5.404321499234152e-05
2017-01-06,2276.97998046875,11.31999969482422,14.5600004196167,0.07545424900981992,0.03774574793842228,0.28621915301586853,0.0035107891805790594,1.2325640670470983e-05,5.085015598842081e-05
2017-01-09,2268.89990234375,11.5600004196167,14.630000114440918,0.07665195159048376,0.03894805260568324,0.26557089821680235,-0.003554905471559629,1.263735291172459e-05,5.302921019902312e-05
2017-01-10,2268.89990234375,11.489999771118164,14.65999984741211,0.0761801523904367,0.03871984532074495,0.2758920922054512,0.0,0.0,5.238892648424424e-05
2017-01-11,2275.320068359375,11.260000228881836,14.470000267028809,0.07413771806590526,0.038462284222913104,0.2850799265450582,0.0028256423891019514,7.984254911089783e-06,5.031254172794405e-05
2017-01-12,2270.43994140625,11.539999961853027,14.579999923706056,0.07472480246185062,0.04067519715667965,0.2634315400261824,-0.002147112393729617,4.610091631307326e-06,5.2845872666495185e-05
2017-01-13,2274.639892578125,11.229999542236328,14.539999961853027,0.073956237497837,0.03834375792452628,0.2947462648745175,0.0018481313951466559,3.4155896537267246e-06,5.004479750739212e-05
2017-01-17,2267.889892578125,11.869999885559082,14.890000343322754,0.07367234213058575,0.04502765672500507,0.25442295592923914,-0.0029719144562184454,8.832275535080178e-06,5.591146717586216e-05
2017-01-18,2271.889892578125,12.479999542236328,14.9399995803833,0.07365757415056322,0.05114242127180006,0.19711539490218266,0.0017622004698093201,3.1053504957961886e-06,6.180570975167419e-05
2017-01-19,2263.68994140625,12.779999732971191,15.020000457763672,0.07359388623448317,0.05420611109522876,0.17527392578995837,-0.003615837624319374,1.3074281725443576e-05,6.481285443442213e-05
2017-01-20,2271.31005859375,11.539999961853027,14.489999771118164,0.07358073026011828,0.04181926935841199,0.2556325666392327,0.0033605840612999428,1.1293525233063217e-05,5.2845872666495185e-05
2017-01-23,2265.199951171875,11.770000457763672,14.539999961853027,0.0644968787876001,0.05320312579003661,0.23534404387063737,-0.002693749646069815,7.256287155701253e-06,5.4973377291967075e-05
2017-01-24,2280.070068359375,11.06999969482422,13.869999885559082,0.06677557339140745,0.04392442355683475,0.25293588689473967,0.006543140528962317,4.281268798174927e-05,4.86289258902414e-05
2017-01-25,2298.3701171875,10.8100004196167,13.609999656677246,0.06848636225100843,0.03961364194515857,0.2590193458253195,0.007994052795968681,6.390488010473469e-05,4.6371471854013185e-05
2017-01-26,2296.679931640625,10.630000114440918,13.630000114440918,0.06840913097139754,0.03789087017301164,0.28222012866439034,-0.0007356549352631034,5.411881837769608e-07,4.4840040648021405e-05
2017-01-27,2294.68994140625,10.579999923706056,13.68000030517578,0.06615097309306497,0.0396490261439956,0.2930057092461516,-0.0008668394897415927,7.514107009754647e-07,4.441920570857943e-05
2017-01-30,2280.89990234375,11.880000114440918,14.40999984741211,0.06403721330388029,0.05476278784052889,0.2129629384343028,-0.006027673496096654,3.633284777554606e-05,5.6005715364728666e-05
2017-01-31,2278.8701171875,11.989999771118164,14.479999542236328,0.06327860814473195,0.05662138956644969,0.20767304575902854,-0.0008903016080325452,7.926369532653359e-07,5.704765655214826e-05
2017-02-01,2279.550048828125,11.8100004196167,14.289999961853027,0.06299404366736562,0.05510596052880137,0.2099914863776794,0.00029831898811628964,8.899421867072696e-08,5.534766266323278e-05
2017-02-02,2280.85009765625,11.93000030517578,14.59000015258789,0.06280419424723972,0.05649580880451807,0.2229672908103851,0.0005701468386910137,3.2506741766935676e-07,5.647813781011674e-05
2017-02-03,2297.419921875,10.970000267028809,14.050000190734863,0.06530301920913598,0.044396983461152104,0.28076571091463276,0.007238496854553608,5.239583671338248e-05,4.775432772167147e-05
2017-02-06,2292.56005859375,11.369999885559082,14.239999771118164,0.0651804873370582,0.04851951151853262,0.25241863803395803,-0.002117597513709103,4.484219230066976e-06,5.13003561101641e-05
2017-02-07,2293.080078125,11.289999961853027,14.350000381469728,0.0648297995578212,0.04807020006070907,0.27103635340619286,0.00022680346384577153,5.1439811212440196e-08,5.058099172168308e-05
2017-02-08,2294.669921875,11.449999809265137,14.5600004196167,0.06479157247507185,0.049708425617579516,0.2716157783544245,0.0006930821486096318,4.803628647213437e-07,5.202479985403637e-05
2017-02-09,2307.8701171875,10.880000114440918,14.170000076293944,0.06640110545588428,0.04239889568852491,0.3023896991955212,0.00573606373596025,3.2902427182998255e-05,4.697396924215651e-05
2017-02-10,2316.10009765625,10.850000381469728,13.90999984741211,0.06122053488806362,0.04727946892663366,0.28202759063201777,0.0035597068220090916,1.2671512658658066e-05,4.671528106265605e-05
2017-02-13,2328.25,11.06999969482422,13.68000030517578,0.06231731177161143,0.048382685176630774,0.2357724193589513,0.005232133584011204,2.7375221840937924e-05,4.86289258902414e-05
2017-02-14,2337.580078125,10.739999771118164,13.1899995803833,0.06033371483646618,0.04706628287471546,0.22811916773533247,0.003999327195672579,1.5994618018046298e-05,4.577285519191199e-05
2017-02-15,2349.25,11.970000267028809,13.40999984741211,0.05760535875896803,0.06209464391132006,0.12030071414031282,0.00497988866573445,2.4799291123110442e-05,5.685750253677372e-05
2017-02-16,2347.219970703125,11.760000228881836,13.630000114440918,0.05639618361323604,0.06120381867558231,0.1590135926159659,-0.0008644916015501692,7.473457291507764e-07,5.4880002136230486e-05
2017-02-17,2351.159912109375,11.489999771118164,13.720000267028809,0.05613463732068522,0.05876536039049642,0.19408185729612326,0.001677149327237158,2.8128298658520514e-06,5.238892648424424e-05
2017-02-21,2365.3798828125,11.56999969482422,14.039999961853027,0.057499517573581085,0.05820047937466112,0.21348317477776155,0.0060298500200691545,3.635909126452798e-05,5.31209892612034e-05
2017-02-22,2362.820068359375,11.739999771118164,14.390000343322754,0.05612709148836603,0.061272906222815615,0.22572407358336713,-0.001082786146804093,1.1724258397108548e-06,5.469348993089467e-05
2017-02-23,2363.81005859375,11.710000038146973,14.739999771118164,0.05605248807004227,0.06104751231142746,0.2587531787447089,0.00041889897125923353,1.7547634812204415e-07,5.441432575135004e-05
2017-02-24,2367.340087890625,11.470000267028809,14.760000228881836,0.055883726406457335,0.05881627626383075,0.28683521231558523,0.0014922502320316529,2.2268107549985217e-06,5.220670878001625e-05
2017-02-27,2369.75,12.09000015258789,14.90999984741211,0.054921247523236905,0.065978754002642,0.2332505921615387,0.0010174652677336642,1.035235571044337e-06,5.800321574983143e-05
2017-02-28,2363.639892578125,12.920000076293944,15.279999732971191,0.05611382006797983,0.07308618069495962,0.18266251104808084,-0.0025817061151949088,6.6652064652347876e-06,6.624063570295061e-05
2017-03-01,2395.9599609375,12.539999961853027,14.859999656677246,0.06501841418656062,0.06038158543196964,0.1850079507082705,0.013581211083725323,0.00018444929450070355,6.240142819177536e-05
2017-03-02,2381.919921875,11.8100004196167,14.770000457763672,0.06875146364189202,0.04934854055427497,0.2506350493629399,-0.0058771169721052695,3.454050390380781e-05,5.534766266323278e-05
2017-03-03,2383.1201171875,10.960000038146973,14.260000228881836,0.06706394052640545,0.04253605985506427,0.30109490686578505,0.0005037503685347897,2.537644337989364e-07,4.766730191911969e-05
2017-03-06,2375.31005859375,11.239999771118164,14.34000015258789,0.06839704479834115,0.044002952912840496,0.2758007512985328,-0.0032826227635658124,1.077561220788045e-05,5.013396621219698e-05
2017-03-07,2368.389892578125,11.449999809265137,14.40999984741211,0.06851907894417099,0.045980919148480376,0.25851529148077307,-0.0029176259020898777,8.512540904545773e-06,5.202479985403637e-05
2017-03-08,2362.97998046875,11.859999656677246,14.539999961853027,0.06762816403523889,0.050971832531533576,0.22596967814134178,-0.002286827964063899,5.229582137224637e-06,5.58172983557081e-05
2017-03-09,2364.8701171875,12.300000190734863,14.779999732971191,0.06448010556276855,0.05851989634458009,0.20162597591701018,0.0007995756127663866,6.393211605307426e-07,6.003571614764987e-05
2017-03-10,2372.60009765625,11.65999984741211,14.380000114440918,0.0646127761393917,0.0519872223347294,0.23327618375848452,0.0032633397058585423,1.0649386035832917e-05,5.395063350859144e-05
2017-03-13,2373.469970703125,11.350000381469728,14.359999656677246,0.06438765919360079,0.049112344621096496,0.2651981651138719,0.0003665656191696328,1.3437035315721626e-07,5.1120043118794835e-05
2017-03-14,2365.449951171875,12.300000190734863,14.630000114440918,0.06225671797399714,0.060743283933351495,0.1894308851686976,-0.003384748980891005,1.1456525663642697e-05,6.003571614764987e-05
2017-03-15,2385.260009765625,11.630000114440918,14.199999809265137,0.06522349334542694,0.051076507798982235,0.22098019514488756,0.008339879124686365,6.955358381437941e-05,5.367337407218086e-05
2017-03-16,2381.3798828125,11.210000038146973,13.779999732971191,0.06577390891533694,0.046326091466132785,0.2292595616484086,-0.0016280347991836145,2.650497307352832e-06,4.9866706688593305e-05
2017-03-17,2378.25,11.279999732971191,13.920000076293944,0.06622019434006893,0.04657980298964298,0.23404258916833917,-0.0013151792642314352,1.7296964970643394e-06,5.049142618088498e-05
2017-03-20,2373.469970703125,11.34000015258789,13.899999618530272,0.06453131354934728,0.04886868797653163,0.2257495089502416,-0.0020119160803802947,4.047806314492808e-06,5.1030001373291025e-05
2017-03-21,2344.02001953125,12.470000267028809,14.619999885559082,0.07512936171037655,0.049570640959911524,0.17241375882043566,-0.012485594590102116,0.0001558900722683872,6.170670899194387e-05
2017-03-22,2348.449951171875,12.8100004196167,14.68000030517578,0.07518503039856342,0.05291497379760357,0.14597968964118382,0.0018881028474626675,3.5649323625966333e-06,6.511750426610316e-05
2017-03-23,2345.9599609375,13.119999885559082,14.90999984741211,0.07537735329532276,0.05582264556026807,0.1364329251117787,-0.001060832144830083,1.1253648395047945e-06,6.830730039566283e-05
2017-03-24,2343.97998046875,12.960000038146973,14.550000190734863,0.07398483806318897,0.05561516231828077,0.12268519659782576,-0.0008443522139384829,7.129306611828175e-07,6.665142896379745e-05
2017-03-27,2341.590087890625,12.5,14.229999542236328,0.07353776561763155,0.05146223438236845,0.13839996337890625,-0.0010201075858456302,1.0406194866997998e-06,6.200396825396825e-05
2017-03-28,2358.570068359375,11.529999732971191,13.68000030517578,0.07489844373090845,0.04040155359880346,0.1864701320032511,0.007225308829623951,5.2205087683441826e-05,5.2754322953299896e-05
2017-03-29,2361.1298828125,11.420000076293944,13.43000030517578,0.07416467849875934,0.04003532226418009,0.17600702412027724,0.0010847362038301697,1.1766526318998875e-06,5.175254037402923e-05
2017-03-30,2368.06005859375,11.539999961853027,13.369999885559082,0.07328182741656693,0.042118172201963344,0.1585788500654556,0.0029308109117050134,8.589652600169171e-06,5.2845872666495185e-05
2017-03-31,2362.719970703125,12.369999885559082,13.600000381469728,0.07357917390133233,0.0501208249542585,0.09943415580355557,-0.0022575939382668176,5.096730390099079e-06,6.072099093997291e-05
2017-04-03,2358.840087890625,12.380000114440918,13.670000076293944,0.07363688334011055,0.050163117804298635,0.10420031905720883,-0.0016434753080133316,2.701011088049515e-06,6.0819207473633795e-05
2017-04-04,2360.159912109375,11.789999961853027,13.369999885559082,0.0714900582334043,0.04640994138512597,0.13401186843241744,0.0005593660746613713,3.1289040548207083e-07,5.5160356785910475e-05
2017-04-05,2352.949951171875,12.890000343322754,14.119999885559082,0.0719605481882786,0.05693945524494895,0.09542277032393481,-0.003059536811522123,9.360765501058958e-06,6.593337652811935e-05
2017-04-06,2357.489990234375,12.390000343322754,13.65999984741211,0.07219476689484877,0.051705236538378774,0.10250197489088743,0.001927650293734993,3.715835654936605e-06,6.0917503376007137e-05
2017-04-07,2355.5400390625,12.869999885559082,14.0600004196167,0.07206613334572552,0.05663386550986531,0.09246313478159932,-0.0008274724629448716,6.847106769320518e-07,6.572892740249636e-05
2017-04-10,2357.159912109375,14.050000190734863,14.579999923706056,0.07202535306459897,0.06847464884274966,0.0377224004111186,0.000687450135783276,4.7258768918844467e-07,7.833432752367051e-05
2017-04-11,2353.780029296875,15.06999969482422,15.15999984741211,0.07176895476499254,0.07893104218324967,0.0059721403059350645,-0.0014349082919582845,2.0589618063306417e-06,9.01209884134929e-05
2017-04-12,2344.929931640625,15.770000457763672,15.279999732971191,0.059515603533011954,0.09818440104462477,-0.031071700099491752,-0.0037670374189869064,1.4190570916047534e-05,9.86876644594708e-05
2017-04-13,2328.949951171875,15.960000038146973,15.75,0.06029946867496985,0.09930053170649988,-0.013157897095553804,-0.006838020289804216,4.675852148377414e-05,0.000101080000483195
2017-04-17,2349.010009765625,14.65999984741211,14.859999656677246,0.06602493792028516,0.08057506055383593,0.013642551933616982,0.008576465691107291,7.355576375074046e-05,8.528396647862026e-05
2017-04-18,2342.18994140625,14.420000076293944,14.760000228881836,0.06589545566910314,0.07830454509383629,0.023578373841123806,-0.0029076028458332546,8.45415430909764e-06,8.251444531758624e-05
2017-04-19,2338.169921875,14.93000030517578,15.079999923706056,0.06559897333020068,0.08370102972155713,0.010046859709592681,-0.0017178253968685745,2.950924094126676e-06,8.845432901291623e-05
2017-04-20,2355.840087890625,14.149999618530272,14.529999732971191,0.06924924568126946,0.07225075050403325,0.026855132486596454,0.0075288503629738525,5.668358778805151e-05,7.945336873190746e-05
2017-04-21,2348.68994140625,14.630000114440918,14.75,0.06970790756928276,0.07659209357512643,0.008202316105290599,-0.0030396881071153782,9.239703788538672e-06,8.4935279106564e-05
2017-04-24,2374.14990234375,10.84000015258789,12.899999618530272,0.076094140387587,0.03230586113829191,0.190036848426666,0.010781736588111827,0.00011624584385542925,4.662920766194662e-05
2017-04-25,2388.610107421875,10.760000228881836,12.850000381469728,0.07808947264095763,0.02951052964786073,0.19423792826490324,0.006072214211751177,3.6871785433392966e-05,4.5943494018070305e-05
2017-04-26,2387.449951171875,10.850000381469728,12.979999542236328,0.07737797272482398,0.031122031089873298,0.19631327980451854,-0.0004858214756873499,2.3602250623903432e-07,4.671528106265605e-05
2017-04-27,2388.77001953125,10.359999656677246,12.800000190734863,0.07355139050983928,0.030048606056933186,0.23552129487620047,0.0005527670002992063,3.0555135661978277e-07,4.259110828823518e-05
2017-04-28,2384.199951171875,10.81999969482422,12.93000030517578,0.07361291979655218,0.034587077151690016,0.19500930405394412,-0.0019149794714900413,3.6671463762282776e-06,4.645729896666516e-05
2017-05-01,2388.330078125,10.109999656677246,12.630000114440918,0.07365518845381304,0.02744480811295942,0.24925821398018677,0.0017307918268938255,2.995640348042466e-06,4.0560354388100806e-05
2017-05-02,2391.169921875,10.59000015258789,12.829999923706056,0.07342599099175086,0.032474010534128045,0.21152027751111735,0.0011883435858115294,1.4121604779394037e-06,4.450321556817918e-05
2017-05-03,2388.1298828125,10.68000030517578,13.09000015258789,0.06297716346559835,0.04382283958615944,0.22565540997636194,-0.0012721693958273864,1.6184149716798172e-06,4.526285972958521e-05
2017-05-04,2389.52001953125,10.460000038146973,12.829999923706056,0.06286255244344013,0.041737447938029595,0.2265774260913806,0.0005819332878695465,3.386463515306605e-07,4.341730190398201e-05
2017-05-05,2399.2900390625,10.56999969482422,12.850000381469728,0.06346106464747721,0.042238932300765,0.21570489616588626,0.00408035940747836,1.664933289419715e-05,4.433527521769211e-05
2017-05-08,2399.3798828125,9.770000457763672,12.59000015258789,0.06331994889416317,0.03438005568347355,0.28863864510705556,3.7445271907879016e-05,1.4021483882549935e-09,3.7878138470119986e-05
2017-05-09,2396.919921875,9.960000038146973,12.710000038146973,0.06332134991813265,0.03627865046333707,0.276104416613198,-0.0010257745567932176,1.052213441364322e-06,3.936571458725702e-05
2017-05-10,2399.6298828125,10.210000038146973,12.90999984741211,0.06032204397118994,0.04177795641027979,0.2644466012906268,0.0011299627174494742,1.2768157428258e-06,4.136670665831793e-05
2017-05-11,2394.43994140625,10.600000381469728,13.010000228881836,0.060816892736643355,0.04518311107805392,0.22735846798884288,-0.0021651513741066187,4.687880472795779e-06,4.4587304796491416e-05
2017-05-12,2390.89990234375,10.399999618530272,12.970000267028809,0.06060720848680764,0.043392787698495076,0.2471154560351541,-0.0014795353407942593,2.1890248246591847e-06,4.292063177199595e-05
2017-05-15,2402.320068359375,10.420000076293944,12.779999732971191,0.061424106088969845,0.04277589467396959,0.22648748938556854,0.0047651423030152336,2.2706581167985324e-05,4.308587364681182e-05
2017-05-16,2400.669921875,10.649999618530272,12.649999618530272,0.06118888182537175,0.04531111435993097,0.18779343395657372,-0.0006871330369860457,4.721518105176664e-07,4.500892534710116e-05
2017-05-17,2357.030029296875,15.59000015258789,15.600000381469728,0.08218823050154521,0.0737117710243337,0.0006414514935189213,-0.018345468171115042,0.0003365562024173951,9.644766061813113e-05
2017-05-18,2365.719970703125,14.65999984741211,14.970000267028809,0.08236060370908066,0.06423939476504043,0.02114600428672056,0.003680038627215951,1.3542684297801463e-05,8.528396647862026e-05
2017-05-19,2381.72998046875,12.039999961853027,13.489999771118164,0.08440649094412067,0.035993508674409605,0.12043187822751232,0.0067447032082007,4.549102136671282e-05,5.752444407992893e-05
2017-05-22,2394.02001953125,10.93000030517578,12.960000038146973,0.08545731867042754,0.023842684381330262,0.18572732628469457,0.00514686329600843,2.6490201787798763e-05,4.740670899648517e-05
2017-05-23,2398.419921875,10.720000267028809,12.899999618530272,0.08553934174314357,0.021660660927144526,0.20335814339542727,0.0018361851723804105,3.3715759872696778e-06,4.560254195440386e-05
2017-05-24,2404.389892578125,10.020000457763672,12.59000015258789,0.08549224423919324,0.014707760338443482,0.2564869837738319,0.0024860338045762944,6.180364077496085e-06,3.984143221173976e-05
2017-05-25,2415.070068359375,9.989999771118164,12.510000228881836,0.08506344660980873,0.014836551101372913,0.252252303853818,0.004432112041978175,1.9643617152647944e-05,3.9603212471008324e-05
2017-05-26,2415.820068359375,9.8100004196167,12.4399995803833,0.08181355314343051,0.016286451052736475,0.2680936848389413,0.00031050178530242343,9.641135867599225e-08,3.8188931838444366e-05
2017-05-30,2412.909912109375,10.380000114440918,12.739999771118164,0.07903616293033715,0.024763838214072034,0.2273602727030759,-0.0012053507295338199,1.4528703811877117e-06,4.275571522848948e-05
2017-05-31,2411.800048828125,10.40999984741211,12.630000114440918,0.07832815852492504,0.025771839949196046,0.21325651292691356,-0.0004600746199513276,2.1166865592335854e-07,4.300321302504767e-05
2017-06-01,2430.06005859375,9.890000343322754,12.420000076293944,0.08013778507545578,0.018762218357771754,0.2558139176081346,0.0075425955848472245,5.689074815655685e-05,3.881432809163658e-05
2017-06-02,2439.070068359375,9.75,12.460000038146973,0.07829277876570251,0.019207221234297495,0.277948721861228,0.00370087461804602,1.3696472938497274e-05,3.7723214285714286e-05
2017-06-05,2436.10009765625,10.06999969482422,12.850000381469728,0.07761943344572715,0.023080563502515056,0.2760676038624284,-0.0012184071404286387,1.4845159598474924e-06,4.024003724355552e-05
2017-06-06,2429.330078125,10.449999809265137,13.079999923706056,0.07290942097809566,0.03159057711455571,0.2516746566932106,-0.0027829086662040834,7.74458064443379e-06,4.3334323814937065e-05
2017-06-07,2433.139892578125,10.390000343322754,13.09000015258789,0.07120958488437057,0.03269041854885697,0.2598652281085169,0.0015670287963475379,2.4555792485824134e-06,4.28381377516853e-05
2017-06-08,2433.7900390625,10.15999984741211,12.760000228881836,0.07114177930625562,0.03045821916786548,0.25590555320057234,0.00026716903566476714,7.137929361804161e-08,4.0962538452148454e-05
2017-06-09,2431.77001953125,10.699999809265137,12.960000038146973,0.07126947237184122,0.03573052572081015,0.21121497842690617,-0.0008303338661872762,6.894543293375095e-07,4.5432538062807134e-05
2017-06-12,2429.389892578125,11.460000038146973,13.300000190734863,0.07103435297012427,0.04356564741134546,0.16055847700375836,-0.0009792424797181137,9.589158340844804e-07,5.211571463267008e-05
2017-06-13,2440.35009765625,10.420000076293944,12.729999542236328,0.07185791494425779,0.03234208581868164,0.2216890066246503,0.00450135884323014,2.0262231435526183e-05,4.308587364681182e-05
2017-06-14,2437.919921875,10.640000343322754,12.770000457763672,0.07201251480777165,0.03438748862545589,0.2001879742210368,-0.0009963269653176028,9.926674218189838e-07,4.4924447343614414e-05
2017-06-15,2432.4599609375,10.899999618530272,12.90999984741211,0.07229128153940959,0.036708714645893134,0.18440369717672164,-0.002242109796840374,5.027056341087583e-06,4.714682209680955e-05
2017-06-16,2433.14990234375,10.380000114440918,12.710000038146973,0.07229756925706837,0.03150243188734081,0.22447012504985428,0.00028359915005969524,8.042847791458154e-08,4.275571522848948e-05
2017-06-19,2453.4599609375,10.369999885559082,12.399999618530272,0.07505436318981498,0.02864563566577584,0.1957569677313208,0.008312583206893995,6.909903957153605e-05,4.26733720740061e-05
2017-06-20,2437.030029296875,10.859999656677246,12.6899995803833,0.07810009063626569,0.030499905930506777,0.16850828559473144,-0.0067191604469316645,4.514711711161092e-05,4.680142561231346e-05
2017-06-21,2435.610107421875,10.75,12.760000228881836,0.07803448086133083,0.02946551913866917,0.1869767654773801,-0.0005828141932715965,3.396723838788218e-07,4.585813492063491e-05
2017-06-22,2434.5,10.479999542236328,12.619999885559082,0.0780645471497487,0.02673544827261458,0.20419851496158548,-0.0004558859724380852,2.0783201986581857e-07,4.358348825606097e-05
2017-06-23,2438.300048828125,10.020000457763672,12.359999656677246,0.0777131046533755,0.022486899924261228,0.23353284351404413,0.0015596985554090976,2.432659583745226e-06,3.984143221173976e-05
2017-06-26,2439.070068359375,9.899999618530272,12.270000457763672,0.0774684401428563,0.021531556042446415,0.23939403338939164,0.00031575193973236123,9.969928744474867e-08,3.8892854145595046e-05
2017-06-27,2419.3798828125,11.0600004196167,12.960000038146973,0.08047177611561838,0.030128228080548602,0.17179019407271603,-0.008105586575672907,6.570053373572884e-05,4.854111479441331e-05
2017-06-28,2440.68994140625,10.029999732971191,12.399999618530272,0.08411423791878843,0.016185759410923484,0.23629112150105852,0.008769501646551084,7.690415912886218e-05,3.9920989937858e-05
2017-06-29,2419.699951171875,11.4399995803833,13.149999618530272,0.06840048524224139,0.045999510561591614,0.1494755332927798,-0.008637216844141348,7.460151481271904e-05,5.193396444411511e-05
2017-06-30,2423.409912109375,11.18000030517578,13.140000343322754,0.06791655336937626,0.043883449682381545,0.17531305766061497,0.0015320576108735333,2.3472005230355187e-06,4.960016143798831e-05
2017-07-03,2429.010009765625,11.220000267028809,13.3100004196167,0.0657257462365458,0.046474256433742284,0.18627451897034114,0.0023081679791475806,5.327639419962226e-06,4.995571666354227e-05
2017-07-05,2432.5400390625,11.06999969482422,13.3100004196167,0.06439042778785364,0.04630956916038856,0.20234876120545797,0.0014522240362887008,2.1089546515746458e-06,4.86289258902414e-05
2017-07-06,2409.75,12.539999961853027,14.109999656677246,0.07038563109118338,0.05501436852734688,0.12519933808613992,-0.009412987306866183,8.860433003922388e-05,6.240142819177536e-05
2017-07-07,2425.179931640625,11.1899995803833,13.520000457763672,0.07238372041049443,0.039516275393338574,0.20822171266788908,0.006382712569615801,4.073901974633154e-05,4.968892484483271e-05
2017-07-10,2427.429931640625,11.109999656677246,13.350000381469728,0.0713449495887835,0.039755046977988956,0.2016202334845451,0.0009273361035125654,8.599522488778675e-07,4.898098903625735e-05
2017-07-11,2425.530029296875,10.890000343322754,13.15999984741211,0.07139662994248833,0.037503373490739206,0.20844806542923705,-0.0007829870660821734,6.130687456519699e-07,4.70603601101467e-05
2017-07-12,2443.25,10.300000190734863,12.779999732971191,0.07419369881687479,0.028806303090473842,0.24077665012736182,0.007279050947821435,5.2984582700980125e-05,4.209920790838818e-05
2017-07-13,2447.830078125,9.899999618530272,12.550000190734863,0.0742622412540485,0.024737754931254213,0.2676768357894143,0.001872829473473065,3.5074902367093973e-06,3.8892854145595046e-05
2017-07-14,2459.27001953125,9.510000228881836,12.229999542236328,0.07233097567244072,0.02276902661637764,0.286014642259825,0.004662616170009233,2.1739989548831568e-05,3.58889302989415e-05
2017-07-17,2459.139892578125,9.81999969482422,12.279999732971191,0.07165667274866855,0.026543324199573656,0.25050917663913486,-5.291423670686425e-05,2.79991644627006e-09,3.826682301839198e-05
2017-07-18,2460.610107421875,9.890000343322754,12.25,0.07152136768453146,0.027378635748696076,0.23862483061192236,0.0005976786981109875,3.572198261756449e-07,3.881432809163658e-05
2017-07-19,2473.830078125,9.789999961853027,12.0,0.07232623637918043,0.025573763239349845,0.22574055635937604,0.00535825821605345,2.8710931109904298e-05,3.803337271947709e-05
2017-07-20,2473.449951171875,9.579999923706056,12.039999961853027,0.07229929628244479,0.023500702954615774,0.2567849747117024,-0.00015367108860704477,2.3614803473674205e-08,3.6419205769130174e-05
2017-07-21,2472.5400390625,9.359999656677246,12.0600004196167,0.07234412933957947,0.021255867227192998,0.2884616305528733,-0.0003679393292088825,1.3537934997868241e-07,3.476571173531674e-05
2017-07-24,2469.909912109375,9.43000030517578,12.039999961853027,0.07238542796086123,0.021914575090896574,0.2767762006587333,-0.0010643009954088047,1.1327366088281725e-06,3.5287661014133054e-05
2017-07-25,2477.1298828125,9.43000030517578,12.050000190734863,0.07256589251370471,0.02173411053805309,0.2778366702831454,0.002918907519898033,8.520021109717286e-06,3.5287661014133054e-05
2017-07-26,2477.830078125,9.600000381469728,12.109999656677246,0.07164381550845836,0.024356188306238924,0.2614582474446991,0.00028262400611947947,7.987632883502357e-08,3.6571431477864654e-05
2017-07-27,2475.419921875,10.109999656677246,12.420000076293944,0.07163961995564076,0.029460376611131697,0.22848669614850436,-0.0009731616373937137,9.47043572494814e-07,4.0560354388100806e-05
2017-07-28,2472.10009765625,10.289999961853027,12.579999923706056,0.07138632640492076,0.03151367321360951,0.22254615843950354,-0.0013420156781160386,1.801006080309251e-06,4.2017499688466393e-05
2017-07-31,2470.300048828125,10.260000228881836,12.470000267028809,0.07147796597077172,0.031122036318046636,0.2153996090493094,-0.0007284108345598019,5.30582343904107e-07,4.177285900660925e-05
2017-08-01,2476.35009765625,10.09000015258789,12.399999618530272,0.06783934061609102,0.03306066090978789,0.2289394877114953,0.0024461207749384662,5.983506845585563e-06,4.0400040904453835e-05
2017-08-02,2477.570068359375,10.279999732971191,12.5600004196167,0.06448340548655851,0.038316591843153405,0.221789955823912,0.0004925274073474498,2.4258324698840075e-07,4.193587083725705e-05
2017-08-03,2472.159912109375,10.4399995803833,12.739999771118164,0.06489423952212194,0.039505756281711074,0.22030654053440293,-0.0021860418349456704,4.778778904132634e-06,4.325142509460457e-05
2017-08-04,2476.830078125,10.029999732971191,12.75,0.06495074508736473,0.03534925224234718,0.27118647452077865,0.0018873214175395684,3.561982133103566e-06,3.9920989937858e-05
2017-08-07,2480.909912109375,9.93000030517578,12.65999984741211,0.06496257743698979,0.034337425614768005,0.2749244167508617,0.0016458446442804673,2.708804593106698e-06,3.912893097650439e-05
2017-08-08,2474.919921875,10.960000038146973,13.199999809265137,0.06553865316685871,0.04406134721461101,0.2043795404490605,-0.002417352230385335,5.843591805748954e-06,4.766730191911969e-05
2017-08-09,2474.02001953125,11.109999656677246,13.489999771118164,0.06035517530033118,0.050744821266441274,0.2142214390628274,-0.0003636747927123762,1.3225935485438978e-07,4.898098903625735e-05
2017-08-10,2438.2099609375,16.040000915527344,16.209999084472656,0.07046927535871066,0.08993073379656279,0.010598388980186882,-0.01458021840074153,0.00021258276861332187,0.00010209588467068177
2017-08-11,2441.320068359375,15.510000228881836,16.389999389648438,0.06564417540592928,0.0894558268828891,0.05673753370602261,0.0012747571279871366,1.6250057353540128e-06,9.546035996028358e-05
2017-08-14,2465.840087890625,12.329999923706056,13.920000076293944,0.07136021961039422,0.051939779626666335,0.12895378446279643,0.009993651246049404,9.98730652276648e-05,6.0328927824837836e-05
2017-08-15,2464.610107421875,12.039999961853027,13.899999618530272,0.07123266020382557,0.049167339414704705,0.1544850218081711,-0.00049893232688349,2.489334668093737e-07,5.752444407992893e-05
2017-08-16,2468.110107421875,11.739999771118164,13.579999923706056,0.0712288159100481,0.046171181801133554,0.15672914722830897,0.0014190955233323716,2.0138321043419774e-06,5.469348993089467e-05
2017-08-17,2430.010009765625,15.550000190734863,16.139999389648438,0.08029635720745416,0.07520364469989448,0.0379420702042893,-0.015557342487191416,0.00024203090526377118,9.595337536978345e-05
2017-08-18,2425.550048828125,14.260000228881836,15.649999618530272,0.07837805552212973,0.06422194676668863,0.09747541145428364,-0.0018370536613519935,3.3747661546867647e-06,8.069349465385318e-05
2017-08-21,2428.3701171875,13.1899995803833,14.989999771118164,0.0784049926529762,0.053495003150856826,0.13646703927207823,0.0011619757145661966,1.350187561241623e-06,6.903813052798084e-05
2017-08-22,2452.510009765625,11.350000381469728,13.630000114440918,0.08340779211896883,0.030092211695728455,0.20088102699041047,0.009891695260625078,9.784563512907262e-05,5.1120043118794835e-05
2017-08-23,2444.0400390625,12.25,14.329999923706056,0.08146078185935948,0.041039218140640515,0.16979591213926992,-0.0034595701326390073,1.1968625502647878e-05,5.95486111111111e-05
2017-08-24,2438.969970703125,12.229999542236328,14.390000343322754,0.08148051576425516,0.040819479658108115,0.17661495355145834,-0.0020766167471384417,4.312337114495843e-06,5.935432095361143e-05
2017-08-25,2443.050048828125,11.279999732971191,13.989999771118164,0.08040872984380454,0.03239126748590737,0.24024823601951886,0.0016714716689374216,2.7938175400604497e-06,5.049142618088498e-05
2017-08-28,2444.239990234375,11.31999969482422,13.989999771118164,0.08043373153486578,0.03276626541337642,0.23586573748007542,0.0004869534732960745,2.3712368515511076e-07,5.085015598842081e-05
2017-08-29,2446.300048828125,11.699999809265137,14.119999885559082,0.08045802016072828,0.036541977931923084,0.20683761673034956,0.0008424667620097917,7.097502450912629e-07,5.432142680031914e-05
2017-08-30,2457.590087890625,11.220000267028809,14.140000343322754,0.08003454984524035,0.032165452825047736,0.2602495549732457,0.004604531788061044,2.1201712987264632e-05,4.995571666354227e-05
2017-08-31,2471.64990234375,10.59000015258789,13.800000190734863,0.0818567393726954,0.024043262153183503,0.3031161465434485,0.0057046735847135445,3.254330070812848e-05,4.450321556817918e-05
2017-09-01,2476.550048828125,10.130000114440918,13.59000015258789,0.08205381814884684,0.01924618299556234,0.34155972350035185,0.001980578042335197,3.922689381780322e-06,4.0720992983560716e-05
2017-09-05,2457.85009765625,12.229999542236328,14.579999923706056,0.08494711385894455,0.03735288156341873,0.1921504880972397,-0.007579458552144929,5.7448191943682895e-05,5.935432095361143e-05
2017-09-06,2465.5400390625,11.630000114440918,14.399999618530272,0.08501377594929796,0.03128622519511122,0.238177083132601,0.003123842493144133,9.758391921972954e-06,5.367337407218086e-05
2017-09-07,2465.10009765625,11.550000190734863,14.31999969482422,0.08500359107704857,0.030496410830300066,0.2398267929303919,-0.00017845204485370908,3.18451323124702e-08,5.293750174840293e-05
2017-09-08,2461.429931640625,12.119999885559082,14.6899995803833,0.0850591114727085,0.03614088738288232,0.21204618144315004,-0.001489960143457705,2.219981229092505e-06,5.829142747061594e-05
2017-09-11,2488.110107421875,10.729999542236328,13.859999656677246,0.09070076951316662,0.016599225909196658,0.29170552171231207,0.010780975197147024,0.00011622942620149932,4.568765483190151e-05
2017-09-12,2496.47998046875,10.579999923706056,13.5600004196167,0.09110379825983154,0.014696200977229026,0.28166356497163203,0.003358302594883113,1.127819631879865e-05,4.441920570857943e-05
2017-09-13,2498.3701171875,10.5,13.229999542236328,0.09089760729214377,0.014102392707856223,0.2599999564034598,0.0007568342480825294,5.727980790706477e-07,4.374999999999999e-05
2017-09-14,2495.6201171875,10.4399995803833,13.15999984741211,0.09098486216333207,0.01341513364050094,0.26053643451669034,-0.0011013238508279736,1.2129142244025566e-06,4.325142509460457e-05
2017-09-15,2500.22998046875,10.170000076293944,12.960000038146973,0.09080007253399129,0.010899928228948141,0.2743362773768764,0.001845477546159349,3.405787373378332e-06,4.1043214901515406e-05
2017-09-18,2503.8701171875,10.149999618530272,12.6899995803833,0.0907461730189093,0.010753823166393409,0.25024631106546025,0.0014548619291293301,2.116623232829916e-06,4.088194137149391e-05
2017-09-19,2506.64990234375,10.18000030517578,12.729999542236328,0.09069353701052847,0.011106466041229321,0.2504910766814086,0.0011095796167313857,1.2311669258657686e-06,4.112397071959482e-05
2017-09-20,2508.239990234375,9.779999732971191,12.65999984741211,0.09031660814640695,0.0074833891833049615,0.29447854734919976,0.000634146702309437,4.021420400499337e-07,3.795571221306213e-05
2017-09-21,2500.60009765625,9.670000076293944,12.65999984741211,0.09085995203077331,0.005840048732166134,0.30920369674537707,-0.0030505659469148337,9.305952596476396e-06,3.7106706934732094e-05
2017-09-22,2502.219970703125,9.59000015258789,12.850000381469728,0.07905988811724086,0.016840113408638044,0.33993745328587055,0.0006475839951670207,4.193650307964799e-07,3.6495278939141176e-05
2017-09-25,2496.659912109375,10.210000038146973,13.0600004196167,0.0795508110762454,0.02254918930522433,0.2791381362214938,-0.0022245226998538568,4.948501242165092e-06,4.136670665831793e-05
2017-09-26,2496.840087890625,10.170000076293944,13.020000457763672,0.07457100074229396,0.027129000020645472,0.2802360236076123,7.216412589487934e-05,5.207661066171995e-09,4.1043214901515406e-05
2017-09-27,2507.0400390625,9.869999885559082,12.90999984741211,0.07525898802045472,0.023441010835136097,0.3080040523912152,0.004076822401987925,1.662048089735059e-05,3.865749910354615e-05
2017-09-28,2510.06005859375,9.550000190734863,12.760000228881836,0.07524044624635631,0.020259555660992315,0.33612565173152803,0.0012038906289380277,1.4493526464448e-06,3.619146969961743e-05
2017-09-29,2519.360107421875,9.510000228881836,12.489999771118164,0.058149858406170284,0.03695014388264808,0.3133543081509168,0.0036982630684988258,1.3677149723822351e-05,3.58889302989415e-05
2017-10-02,2529.1201171875,9.449999809265137,12.359999656677246,0.05790731244617263,0.03659268564647873,0.3079364980049032,0.0038665188297123134,1.4949967860519877e-05,3.543749856948853e-05
2017-10-03,2534.580078125,9.510000228881836,12.3100004196167,0.05794444621622913,0.03715555607258923,0.294426932002722,0.002156511184660919,4.650540489567641e-06,3.58889302989415e-05
2017-10-04,2537.739990234375,9.630000114440918,12.380000114440918,0.05209181860941757,0.044208182534991605,0.28556593637794103,0.0012459436611136387,1.5523756066692576e-06,3.680035801751273e-05
2017-10-05,2552.070068359375,9.1899995803833,12.18000030517578,0.051780672657956224,0.04011932314587679,0.32535373898980857,0.00563090403129274,3.170708020962883e-05,3.35143223362878e-05
2017-10-06,2549.330078125,9.649999618530272,12.4399995803833,0.051267774493878995,0.04523222169142373,0.2891191784604398,-0.001074211165239725,1.1539296275256876e-06,3.695337009429937e-05
2017-10-09,2544.72998046875,10.329999923706056,12.729999542236328,0.05213543435146806,0.05116456488559251,0.2323329754361927,-0.0018060638680135568,3.2618666953440902e-06,4.234480096181236e-05
2017-10-10,2550.639892578125,10.079999923706056,12.470000267028809,0.052139572830883954,0.04866042640617661,0.23710321045756855,0.0023197196304780643,5.381099164025287e-06,4.0319999389648455e-05
2017-10-11,2555.239990234375,9.850000381469728,12.239999771118164,0.05212131733583092,0.046378686478866366,0.2426395225470866,0.001801882929663564,3.2467820922129486e-06,3.850099504561658e-05
2017-10-12,2550.929931640625,9.90999984741211,12.260000228881836,0.052005007252950944,0.047094991221170154,0.2371342500154936,-0.0016881771203513885,2.8499419896779065e-06,3.89714670538524e-05
2017-10-13,2553.169921875,9.609999656677246,11.979999542236328,0.05025846640728543,0.045841530159487026,0.24661810304148682,0.0008777220048463043,7.703959177914158e-07,3.6647656111641576e-05
2017-10-16,2557.639892578125,9.90999984741211,11.9399995803833,0.050226971722099646,0.04887302675202145,0.2048435685396407,0.0017492225323057532,3.059779467526152e-06,3.89714670538524e-05
2017-10-17,2559.360107421875,10.3100004196167,12.050000190734863,0.04305499882372847,0.06004500537243852,0.16876815715812096,0.0006723529054339931,4.5205842944553203e-07,4.218099549702243e-05
2017-10-18,2561.260009765625,10.06999969482422,11.920000076293944,0.04275415957679245,0.05794583737144976,0.183714045435432,0.0007420595113295467,5.506523183546457e-07,4.024003724355552e-05
2017-10-19,2562.10009765625,10.050000190734863,11.960000038146973,0.04263013086090234,0.057869871046446295,0.1900497324540298,0.00032794411501048555,1.0754734257001057e-07,4.0080358664194755e-05
2017-10-20,2575.2099609375,9.970000267028809,11.850000381469728,0.043178378266354824,0.05652162440393326,0.18856570351940266,0.005103796185030386,2.604873549833072e-05,3.944480370022005e-05
2017-10-23,2564.97998046875,11.06999969482422,12.550000190734863,0.03626796047817361,0.0744320364700686,0.1336947187634176,-0.003980395312997195,1.584354684773004e-05,4.86289258902414e-05
2017-10-24,2569.1298828125,11.15999984741211,12.670000076293944,0.03563555574417508,0.07596444272994601,0.13530468185731992,0.0016166008745580412,2.6133983876218234e-06,4.9422855791364405e-05
2017-10-25,2557.14990234375,11.229999542236328,12.949999809265137,0.03919762027246413,0.07310237514989915,0.15316120544438508,-0.004673955687259985,2.1845861766469957e-05,5.004479750739212e-05
2017-10-26,2560.39990234375,11.300000190734863,12.93000030517578,0.03881179703995661,0.07418820486739203,0.14424779530334803,0.0012701392506023993,1.6132537159208246e-06,5.0670636631193625e-05
2017-10-27,2581.070068359375,9.800000190734863,12.229999542236328,0.043993999769266046,0.054006002138082584,0.24795911267418544,0.008040609979727099,6.465140884608702e-05,3.8111112594604506e-05
2017-10-30,2572.830078125,10.5,12.56999969482422,0.0456664223746804,0.05933357762531959,0.1971428280784972,-0.0031975773767407194,1.022450108024406e-05,4.374999999999999e-05
2017-10-31,2575.260009765625,10.18000030517578,12.380000114440918,0.04566251794625407,0.056137485105503725,0.2161099944315916,0.0009440129366793155,8.911604246179054e-07,4.112397071959482e-05
2017-11-01,2579.360107421875,10.199999809265137,12.56999969482422,0.04569826786896476,0.056301730223686605,0.2323529343016558,0.0015908441079038695,2.5307849756524587e-06,4.128571274167017e-05
2017-11-02,2579.85009765625,9.93000030517578,12.68000030517578,0.04418426972833382,0.05511573332342397,0.27693856147885787,0.00018994776966671517,3.608015520135948e-08,3.912893097650439e-05
2017-11-03,2587.840087890625,9.140000343322754,12.420000076293944,0.04456208613729526,0.046837917295932285,0.3588621017249086,0.003092289326314394,9.56225327763793e-06,3.315063741108733e-05
2017-11-06,2591.1298828125,9.399999618530272,12.56999969482422,0.04341826184636224,0.05058173433894048,0.3372340643551634,0.00127044388477643,1.614027664365827e-06,3.506348921760685e-05
2017-11-07,2590.639892578125,9.890000343322754,12.760000228881836,0.04348577890469695,0.055414224528530585,0.29019209160055953,-0.00018912080508191734,3.576667891483257e-08,3.881432809163658e-05
2017-11-08,2594.3798828125,9.779999732971191,12.880000114440918,0.042649024461382,0.05515097286832991,0.31697346279251254,0.0014426139320604147,2.081134956974811e-06,3.795571221306213e-05
2017-11-09,2584.6201171875,10.5,13.140000343322754,0.04495857901459131,0.06004142098540868,0.25142860412597656,-0.0037689813393701364,1.4205220336520307e-05,4.374999999999999e-05
2017-11-10,2582.300048828125,11.289999961853027,13.609999656677246,0.04451128880741187,0.0683887108111184,0.20549155913756417,-0.0008980469760537102,8.064883711992131e-07,5.058099172168308e-05
2017-11-13,2584.840087890625,11.5,13.75,0.04357238914332573,0.07142761085667428,0.1956521739130435,0.000983150911293032,9.665857143763194e-07,5.2480158730158736e-05
2017-11-14,2578.8701171875,11.59000015258789,13.93000030517578,0.044218022426325186,0.07168197909955373,0.20189819860057537,-0.0023122805602819227,5.346641389457682e-06,5.330480299086799e-05
2017-11-15,2564.6201171875,13.130000114440918,14.65999984741211,0.047574240834648424,0.08372576030976076,0.11652701596616395,-0.005540998742123611,3.070266706021544e-05,6.841146944651529e-05
2017-11-16,2585.639892578125,11.760000228881836,13.960000038146973,0.05049214667355996,0.0671078556152584,0.18707481007203322,0.008162652782972403,6.662890045536712e-05,5.4880002136230486e-05
2017-11-17,2578.85009765625,11.43000030517578,13.800000190734863,0.05109385116380168,0.06320615188795611,0.2073490658163754,-0.002629416978897395,6.9138336489139035e-06,5.18432170540946e-05
2017-11-20,2582.139892578125,10.649999618530272,13.279999732971191,0.05072536187322346,0.055774634312079255,0.2469483763985211,0.0012748698887901106,1.625293233343709e-06,4.500892534710116e-05
2017-11-21,2599.030029296875,9.729999542236328,12.550000190734863,0.053432813492010484,0.0438671819303528,0.28982536291573047,0.006519838879752696,4.250829901793489e-05,3.7568607576158394e-05
2017-11-22,2597.080078125,9.880000114440918,12.4399995803833,0.05345699046052272,0.04534301068388646,0.25910925468519047,-0.0007505427033295442,5.633143495212203e-07,3.8735873913235134e-05
2017-11-24,2602.419921875,9.670000076293944,12.420000076293944,0.05320036797386009,0.043499632789079354,0.28438469268905586,0.002053984278231966,4.218851415224091e-06,3.7106706934732094e-05
2017-11-27,2601.419921875,9.869999885559082,12.56999969482422,0.05328243079582836,0.04541756805976246,0.27355621485016846,-0.00038433158680325395,1.4771076861470713e-07,3.865749910354615e-05
2017-11-28,2627.0400390625,10.029999732971191,12.270000457763672,0.059505837320631506,0.040794160009080406,0.22333008817826996,0.009800332196793644,9.604651116751013e-05,3.9920989937858e-05
2017-11-29,2626.070068359375,10.699999809265137,12.81999969482422,0.05961579446865034,0.04738420362400103,0.19813083395790107,-0.0003692938827907781,1.3637797186668896e-07,4.5432538062807134e-05
2017-11-30,2647.580078125,11.279999732971191,13.039999961853027,0.06325389418343716,0.04954610314627475,0.15602839277889288,0.008157586662811174,6.654622016127475e-05,5.049142618088498e-05
2017-12-01,2642.219970703125,11.43000030517578,13.279999732971191,0.06387030390335141,0.05042969914840638,0.16185471377089006,-0.0020265829358053324,4.10703839569736e-06,5.18432170540946e-05
2017-12-04,2639.43994140625,11.68000030517578,13.550000190734863,0.06294071489457796,0.05385928815717983,0.1601027257448296,-0.0010527105492864532,1.1081995005789861e-06,5.413587584480409e-05
2017-12-05,2629.570068359375,11.329999923706056,13.539999961853027,0.06278906174752238,0.05051093748953818,0.195057374495028,-0.003746390525955308,1.403544197296769e-05,5.0940038996499704e-05
2017-12-06,2629.27001953125,11.020000457763672,13.449999809265137,0.06280077323219492,0.0473992313454418,0.22050809896196621,-0.00011411217053034995,1.3021587463147668e-08,4.8190638924250615e-05
2017-12-07,2636.97998046875,10.15999984741211,12.93000030517578,0.06090947147583401,0.04069052699828709,0.2726378444256795,0.002928067010109385,8.573576415690914e-06,4.0962538452148454e-05
2017-12-08,2651.5,9.579999923706056,12.460000038146973,0.06227065807900556,0.033529341158055004,0.3006263191416371,0.005491202035518141,3.0153299794878576e-05,3.6419205769130174e-05
2017-12-11,2659.989990234375,9.34000015258789,12.279999732971191,0.05912657721842286,0.034273424307456044,0.3147751105302388,0.0031968421216958323,1.0219799551048711e-05,3.461730271838961e-05
2017-12-12,2664.110107421875,9.920000076293944,12.479999542236328,0.05778064297654401,0.04141935778639542,0.25806446030782554,0.001547723722089516,2.3954487199186252e-06,3.905015933082216e-05
2017-12-13,2662.85009765625,10.18000030517578,12.5,0.057972773218009185,0.04382722983374861,0.22789780208991464,-0.000473068970150185,2.2379425051895663e-07,4.112397071959482e-05
2017-12-14,2652.010009765625,10.489999771118164,12.800000190734863,0.05986645769387262,0.04503354001730902,0.2202097683525944,-0.004079167730762682,1.663960937569557e-05,4.3666704443674256e-05
2017-12-15,2675.81005859375,9.420000076293944,12.079999923706056,0.06414396995719844,0.030056030805741,0.28237790083528547,0.008934313410142761,7.982195611065677e-05,3.52128577132452e-05
2017-12-18,2690.159912109375,9.529999732971191,12.06999969482422,0.06504403086851138,0.03025596646120053,0.26652676107275475,0.005348478579597589,2.8606223116414243e-05,3.604003766286943e-05
2017-12-19,2681.469970703125,10.029999732971191,12.510000228881836,0.06635516586631275,0.03394483146339916,0.2472582813495243,-0.0032354980431185012,1.0468447587023651e-05,3.9920989937858e-05
2017-12-20,2679.25,9.720000267028809,12.369999885559082,0.06649231950605047,0.03070768316423761,0.2726336981202903,-0.0008282360735725663,6.859749935669015e-07,3.749143063136512e-05
2017-12-21,2684.570068359375,9.619999885559082,12.350000381469728,0.06653353591473316,0.02966646294085766,0.2837838387096808,0.0019836870126583982,3.9350141641896004e-06,3.6723967380220926e-05
2017-12-22,2683.340087890625,9.899999618530272,12.489999771118164,0.06508749128921923,0.03391250489608348,0.2616161871097524,-0.00045827163811375547,2.1001289429946485e-07,3.8892854145595046e-05
2017-12-26,2680.5,10.25,12.619999885559082,0.0651352844202592,0.03736471557974079,0.23121950103015435,-0.0010589757000585695,1.1214295333145373e-06,4.1691468253968245e-05
2017-12-27,2682.6201171875,10.470000267028809,12.649999618530272,0.06514437594778638,0.03955562672250171,0.20821387735457111,0.0007906283102422613,6.250931249565333e-07,4.3500359361739415e-05
2017-12-28,2687.5400390625,10.18000030517578,12.760000228881836,0.06428357454526526,0.03751642850649253,0.25343809885686513,0.0018323190029195554,3.357392928460114e-06,4.112397071959482e-05
2017-12-29,2673.610107421875,11.039999961853027,13.09000015258789,0.06396856962569036,0.046431429992839904,0.18568842371542704,-0.005196632292748298,2.7004987186034437e-05,4.836571395147414e-05
2018-01-02,2695.81005859375,9.770000457763672,12.609999656677246,0.06406718910965392,0.0336328154679828,0.29068567715949145,0.008269078218398127,6.837765458198634e-05,3.7878138470119986e-05
2018-01-03,2713.06005859375,9.149999618530272,12.31999969482422,0.06447338480133172,0.027026611383971,0.34644811021348804,0.006378433243936035,4.0684410647348366e-05,3.322321151551751e-05
2018-01-04,2723.989990234375,9.220000267028809,12.239999771118164,0.06480956767246773,0.02739043499782036,0.32754874366859055,0.004020542855326989,1.61647648515209e-05,3.3733494017464805e-05
2018-01-05,2743.14990234375,9.220000267028809,12.0600004196167,0.06513505559926297,0.027064947071025122,0.30802603799740397,0.007009145888585348,4.912812608747289e-05,3.3733494017464805e-05
2018-01-08,2747.7099609375,9.520000457763672,12.149999618530272,0.06468828640556512,0.0305117181720716,0.2762604027630907,0.001660963767296979,2.7588006362733735e-06,3.5964447903103383e-05
2018-01-09,2751.2900390625,10.079999923706056,12.40999984741211,0.06470735003364894,0.036092649203411625,0.23115078783149384,0.0013020835172984225,1.6954214860202313e-06,4.0319999389648455e-05
2018-01-10,2748.22998046875,9.81999969482422,12.359999656677246,0.06496031427663355,0.03323968267160865,0.2586558086342682,-0.0011128458115206878,1.238425800219138e-06,3.826682301839198e-05
2018-01-11,2767.56005859375,9.880000114440918,12.15999984741211,0.06243909759762885,0.03636090354678033,0.23076920106900325,0.007009025768882019,4.912644222885218e-05,3.8735873913235134e-05
2018-01-12,2786.239990234375,10.15999984741211,12.199999809265137,0.06373285848492352,0.03786713998919758,0.20078740083570407,0.006726926399094035,4.525153877882824e-05,4.0962538452148454e-05
2018-01-16,2776.419921875,11.65999984741211,13.229999542236328,0.06287487336975127,0.05372512510436983,0.13464834608661458,-0.0035307132616026696,1.2465936135656962e-05,5.395063350859144e-05
2018-01-17,2802.56005859375,11.90999984741211,13.25,0.0657972977956862,0.053302700678434886,0.11251050963523358,0.009371006206502086,8.781575732230061e-05,5.6288927129109705e-05
2018-01-18,2798.030029296875,12.220000267028809,13.579999923706056,0.06604229766876674,0.056157705001521355,0.1112929318296914,-0.0016176974974736241,2.616945193332426e-06,5.925730417705721e-05
2018-01-19,2810.300048828125,11.270000457763672,13.039999961853027,0.06412758277913334,0.04857242179850338,0.15705407561630036,0.004375647986990156,1.9146295306051005e-05,5.040194853888626e-05
2018-01-22,2832.969970703125,11.029999732971191,12.989999771118164,0.06587982748584915,0.04442016984386275,0.17769719724363042,0.00803436438221324,6.455101102617674e-05,4.827813258307323e-05
2018-01-23,2839.1298828125,11.100000381469728,13.220000267028809,0.06587231525070734,0.04512768856398994,0.19099097411727975,0.002172004968222319,4.717605581982437e-06,4.889286050342385e-05
2018-01-24,2837.5400390625,11.470000267028809,13.529999732971191,0.06578901882425656,0.04891098384603153,0.1795989030500699,-0.0005601325472320471,3.1374847046866145e-07,5.220670878001625e-05
2018-01-25,2839.25,11.579999923706056,13.68000030517578,0.06589773563813543,0.049902263598925134,0.1813471843959771,0.0006024393988328895,3.6293322926613335e-07,5.321285644167947e-05
2018-01-26,2872.8701171875,11.079999923706056,13.460000038146973,0.07147926322525158,0.03932073601180898,0.21480145585098975,0.011771638106084168,0.00013857146370061286,4.87168247259231e-05
2018-01-29,2853.530029296875,13.84000015258789,14.989999771118164,0.07594026072997846,0.062459740795900456,0.08309245707018574,-0.006754736284863033,4.562646227804525e-05,7.601016040620352e-05
2018-01-30,2822.429931640625,14.789999961853027,15.829999923706056,0.08323343750057932,0.06466656211795097,0.07031777988745365,-0.010958642805337085,0.00012009185213496624,8.68032138379415e-05
2018-01-31,2823.81005859375,13.539999961853027,14.899999618530272,0.08074840887280973,0.05465159074572054,0.10044310638913181,0.0004888658586947881,2.3898982779739253e-07,7.275063451070634e-05
2018-02-01,2821.97998046875,13.470000267028809,14.720000267028809,0.08032425086069458,0.0543757518095935,0.0927988103355638,-0.0006482983520233253,4.2029075323615934e-07,7.20003599975223e-05
2018-02-02,2762.1298828125,17.309999465942383,17.030000686645508,0.10374314454700465,0.06935685011241918,-0.016175551007253104,-0.021436680516698812,0.00045953127157501443,0.00011890320694878
2018-02-05,2648.93994140625,37.31999969482422,28.1299991607666,0.16182532520429313,0.21137467174394906,-0.2462486765596664,-0.041842540938381426,0.0017507982321801256,0.0005526914195324125
2018-02-06,2695.139892578125,29.979999542236328,23.75,0.16965894333526188,0.13014105208710142,-0.20780519137298184,0.017290573348937088,0.0002989639267349735,0.00035666681450495654
2018-02-07,2681.659912109375,27.729999542236328,23.030000686645508,0.17030902136959208,0.10699097405277119,-0.16949148695196053,-0.005014138223752627,2.514158212689715e-05,0.0003051400296081059
2018-02-08,2581.0,33.459999084472656,27.32999992370605,0.2032255120058656,0.13137447883886097,-0.18320380539434244,-0.0382590522458017,0.0014637550787469842,0.0004442744201321076
2018-02-09,2619.550048828125,29.059999465942383,24.920000076293945,0.20846020453156386,0.08213979012785996,-0.14246384947461602,0.014825645199524345,0.00021979975558217925,0.00033511252736530614
2018-02-12,2656.0,25.61000061035156,22.86000061035156,0.212625039802975,0.04347496630054057,-0.1073799271558178,0.013818665678186272,0.00019095552112548326,0.0002602667187548441
2018-02-13,2662.93994140625,24.96999931335449,22.649999618530277,0.21229613957688834,0.03740385355665654,-0.09291148412580957,0.0026095219802775584,6.80960496555171e-06,0.00024742097845592207
2018-02-14,2698.6298828125,19.26000022888184,19.34000015258789,0.21452274754775175,-0.02192274525893334,0.004153682386051333,0.013313439808897013,0.00017724767954512374,0.000147201432070051
2018-02-15,2731.199951171875,19.1299991607666,19.07999992370605,0.21657466479505333,-0.025274673187387325,-0.0026136559986418106,0.01199686177677526,0.00014392469249105124,0.00014522097932179797
2018-02-16,2732.219970703125,19.459999084472656,19.170000076293945,0.2162765764504763,-0.021676585605749726,-0.014902313557152441,0.0003733996499216942,1.394272985616438e-07,0.00015027443030463358
2018-02-20,2716.260009765625,20.600000381469727,20.01000022888184,0.21591995523752228,-0.009919951422825007,-0.028640783575839573,-0.005858517106837343,3.43222226911058e-05,0.00016839683163355273
2018-02-21,2701.330078125,20.020000457763672,20.030000686645508,0.2163460148810792,-0.016146010303442482,0.0004995119207381382,-0.005511664483310908,3.03784453765909e-05,0.00015904778505113401
2018-02-22,2703.9599609375,18.71999931335449,19.059999465942383,0.21632340973943592,-0.029123416605891045,0.018162401979648822,0.0009730774855778604,9.468797929385311e-07,0.00013906284694126687
2018-02-23,2747.300048828125,16.489999771118164,17.5,0.22151619874502948,-0.056616201033847846,0.061249256695007775,0.015901278245121022,0.0002528506498287591,0.00010790479859185598
2018-02-26,2779.60009765625,15.800000190734863,16.920000076293945,0.22321354469536045,-0.06521354278801181,0.07088606785054669,0.011688438620627399,0.00013661959738817413,9.906349445524672e-05
2018-02-27,2744.280029296875,18.59000015258789,19.020000457763672,0.22536846103766925,-0.039468459511790344,0.023130731664675185,-0.012788311441467541,0.00016354090952396962,0.00013713813717191182
2018-02-28,2713.830078125,19.850000381469727,19.88999938964844,0.22733357573094537,-0.028833571916248107,0.0020150633455933917,-0.011157806083656078,0.0001244966366004726,0.00015635814093029694
2018-03-01,2677.669921875,22.46999931335449,21.420000076293945,0.2281001768051264,-0.0034001836715815137,-0.04672893943688295,-0.013413965854876449,0.00017993447995579126,0.0002003574877548219
2018-03-02,2691.25,19.59000015258789,19.86000061035156,0.2288945941336738,-0.03299459260779489,0.013782565373180998,0.005058785485198549,2.5591310585255522e-05,0.00015228893094380698
2018-03-05,2720.93994140625,18.729999542236328,19.209999084472656,0.2311027191526929,-0.04380272373032962,0.025627312011082787,0.01097161761052657,0.00012037639299161676,0.000139211461449275
2018-03-06,2728.1201171875,18.36000061035156,19.239999771118164,0.22977898457496923,-0.046178978471453636,0.04793023592114983,0.0026353829319968104,6.9452431982601046e-06,0.00013376572317940857
2018-03-07,2726.800048828125,17.760000228881836,18.84000015258789,0.22956339616535798,-0.051963393876539615,0.06081080573128186,-0.000483991825716375,2.3424808736026992e-07,0.0001251657175118583
2018-03-08,2738.969970703125,16.540000915527344,18.18000030517578,0.2301714754105428,-0.06477146625526936,0.09915352472011332,0.004453148208884627,1.9830528970292364e-05,0.00010856017074827198
2018-03-09,2786.570068359375,14.640000343322754,17.010000228881836,0.23625371385063038,-0.08985371041740284,0.16188523428826487,0.017229546741207587,0.000296857280907457,8.505143256051204e-05
2018-03-12,2783.02001953125,15.779999732971191,17.799999237060547,0.23331298756676105,-0.07551299023704913,0.12801011015663769,-0.001274797337998416,1.6251082529678476e-06,9.881285379863925e-05
2018-03-13,2765.31005859375,16.350000381469727,18.049999237060547,0.23323678744699294,-0.06973678363229568,0.10397546274784887,-0.006383910414314703,4.075431217799572e-05,0.00010608036209288103
2018-03-14,2749.47998046875,17.229999542236328,18.780000686645508,0.23179577269173357,-0.059495777269370276,0.08995944199589925,-0.005740969825188786,3.295873453372816e-05,0.00011780670008946989
2018-03-15,2747.330078125,16.59000015258789,18.209999084472656,0.2317601561172025,-0.06586015459132358,0.09764912097556915,-0.0007822363990965508,6.118937840715383e-07,0.00010921750200907391
2018-03-16,2752.010009765625,15.800000190734863,17.739999771118164,0.2318837525742816,-0.07388375066693295,0.12278478208632672,0.0017019979472317418,2.8967970123810633e-06,9.906349445524672e-05
2018-03-19,2712.919921875,19.020000457763672,19.3799991607666,0.2272539150362373,-0.03705391045860057,0.018927376148194768,-0.014306040541373417,0.0002046627959714198,0.000143555721195766
2018-03-20,2716.93994140625,18.200000762939453,18.8799991607666,0.19067531245909136,-0.008675304829696834,0.037362547764933335,0.0014807086617189258,2.192498140889452e-06,0.00013144445546468123
2018-03-21,2711.929931640625,17.860000610351562,18.709999084472656,0.18429243562810485,-0.005692429524589232,0.047592298156386346,-0.0018456921256294063,3.4065794226103963e-06,0.00012657921500069767
2018-03-22,2643.68994140625,23.34000015258789,21.65999984741211,0.19834629102082837,0.035053710505050545,-0.07197944705195326,-0.025484886972854417,0.0006494794640191648,0.0002161728599693662
2018-03-23,2588.260009765625,24.8700008392334,22.790000915527344,0.17487157111035959,0.07382843728197439,-0.08363489559778275,-0.02118980731175066,0.00044900793390912177,0.0002454432308505833
2018-03-26,2658.550048828125,21.030000686645508,20.700000762939453,0.1866763393942392,0.023623667472215892,-0.015691864618702155,0.02679504070603539,0.0007179742064380935,0.00017550036860329782
2018-03-27,2612.6201171875,22.5,21.940000534057617,0.18924208410252788,0.035757915897472126,-0.02488886515299479,-0.0174272856453219,0.0003037102849636428,0.00020089285714285717
2018-03-28,2605.0,22.8700008392334,22.309999465942383,0.18911877844611258,0.0395812299462214,-0.024486285646755878,-0.0029209188994626773,8.531767217238259e-06,0.0002075543406295779
2018-03-29,2640.8701171875,19.96999931335449,20.549999237060547,0.18935540612228577,0.010344587011259121,0.02904356252622384,0.013675777493843445,0.00018702689006111492,0.0001582543145140392
2018-04-02,2581.8798828125,23.6200008392334,22.56999969482422,0.1956002443146829,0.04059976407765109,-0.044453899538610606,-0.022590682343495868,0.000510338928744736,0.00022139065065293113
2018-04-03,2614.449951171875,21.100000381469727,21.020000457763672,0.19994279576965232,0.011057208045044953,-0.0037914655099395914,0.012535961315741067,0.0001571503261097565,0.00017667064130873913
2018-04-04,2644.68994140625,20.059999465942383,20.420000076293945,0.20293816085174757,-0.002338166192323743,0.01794619241953456,0.01150010234644679,0.00013225235397875095,0.000159683959751432
2018-04-05,2662.840087890625,18.940000534057617,19.61000061035156,0.20364987283535815,-0.014249867494781993,0.035374871034937826,0.006839421401651201,4.677768510936448e-05,0.0001423506429484535
2018-04-06,2604.469970703125,21.489999771118164,21.200000762939453,0.21304080445689816,0.0018591932542834921,-0.013494602664838547,-0.022164067057064987,0.0004912458685100734,0.00018326194054073762
2018-04-09,2613.159912109375,21.770000457763672,21.229999542236328,0.20728447686664547,0.010415527710991246,-0.02480481874931552,0.0033309949675928295,1.1095527474128755e-05,0.00018806861902025018
2018-04-10,2656.8701171875,20.46999931335449,20.399999618530277,0.21049004021969314,-0.005790047086148248,-0.0034196237016258383,0.01658859899631407,0.00027518161666051214,0.00016627812376537033
2018-04-11,2642.18994140625,20.239999771118164,20.3700008392334,0.2081492157752129,-0.005749218064031253,0.006422977746311132,-0.005540685772461173,3.069919882915367e-05,0.00016256253600589813
2018-04-12,2663.989990234375,18.489999771118164,19.280000686645508,0.20772034995696942,-0.022820352245787767,0.04272584777212084,0.008216898697657044,6.751742420755802e-05,0.0001356667029904563
2018-04-13,2656.300048828125,17.40999984741211,18.549999237060547,0.20429810374647728,-0.030198105272356196,0.06547957493623364,-0.0028907998267066345,8.356723638087108e-06,0.00012028098995511493
2018-04-16,2677.840087890625,16.559999465942383,17.81999969482422,0.20516702269835937,-0.03956702803893555,0.07608697279689997,0.008076336801563068,6.522721613228196e-05,0.00010882285012381428
2018-04-17,2706.389892578125,15.25,16.799999237060547,0.20499678633274498,-0.05249678633274499,0.10163929423347848,0.01060507161386675,0.00011246754393524231,9.228670634920634e-05
2018-04-18,2708.639892578125,15.600000381469728,16.799999237060547,0.2048481975417665,-0.04884819372706922,0.07692300168250141,0.0008310204075532664,6.905949177699971e-07,9.657143329438717e-05
2018-04-19,2693.1298828125,15.960000038146973,17.1200008392334,0.20546890031912396,-0.04586889993765422,0.07268175428031559,-0.00574258179583257,3.2977245681827624e-05,0.000101080000483195
2018-04-20,2670.139892578125,16.8799991607666,17.719999313354492,0.206254507619943,-0.03745451601227698,0.0497630446890225,-0.008573177188352708,7.349936710289124e-05,0.00011306919510614332
2018-04-23,2670.2900390625,16.34000015258789,17.350000381469727,0.1990545945261568,-0.03565459300027787,0.06181151893819747,5.623011118453955e-05,3.16182540382568e-09,0.00010595063689943346
2018-04-24,2634.56005859375,18.020000457763672,18.229999542236328,0.20209215009688852,-0.02189214551925181,0.011653666988791946,-0.013470888006475166,0.00018146482368299648,0.00012885730813404878
2018-04-25,2639.39990234375,17.84000015258789,18.229999542236328,0.2018856820424758,-0.023485680516596913,0.021860952147574043,0.0018353742328236348,3.368598574512946e-06,0.00012629587517632378
2018-04-26,2666.93994140625,16.239999771118164,17.290000915527344,0.20437135837245532,-0.04197136066127369,0.06465524379357085,0.010380144187376953,0.00010774739335073555,0.00010465777482774524
2018-04-27,2669.909912109375,15.40999984741211,17.079999923706055,0.2044639924486854,-0.050363993974564314,0.10837119356457346,0.001113005271363815,1.2387807340836393e-06,9.42333711496989e-05
2018-04-30,2648.050048828125,15.93000030517578,17.34000015258789,0.2053650976008101,-0.046065094549052304,0.08851222978030901,-0.008221192548921247,6.758800692643824e-05,0.00010070036100115096
2018-05-01,2654.800048828125,15.489999771118164,16.90999984741211,0.20185729529842666,-0.04695729758724501,0.0916720527615244,0.0025458021710273926,6.481108694007785e-06,9.521432258303206e-05
2018-05-02,2635.669921875,15.970000267028809,17.260000228881836,0.20260923100538633,-0.04290922833509825,0.08077645211542815,-0.007231951201402355,5.2301118179464966e-05,0.00010120670973369055
2018-05-03,2629.72998046875,15.899999618530272,17.030000686645508,0.2026273973328532,-0.04362740114755048,0.07106925127207574,-0.002256217585064076,5.0905177911523716e-06,0.00010032142375764397
2018-05-04,2663.419921875,14.770000457763672,16.649999618530273,0.19256336192606666,-0.044863357348429944,0.1272849764725906,0.012729810028334959,0.00016204806335749729,8.656861647711868e-05
2018-05-07,2672.6298828125,14.75,16.649999618530273,0.1816602506811254,-0.03416025068112541,0.12881353345967955,0.003451980554989958,1.1916169752028778e-05,8.633432539682539e-05
2018-05-08,2671.919921875,14.710000038146973,16.479999542236328,0.164477539810021,-0.017377539428551275,0.12032627460905998,-0.0002656766117338216,7.058406202236379e-08,8.586670679455712e-05
2018-05-09,2697.7900390625,13.420000076293944,15.779999732971191,0.15789151380601407,-0.023691513043074625,0.17585690337261037,0.009635647934868785,9.28457111247411e-05,7.146682620941646e-05
2018-05-10,2723.070068359375,13.229999542236328,15.239999771118164,0.1591868918122019,-0.026886896389838627,0.15192746019869297,0.009327011603848374,8.699314545832221e-05,6.945749519348154e-05
2018-05-11,2727.719970703125,12.649999618530272,14.81999969482422,0.15494009777468007,-0.028440101589377348,0.17154151318038288,0.001706139270961256,2.910911211916206e-06,6.350098823365716e-05
2018-05-14,2730.1298828125,12.93000030517578,14.529999732971191,0.13776399151316523,-0.008463988461407446,0.12374318561732318,0.0008830995101265589,7.798647447857683e-07,6.63432174173991e-05
2018-05-15,2711.449951171875,14.630000114440918,15.789999961853027,0.13616691583713264,0.010133085307276551,0.07928912087068965,-0.006865655043990812,4.713721918307648e-05,8.4935279106564e-05
2018-05-16,2722.4599609375,13.420000076293944,15.140000343322754,0.13295115740719332,0.0012488433557461265,0.12816693422134498,0.004052339847514407,1.6421458239753086e-05,7.146682620941646e-05
2018-05-17,2720.1298828125,13.43000030517578,15.020000457763672,0.13186338300099515,0.0024366200507626445,0.11839166913310667,-0.0008562387886101002,7.331448631204919e-07,7.157337626865934e-05
2018-05-18,2712.969970703125,13.420000076293944,15.1899995803833,0.11326201459665375,0.0209379861662857,0.13189265976354292,-0.0026356652545503154,6.946731334043779e-06,7.146682620941646e-05
2018-05-21,2733.010009765625,13.079999923706056,14.6899995803833,0.1144664887409455,0.01633351049611506,0.12308865948533361,0.007359604547933372,5.416377910196157e-05,6.789142777942479e-05
2018-05-22,2724.43994140625,13.220000267028809,14.880000114440918,0.10581513664850752,0.02638486602178057,0.12556730816051592,-0.0031406885928751895,9.863924837416338e-06,6.935254248422293e-05
2018-05-23,2733.2900390625,12.579999923706056,14.479999542236328,0.10426568064326866,0.0215343185937919,0.15103335691996836,0.0032431452068987514,1.0517990833030345e-05,6.280015796843031e-05
2018-05-24,2727.760009765625,12.529999732971191,14.43000030517578,0.10242565874764704,0.022874338582064876,0.15163612232209106,-0.0020252629577225518,4.101690047923098e-06,6.230194178899133e-05
2018-05-25,2721.330078125,13.220000267028809,14.829999923706056,0.10227140796627555,0.02992859470401253,0.12178514554894898,-0.002360003054185922,5.56961441576688e-06,6.935254248422293e-05
2018-05-29,2689.860107421875,17.020000457763672,17.1299991607666,0.10598079023711912,0.06421921434051761,0.006462908345737076,-0.011631572511792225,0.00013529347909708048,0.0001149525458659824
2018-05-30,2724.010009765625,14.9399995803833,16.0,0.10784842918597189,0.04155156661786112,0.0709504986203958,0.012615875351923801,0.0001591603108952785,8.857285216740206e-05
2018-05-31,2705.27001953125,15.43000030517578,16.329999923706055,0.10977771319080393,0.044522289860953856,0.05832790672261898,-0.006903333243434208,4.7656009869903864e-05,9.447813865782722e-05
2018-06-01,2734.6201171875,13.460000038146973,15.270000457763672,0.11273493777976326,0.021865062601706453,0.13447254193811137,0.01079079970923988,0.00011644135836493149,7.18934924709986e-05
2018-06-04,2746.8701171875,12.739999771118164,14.899999618530272,0.10990580687657131,0.017494190834610318,0.16954473204221485,0.004469594898352221,1.9977278555376202e-05,6.440777546352812e-05
2018-06-05,2748.800048828125,12.399999618530272,14.720000267028809,0.10987638540981878,0.014123610775483936,0.18709683224760604,0.0007023462695756739,4.932902823868653e-07,6.101586926172654e-05
2018-06-06,2772.35009765625,11.640000343322754,14.1899995803833,0.10304754438434378,0.013352459048883755,0.21907209294227772,0.008530900637311972,7.27762656836898e-05,5.376571745736263e-05
2018-06-07,2770.3701171875,12.130000114440918,14.43000030517578,0.10328300847170115,0.018016992672708038,0.18961254485040624,-0.0007144436219845289,5.104296889943725e-07,5.838765983187964e-05
2018-06-08,2779.030029296875,12.18000030517578,14.600000381469728,0.1000206588869813,0.02177934416477649,0.19868637238585224,0.0031210289077513477,9.74082144301957e-06,5.887000295003257e-05
2018-06-11,2782.0,12.350000381469728,14.550000190734863,0.10002175433094865,0.02347824948374863,0.17813763087538634,0.0010681370069403208,1.1409166655954268e-06,6.0524805326310485e-05
2018-06-12,2786.85009765625,12.34000015258789,14.59000015258789,0.0957981463523967,0.02760185517348221,0.18233387132723333,0.0017418672787038484,3.0341016166191504e-06,6.042682689121792e-05
2018-06-13,2775.6298828125,12.9399995803833,14.920000076293944,0.09718330443111317,0.03221669137271985,0.15301395364125603,-0.004034254541411457,1.6275209704898963e-05,6.644586870647621e-05
2018-06-14,2782.489990234375,12.119999885559082,14.399999618530272,0.09362527536393123,0.027574723491659597,0.1881187916253859,0.002468500522503687,6.093494829600975e-06,5.829142747061594e-05
2018-06-15,2779.659912109375,11.979999542236328,14.420000076293944,0.09322614968714872,0.026573845735214555,0.20367284034153946,-0.00101762031549408,1.035551106506271e-06,5.6952535330151836e-05
2018-06-18,2773.75,12.3100004196167,14.479999542236328,0.08795257732935484,0.03514742686681216,0.17627937032086607,-0.002128391180886516,4.530049018875499e-06,6.0133377115461636e-05
2018-06-19,2762.590087890625,13.350000381469728,15.170000076293944,0.08906787436737716,0.044432129447320126,0.13632956125982132,-0.004031517951391294,1.6253136992390256e-05,7.072321832747694e-05
2018-06-20,2767.320068359375,12.789999961853027,14.789999961853027,0.08898802004759043,0.038911979570939836,0.15637216622088543,0.001710690224112545,2.9264610428742297e-06,6.491432500960335e-05
2018-06-21,2749.760009765625,14.640000343322754,15.869999885559082,0.0878364114824257,0.05856359195080184,0.08401636020434426,-0.006365728843220268,4.0522503705406455e-05,8.505143256051204e-05
2018-06-22,2754.8798828125,13.770000457763672,15.5,0.0839985138021599,0.053701490775476826,0.12563540194081374,0.0018602032551338834,3.4603561504106957e-06,7.524321928841736e-05
2018-06-25,2717.070068359375,17.329999923706055,17.520000457763672,0.09340601573341906,0.07989398350364149,0.010963677720373884,-0.013819722967770653,0.00019098474290592772,0.00011917813387129041
2018-06-26,2723.06005859375,15.920000076293944,16.8700008392334,0.09360839990865139,0.06559160085428806,0.05967341447152857,0.0022021505056967236,4.849466849740336e-06,0.00010057396921793619
2018-06-27,2699.6298828125,17.90999984741211,18.049999237060547,0.09485917283458113,0.08424082563953995,0.00781682807600172,-0.008641586313141117,7.467701400746788e-05,0.0001272889264025007
2018-06-28,2716.31005859375,16.850000381469727,17.520000457763672,0.09586090425883312,0.07263909955586415,0.039762614903603055,0.006159680019031288,3.794165793685328e-05,0.00011266766383155949
2018-06-29,2718.3701171875,16.09000015258789,17.139999389648438,0.0958608188209511,0.06503918270492781,0.06525787614064545,0.0007581158875170001,5.747396989056887e-07,0.00010273337496439617
2018-07-02,2726.7099609375,15.600000381469728,16.950000762939453,0.09593331553953001,0.06006668827516727,0.08653848387550724,0.003063260834293461,9.38356693891627e-06,9.657143329438717e-05
2018-07-03,2713.219970703125,16.139999389648438,17.350000381469727,0.09454299361491696,0.06685700028156742,0.07496908535184557,-0.004959629280533677,2.4597922600327e-05,0.00010337284932454442
2018-07-05,2736.610107421875,14.970000267028809,16.530000686645508,0.09748068592828502,0.05221931674200306,0.10420844300534689,0.008583856745537827,7.368259662791525e-05,8.892893174398515e-05
2018-07-06,2759.820068359375,13.369999885559082,15.710000038146973,0.10004808489716954,0.033651913958421265,0.17501871148969278,0.00844551760058016,7.132676754170925e-05,7.093527656343247e-05
2018-07-09,2784.169921875,12.6899995803833,14.869999885559082,0.10271402037347376,0.02418597543035926,0.17178883981570112,0.008784290785341506,7.716376460143568e-05,6.390321005957474e-05
2018-07-10,2793.840087890625,12.640000343322754,14.710000038146973,0.10260264412987863,0.02379735930334892,0.16376579419301387,0.003467249318821859,1.2021817838870645e-05,6.340063836476166e-05
2018-07-11,2774.02001953125,13.630000114440918,15.380000114440918,0.09857722544679207,0.03772277569761712,0.12839324910539682,-0.007119486371916502,5.06870861999048e-05,7.372099330145216e-05
2018-07-12,2798.2900390625,12.579999923706056,14.760000228881836,0.0951792006096611,0.030620798627399456,0.1732909633065843,0.0087109915801719,7.588137430982573e-05,6.280015796843031e-05
2018-07-13,2801.31005859375,12.18000030517578,14.539999961853027,0.09226168671552447,0.029538316336233328,0.19376022968360582,0.0010786555366086475,1.1634977666564892e-06,5.887000295003257e-05
2018-07-16,2798.429931640625,12.829999923706056,14.850000381469728,0.08779509855042474,0.04050490068663583,0.15744352843146217,-0.0010286646208985384,1.0581509022883337e-06,6.532099128662596e-05
2018-07-17,2809.550048828125,12.0600004196167,14.399999618530272,0.08762254595450038,0.03297745824166662,0.19402977757010262,0.003965824343443431,1.5727762723048525e-05,5.771571830204562e-05
2018-07-18,2815.6201171875,12.100000381469728,14.390000343322754,0.08771690727861163,0.033283096536085646,0.18925618922789408,0.0021581820767374625,4.657749876350827e-06,5.8099210012526806e-05
2018-07-19,2804.489990234375,12.869999885559082,14.970000267028809,0.0855966693236342,0.04310332953195663,0.16317019426131107,-0.003960826849049506,1.5688149328151437e-05,6.572892740249636e-05
2018-07-20,2801.830078125,12.859999656677246,15.079999923706056,0.08562551121799773,0.042974485348774724,0.17262833019409363,-0.0009488977712743676,9.00406980329462e-07,6.562682189275352e-05
2018-07-23,2806.97998046875,12.619999885559082,14.859999656677246,0.08534818620025739,0.04085181265533344,0.17749602150800092,0.0018363623432315187,3.3722266556387542e-06,6.320015758393304e-05
2018-07-24,2820.39990234375,12.40999984741211,14.699999809265137,0.08629395923746731,0.03780603923665378,0.1845286051579257,0.004769518886053562,2.2748310404421608e-05,6.111432389395579e-05
2018-07-25,2846.070068359375,12.289999961853027,14.550000190734863,0.08977746838152595,0.03312253123700433,0.18388936012177853,0.009060435070372713,8.20914836644398e-05,5.9938134548550565e-05
2018-07-26,2837.43994140625,12.140000343322754,14.399999618530272,0.08936595278384163,0.032034050649385915,0.1861613847853442,-0.00303690274886736,9.222778306078126e-06,5.848397156185579e-05
2018-07-27,2818.820068359375,13.029999732971191,15.0,0.09166109226360356,0.03863890506610837,0.15118958613973782,-0.006583834644845457,4.33468786306673e-05,6.737337025445609e-05
2018-07-30,2802.60009765625,14.260000228881836,15.65999984741211,0.09333443000746001,0.04926557228135835,0.0981766897657372,-0.0057707893155871425,3.330200932489472e-05,8.069349465385318e-05
2018-07-31,2816.2900390625,12.829999923706056,14.869999885559082,0.09397206886581613,0.03432793037124443,0.15900233624192836,0.004872837219303094,2.3744542565825504e-05,6.532099128662596e-05
2018-08-01,2813.360107421875,13.149999618530272,15.220000267028809,0.09311267779761685,0.03838731838768587,0.15741450255113343,-0.0010408930675711336,1.0834583781176445e-06,6.862003570132791e-05
2018-08-02,2827.219970703125,12.1899995803833,14.760000228881836,0.09390225025243264,0.027997745551400374,0.2108286084467383,0.0049143495822087,2.4150831816154823e-05,5.896670228958137e-05
2018-08-03,2840.35009765625,11.640000343322754,14.489999771118164,0.0920899932710031,0.024310010162224435,0.24484530444454003,0.004633432065347987,2.1468692704194916e-05,5.376571745736263e-05
2018-08-06,2850.39990234375,11.270000457763672,14.229999542236328,0.09234012474442108,0.020359879833215647,0.2626440962061873,0.003531982650801626,1.2474901445563682e-05,5.040194853888626e-05
2018-08-07,2858.449951171875,10.93000030517578,13.93000030517578,0.08079261021349116,0.028507392838266643,0.2744739173135598,0.0028202017464857678,7.953537890881375e-06,4.740670899648517e-05
2018-08-08,2857.699951171875,10.850000381469728,13.960000038146973,0.08097263565598734,0.027527368158709944,0.28663590298012204,-0.00026241439329510795,6.886131380843959e-08,4.671528106265605e-05
2018-08-09,2853.580078125,11.270000457763672,14.130000114440918,0.07556096931608283,0.03713903526155389,0.25377103287578406,-0.0014427146770399496,2.081425639346486e-06,5.040194853888626e-05
2018-08-10,2833.280029296875,13.15999984741211,15.220000267028809,0.07873192241151569,0.05286807606260541,0.15653498810805797,-0.007139312263244473,5.0969779592112924e-05,6.872444285074871e-05
2018-08-13,2821.929931640625,14.779999732971191,16.209999084472656,0.08027261436270888,0.06752738296700303,0.09675232593620589,-0.004014037665980266,1.6112498383908305e-05,8.668586988358274e-05
2018-08-14,2839.9599609375,13.3100004196167,15.350000381469728,0.08148539079622258,0.051614613399944415,0.1532682116858849,0.006368930016417421,4.056326955402282e-05,7.030004411515742e-05
2018-08-15,2818.3701171875,14.640000343322754,16.190000534057617,0.08362464051272415,0.06277536292050338,0.1058743274853687,-0.007631208581378815,5.823534441250967e-05,8.505143256051204e-05
2018-08-16,2840.68994140625,13.449999809265137,15.510000228881836,0.0831185376705258,0.051381460422125574,0.15315988467134786,0.00788821455263811,6.222392882845166e-05,7.17867043131874e-05
2018-08-17,2850.1298828125,12.640000343322754,15.170000076293944,0.08054686815711552,0.045853135276112025,0.20015820128578518,0.003317606375263089,1.1006512061186292e-05,6.340063836476166e-05
2018-08-20,2857.050048828125,12.489999771118164,15.0,0.07729994689142074,0.0476000508197609,0.20096079062274705,0.002425074902128281,5.880988280932492e-06,6.1904799318465e-05
2018-08-21,2862.9599609375,12.859999656677246,15.1899995803833,0.07699560094336104,0.05160439562341142,0.18118195846889143,0.002066399954627058,4.270008772482707e-06,6.562682189275352e-05
2018-08-22,2861.820068359375,12.25,15.079999923706056,0.07335532747082428,0.04914467252917572,0.23102040193518827,-0.0003982310542435054,1.5858797256389373e-07,5.95486111111111e-05
2018-08-23,2856.97998046875,12.40999984741211,15.0600004196167,0.07002120593625685,0.05407879253786424,0.21353751851634403,-0.0016926939235351061,2.865212718772672e-06,6.111432389395579e-05
2018-08-24,2874.68994140625,11.989999771118164,14.81999969482422,0.07180411860716589,0.04809587910401575,0.2360300231633896,0.006179705928285333,3.818876536008489e-05,5.704765655214826e-05
2018-08-27,2896.739990234375,12.15999984741211,14.789999961853027,0.07417787719369097,0.04742212128043012,0.21628290686209461,0.007641141407110444,5.8387042003457775e-05,5.8676823924231154e-05
2018-08-28,2897.52001953125,12.5,15.109999656677246,0.07373126828000719,0.05126873171999281,0.2087999725341797,0.00026924207759835515,7.24912963494787e-08,6.200396825396825e-05
2018-08-29,2914.0400390625,12.25,14.949999809265137,0.07490055848922997,0.04759944151077003,0.2204081476951132,0.005685242468911669,3.232198193031685e-05,5.95486111111111e-05
2018-08-30,2901.1298828125,13.529999732971191,15.539999961853027,0.07519681509055609,0.06010318223915581,0.14855877816343752,-0.004440172044458075,1.9715127784387005e-05,7.264321141833351e-05
2018-08-31,2901.52001953125,12.859999656677246,15.149999618530272,0.07500194372481227,0.05359805284196019,0.1780715414454928,0.00013446846730492032,1.8081768699334424e-08,6.562682189275352e-05
2018-09-04,2896.719970703125,13.15999984741211,15.449999809265137,0.07541222981227402,0.056187768661847076,0.17401215717364554,-0.0016556920488793076,2.741316160722159e-06,6.872444285074871e-05
2018-09-05,2888.60009765625,13.90999984741211,15.920000076293944,0.07536113253476479,0.06373886593935632,0.1445003774932309,-0.002807062801265972,7.879601570251165e-06,7.67809903789702e-05
2018-09-06,2878.050048828125,14.649999618530272,16.34000015258789,0.07219064188092643,0.07430935430437628,0.11535840123299365,-0.0036589910366181576,1.3388215406052019e-05,8.51676542948163e-05
2018-09-07,2871.679931640625,14.880000114440918,16.59000015258789,0.07189227856272862,0.07690772258168055,0.11491935651851452,-0.002215797895014484,4.909760311550618e-06,8.786285849434988e-05
2018-09-10,2877.1298828125,14.15999984741211,16.170000076293945,0.06887173119664505,0.07272826727747603,0.1419491702359859,0.0018960282146933797,3.5949229909133648e-06,7.956571257091704e-05
2018-09-11,2887.889892578125,13.220000267028809,15.539999961853027,0.06660427472049947,0.06559572794978862,0.17549165264469682,0.003732865689715426,1.3934286257454622e-05,6.935254248422293e-05
2018-09-12,2888.919921875,13.140000343322754,15.31999969482422,0.06560051356678301,0.06579948986644454,0.1659055779712562,0.0003566083498935524,1.271695152138023e-07,6.851571786608021e-05
2018-09-13,2904.179931640625,12.369999885559082,14.770000457763672,0.06656277830138309,0.05713722055420774,0.1940178330160201,0.005268352159391334,2.775553447536333e-05,6.072099093997291e-05
2018-09-14,2904.97998046875,12.06999969482422,14.369999885559082,0.06557856977416635,0.055121427174075865,0.1905551158979012,0.00027544390076635555,7.586934246938593e-08,5.781146533057809e-05
2018-09-17,2888.800048828125,13.68000030517578,15.279999732971191,0.06719705876639964,0.06960294428535815,0.11695901989052279,-0.005585290991549207,3.119547546028073e-05,7.426286045619421e-05
2018-09-18,2904.31005859375,12.789999961853027,15.039999961853027,0.06809826041678603,0.05980173920174424,0.1759186869984961,0.0053546528676252396,2.8672307332767202e-05,6.491432500960335e-05
2018-09-19,2907.949951171875,11.75,14.649999618530272,0.06780999760694524,0.04969000239305475,0.2468084781727891,0.0012524880331719868,1.5687262732390319e-06,5.4786706349206346e-05
2018-09-20,2930.75,11.800000190734863,14.510000228881836,0.070911706891247,0.047088295016101636,0.2296610164697127,0.00781001418532906,6.099632157504114e-05,5.5253970040215404e-05
2018-09-21,2929.669921875,11.68000030517578,14.579999923706056,0.07067901735643825,0.04612098569531954,0.2482876320855227,-0.00036860093700704873,1.3586665076247432e-07,5.413587584480409e-05
2018-09-24,2919.3701171875,12.199999809265137,14.770000457763672,0.06783406142579294,0.05416593666685843,0.21065579415392946,-0.003521882314013849,1.2403655033763543e-05,5.90634902166942e-05
2018-09-25,2915.56005859375,12.420000076293944,14.920000076293944,0.06653709093922053,0.05766290982371891,0.20128824353002625,-0.001305948493117946,1.7055014666770337e-06,6.121285789489745e-05
2018-09-26,2905.969970703125,12.890000343322754,15.149999618530272,0.06576254439027138,0.06313745904295617,0.17532965205685483,-0.003294699681159941,1.0855045989035415e-05,6.593337652811935e-05
2018-09-27,2914.0,12.40999984741211,14.890000343322754,0.06095287712797545,0.06314712134614564,0.19983888206314568,0.0027594762285113967,7.614709055719482e-06,6.111432389395579e-05
2018-09-28,2913.97998046875,12.119999885559082,14.770000457763672,0.05752485945967741,0.0636751393959134,0.21864691396260258,-6.870144138179519e-06,4.7198880479362405e-11,5.829142747061594e-05
2018-10-01,2924.590087890625,12.0,14.739999771118164,0.05765021842141775,0.062349781578582245,0.22833331425984701,0.0036344923421985013,1.3209534585499549e-05,5.714285714285714e-05
2018-10-02,2923.429931640625,12.050000190734863,14.84000015258789,0.05756443831819521,0.06293556358915342,0.23153526287893617,-0.0003967689102790794,1.5742556816404817e-07,5.762004150663105e-05
2018-10-03,2925.510009765625,11.609999656677246,14.68000030517578,0.057432174204646844,0.058667822362125616,0.26442728159194107,0.0007112667367183715,5.059003707620013e-07,5.348892540795467e-05
2018-10-04,2901.610107421875,14.220000267028809,15.84000015258789,0.06294344631479565,0.07925655635549245,0.11392404044571598,-0.008203035421009815,6.728979011834167e-05,8.024143158503946e-05
2018-10-05,2885.570068359375,14.81999969482422,16.25,0.06504233314619043,0.08315766380205178,0.09649125064929637,-0.0055433145846221455,3.072833658408459e-05,8.715571069626588e-05
2018-10-08,2884.429931640625,15.6899995803833,16.510000228881836,0.0626531732460903,0.09424682255774272,0.05226263036512477,-0.000395194708349698,1.5617885750760286e-07,9.768892334620167e-05
2018-10-09,2880.340087890625,15.949999809265137,16.6299991607666,0.05856217804836337,0.100937820044288,0.042633188691730425,-0.0014189098341542976,2.0133051174597764e-06,0.00010095337060141186
2018-10-10,2785.679931640625,22.959999084472656,20.700000762939453,0.11266220829877846,0.11693778254594811,-0.09843198657013844,-0.03341638904260208,0.0011166550566465362,0.00020919109442816877
2018-10-11,2728.3701171875,24.979999542236328,21.559999465942383,0.12393644919074341,0.12586354623161988,-0.1369095331851944,-0.02078757997254153,0.00043212348111480974,0.00024761919727386
2018-10-12,2767.1298828125,21.309999465942383,19.84000015258789,0.1323849035839364,0.08071509107548744,-0.06898166824001302,0.014106235408376288,0.00019898587739652893,0.0001802047925549463
2018-10-15,2750.7900390625,21.299999237060547,20.290000915527344,0.13286776595582245,0.08013222641478301,-0.047417763272773965,-0.005922482291300048,3.5075796490762666e-05,0.0001800357013884047
2018-10-16,2809.919921875,17.6200008392334,17.959999084472656,0.14871702952311652,0.027482978869217467,0.019296153748313345,0.02126782803490127,0.00045232050932213235,0.00012320017046610544
2018-10-17,2809.2099609375,17.399999618530273,18.100000381469727,0.14863367043432915,0.025366325750973584,0.040229929786549046,-0.0002526942626648821,6.385439038374843e-08,0.00012014285187494194
2018-10-18,2768.780029296875,20.059999465942383,19.86000061035156,0.15359933909452744,0.04700065556489638,-0.009970032946929008,-0.014496490575341185,0.0002101482390009558,0.000159683959751432
2018-10-19,2767.780029296875,19.88999938964844,19.84000015258789,0.15359627340030227,0.04530372049618214,-0.0025137877624356315,-0.00036123513527937907,1.3049082296031129e-07,0.0001569889189365934
2018-10-22,2755.8798828125,19.63999938964844,19.81999969482422,0.15355224117700433,0.042847752719480076,0.009164985273403297,-0.004308797096477868,1.8565732418616105e-05,0.00015306729207356792
2018-10-23,2740.68994140625,20.709999084472656,20.280000686645508,0.15318895205689764,0.05391103878782891,-0.02076284002105728,-0.005527076180694164,3.054857110719679e-05,0.00017020002463446752
2018-10-24,2656.10009765625,25.229999542236328,22.6200008392334,0.1753692780856614,0.07693071733670184,-0.10344822633205587,-0.03135077386114084,0.0009828710216923916,0.0002526003479766846
2018-10-25,2705.570068359375,24.21999931335449,22.440000534057617,0.18456386830820998,0.05763612482533492,-0.07349293269035771,0.018453717978714167,0.00034053970723791846,0.00023278109791225872
2018-10-26,2658.68994140625,24.15999984741211,22.479999542236328,0.18946798929723657,0.052132009176884514,-0.06953643691168045,-0.017479138010003174,0.0003055202655727377,0.00023162920342339408
2018-10-29,2641.25,24.700000762939453,23.059999465942383,0.18961015114482094,0.05738985648457359,-0.06639681159272563,-0.00658120829519397,4.331230262472992e-05,0.0002420992213052419
2018-10-30,2682.6298828125,23.350000381469727,22.229999542236328,0.19570791122858044,0.03779209258611682,-0.047965773915884705,0.015545322971877482,0.00024165706629998175,0.00021635814198993507
2018-10-31,2711.739990234375,21.229999542236328,21.149999618530277,0.19928029969026984,0.01301969573209344,-0.003768248960481329,0.010792878754571094,0.00011648623181087207,0.0001788543176838709
2018-11-01,2740.3701171875,19.34000015258789,20.06999969482422,0.20061892910969095,-0.00721892758381204,0.037745580996732656,0.010502498868529206,0.00011030248248345726,0.00014842682773892843
2018-11-02,2723.06005859375,19.51000022888184,20.299999237060547,0.20088097117978768,-0.005780968890969268,0.040492004044634704,-0.006336721055879746,4.015403374002973e-05,0.00015104766227419422
2018-11-05,2738.31005859375,19.959999084472656,20.200000762939453,0.20218357555894373,-0.0025835847142171575,0.012024132739239439,0.0055846936971941175,3.11888036914797e-05,0.00015809585851275765
2018-11-06,2755.449951171875,19.90999984741211,19.57999992370605,0.20362980925378438,-0.004529810779663274,-0.016574581930443935,0.0062397877444086355,3.8934951095272204e-05,0.00015730479917617073
2018-11-07,2813.889892578125,16.360000610351562,17.6200008392334,0.2140605452567036,-0.05046053915318796,0.0770171260314372,0.020987078560774024,0.00044045746651610065,0.00010621016665504109
2018-11-08,2806.830078125,16.719999313354492,17.68000030517578,0.21378541123490377,-0.046585418101358855,0.05741632961997332,-0.002512068988491457,6.310490602940493e-06,0.00011093586390419629
2018-11-09,2781.010009765625,17.360000610351562,18.459999084472656,0.21499115248343217,-0.04139114637991656,0.06336396517550683,-0.00924158591537243,8.540691023121008e-05,0.00011959111952039944
2018-11-12,2726.219970703125,20.450000762939453,20.229999542236328,0.22079363441500308,-0.016293626785608556,-0.010758005500998443,-0.019898150985467496,0.0003959364126404611,0.00016595338539850165
2018-11-13,2722.179931640625,20.020000457763672,20.270000457763672,0.2207329416508343,-0.02053293707319756,0.012487512201981547,-0.0014830188221738934,2.199344826922042e-06,0.00015904778505113401
2018-11-14,2701.580078125,21.25,21.21999931335449,0.22103574425766273,-0.008535744257662736,-0.0014117970186122996,-0.007596188818450545,5.770208456555309e-05,0.00017919146825396825
2018-11-15,2730.199951171875,19.979999542236328,20.309999465942383,0.2236065383693223,-0.023806542946958997,0.01651651307641213,0.01053803274264194,0.00011105013408499361,0.0001584128498840333
2018-11-16,2736.27001953125,18.13999938964844,19.350000381469727,0.2236786563622815,-0.04227866246579709,0.06670347478135917,0.002220837537483983,4.932119367897921e-06,0.00013057919756208168
2018-11-19,2690.72998046875,20.100000381469727,20.63999938964844,0.22780754219290664,-0.026807538378209372,0.02686562178757677,-0.016783161235721437,0.0002816745010642227,0.00016032143465677902
2018-11-20,2641.889892578125,22.479999542236328,22.270000457763672,0.23244640247271575,-0.007646407050352466,-0.009341596474595185,-0.018317995556585972,0.0003355489612111034,0.0002005358648487879
2018-11-21,2649.929931640625,20.799999237060547,21.31999969482422,0.21412200094041445,-0.00612200856980899,0.025000022924864217,0.0030386693107672014,9.233511180198418e-06,0.00017168252708798384
2018-11-23,2632.56005859375,21.520000457763672,21.75,0.2069343980700135,0.00826560650762323,0.010687710843117211,-0.006576419711855615,4.324929622648309e-05,0.00018377397607228122
2018-11-26,2673.449951171875,18.899999618530277,20.11000061035156,0.20780665543584873,-0.01880665925054595,0.0640212177906581,0.015412975845366429,0.00023755982440984896,0.0001417499942779542
2018-11-27,2682.169921875,19.020000457763672,19.940000534057617,0.20767688217200853,-0.017476877594371804,0.04837013954531297,0.003256384364612641,1.0604039130093673e-05,0.000143555721195766
2018-11-28,2743.7900390625,18.489999771118164,19.280000686645508,0.20905256430365254,-0.024152566592470892,0.04272584777212084,0.022714051303113776,0.0005159281266004847,0.0001356667029904563
2018-11-29,2737.800048828125,18.790000915527344,19.59000015258789,0.20908413740543477,-0.021184128250161333,0.042575795533860664,-0.002185494545393453,4.776386407944537e-06,0.00014010481524028508
2018-11-30,2760.169921875,18.06999969482422,18.88999938964844,0.20653018115687652,-0.025830184208634338,0.04537906522815794,0.008137547716617559,6.621968284022765e-05,0.0001295733686392648
2018-12-03,2790.3701171875,16.440000534057617,17.950000762939453,0.20896474288772646,-0.04456473754715029,0.09184915935700078,0.010882001794362436,0.00011841796305250728,0.00010725143553960901
2018-12-04,2700.06005859375,20.739999771118164,20.75,0.2298014097425467,-0.02240141203136506,0.0004821711182351084,-0.03290022883855611,0.001082425057629359,0.0001706934882960244
2018-12-06,2695.949951171875,21.190000534057617,21.059999465942383,0.22936044857397755,-0.017460443233401374,-0.006135019577101484,-0.0015233879141442856,2.320710736960877e-06,0.00017818100104498497
2018-12-07,2633.080078125,23.229999542236328,22.440000534057617,0.22126954839636462,0.011030447025998674,-0.03400770657538543,-0.02359633545632224,0.0005567870469672901,0.00021414003124297623
2018-12-10,2637.719970703125,22.63999938964844,22.01000022888184,0.21415667767240523,0.012243316224079176,-0.027826818805244867,0.0017606032229163218,3.0997237085433396e-06,0.00020340062395368325
2018-12-11,2636.780029296875,21.76000022888184,21.71999931335449,0.20826984170543208,0.009330160583386315,-0.0018382773486490145,-0.00035640967530566644,1.2702785665149057e-07,0.0001878958769686261
2018-12-12,2651.070068359375,21.459999084472656,21.59000015258789,0.20801358347857843,0.006586407366148128,0.006057831950668461,0.005404871010351243,2.9212630638535263e-05,0.00018275061932760604
2018-12-13,2650.5400390625,20.649999618530277,21.350000381469727,0.202810557953412,0.0036894382318907737,0.0338983426571739,-0.00019995031241503897,3.998012743487169e-08,0.00016921527152591293
2018-12-14,2599.949951171875,21.6299991607666,21.959999084472656,0.20706438704168684,0.009235604565979189,0.015256585136841909,-0.019271212268699812,0.00037137962230528616,0.0001856574855931603
2018-12-17,2545.93994140625,24.520000457763672,23.40999984741211,0.21140265666605618,0.03379734791158054,-0.04526919207295966,-0.020992284828576645,0.00044067602232408917,0.0002385835009717185
2018-12-18,2546.159912109375,25.57999992370605,23.899999618530277,0.21119685494633608,0.044603144290724456,-0.06567632174302111,8.639685378910398e-05,7.46441634465581e-09,0.0002596573000384134
2018-12-19,2506.9599609375,25.57999992370605,24.020000457763672,0.2132485262530046,0.04255147298405593,-0.06098512394820857,-0.015515459175936802,0.00024072947344016152,0.0002596573000384134
2018-12-20,2467.419921875,28.3799991607666,25.239999771118164,0.21461326456548682,0.06918672704217918,-0.11064127845321683,-0.015897809484103957,0.0002527403463928657,0.00031961283824012417
2018-12-21,2416.6201171875,30.11000061035156,26.229999542236328,0.20691369126960216,0.09418631483391346,-0.12886087643523061,-0.02080312049854063,0.00043276982247680135,0.0003597667209346712
2018-12-24,2351.10009765625,36.06999969482422,28.84000015258789,0.21665851623759078,0.1440414807106514,-0.2004435709289396,-0.02748657287831441,0.0007555116885948894,0.0005162876499938965
2018-12-26,2467.699951171875,30.40999984741211,25.690000534057617,0.2674163412106995,0.0366836572634216,-0.15521207948168286,0.04840317767080503,0.0023428676086315187,0.00036697146457127165
2018-12-27,2488.830078125,29.959999084472656,25.88999938964844,0.2653993930848499,0.03420059775987666,-0.13584779102792333,0.008526228968816992,7.269658042869406e-05,0.0003561910893419057
2018-12-28,2485.739990234375,28.34000015258789,25.31999969482422,0.2654125526474223,0.017987448878456602,-0.10656317718784127,-0.0012423539102312722,1.543443238266932e-06,0.0003187125431145562
2018-12-31,2506.85009765625,25.420000076293945,23.729999542236328,0.2670846097255506,-0.012884608962611122,-0.06648310499549012,0.008456625862206874,7.151452097334616e-05,0.00025641920788840644
2019-01-02,2510.030029296875,23.21999931335449,22.75,0.26449293854007105,-0.03229294540652616,-0.020241142431222145,0.0012676930626261643,1.607045701030504e-06,0.00021395570163181864
2019-01-03,2447.889892578125,25.450000762939453,24.11000061035156,0.2717158443850695,-0.017215836755675007,-0.05265226374921041,-0.02506833181891511,0.0006284212601832317,0.00025702481699746774
2019-01-04,2531.93994140625,21.3799991607666,21.86000061035156,0.2894932731524375,-0.07569328154477148,0.022450957363262424,0.03375939906034647,0.0011396970249157223,0.00018139062068030977
2019-01-07,2549.68994140625,21.399999618530277,21.6200008392334,0.2863927823491379,-0.07239278616383513,0.010280431057233395,0.006985975995229761,4.880386060592645e-05,0.0001817301522512286
2019-01-08,2574.409912109375,20.46999931335449,21.13999938964844,0.28787657686685186,-0.08317658373330697,0.03273083042346996,0.009648587336497393,9.309523759001785e-05,0.00016627812376537033
2019-01-09,2584.9599609375,19.979999542236328,20.690000534057617,0.2877292810470975,-0.0879292856247342,0.03553558599039987,0.004089671332822161,1.672541161050739e-05,0.0001584128498840333
2019-01-10,2596.639892578125,19.5,20.520000457763672,0.2841667188866901,-0.08916671888669009,0.0523077157827524,0.004508241374462229,2.032424029041309e-05,0.00015089285714285714
2019-01-11,2596.260009765625,18.190000534057617,19.739999771118164,0.2838977757966522,-0.10199777045607603,0.0852116103107552,-0.0001463085444824661,2.1406190188577765e-08,0.00013130004739246684
2019-01-14,2582.610107421875,19.06999969482422,19.93000030517578,0.2749573489129252,-0.08425735196468304,0.045097043739595596,-0.00527139458724949,2.778760089448322e-05,0.00014431146363515706
2019-01-15,2610.300048828125,18.600000381469727,19.239999771118164,0.27740077248259126,-0.09140076866789398,0.03440856863024786,0.010664618879761001,0.00011373409585055478,0.00013728571991693413
2019-01-16,2616.10009765625,19.040000915527344,19.530000686645508,0.2761248410218484,-0.08572483186657498,0.025735280859076195,0.0022195205290883643,4.926271379044692e-06,0.00014385779161241353
2019-01-17,2635.9599609375,18.059999465942383,19.170000076293945,0.2749666304823982,-0.09436663582297439,0.06146182963320713,0.007562730706235749,5.7194895735041066e-05,0.0001294299923451743
2019-01-18,2670.7099609375,17.799999237060547,18.84000015258789,0.26190713898772666,-0.0839071466171212,0.0584270202305406,0.01309691283985578,0.00017152912593477917,0.0001257301479521254
2019-01-22,2632.89990234375,20.799999237060547,20.690000534057617,0.26497964996758744,-0.05697965759698198,-0.005288399376810491,-0.014258476827972471,0.0002033041614538279,0.00017168252708798384
2019-01-23,2638.699951171875,19.520000457763672,20.07999992370605,0.2560837762462042,-0.06088377166856748,0.02868849655788052,0.002200489919450871,4.8421558856049e-06,0.00015120254677424363
2019-01-24,2642.330078125,18.88999938964844,19.670000076293945,0.2560640973918192,-0.06716410349533478,0.0412917264080452,0.001374780110977555,1.8900203535394583e-06,0.0001416000305321105
2019-01-25,2664.760009765625,17.420000076293945,18.81999969482422,0.2572104443059827,-0.08301044354304327,0.08036737154986967,0.008452867700518018,7.145097236246076e-05,0.00012041920740400043
2019-01-28,2643.85009765625,18.8700008392334,19.57999992370605,0.2578231140925124,-0.06912310570017843,0.03762581096427215,-0.007877775848708898,6.205935232250121e-05,0.00014130036971137663
2019-01-29,2640.0,19.1299991607666,19.600000381469727,0.2578534874629136,-0.06655349585524759,0.024568805087406522,-0.0014573079351148383,2.123746417748674e-06,0.00014522097932179797
2019-01-30,2681.050048828125,17.65999984741211,18.68000030517578,0.25507124923673014,-0.07847125076260905,0.05775767081408794,0.015429609891560045,0.00023807286140572757,0.00012376015659150622
2019-01-31,2704.10009765625,16.56999969482422,17.8799991607666,0.24716388707777967,-0.08146389012953748,0.07905850875492607,0.008560648809767757,7.328470804417811e-05,0.00010895432138352172
2019-02-01,2706.530029296875,16.139999389648438,17.59000015258789,0.24712020940659984,-0.08572021551011547,0.08983896020897168,0.0008982065848071141,8.067750689908595e-07,0.00010337284932454442
2019-02-04,2724.8701171875,15.729999542236328,17.190000534057617,0.2417462304091109,-0.08444623498674761,0.0928163403883813,0.006753381117479676,4.560815651793104e-05,9.818765301537901e-05
2019-02-05,2737.699951171875,15.56999969482422,17.06999969482422,0.23520086043993027,-0.07950086349168806,0.09633911556842407,0.0046973704373502,2.2065289025691607e-05,9.620035337175649e-05
2019-02-06,2731.610107421875,15.380000114440918,16.899999618530273,0.22446240493790015,-0.07066240379349098,0.09882961591542286,-0.0022269157175087858,4.95915361288767e-06,9.38668267937312e-05
2019-02-07,2706.050048828125,16.3700008392334,17.520000457763672,0.20786497028718068,-0.0441649618948467,0.07025043125068817,-0.009401193202230233,8.838243362565994e-05,0.00010634005058591355
2019-02-08,2707.8798828125,15.720000267028809,17.260000228881836,0.1614958770523864,-0.00429587438209833,0.09796437249960036,0.0006759725660127,4.5693891000179405e-07,9.806286047435945e-05
2019-02-11,2709.800048828125,15.970000267028809,17.219999313354492,0.16079955619007505,-0.0010995535197869666,0.07827169852378743,0.0007088518038183947,5.024708797765919e-07,0.00010120670973369055
2019-02-12,2744.72998046875,15.43000030517578,16.81999969482422,0.1628465796371437,-0.008546576585385907,0.0900842101203448,0.012807852902838604,0.00016404109598075126,9.447813865782722e-05
2019-02-13,2753.030029296875,15.649999618530272,16.959999084472656,0.16211236343433294,-0.00561236724903022,0.0837060382027926,0.0030194315937109753,9.1169671491e-06,9.719146351587209e-05
2019-02-14,2745.72998046875,16.219999313354492,17.31999969482422,0.1628991678607668,-0.0006991747272218907,0.0678175356372585,-0.0026551633836986214,7.049892594133913e-06,0.00010440014989096038
2019-02-15,2775.60009765625,14.90999984741211,16.479999542236328,0.1409029229667113,0.008197075507409779,0.10529843802089103,0.010820004664957538,0.00011707250094970288,8.821749819437663e-05
2019-02-19,2779.760009765625,14.880000114440918,16.450000762939453,0.10961861070260459,0.039181390441804576,0.10551079545858756,0.0014976213265920058,2.2428696378631994e-06,8.786285849434988e-05
2019-02-20,2784.699951171875,14.020000457763672,15.81999969482422,0.10905751759557748,0.031142486982059223,0.12838795850850251,0.00177553356074094,3.152519425317401e-06,7.800016382368792e-05
2019-02-21,2774.8798828125,14.460000038146973,16.15999984741211,0.1087012057914476,0.035898794590022126,0.117565684977895,-0.0035326693258413886,1.2479752565740652e-05,8.297285758063906e-05
2019-02-22,2792.669921875,13.510000228881836,15.460000038146973,0.10919712647730254,0.02590287581151582,0.14433751119384916,0.006390638694710404,4.08402629263299e-05,7.242861356523304e-05
2019-02-25,2796.110107421875,14.850000381469728,16.0,0.10910632898671421,0.03939367482798306,0.07744104976355928,0.0012311044497517107,1.5156181661984623e-06,8.750893306732186e-05
2019-02-26,2793.89990234375,15.170000076293944,16.299999237060547,0.10925634976491416,0.04244365099802527,0.0744890675730744,-0.0007907696728402984,6.253166754839526e-07,9.132099298204693e-05
2019-02-27,2792.3798828125,14.699999809265137,15.989999771118164,0.10719454668667273,0.039805451405978645,0.08775510058442071,-0.0005441974362980739,2.961508496733962e-07,8.574999777475996e-05
2019-02-28,2784.489990234375,14.779999732971191,16.100000381469727,0.10549724219478276,0.04230275513492915,0.08930992370411757,-0.002829507598950442,8.006113252518296e-06,8.668586988358274e-05
2019-03-01,2803.68994140625,13.56999969482422,15.380000114440918,0.10638052696528595,0.029319469982956245,0.13338249523373652,0.006871656588713028,4.721966427320317e-05,7.307336972917834e-05
2019-03-04,2792.81005859375,14.630000114440918,16.030000686645508,0.10664232074182943,0.03965768040257976,0.09569381826748471,-0.003888107395255168,1.5117379117037927e-05,8.4935279106564e-05
2019-03-05,2789.64990234375,14.739999771118164,16.149999618530273,0.10154311539755684,0.04585688231362481,0.09565806440342624,-0.001132173489706859,1.2818168107950073e-06,8.621729890974744e-05
2019-03-06,2771.449951171875,15.739999771118164,16.739999771118164,0.09329916411948232,0.06410083359169931,0.06353240244862852,-0.00654547360412503,4.284322470229751e-05,9.831253682333325e-05
2019-03-07,2748.929931640625,16.59000015258789,17.299999237060547,0.0975592106221301,0.06834079090374881,0.04279681000255463,-0.008158911138331157,6.656783096318421e-05,0.00010921750200907391
2019-03-08,2743.070068359375,16.049999237060547,17.110000610351562,0.09808449379963782,0.06241549857096765,0.06604370240986678,-0.0021339641314536495,4.553802914330729e-06,0.0001022232045673191
2019-03-11,2783.300048828125,14.329999923706056,16.010000228881836,0.10343378845837801,0.03986621077868256,0.1172365885638675,0.014559535563489445,0.0002119800758245139,8.148765786246652e-05
2019-03-12,2791.52001953125,13.770000457763672,15.649999618530272,0.0996388983577772,0.03806110621985953,0.13652862006309058,0.002948965727805163,8.696398863769434e-06,7.524321928841736e-05
2019-03-13,2810.919921875,13.40999984741211,15.329999923706056,0.10020950902192773,0.033890489452193376,0.1431767410992531,0.0069255467570192835,4.796319788366031e-05,7.136035551888604e-05
2019-03-14,2808.47998046875,13.5,15.300000190734863,0.09216879690074986,0.04283120309925015,0.13333334746184172,-0.0008683993315961826,7.541173991166968e-07,7.232142857142858e-05
2019-03-15,2822.47998046875,12.880000114440918,14.979999542236328,0.09036548264575228,0.038434518498656894,0.16304343238637967,0.0049725194084307206,2.4725949267220203e-05,6.583111228095161e-05
2019-03-18,2832.93994140625,13.100000381469728,15.239999771118164,0.09058707604345341,0.040412927771243876,0.16335872727725392,0.0036990967989080333,1.3683317127691658e-05,6.809921031528056e-05
2019-03-19,2832.570068359375,13.5600004196167,15.5600004196167,0.08932055287086947,0.046279451325297524,0.14749262080454523,-0.00013057007992675946,1.704854577208035e-08,7.296571880158931e-05
2019-03-20,2824.22998046875,13.90999984741211,15.789999961853027,0.08953627235291724,0.04956372612120387,0.13515457477094675,-0.002948696740769673,8.694812469025692e-06,7.67809903789702e-05
2019-03-21,2854.8798828125,13.630000114440918,15.510000228881836,0.09328587499961213,0.04301412614479705,0.13793104172090703,0.010794015494689354,0.00011651077049959386,7.372099330145216e-05
2019-03-22,2800.7099609375,16.479999542236328,17.3700008392334,0.10651333174227598,0.05828666368008731,0.05400493457030142,-0.019156827134273257,0.0003669840258524281,0.00010777396226671016
2019-03-25,2798.360107421875,16.329999923706055,17.450000762939453,0.10666189368174189,0.056638105555318646,0.06858547730961759,-0.000839372833310059,7.045467532989561e-07,0.0001058209910746983
2019-03-26,2818.4599609375,14.68000030517578,16.450000762939453,0.1080864756445752,0.038713527407182605,0.12057223576075937,0.007157052947934055,5.1223406899531546e-05,8.551682895236549e-05
2019-03-27,2805.3701171875,15.149999618530272,16.780000686645508,0.10370602321683033,0.04779397296847239,0.10759083228764896,-0.00465514327659887,2.1670358925663666e-05,9.108035255613785e-05
2019-03-28,2815.43994140625,14.43000030517578,16.299999237060547,0.10382701460613444,0.04047298844562336,0.1295910528299873,0.0035830547152617266,1.2838281092559293e-05,8.26289320664179e-05
2019-03-29,2834.39990234375,13.710000038146973,15.800000190734863,0.10470519667988541,0.032394803701584304,0.15244348262382446,0.006711706043324668,4.504699801200087e-05,7.458892898650395e-05
2019-04-01,2867.18994140625,13.399999618530272,15.460000038146973,0.10527491976492692,0.028725076420375806,0.1537313789746693,0.011502195518044496,0.0001323005017353229,7.125396419706804e-05
2019-04-02,2867.239990234375,13.359999656677246,15.539999961853027,0.10531156320394988,0.02828843336282258,0.16317367973031574,1.7455554858152623e-05,3.0469639540597565e-10,7.082920270889529e-05
2019-04-03,2873.39990234375,13.739999771118164,15.630000114440918,0.1053397425816071,0.03206025512957454,0.13755461243133232,0.002146072420089187,4.60562683226746e-06,7.491571178981238e-05
2019-04-04,2879.389892578125,13.579999923706056,15.479999542236328,0.10447282133592634,0.031327177901134234,0.1399116074524801,0.0020824652429942735,4.3366614882791986e-06,7.318111028883196e-05
2019-04-05,2892.739990234375,12.81999969482422,15.0600004196167,0.10383889283030472,0.0243611041179375,0.1747270497749565,0.004625717623099122,2.1397263528649794e-05,6.521920324416394e-05
2019-04-08,2895.77001953125,13.18000030517578,15.279999732971191,0.10383937770565606,0.027960625346101733,0.1593322745956799,0.0010469117505236662,1.0960242133845271e-06,6.893349525572762e-05
2019-04-09,2878.199951171875,14.279999732971191,15.989999771118164,0.1058222560738671,0.03697774125584481,0.11974790407024599,-0.0060859764356695385,3.70391091755249e-05,8.091999697367353e-05
2019-04-10,2888.2099609375,13.300000190734863,15.380000114440918,0.10595606110298854,0.02704394080436008,0.1563909694644244,0.003471837754499924,1.2053657393571076e-05,7.01944464577569e-05
2019-04-11,2888.320068359375,13.020000457763672,15.25,0.10535033115429411,0.024849673423342614,0.1712749204172728,3.8122340342693696e-05,1.4533128332041714e-09,6.727000473022469e-05
2019-04-12,2907.409912109375,12.010000228881836,14.460000038146973,0.10522104901733619,0.01487895327148217,0.2039966496731065,0.0065875783895457275,4.339618903840988e-05,5.723813710227847e-05
2019-04-15,2905.580078125,12.31999969482422,14.529999732971191,0.10426840220251302,0.018931594745729183,0.17938312442291848,-0.0006295672443571088,3.9635491516740353e-07,6.023110812717018e-05
2019-04-16,2907.06005859375,12.18000030517578,14.470000267028809,0.10404130764041887,0.017758695411338926,0.18801312844630347,0.0005092283251399622,2.59313487124851e-07,5.887000295003257e-05
2019-04-17,2900.449951171875,12.600000381469728,14.81999969482422,0.1019318129194676,0.024068190895229685,0.17619041636057,-0.0022764008207388597,5.182000696660554e-06,6.300000381469734e-05
2019-04-18,2905.030029296875,12.09000015258789,14.56999969482422,0.09771998488361554,0.023180016642263365,0.20512816467628253,0.0015778468242496745,2.489600600794783e-06,5.800321574983143e-05
2019-04-22,2907.969970703125,12.420000076293944,14.720000267028809,0.09703095098899127,0.02716904977394817,0.18518519940469855,0.0010115058169329091,1.0231440176891118e-06,6.121285789489745e-05
2019-04-23,2933.679931640625,12.279999732971191,14.539999961853027,0.09182242591653025,0.030977571413181665,0.1840391105884023,0.008802351174995391,7.748138620794274e-05,5.984063231816371e-05
2019-04-24,2927.25,13.140000343322754,15.039999961853027,0.0924485975147911,0.038951405918436446,0.14459661863675527,-0.0021941686030362366,4.81437585854999e-06,6.851571786608021e-05
2019-04-25,2926.169921875,13.25,15.210000038146973,0.09119408189054926,0.04130591810945075,0.1479245311809036,-0.0003690417402728576,1.3619180606361926e-07,6.966765873015874e-05
2019-04-26,2939.8798828125,12.729999542236328,14.890000343322754,0.09144259779817923,0.03585739762418405,0.16967799518922608,0.004674350323304823,2.1849550944979902e-05,6.430670172434012e-05
2019-04-29,2943.030029296875,13.109999656677246,15.229999542236328,0.09086140680060154,0.040238589766170924,0.16170861488004035,0.0010709485042338864,1.1469306987207985e-06,6.820321071352283e-05
2019-04-30,2945.830078125,13.119999885559082,15.229999542236328,0.09060434341801743,0.0405956554375734,0.16082314596661543,0.0009509646987914453,9.043338583475042e-07,6.830730039566283e-05
2019-05-01,2923.72998046875,14.800000190734863,16.190000534057617,0.09409260250761296,0.05390739939973567,0.0939189409060228,-0.00753044585029134,5.6707614704170064e-05,8.69206371610127e-05
2019-05-02,2917.52001953125,14.420000076293944,16.030000686645508,0.09381822921122765,0.05038177155171178,0.11165052717290605,-0.0021262446486827887,4.520916306052196e-06,8.251444531758624e-05
2019-05-03,2945.639892578125,12.869999885559082,15.06999969482422,0.09279631665533217,0.03590368220025866,0.17094015764006892,0.00959212747891747,9.200890957180364e-05,6.572892740249636e-05
2019-05-06,2932.469970703125,15.4399995803833,16.399999618530273,0.0725824578699086,0.0818175379339244,0.06217616996354481,-0.004481013189072523,2.0079479200641904e-05,9.460062977866529e-05
2019-05-07,2884.050048828125,19.31999969482422,18.780000686645508,0.08955202701799723,0.10364796993024496,-0.027950259663998615,-0.016649488088905522,0.00027720545362260686,0.00014811999532063808
2019-05-08,2879.419921875,19.399999618530277,18.75,0.08790772779222268,0.1060922683930801,-0.03350513563461195,-0.0016067153894199682,2.58153434259896e-06,0.00014934920047578372
2019-05-09,2870.719970703125,19.100000381469727,18.440000534057617,0.08716687980468328,0.10383312401001397,-0.03455496514295478,-0.0030259986619282898,9.1566679019918e-06,0.00014476587879846972
2019-05-10,2881.39990234375,16.040000915527344,16.899999618530273,0.08720427325905972,0.07319573589621373,0.05361587617930979,0.003713394069918638,1.3789295518506905e-05,0.00010209588467068177
2019-05-13,2811.8701171875,20.549999237060547,19.790000915527344,0.11195862968198662,0.09354136268861883,-0.03698288806564027,-0.024426469138497504,0.000596652394573971,0.0001675803446996782
2019-05-14,2834.409912109375,18.059999465942383,18.290000915527344,0.10917487056329427,0.07142512409612957,0.012735407330365572,0.007983987523216093,6.374405677087025e-05,0.0001294299923451743
2019-05-15,2850.9599609375,16.440000534057617,17.489999771118164,0.11064627167487226,0.05375373366570391,0.06386856465639011,0.005821994327723055,3.3895617952039426e-05,0.00010725143553960901
2019-05-16,2876.320068359375,15.289999961853027,16.739999771118164,0.1135481433077116,0.03935185631081867,0.0948332120917421,0.008855957116499086,7.84279764492708e-05,9.277146779105776e-05
2019-05-17,2859.530029296875,15.960000038146973,17.059999465942383,0.11462876386346037,0.04497123651800937,0.06892226974725778,-0.005854437174043804,3.4274434624826e-05,0.000101080000483195
2019-05-20,2840.22998046875,16.309999465942383,17.290000915527344,0.11519125916905157,0.04790873549037225,0.06008592775440272,-0.006772257975405369,4.586347808544162e-05,0.0001055619375313654
2019-05-21,2864.360107421875,14.949999809265137,16.420000076293945,0.1180854784635455,0.03141451962910585,0.09832777831326715,0.008459949093190606,7.157073865937655e-05,8.869146599088396e-05
2019-05-22,2856.27001953125,14.75,16.420000076293945,0.11708691782699429,0.0304130821730057,0.11322034415552172,-0.0028283923638994365,7.999803364164642e-06,8.633432539682539e-05
2019-05-23,2822.239990234375,16.920000076293945,17.690000534057617,0.12130636231698556,0.04789363844595389,0.04550830108106761,-0.01198569224128196,0.0001436568185027266,0.00011360571531023298
2019-05-24,2826.06005859375,15.850000381469728,17.09000015258789,0.1214422290111064,0.037057774803590876,0.07823342216242776,0.0013526437720373175,1.8296451740313425e-06,9.969147305261529e-05
2019-05-28,2802.389892578125,17.5,17.899999618530273,0.12137280176967043,0.05362719823032956,0.02285712105887277,-0.008410950000260244,7.074407990687779e-05,0.00012152777777777776
2019-05-29,2783.02001953125,17.899999618530273,18.239999771118164,0.12247456494978361,0.05652543123551913,0.018994422337077526,-0.00693591016723137,4.810684984790349e-05,0.00012714681997753332
2019-05-30,2788.860107421875,17.299999237060547,17.959999084472656,0.12277965651218092,0.05022033585842456,0.03815028187968003,0.002096272674997037,4.394359127939234e-06,0.00011876586254059347
2019-05-31,2752.06005859375,18.709999084472656,18.82999992370605,0.12752755729865553,0.05957243354607103,0.006413727691359592,-0.013283205250452958,0.00017644354172566102,0.00013891431180197128
2019-06-03,2744.449951171875,18.86000061035156,18.770000457763672,0.12716349359346718,0.06143651251004842,-0.004772012177904666,-0.002769070654307939,7.667752288549399e-06,0.00014115064405653222
2019-06-04,2803.27001953125,16.969999313354492,17.59000015258789,0.14358423323686245,0.026115759896682467,0.03653511280613256,0.021205927081077776,0.0004496913433679878,0.00011427812567271902
2019-06-05,2826.14990234375,16.09000015258789,17.1299991607666,0.1431882816700771,0.017711719855801805,0.06463635788166472,0.008128726978813691,6.607620229609355e-05,0.00010273337496439617
2019-06-06,2843.489990234375,15.93000030517578,16.920000076293945,0.1447271962684324,0.014572806783325398,0.062146877096826376,0.006116840676004416,3.741573985562216e-05,0.00010070036100115096
2019-06-07,2873.340087890625,16.299999237060547,17.149999618530273,0.14846013726525437,0.014539855105351107,0.05214726510766457,0.010442979247260026,0.00010905581555870358,0.00010543252981276762
2019-06-10,2886.72998046875,15.9399995803833,16.8799991607666,0.1484523860254644,0.010947609778368617,0.05897111700932034,0.004649220074765499,2.1615247303602515e-05,0.0001008268200883412
2019-06-11,2885.719970703125,15.989999771118164,16.989999771118164,0.1483698292308009,0.011530168480380742,0.06253908782451915,-0.0003499414579512858,1.2245902399307154e-07,0.00010146035423823767
2019-06-12,2879.840087890625,15.90999984741211,17.049999237060547,0.14834162591000827,0.010758372564112828,0.07165301072167311,-0.002039657827237423,4.160204052210885e-06,0.00010044765680343386
2019-06-13,2891.639892578125,15.81999969482422,16.860000610351562,0.1475505181446057,0.010649478803636508,0.06573962930401293,0.004089010502850191,1.672000689241917e-05,9.931444061279304e-05
2019-06-14,2886.97998046875,15.279999732971191,16.600000381469727,0.1475048462967252,0.005295151032986722,0.08638747850565973,-0.0016128117861529605,2.6011618575539026e-06,9.265015549190463e-05
2019-06-17,2889.669921875,15.350000381469728,16.610000610351562,0.14453777040940455,0.00896223340529273,0.08208470342469086,0.0009313154323528439,8.673484345385646e-07,9.350099671076222e-05
2019-06-18,2917.75,15.149999618530272,16.5,0.1470666134180336,0.004433382767269123,0.08910893831432942,0.009670489592970687,9.351836896775437e-05,9.108035255613785e-05
2019-06-19,2926.4599609375,14.329999923706056,16.100000381469727,0.13871764007749618,0.0045823591595643975,0.12351712960134537,0.0029807167930238428,8.884672600214341e-06,8.148765786246652e-05
2019-06-20,2954.179931640625,14.75,16.139999389648438,0.14093936221145933,0.0065606377885406575,0.09423724675582627,0.00942760533587314,8.887974236898371e-05,8.633432539682539e-05
2019-06-21,2950.4599609375,15.399999618530272,16.670000076293945,0.14060940628161378,0.013390589903688938,0.08246756423523072,-0.0012600162797279978,1.587641025179584e-06,9.411110644870338e-05
2019-06-24,2945.35009765625,15.260000228881836,16.469999313354492,0.14055300975367108,0.012046992535147294,0.07929220618113438,-0.0017333884605870258,3.004635555296259e-06,9.240778054979117e-05
2019-06-25,2917.3798828125,16.280000686645508,17.1200008392334,0.12291517584373123,0.039884831022723846,0.05159705879355049,-0.009541775640387554,9.104548237149333e-05,0.00010517397712586437
2019-06-26,2913.780029296875,16.209999084472656,17.049999237060547,0.12140667277692924,0.04069331806779733,0.05181987662124643,-0.0012346956788039985,1.5244734192572668e-06,0.00010427145647563665
2019-06-27,2924.919921875,15.81999969482422,16.760000228881836,0.12084080048604759,0.03735919646219463,0.059418492553141605,0.0038158857925908473,1.4560984382096679e-05,9.931444061279304e-05
2019-06-28,2941.760009765625,15.079999923706056,16.059999465942383,0.1193766762364641,0.031423323000596456,0.06498670737363518,0.005740941840599626,3.295841321714742e-05,9.024063400752963e-05
2019-07-01,2964.330078125,14.0600004196167,15.43000030517578,0.1192975147987872,0.021302489397379804,0.09743953376044273,0.007643018610953927,5.841573348738809e-05,7.844587769826262e-05
2019-07-02,2973.010009765625,12.93000030517578,14.720000267028809,0.11695398797157658,0.01234601508018121,0.13843773546830512,0.002923847276988696,8.548882899154213e-06,6.63432174173991e-05
2019-07-03,2995.820068359375,12.56999969482422,14.529999732971191,0.11655625590528146,0.009143741042960757,0.15592681668512798,0.007643095660684157,5.8416911278368985e-05,6.270035409836549e-05
2019-07-05,2990.409912109375,13.279999732971191,14.979999542236328,0.11626433861480441,0.016535658714907517,0.12801203640421974,-0.0018075342045486649,3.2671799006133744e-06,6.998348924909323e-05
2019-07-08,2975.949951171875,13.960000038146973,15.479999542236328,0.11076408092540023,0.02883591945606949,0.10888248566875489,-0.004847173010123794,2.349508619007256e-05,7.733396867661249e-05
2019-07-09,2979.6298828125,14.09000015258789,15.56999969482422,0.11076840390076277,0.03013159762511612,0.10503900115036553,0.0012357930584538906,1.527184483322821e-06,7.878099376981221e-05
2019-07-10,2993.070068359375,13.029999732971191,15.1899995803833,0.10670905587046088,0.023590941459251044,0.1657712886936162,0.004500546936082614,2.0254922723882602e-05,6.737337025445609e-05
2019-07-11,2999.909912109375,12.93000030517578,14.979999542236328,0.10314024165245726,0.026159761399300527,0.15854595426729803,0.002282619578948549,5.2103521421992505e-06,6.63432174173991e-05
2019-07-12,3013.77001953125,12.390000343322754,14.800000190734863,0.10331150584783844,0.02058849758538911,0.19451168528101873,0.004609534302066538,2.1247806481928045e-05,6.0917503376007137e-05
2019-07-15,3014.300048828125,12.68000030517578,15.039999961853027,0.0921037910659867,0.03469621198577108,0.18611984226167033,0.00017585372838413283,3.092453378660036e-08,6.380254275367375e-05
2019-07-16,3004.0400390625,12.859999656677246,15.220000267028809,0.09247243752193755,0.0361275590448349,0.18351482685508386,-0.003409584555010327,1.162526683776497e-05,6.562682189275352e-05
2019-07-17,2984.419921875,13.970000267028809,15.81999969482422,0.07903640928990335,0.06066359338038474,0.1324265849988331,-0.006552665466093182,4.2937424710530185e-05,7.744480454793056e-05
2019-07-18,2995.110107421875,13.529999732971191,15.539999961853027,0.07708977970520141,0.058210217624510494,0.14855877816343752,0.0035755977088190827,1.2784898975312273e-05,7.264321141833351e-05
2019-07-19,2976.610107421875,14.449999809265137,15.93000030517578,0.07950820887903791,0.06499178921361347,0.10242218099973173,-0.006195889464844692,3.8389046260573444e-05,8.28581327332391e-05
2019-07-22,2985.030029296875,13.529999732971191,15.470000267028809,0.0750222941546005,0.0602777031751114,0.1433851125163025,0.002824701686250326,7.978939616305434e-06,7.264321141833351e-05
2019-07-23,3005.469970703125,12.609999656677246,14.93000030517578,0.07612992565280957,0.04997007091396288,0.18398102392255394,0.00682414513927642,4.656895688190998e-05,6.31000362465874e-05
2019-07-24,3019.56005859375,12.06999969482422,14.5600004196167,0.07655119125397798,0.04414880569426423,0.20629666841335753,0.004677192813475714,2.1876132614428867e-05,5.781146533057809e-05
2019-07-25,3003.669921875,12.739999771118164,15.050000190734863,0.07840804103598993,0.0489919566751917,0.18131871751312875,-0.005276296483599537,2.783930458284484e-05,6.440777546352812e-05
2019-07-26,3025.860107421875,12.15999984741211,14.6899995803833,0.0799401280306308,0.04165987044349029,0.2080591911775086,0.007360535770783042,5.417748683297671e-05,5.8676823924231154e-05
2019-07-29,3020.969970703125,12.829999923706056,15.0,0.07994169526879924,0.048358303968261324,0.16913484717053062,-0.0016174219290574364,2.6160536965958788e-06,6.532099128662596e-05
2019-07-30,3013.179931640625,13.9399995803833,15.699999809265137,0.08080735316430361,0.05859264263952939,0.126255400420424,-0.0025819853720443708,6.666648461451108e-06,7.711253504011373e-05
2019-07-31,2980.3798828125,16.1200008392334,16.90999984741211,0.08446853765205725,0.07673147074027672,0.04900738008995539,-0.01094520695213996,0.0001197975552251729,0.00010311683613368469
2019-08-01,2953.56005859375,17.8700008392334,17.989999771118164,0.08873458175590965,0.08996542663642434,0.006715104994360674,-0.009039527568806017,8.171305866720401e-05,0.00012672100396595335
2019-08-02,2932.050048828125,17.610000610351562,17.889999389648438,0.08702867122767498,0.08907133487584064,0.015899986916087062,-0.007309388539565105,5.34271608223257e-05,0.00012306036567324698
2019-08-05,2844.739990234375,24.59000015258789,21.899999618530277,0.12301245276287553,0.12288754876300337,-0.10939408366675075,-0.030230182169694777,0.000913863914012932,0.00023994766170804463
2019-08-06,2881.77001953125,20.170000076293945,19.690000534057617,0.1296423382854939,0.07205766247744555,-0.02379769659993594,0.012933023911166613,0.00016726310748680734,0.00016144004090384831
2019-08-07,2883.97998046875,19.489999771118164,19.5,0.1269670441105332,0.06793295360064844,0.0005130953822100641,0.0007665823338588767,5.876484745845223e-07,0.00015073813138023255
2019-08-08,2938.090087890625,16.90999984741211,17.860000610351562,0.13830523109419138,0.030794767379929727,0.056179820905488675,0.018588462466865085,0.000345530936882052,0.0001134714662061419
2019-08-09,2918.64990234375,17.969999313354492,18.559999465942383,0.13929619359341502,0.0404037995401299,0.03283250835460128,-0.006638593133657111,4.407091879423934e-05,0.00012814320449284166
2019-08-12,2882.699951171875,21.09000015258789,20.5,0.14259739316069325,0.06830260836518565,-0.02797535079749601,-0.012393809115915354,0.00015360650440174653,0.00017650321683974495
2019-08-13,2926.320068359375,17.520000457763672,18.530000686645508,0.14784200171913944,0.027358002858497266,0.057648413384274344,0.015018346267301863,0.0002255507246045798,0.00012180572065080921
2019-08-14,2840.60009765625,22.100000381469727,21.299999237060547,0.17003151210885048,0.050968491705846775,-0.036199146181009105,-0.02973035245453567,0.0008838938570709152,0.00019381349875435
2019-08-15,2847.60009765625,21.18000030517578,21.06999969482422,0.16825928880634547,0.04354071424541234,-0.005193607590490994,0.0024612366981802422,6.057686084469181e-06,0.00017801286227271673
2019-08-16,2888.679931640625,18.46999931335449,19.700000762939453,0.1745401747700605,0.010159818363484369,0.06659455849008225,0.014323058172245003,0.00020514999540551435,0.00013537336295052192
2019-08-19,2923.64990234375,16.8799991607666,18.36000061035156,0.17825338455228548,-0.009453392944619471,0.08767781535350168,0.012033175564397505,0.0001447973141636132,0.00011306919510614332
2019-08-20,2900.510009765625,17.5,18.8700008392334,0.17941836663639069,-0.004418366636390697,0.07828576224190849,-0.007946215312115467,6.31423377864983e-05,0.00012152777777777776
2019-08-21,2924.429931640625,15.800000190734863,17.719999313354492,0.1807068701382936,-0.02270686823094495,0.12151893034441344,0.008212979557352937,6.745303320949724e-05,9.906349445524672e-05
2019-08-22,2922.949951171875,16.68000030517578,18.229999542236328,0.18047766816637284,-0.013677665114615017,0.09292561203248804,-0.00050620295927854,2.5624143598235127e-07,0.00011040571832566039
2019-08-23,2847.110107421875,19.8700008392334,20.36000061035156,0.19403939419880406,0.004660614193529922,0.024660279336810795,-0.02628888112283785,0.0006911052706907003,0.00015667338625045078
2019-08-26,2878.3798828125,19.31999969482422,19.81999969482422,0.1975058044508449,-0.004305807502602704,0.025879917593060252,0.01092311273079789,0.00011931439172971892,0.00014811999532063808
2019-08-27,2869.159912109375,20.309999465942383,20.63999938964844,0.19749009243725305,0.005609902222170782,0.016248150289685213,-0.0032083218005562386,1.0293328775924425e-05,0.00016368891996292853
2019-08-28,2887.93994140625,19.350000381469727,20.049999237060547,0.1982361608334381,-0.004736157018740833,0.036175650738548046,0.006524151530562512,4.256455319374117e-05,0.00014858036300114226
2019-08-29,2924.580078125,17.8799991607666,19.030000686645508,0.20178206475753316,-0.022982073149867138,0.06431776173694184,0.012607482441094399,0.00015894861350250358,0.00012686284523373586
2019-08-30,2926.4599609375,18.979999542236328,19.540000915527344,0.20116376833486016,-0.011363772912496878,0.029504814899749633,0.0006425807598767749,4.1291003296381345e-07,0.00014295253278702035
2019-09-03,2906.27001953125,19.65999984741211,20.1200008392334,0.20171894439811444,-0.00511894592399334,0.023397812583495013,-0.0069230093326854165,4.7928058220449375e-05,0.00015337920396835087
2019-09-04,2937.780029296875,17.329999923706055,18.809999465942383,0.20335478206659227,-0.030054782829531723,0.08540101262272985,0.010783725278421427,0.00011628873088046529,0.00011917813387129041
2019-09-05,2976.0,16.270000457763672,18.07999992370605,0.20664965097279464,-0.043949646395157915,0.1112476591897506,0.01292591292175976,0.00016707922486091593,0.00010504480749826592
2019-09-06,2978.7099609375,15.0,17.459999084472656,0.2061803944158584,-0.0561803944158584,0.16399993896484374,0.0009101908043767861,8.284473003720608e-07,8.928571428571429e-05
2019-09-09,2978.429931640625,15.270000457763672,17.549999237060547,0.20490855534593652,-0.052208550768299805,0.14931229279287045,-9.401467889992668e-05,8.83875984865632e-09,9.252893411908839e-05
2019-09-10,2979.389892578125,15.199999809265137,17.40999984741211,0.20489594695637145,-0.052895948863720094,0.14539474117623807,0.0003222524259310153,1.0384662601842451e-07,9.168253738161118e-05
2019-09-11,3000.929931640625,14.609999656677246,17.100000381469727,0.2059761650028744,-0.05987616843610194,0.17043126511330675,0.0072036723263872,5.189289498595677e-05,8.470321030480526e-05
2019-09-12,3009.570068359375,14.220000267028809,16.809999465942383,0.20355416710652283,-0.06135416443623473,0.18213777428112105,0.0028750162782333164,8.26571860010655e-06,8.024143158503946e-05
2019-09-13,3007.389892578125,13.739999771118164,16.670000076293945,0.2016477887774342,-0.06424779106625256,0.21324602285181385,-0.0007246768769660504,5.251565760092681e-07,7.491571178981238e-05
2019-09-16,2997.9599609375,14.670000076293944,17.200000762939453,0.20058568785475578,-0.05388568709181635,0.17246085027183308,-0.0031405129163559896,9.862821377798803e-06,8.540035803113661e-05
2019-09-17,3005.699951171875,14.4399995803833,17.229999542236328,0.1778114894840904,-0.03341149368025739,0.19321329937178353,0.0025784253724619854,6.648277401355728e-06,8.274348725455154e-05
2019-09-18,3006.72998046875,13.949999809265137,16.860000610351562,0.174699772603751,-0.035199774511099624,0.20860221081535055,0.00034263328426719085,1.1739756748772162e-07,7.72232121740069e-05
2019-09-19,3006.7900390625,14.050000190734863,16.790000915527344,0.1747372478215724,-0.03423724591422378,0.1950178425335074,1.9974521929475905e-05,3.989815263111138e-10,7.833432752367051e-05
2019-09-20,2992.070068359375,15.31999969482422,17.709999084472656,0.1677723559055158,-0.014572358957273601,0.1560051851995718,-0.004907599104880387,2.4084528974222774e-05,9.313586930532311e-05
2019-09-23,2991.780029296875,14.90999984741211,17.8700008392334,0.16638297804245542,-0.017282979568334328,0.19852454876684986,-9.694061782751375e-05,9.397483384780077e-09,8.821749819437663e-05
2019-09-24,2966.60009765625,17.049999237060547,18.549999237060547,0.1640373458112626,0.006462646559342866,0.08797654352614522,-0.00845198896355148,7.143611743999603e-05,0.00011535812459673225
2019-09-25,2984.8701171875,15.960000038146973,18.0,0.1593756098065154,0.00022439057495432513,0.12781954617650995,0.0061396852419639035,3.769573487038936e-05,0.000101080000483195
2019-09-26,2977.6201171875,16.06999969482422,18.1200008392334,0.13130917654509683,0.029390820403145362,0.12756696847165705,-0.002431871009613191,5.91399660739708e-06,0.00010247813102843274
2019-09-27,2961.7900390625,17.219999313354492,18.75,0.13278340078984055,0.03941659234370437,0.08885021763380434,-0.005330534579128577,2.8414598899285477e-05,0.0001176699906158449
2019-09-30,2976.739990234375,16.239999771118164,17.959999084472656,0.12749745513334437,0.03490254257783726,0.10591128926081665,0.005034910215248393,2.535032087561262e-05,0.00010465777482774524
2019-10-01,2940.25,18.559999465942383,19.350000381469727,0.12872931362597087,0.05687068103345297,0.042564705725180445,-0.012334126945412846,0.00015213068750555923,0.00013669586514911968
2019-10-02,2887.610107421875,20.559999465942383,20.739999771118164,0.13733909494975957,0.06826089970966426,0.00875487888382252,-0.01806540418764383,0.00032635882846293926,0.0001677434833490282
2019-10-03,2910.6298828125,19.1200008392334,19.780000686645508,0.13719703701549762,0.05400297137683635,0.034518818956211485,0.007940304773866787,6.304843990189168e-05,0.0001450692190842404
2019-10-04,2952.010009765625,17.040000915527344,18.59000015258789,0.14328516421665058,0.027114844938622845,0.09096239165387265,0.014116785239259274,0.0001992836254913685,0.00011522286952427486
2019-10-07,2938.7900390625,17.860000610351562,18.90999984741211,0.12015666690491025,0.058443339198605365,0.058790548778143534,-0.00448835227368152,2.014530613266207e-05,0.00012657921500069767
2019-10-08,2893.06005859375,20.280000686645508,20.38999938964844,0.1257839403949414,0.07701606647151368,0.005423998978233171,-0.01568315955210993,0.0002459614935369369,0.00016320572533743742
2019-10-09,2919.39990234375,18.63999938964844,19.51000022888184,0.1279303183904885,0.05846967550599591,0.04667386629403785,0.009063296514845923,8.214334371601826e-05,0.0001378768163674977
2019-10-10,2938.1298828125,17.56999969482422,18.790000915527344,0.1278787779074819,0.04782121904076028,0.06943661023867369,0.0063952024117826045,4.089861388767004e-05,0.00012250194018893776
2019-10-11,2970.27001953125,15.579999923706056,17.549999237060547,0.12655713563745652,0.02924286359960404,0.12644411572537936,0.010879579673789056,0.00011836525387832399,9.632396731058758e-05
2019-10-14,2966.14990234375,14.56999969482422,17.1200008392334,0.12667638035340575,0.01902361659483645,0.17501724075636244,-0.0013880816732189801,1.9267707315264036e-06,8.424003615364202e-05
2019-10-15,2995.679931640625,13.539999961853027,16.479999542236328,0.12755325238194412,0.007846747236586155,0.21713438616442543,0.009906445376489171,9.813765999736367e-05,7.275063451070634e-05
2019-10-16,2989.68994140625,13.68000030517578,16.479999542236328,0.12438333619681827,0.012416666854939529,0.2046783022366731,-0.002001544553193733,4.006180598419501e-06,7.426286045619421e-05
2019-10-17,2997.949951171875,13.789999961853027,16.440000534057617,0.11899043194272986,0.018909567675800418,0.19216827987927687,0.002759021969775287,7.6122022297027045e-06,7.546194402694702e-05
2019-10-18,2986.199951171875,14.25,16.649999618530273,0.11957988203538635,0.022920117964613643,0.16842102586177357,-0.003927045709799847,1.5421688006857385e-05,8.058035714285714e-05
2019-10-21,3006.719970703125,14.0,16.280000686645508,0.121172307389338,0.018827692610662014,0.16285719190325057,0.006848114105333746,4.689666679967101e-05,7.77777777777778e-05
2019-10-22,2995.989990234375,14.460000038146973,16.549999237060547,0.1216956530856376,0.022904347295832128,0.1445365970539378,-0.003575049258376838,1.278097719982078e-05,8.297285758063906e-05
2019-10-23,3004.52001953125,14.010000228881836,16.290000915527344,0.1201568519880654,0.019943150300752957,0.16274094570999725,0.002843103345830729,8.083236635073887e-06,7.788893111637663e-05
2019-10-24,3010.2900390625,13.710000038146973,16.25,0.11999261361155812,0.017107386769911595,0.18526622573199722,0.0019186046591713529,3.681043838194023e-06,7.458892898650395e-05
2019-10-25,3022.550048828125,12.649999618530272,15.710000038146973,0.12054006132208313,0.005959934863219593,0.2418972736674457,0.004064429510656049,1.651958724709177e-05,6.350098823365716e-05
2019-10-28,3039.419921875,13.109999656677246,15.989999771118164,0.12110357560703758,0.00999642095973488,0.2196796483494996,0.0055658199161177,3.097835133865245e-05,6.820321071352283e-05
2019-10-29,3036.889892578125,13.199999809265137,16.09000015258789,0.12098802346067532,0.011011974631976049,0.21893942311228295,-0.0008327519564807664,6.934758210225443e-07,6.914285514468241e-05
2019-10-30,3046.77001953125,12.329999923706056,15.6899995803833,0.12128040672979536,0.0020195925072652027,0.27250605656673205,0.0032480894008573105,1.0550084755961602e-05,6.0328927824837836e-05
2019-10-31,3037.56005859375,13.220000267028809,16.049999237060547,0.12169322896428947,0.010506773705998618,0.21406950929417642,-0.0030274386345390905,9.165384685899913e-06,6.935254248422293e-05
2019-11-01,3066.909912109375,12.300000190734863,15.420000076293944,0.12351798737464305,-0.0005179854672944101,0.25365852334776884,0.009615930559647514,9.246612052796295e-05,6.003571614764987e-05
2019-11-04,3078.27001953125,12.829999923706056,15.619999885559082,0.12376156150972444,0.004538437727336128,0.21745907860045488,0.0036972458053124275,1.366962654490034e-05,6.532099128662596e-05
2019-11-05,3074.6201171875,13.100000381469728,15.90999984741211,0.12071932502556809,0.010280678789129194,0.21450376977982338,-0.0011864027118206639,1.407551394615425e-06,6.809921031528056e-05
2019-11-06,3076.780029296875,12.619999885559082,15.829999923706056,0.11980806224558796,0.0063919366100028685,0.2543581669774926,0.0007022505922896238,4.931558943711274e-07,6.320015758393304e-05
2019-11-07,3085.179931640625,12.729999542236328,15.800000190734863,0.11945225168430908,0.007847743738054205,0.2411626676271833,0.002726375244280665,7.433121972626457e-06,6.430670172434012e-05
2019-11-08,3093.080078125,12.06999969482422,15.529999732971191,0.11789225758208921,0.0028077393661530003,0.2866611537389405,0.002557403145115828,6.540310846648329e-06,5.781146533057809e-05
2019-11-11,3087.010009765625,12.6899995803833,15.600000381469728,0.11778586685022266,0.009114128953610356,0.22931449151383906,-0.0019643954133371925,3.8588493399401995e-06,6.390321005957474e-05
2019-11-12,3091.840087890625,12.68000030517578,15.489999771118164,0.11056217180822733,0.016237831243530454,0.22160878535589518,0.0015634233012630327,2.4442924189321994e-06,6.380254275367375e-05
2019-11-13,3094.0400390625,13.0,15.619999885559082,0.09350662836280525,0.03649337163719475,0.201538452735314,0.0007112815701162954,5.059214719871025e-07,6.706349206349208e-05
2019-11-14,3096.6298828125,13.050000190734863,15.600000381469728,0.09203931362002607,0.038460688287322575,0.19540231061033195,0.0008366926144567594,7.000545310864875e-07,6.75803591183254e-05
2019-11-15,3120.4599609375,12.050000190734863,14.989999771118164,0.08642706207152986,0.03407293983581877,0.24398336380474417,0.007666028777973181,5.876799722471298e-05,5.762004150663105e-05
2019-11-18,3122.030029296875,12.460000038146973,15.170000076293944,0.08443399339892062,0.040166006982549116,0.21749598955458727,0.0005030263228096366,2.5303548143938475e-07,6.160777815500896e-05
2019-11-19,3120.179931640625,12.859999656677246,15.5,0.06633329820231211,0.062266698364460346,0.20528774601887312,-0.0005927700996925261,3.5137639108948733e-07,6.562682189275352e-05
2019-11-20,3108.4599609375,12.779999732971191,15.640000343322754,0.06575172565288565,0.06204827167682628,0.22378721988334876,-0.0037632564209410676,1.4162098889754173e-05,6.481285443442213e-05
2019-11-21,3103.5400390625,13.130000114440918,15.81999969482422,0.06527871607957461,0.06602128506483457,0.20487429984290173,-0.0015840060861895076,2.5090752810854015e-06,6.841146944651529e-05
2019-11-22,3110.2900390625,12.34000015258789,15.399999618530272,0.05939762420680176,0.06400237731907715,0.24797402172646257,0.002172573942375937,4.720077535090921e-06,6.042682689121792e-05
2019-11-25,3133.639892578125,11.869999885559082,14.989999771118164,0.06113941747570854,0.05756058137988228,0.26284750763602294,0.0074792518874672075,5.593920879618179e-05,5.591146717586216e-05
2019-11-26,3140.52001953125,11.539999961853027,14.850000381469728,0.05617170363200204,0.059228295986528234,0.28682846018703106,0.0021931636449402277,4.809966773487505e-06,5.2845872666495185e-05
2019-11-27,3153.6298828125,11.75,14.960000038146973,0.05560152366388777,0.06189847633611222,0.273191492608253,0.0041657356252997445,1.7353353299891453e-05,5.4786706349206346e-05
2019-11-29,3140.97998046875,12.619999885559082,15.510000228881836,0.05798343894234268,0.06821655991324815,0.22900161406734618,-0.004019286229989053,1.6154661798579616e-05,6.320015758393304e-05
2019-12-02,3113.8701171875,14.90999984741211,16.84000015258789,0.06326561210941184,0.08583438636470925,0.12944334841899857,-0.008668483693963605,7.51426095525129e-05,8.821749819437663e-05
2019-12-03,3093.199951171875,15.960000038146973,17.6299991607666,0.06523220803144797,0.09436779235002177,0.1046365362548911,-0.006660225258045148,4.4358600487902564e-05,0.000101080000483195
2019-12-04,3112.760009765625,14.800000190734863,16.979999542236328,0.06556619337292592,0.08243380853442271,0.14729725158153673,0.006303657608769993,3.973609924860382e-05,8.69206371610127e-05
2019-12-05,3117.429931640625,14.520000457763672,16.780000686645508,0.06540229345419955,0.07979771112343716,0.15564739377631634,0.0014991269266302707,2.247381542147921e-06,8.366286241803858e-05
2019-12-06,3145.909912109375,13.619999885559082,16.209999084472656,0.06925233479659353,0.06694766405899728,0.1901614699468302,0.009094246030426013,8.270531086191928e-05,7.361285590580531e-05
2019-12-09,3135.9599609375,15.859999656677246,17.299999237060547,0.07006436634032466,0.0885356302264478,0.09079442695807652,-0.003167833684474369,1.0035170252490455e-05,9.981729726579459e-05
2019-12-10,3132.52001953125,15.68000030517578,17.1299991607666,0.06913477796101582,0.08766522509074197,0.09247441501083357,-0.0010975361689841293,1.2045856422283591e-06,9.756444824218751e-05
2019-12-11,3141.6298828125,14.989999771118164,16.90999984741211,0.06911956401779955,0.0807804336933821,0.12808539730556145,0.0029039375293507703,8.432853174371856e-06,8.916670362623914e-05
2019-12-12,3168.570068359375,13.9399995803833,16.09000015258789,0.07216203382136169,0.06723796198247131,0.15423247036751148,0.008538667375555057,7.29088405503683e-05,7.711253504011373e-05
2019-12-13,3168.800048828125,12.630000114440918,15.279999732971191,0.07109558322708726,0.05520441791732192,0.2098178617987747,7.25791502146863e-05,5.267733045885998e-09,6.330035828999111e-05
2019-12-16,3191.449951171875,12.140000343322754,14.979999542236328,0.06892890134985322,0.05247110208337433,0.23393732443143062,0.007122360942542787,5.072802539585898e-05,5.848397156185579e-05
2019-12-17,3192.52001953125,12.289999961853027,15.149999618530272,0.06861222508539726,0.05428777453313302,0.23270949272208355,0.0003352360284609262,1.1238319477825493e-07,5.9938134548550565e-05
2019-12-18,3191.139892578125,12.579999923706056,15.199999809265137,0.0684174528605594,0.057382546376501156,0.20826708278605702,-0.0004323936405227425,1.8696426036451065e-07,6.280015796843031e-05
2019-12-19,3205.3701171875,12.5,15.140000343322754,0.06902086129117936,0.05597913870882064,0.2112000274658203,0.004449378821864254,1.9796971900454137e-05,6.200396825396825e-05
2019-12-20,3221.219970703125,12.510000228881836,15.31999969482422,0.06969197877448663,0.05540802351433172,0.2246202569569055,0.004932595804334098,2.4330501368934348e-05,6.210321655818394e-05
2019-12-23,3224.010009765625,12.609999656677246,15.5,0.06962836867199906,0.05647162789477339,0.22918322141209901,0.0008657687142985109,7.495554666580967e-07,6.31000362465874e-05
2019-12-24,3223.3798828125,12.670000076293944,15.520000457763672,0.0690761775889557,0.057623823173983735,0.22494083380490174,-0.00019546730246814044,3.82074663341715e-08,6.370194521162245e-05
2019-12-26,3239.909912109375,12.649999618530272,15.520000457763672,0.06989305308437795,0.056606943100924775,0.22687754353994585,0.005115062410053991,2.6163863458747343e-05,6.350098823365716e-05
2019-12-27,3240.02001953125,13.43000030517578,15.949999809265137,0.06999195849498592,0.06430804455677187,0.18763957161774422,3.3984139657930306e-05,1.1549217482897114e-09,7.157337626865934e-05
2019-12-30,3221.2900390625,14.81999969482422,16.68000030517578,0.07313893354711236,0.07506106340112985,0.12550611664325154,-0.005797596079349905,3.3612120299293384e-05,8.715571069626588e-05
2019-12-31,3230.780029296875,13.779999732971191,15.869999885559082,0.07081933616899368,0.06698066116071823,0.1516690996435348,0.002941690644190719,8.653543846119206e-06,7.535253676217702e-05
2020-01-02,3257.85009765625,12.470000267028809,15.1899995803833,0.07377355122036616,0.05092645144992192,0.21812343665671619,0.008343895362316707,6.962058981729025e-05,6.170670899194387e-05
2020-01-03,3234.85009765625,14.020000457763672,16.010000228881836,0.07761196860947528,0.06258803596816143,0.14194006463217967,-0.007084909364954553,5.019594070962073e-05,7.800016382368792e-05
2020-01-06,3246.280029296875,13.850000381469728,15.920000076293944,0.07642534801478995,0.06207465579990734,0.14945845760363452,0.003527145194272564,1.2440753221480043e-05,7.612004387567922e-05
2020-01-07,3237.179931640625,13.789999961853027,15.859999656677246,0.07692733210461838,0.06097266751391189,0.1501087527592758,-0.0028071750845948405,7.880231955570051e-06,7.546194402694702e-05
2020-01-08,3253.050048828125,13.449999809265137,15.399999618530272,0.07756356847346199,0.05693642961918938,0.14498140051436004,0.004890473485641129,2.3916730913758896e-05,7.17867043131874e-05
2020-01-09,3274.699951171875,12.539999961853027,14.949999809265137,0.07703339015659781,0.048366609461932455,0.19218499639101955,0.006633214116906491,4.3999529520727555e-05,6.240142819177536e-05
2020-01-10,3265.35009765625,12.5600004196167,14.949999809265137,0.07800556928113594,0.04759443491503104,0.1902865692516732,-0.0028592624875049015,8.175381972452717e-06,6.260063910348081e-05
2020-01-13,3288.1298828125,12.31999969482422,14.640000343322754,0.07930247673448305,0.043897520213759145,0.1883117456141816,0.006951994045933256,4.833022121469144e-05,6.023110812717018e-05
2020-01-14,3283.14990234375,12.390000343322754,14.640000343322754,0.07814139236293367,0.04575861107029387,0.18159805792197375,-0.0015156808368957204,2.2972883993329114e-06,6.0917503376007137e-05
2020-01-15,3289.2900390625,12.420000076293944,14.630000114440918,0.07197964524161775,0.05222035552132169,0.17793881035195822,0.0018684502436879626,3.4911063131376067e-06,6.121285789489745e-05
2020-01-16,3316.81005859375,12.31999969482422,14.449999809265137,0.06969748410670468,0.05350251284153752,0.1728896239612534,0.008331747422232019,6.941801510786989e-05,6.023110812717018e-05
2020-01-17,3329.6201171875,12.100000381469728,14.40999984741211,0.06883929700478782,0.05216070680990946,0.19090904075341827,0.003854723247485144,1.4858891314702415e-05,5.8099210012526806e-05
2020-01-21,3320.7900390625,12.850000381469728,14.869999885559082,0.07026871456367126,0.058231289251026025,0.15719840032085,-0.002655500369585384,7.0516822128681105e-06,6.552480547768736e-05
2020-01-22,3321.75,12.90999984741211,14.979999542236328,0.06722818225453853,0.06187181621958257,0.16034079932535114,0.00028903429668107475,8.354082465792354e-08,6.613813335721456e-05
2020-01-23,3325.5400390625,12.979999542236328,14.989999771118164,0.06559427453058603,0.06420572089177726,0.15485364404993904,0.001140326193358241,1.3003438272588964e-06,6.685729687160925e-05
2020-01-24,3295.469970703125,14.5600004196167,16.06999969482422,0.0725407749158716,0.0730592292802954,0.10370873844021986,-0.009083289426193788,8.250614680000387e-05,8.412444929334862e-05
2020-01-27,3243.6298828125,18.229999542236328,18.15999984741211,0.0884459210143104,0.09385407440805288,-0.003839807821280487,-0.015855752356844034,0.00025140488280156513,0.00013187812829759392
2020-01-28,3276.239990234375,16.280000686645508,17.030000686645508,0.08961556225469593,0.07318444461175914,0.046068794125741365,0.010003383500352516,0.00010006768145512496,0.00010517397712586437
2020-01-29,3273.39990234375,16.389999389648438,17.030000686645508,0.0897517493420558,0.07414824455442857,0.03904828070959423,-0.0008672501435846315,7.521228115475638e-07,0.00010660003174312546
2020-01-30,3283.659912109375,15.489999771118164,16.59000015258789,0.0881485860035393,0.06675141170764236,0.071013582809777,0.0031294569302110597,9.793500678046029e-06,9.521432258303206e-05
2020-01-31,3225.52001953125,18.84000015258789,18.6299991607666,0.10366659801613735,0.08473340350974155,-0.0111465493694512,-0.01786444357136295,0.00031913834411441107,0.00014085143085298084
2020-02-03,3248.919921875,17.969999313354492,18.040000915527344,0.10552979058678161,0.07417020254676332,0.0038954704979220303,0.007228425761232584,5.2250138985650865e-05,0.00012814320449284166
2020-02-04,3297.590087890625,16.049999237060547,16.700000762939453,0.1128981489023831,0.04760184346822237,0.04049853936304297,0.014869315917506062,0.00022109655585459914,0.0001022232045673191
2020-02-05,3334.68994140625,15.149999618530272,16.110000610351562,0.11622436921772156,0.03527562696758116,0.06336640369595087,0.011187778658972936,0.00012516639132217027,9.108035255613785e-05
2020-02-06,3345.780029296875,14.960000038146973,15.890000343322754,0.1163890531418344,0.03321094723963533,0.06216579564200163,0.003320155057001924,1.102342960253545e-05,8.881015918307834e-05
2020-02-07,3327.7099609375,15.470000267028809,16.290000915527344,0.11792008004053542,0.03677992262975266,0.05300585871651221,-0.005415491009458352,2.9327542873524243e-05,9.49686143896315e-05
2020-02-10,3352.090087890625,15.039999961853027,16.1299991607666,0.1187397437424519,0.03166025587607836,0.0724733511754131,0.007299690120573207,5.328547585639408e-05,8.976253922719802e-05
2020-02-11,3357.75,15.18000030517578,16.139999389648438,0.11870324567617464,0.03309675737558314,0.06324104513656277,0.0016870486860021178,2.846133268941472e-06,9.144143224807012e-05
2020-02-12,3379.449951171875,13.739999771118164,15.359999656677246,0.11773920698215083,0.019660790729030805,0.11790392376602246,0.006441853105203067,4.1497471429014396e-05,7.491571178981238e-05
2020-02-13,3373.93994140625,14.149999618530272,15.68000030517578,0.1180313309146134,0.023468665270689304,0.10812725992175154,-0.0016317763599886593,2.6626940890178385e-06,7.945336873190746e-05
2020-02-14,3380.159912109375,13.68000030517578,15.5,0.11621946632525457,0.02058053672650323,0.13304091039644422,0.0018418360984854144,3.392360213683973e-06,7.426286045619421e-05
2020-02-18,3370.2900390625,14.829999923706056,16.100000381469727,0.11424200616888061,0.03405799306817994,0.08563725315558152,-0.0029242139861477136,8.551027436781901e-06,8.727337211790541e-05
2020-02-19,3386.14990234375,14.380000114440918,15.81999969482422,0.11448369938253265,0.029316301761876537,0.1001390520808969,0.004694748284284925,2.2040661452796245e-05,8.205730289338129e-05
2020-02-20,3373.22998046875,15.5600004196167,16.600000381469727,0.11484577467428587,0.04075422952188111,0.06683804201842344,-0.0038228174279975285,1.4613933087801639e-05,9.607683057875868e-05
2020-02-21,3337.75,17.079999923706055,17.610000610351562,0.11938515508700694,0.05141484415005361,0.03103048530520761,-0.010573809232819777,0.00011180544169206476,0.00011576444341023763
2020-02-24,3225.889892578125,25.030000686645508,21.920000076293945,0.1552220273452569,0.0950779795211982,-0.12425091989753202,-0.03408807942044074,0.0011619971585742754,0.000248611481894236
2020-02-25,3128.2099609375,27.850000381469727,23.86000061035156,0.17824258182064315,0.1002574219940541,-0.1432674943075747,-0.030747904375353224,0.000945433623475866,0.00030778671478089837
2020-02-26,3116.389892578125,27.559999465942383,23.700000762939453,0.17656355528227427,0.09903643937714954,-0.14005801080558697,-0.00378569732353003,1.433150422538243e-05,0.00030141014704870807
2020-02-27,2978.760009765625,39.15999984741211,29.920000076293945,0.21673603664968236,0.17486396182443872,-0.23595505125439345,-0.045168136352261155,0.0020401605415364555,0.0006085339635116334
2020-02-28,2954.219970703125,40.11000061035156,29.850000381469727,0.2166505500679967,0.18444945603551896,-0.2557965612753928,-0.008272463109653077,6.843364590057107e-05,0.000638417519429525
2020-03-02,3090.22998046875,33.41999816894531,27.700000762939453,0.2565784336458835,0.07762154804356963,-0.1711549287672021,0.0450108687694132,0.0020259783073773366,0.00044321280857631274
2020-03-03,3003.3701171875,36.81999969482422,30.170000076293945,0.2667145443356963,0.10148545261254588,-0.18060835615555593,-0.02851048492291458,0.0008128477505397396,0.0005379811021931967
2020-03-04,3130.1201171875,31.989999771118164,27.51000022888184,0.2966325237070971,0.023267474004084576,-0.14004375036854627,0.041336349360633136,0.0017086937784643154,0.00040609527196672234
2020-03-05,3023.93994140625,39.619998931884766,32.56999969482422,0.3111215107543119,0.08507847856453576,-0.17794041966485158,-0.034510782439981125,0.0011909941046197095,0.0006229144108581547
2020-03-06,2972.3701171875,41.93999862670898,35.459999084472656,0.31346584892726415,0.10593413733982565,-0.1545064319126995,-0.01720094365238617,0.00029587246253256404,0.0006980013828604567
2020-03-09,2746.56005859375,54.459999084472656,43.04999923706055,0.38187153189405293,0.16272845895067362,-0.20951156884365918,-0.07901041294037148,0.00624264535300802,0.001176941071539985
2020-03-10,2882.22998046875,47.29999923706055,39.43999862670898,0.411601306276764,0.06139868609384147,-0.16617337710638044,0.048215052425859106,0.0023246912804283423,0.0008878134634229875
2020-03-11,2741.3798828125,53.900001525878906,44.369998931884766,0.43034869697022243,0.10865131828856661,-0.1768089485010222,-0.05010289280860541,0.0025102998677906034,0.0011528611763848206
2020-03-12,2480.639892578125,75.47000122070312,57.2400016784668,0.5088425489525268,0.24585746325450442,-0.2415529249684897,-0.09994485240247351,0.009988973521752216,0.0022602067794654486
2020-03-13,2711.02001953125,57.83000183105469,48.310001373291016,0.5822442543142828,-0.003944236003735946,-0.16462044192174718,0.08880840694923595,0.0078869331448611,0.001327106790388805
2020-03-16,2386.1298828125,82.69000244140625,67.69999694824219,0.6798193752010593,0.14708064921300323,-0.18127953864538715,-0.12765219747281742,0.016295083519639174,0.0027133478189522906
2020-03-17,2529.18994140625,75.91000366210938,65.2699966430664,0.7066205911310415,0.052479445490052234,-0.14016607173942147,0.05822631263569171,0.003390303483149312,0.0022866383555481978
2020-03-18,2398.10009765625,76.44999694824219,72.9800033569336,0.7146919547814887,0.0498080147009331,-0.04538906121419249,-0.053222272332080246,0.0028326102721901144,0.0023192865211850155
2020-03-19,2409.389892578125,72.0,69.47000122070312,0.7132171524321881,0.006782847567811889,-0.03513887193467882,0.004696760970401053,2.2059563613082644e-05,0.002057142857142857
2020-03-20,2304.919921875,66.04000091552734,65.58999633789062,0.7183514801221013,-0.057951470966827845,-0.006814121311299279,-0.04432762405336681,0.0019649382542166237,0.0017306673495725603
2020-03-23,2237.39990234375,61.59000015258789,56.63999938964844,0.7197462536177447,-0.10384625209186582,-0.0803702021541798,-0.02973150100957679,0.0008839621522824658,0.0015052889360300697
2020-03-24,2447.330078125,61.66999816894531,52.11000061035156,0.7774593159293193,-0.1607593342398661,-0.15501861265512093,0.08968323251796326,0.008043082194871062,0.0015092018548244915
2020-03-25,2475.56005859375,63.95000076293945,53.84999847412109,0.7793049784597774,-0.1398049708303829,-0.1579359213185742,0.011468990420822226,0.000131537741272912,0.00162285817364284
2020-03-26,2630.070068359375,61.0,49.790000915527344,0.8046821528855138,-0.19468215288551383,-0.1837704767946337,0.06054383107424656,0.003665555481146903,0.0014765873015873015
2020-03-27,2541.469970703125,65.54000091552734,55.75,0.807865064988192,-0.15246505583291858,-0.1493744397127092,-0.0342678455416263,0.0011742852380647573,0.0017045602063521128
2020-03-30,2626.64990234375,57.08000183105469,51.2599983215332,0.8166324823602975,-0.24583246404975068,-0.10196221658765049,0.032966590569974794,0.001086796093808351,0.0012929073845369865
2020-03-31,2584.590087890625,53.540000915527344,48.31999969482422,0.8167598795435459,-0.2813598703882725,-0.09749721948901298,-0.016142310788415843,0.0002605741975898065,0.0011375125785851859
2020-04-01,2470.5,57.060001373291016,51.16999816894531,0.8223338105158022,-0.2517337967828921,-0.10322472945299876,-0.04514636273278691,0.0020381940680003706,0.0012920014907618937
2020-04-02,2526.89990234375,50.90999984741211,47.29999923706055,0.8277394430866816,-0.31863944461256044,-0.07090946024693552,0.022572657056960366,0.0005095248466111427,0.001028503208120437
2020-04-03,2488.64990234375,46.79999923706055,44.84000015258789,0.8278969147822852,-0.35989692241167975,-0.041880323000530066,-0.015252860825944299,0.0002326497633756262,0.0008691428288051062
2020-04-06,2663.679931640625,45.2400016784668,43.09000015258789,0.854282286979977,-0.40188227019530903,-0.04752434673100946,0.06796824414483035,0.004619682212131266,0.000812165774550666
2020-04-07,2659.409912109375,46.70000076293945,43.41999816894531,0.8512298239433411,-0.3842298163139466,-0.07023560043701563,-0.001604339048362459,2.5739037821005606e-06,0.0008654325679597403
2020-04-08,2749.97998046875,43.34999847412109,41.59000015258789,0.8586715920177739,-0.425171607276563,-0.04059973202960718,0.033489371191284686,0.0011215379827876487,0.0007457231617882144
2020-04-09,2789.820068359375,41.66999816894531,40.61000061035156,0.851278042623366,-0.43457806093391294,-0.02543790749152747,0.014383470303699339,0.00020688421797740076,0.0006890431537301212
2020-04-13,2761.6298828125,41.16999816894531,39.970001220703125,0.8514125951104791,-0.43971261342102597,-0.02914736462503294,-0.01015605944467711,0.00010314554344381512,0.0006726066465202223
2020-04-14,2846.06005859375,37.7599983215332,36.459999084472656,0.8453004560140065,-0.46770047279867444,-0.034427947427084576,0.03011455957230757,0.0009068866982340614,0.0005658005846199169
2020-04-15,2783.360107421875,40.84000015258789,39.27999877929688,0.8438410680665992,-0.4354410665407203,-0.038197878733165394,-0.022276732672369248,0.0004962528185562035,0.0006618673065330869
2020-04-16,2799.550048828125,40.11000061035156,39.209999084472656,0.8340144771881685,-0.4329144710846528,-0.022438332390516954,0.0057998378395412884,3.363811896497496e-05,0.000638417519429525
2020-04-17,2874.56005859375,38.150001525878906,37.27999877929688,0.8331691871880238,-0.4516691719292347,-0.022804789299729414,0.026440932021320578,0.0006991228861560959,0.0005775486573113345
2020-04-20,2823.159912109375,43.83000183105469,40.970001220703125,0.8333089574258866,-0.39500893911533974,-0.06525212162608622,-0.018042845615347775,0.00032554427789927443,0.0007623289922659752
2020-04-21,2736.56005859375,45.40999984741211,43.27999877929688,0.805826525933143,-0.3517265274590219,-0.04690599152769244,-0.031155115236330667,0.0009706412053890433,0.0008182809865642729
2020-04-22,2799.31005859375,41.97999954223633,40.91999816894531,0.7958511360431628,-0.37605114062079953,-0.025250152092654073,0.02267130058213675,0.0005139878700855941,0.0006993334768119691
2020-04-23,2797.800048828125,41.380001068115234,40.86000061035156,0.7821090286436875,-0.3683090179625351,-0.012566467963780473,-0.0005395676601955963,2.911332599289505e-07,0.0006794859080941341
2020-04-24,2836.739990234375,35.93000030517578,37.810001373291016,0.7221234862040026,-0.3628234831522448,0.05232399254514943,0.013822090566839217,0.00019105018763790566,0.0005122876674325125
2020-04-27,2878.47998046875,33.290000915527344,35.33000183105469,0.6774606158972151,-0.3445606067419416,0.061279689378915966,0.014606868181735996,0.00021336059807861146,0.00043977149244278234
2020-04-28,2863.389892578125,33.56999969482422,35.369998931884766,0.5558823249122012,-0.22018232796395903,0.05361928070967688,-0.005256170190483643,2.7627325071328855e-05,0.0004472003490121025
2020-04-29,2939.510009765625,31.229999542236328,33.33000183105469,0.5372232451858763,-0.22492324976351297,0.06724310981747718,0.02623670404507307,0.0006883646391487536,0.0003870289172254291
2020-04-30,2912.429931640625,34.150001525878906,35.04999923706055,0.5102445099468957,-0.1687444946881067,0.026354250980036457,-0.009255143319054839,8.565767785624542e-05,0.0004627867477053696
2020-05-01,2830.7099609375,37.18999862670898,37.970001220703125,0.5202020425353586,-0.14830205626826887,0.02097345046509274,-0.028460211014775954,0.0008099836110055745,0.000548847618196276
2020-05-04,2842.739990234375,35.970001220703125,37.0,0.4984719466667241,-0.13877193445969288,0.028634938680625964,0.0042408225788494016,1.7984576145278888e-05,0.0005134289634195969
2020-05-05,2868.43994140625,33.61000061035156,35.52000045776367,0.4861652361100041,-0.15006523000648847,0.056828319331355424,0.008999935197779802,8.099883356423576e-05,0.00044826672263009233
2020-05-06,2848.419921875,34.119998931884766,35.68000030517578,0.4220187665628881,-0.08081877724404046,0.045721026439810686,-0.007003880399042588,4.905434064409296e-05,0.00046197393933008633
2020-05-07,2881.18994140625,31.440000534057617,34.0099983215332,0.42201481129715374,-0.10761480595657757,0.08174293078308369,0.011438955754890805,0.00013084970876234948,0.0003922514418974378
2020-05-08,2929.800048828125,27.979999542236328,31.63999938964844,0.38983555132189085,-0.11003555589952757,0.1308077164864594,0.016730795065226244,0.00027991950351459883,0.0003106668152315655
2020-05-11,2930.18994140625,27.56999969482422,30.38999938964844,0.37319459040075004,-0.09749459345250783,0.10228508255492029,0.0001330693667907644,1.7707456378094994e-08,0.0003016289218938919
2020-05-12,2870.1201171875,33.040000915527344,34.2599983215332,0.3703374482688182,-0.03993743911354475,0.03692485993341829,-0.020713365772047604,0.0004290435216066332,0.00043319113511827294
2020-05-13,2820.0,35.279998779296875,36.5099983215332,0.37102228221252254,-0.01822229441955381,0.03486393380937758,-0.017616996624280044,0.00031035857005989447,0.000493919965820313
2020-05-14,2852.5,32.61000061035156,34.900001525878906,0.34249198621276666,-0.016391980109251025,0.07022388447304773,0.01145891780407149,0.0001313067972404666,0.00042198894436790846
2020-05-15,2863.699951171875,31.88999938964844,34.5099983215332,0.3383186537568951,-0.019418659860410692,0.08215738419660237,0.003918675203723029,1.5356015352273723e-05,0.00040356034169515
2020-05-18,2953.909912109375,29.299999237060547,31.770000457763672,0.34179386818897955,-0.04879387581837408,0.0843003851542394,0.031015208770073424,0.0009619431750512394,0.0003406706171792653
2020-05-19,2922.93994140625,30.530000686645508,32.810001373291016,0.28923084970656243,0.016069157159892655,0.07468066280269788,-0.010539747711599283,0.00011108628182416233,0.00036987338965340286
2020-05-20,2971.610107421875,27.989999771118164,31.11000061035156,0.2914307961773648,-0.011530798466183156,0.11146841245968167,0.0165139906134157,0.00027271188597998184,0.0003108889234869821
2020-05-21,2948.510009765625,29.530000686645508,32.380001068115234,0.2790640445098271,0.016235962356627998,0.09651203234677186,-0.007803968309953686,6.0901921382761386e-05,0.00034604005577511276
2020-05-22,2955.449951171875,28.15999984741211,31.540000915527344,0.2767146029592326,0.00488539551488848,0.12002844767152422,0.002350945686812366,5.526945622341669e-06,0.00031467682198660715
2020-05-26,2991.77001953125,28.01000022888184,30.850000381469727,0.2758236792877713,0.004276323001047078,0.10139236449057537,0.01221428502146052,0.00014918875858547479,0.0003113333781039526
2020-05-27,3036.1298828125,27.6200008392334,30.190000534057617,0.2659434090059465,0.01025659938638751,0.09304850169206402,0.014718447490314346,0.00021663269652514065,0.0003027239866504975
2020-05-28,3029.72998046875,28.59000015258789,31.209999084472656,0.256084474897534,0.029815526628344913,0.09164039586923928,-0.0021101393249195488,4.452687970571929e-06,0.0003243603606051491
2020-05-29,3044.31005859375,27.51000022888184,30.270000457763672,0.2560000555108457,0.019099946777972665,0.10032716124750153,0.004800793552307952,2.304761873188161e-05,0.00030031750499725346
2020-06-01,3055.72998046875,28.229999542236328,30.920000076293945,0.2460397212189724,0.03626027420339087,0.09528872042781905,0.003744216478364391,1.4019157036855442e-05,0.0003162432040296283
2020-06-02,3080.820068359375,26.84000015258789,29.93000030517578,0.23908205995473086,0.029317941571148032,0.11512668163267337,0.008177307282398658,6.686835439077013e-05,0.00028586730483766583
2020-06-03,3122.8701171875,25.65999984741211,28.90999984741211,0.21790224866974253,0.03869774980437854,0.12665627511014083,0.01355667081256392,0.00018378332352022252,0.00026128396514650375
2020-06-04,3112.35009765625,25.809999465942383,28.850000381469727,0.21191959631441795,0.046180398345005896,0.11778384263582728,-0.003374389083608904,1.1386501687578939e-05,0.00026434764779045486
2020-06-05,3193.929931640625,24.520000457763672,27.420000076293945,0.22113493908393475,0.024065065493701965,0.1182707815819823,0.025874012821635813,0.0006694645394941744,0.0002385835009717185
2020-06-08,3232.389892578125,25.809999465942383,28.07999992370605,0.22051439921205115,0.037585595447372694,0.08795042637482617,0.011969656405806002,0.00014327267447305266,0.00026434764779045486
2020-06-09,3207.179931640625,27.56999969482422,29.670000076293945,0.2210351664602012,0.05466483048804102,0.07616976440750431,-0.007829743419721978,6.13048820186796e-05,0.0003016289218938919
2020-06-10,3190.139892578125,27.56999969482422,29.56999969482422,0.22106002277126274,0.05463997417697947,0.0725426195915216,-0.005327255735182077,2.8379653668030332e-05,0.0003016289218938919
2020-06-11,3002.10009765625,40.790000915527344,40.43000030517578,0.2796641980205607,0.12823581113471272,-0.008825707336881247,-0.06075269299628893,0.003690889706301334,0.0006602476883685402
2020-06-12,3041.31005859375,36.09000015258789,38.04999923706055,0.2802078177573103,0.08069218376856863,0.05430864716502672,0.012976286605211731,0.0001683840140605974,0.0005168603615134103
2020-06-15,3066.590087890625,34.400001525878906,36.43000030517578,0.26600918168020754,0.0779908335785815,0.059011589803846944,0.00827786081817526,6.852297972508118e-05,0.00046958734324621865
2020-06-16,3124.739990234375,33.66999816894531,35.79999923706055,0.27006534915209135,0.0666346325373618,0.06326109842440646,0.018784852866710527,0.00035287069722396273,0.00044986856218126223
2020-06-17,3113.489990234375,33.470001220703125,35.720001220703125,0.27016514757409077,0.0645348646329405,0.06722437759005055,-0.0036067962326294138,1.3008979063709732e-05,0.0004445400721086781
2020-06-18,3115.340087890625,32.939998626708984,35.13999938964844,0.2686791115135561,0.060720874753533716,0.06678812552091638,0.0005940434038017573,3.5288756560037763e-07,0.000430572821241107
2020-06-19,3097.739990234375,35.119998931884766,36.68000030517578,0.26857619807126565,0.08262379124758201,0.04441917485010857,-0.005665513565673728,3.209804396283304e-05,0.0004894501289585664
2020-06-22,3117.860107421875,31.770000457763672,33.75,0.2654526615436638,0.05224734303397288,0.06232293086896929,0.006474093296658384,4.191388401383702e-05,0.0004005289401136126
2020-06-23,3131.2900390625,31.3700008392334,33.060001373291016,0.26546253869722636,0.048237469695107615,0.053873142774800015,0.004298169191483789,1.847425839862041e-05,0.00039050672724345403
2020-06-24,3050.330078125,33.84000015258789,35.38999938964844,0.27001293211926675,0.06838706940661216,0.04580375975388439,-0.0261952655956623,0.0006861919396272889,0.00045442286124093193
2020-06-25,3083.760009765625,32.220001220703125,34.09000015258789,0.2645768382360553,0.05762317397097594,0.0580384500632231,0.01089982772821816,0.00011880624450483345,0.00041195574550083764
2020-06-26,3009.050048828125,34.72999954223633,35.79999923706055,0.27490985653425987,0.07239013888810342,0.030809090380866717,-0.024525204274831163,0.0006014856447221968,0.0004786400270649744
2020-06-29,3053.239990234375,31.780000686645508,33.90999984741211,0.2773554684032778,0.040444538463177304,0.06702325722924428,0.01457888811353358,0.0002125439786269307,0.0004007811284298369
2020-06-30,3100.2900390625,30.43000030517578,32.52000045776367,0.26666715497174925,0.03763284808000855,0.06868222581753988,0.015292349435755562,0.00023385595126525346,0.00036745433276706273
2020-07-01,3115.860107421875,28.6200008392334,31.68000030517578,0.2643074636606295,0.02189254473170449,0.10691821719821956,0.005009563975870565,2.5095731228340102e-05,0.00032504144763401604
2020-07-02,3130.010009765625,27.68000030517578,30.8700008392334,0.26090066968065284,0.015899333371104996,0.11524568276327406,0.0045309704768169146,2.0529693461786498e-05,0.0003040406416248141
2020-07-06,3179.719970703125,27.940000534057617,30.979999542236328,0.2623505256484827,0.017049479692093472,0.10880454366753098,0.01575693083216329,0.00024828086924957805,0.0003097792181917222
2020-07-07,3145.320068359375,29.43000030517578,32.06999969482422,0.26520892024246046,0.02909108280929734,0.08970436161307642,-0.010877477869643567,0.00011831952480458556,0.00034370036427089145
2020-07-08,3169.93994140625,28.07999992370605,31.190000534057617,0.2640479604902315,0.016752038746829012,0.11075500779207631,0.007796986263430269,6.07929947921203e-05,0.0003128914268711634
2020-07-09,3152.050048828125,29.26000022888184,32.060001373291016,0.2620683457805245,0.03053165650829387,0.09569381826748459,-0.005659591476194623,3.2030975677414834e-05,0.000339741116426256
2020-07-10,3185.0400390625,27.290000915527344,31.020000457763672,0.2631841751583738,0.009715833996899681,0.1366800812422857,0.010411809774443004,0.00010840578277918688,0.00029553339284503304
2020-07-13,3155.219970703125,32.189998626708984,34.540000915527344,0.2649292840184852,0.05697070224860462,0.07300411273918148,-0.009406645216058874,8.84849742208033e-05,0.00041118889348711355
2020-07-14,3197.52001953125,29.520000457763672,32.560001373291016,0.26717377004771964,0.028026234529917093,0.10298105922718008,0.01331730058290395,0.00017735049481541388,0.00034580572501046326
2020-07-15,3226.56005859375,27.76000022888184,31.559999465942383,0.267372674835875,0.010227327452943358,0.1368875794571132,0.009041056936355048,8.174071052641372e-05,0.0003058006399633015
2020-07-16,3215.570068359375,28.0,31.549999237060547,0.2652607087304728,0.014739291269527222,0.12678568703787668,-0.0034119152141152374,1.1641165428311026e-05,0.0003111111111111112
2020-07-17,3224.72998046875,25.68000030517578,30.3700008392334,0.264986833800672,-0.008186830748914187,0.18263241738016459,0.0028445625875835605,8.09153631468008e-06,0.00026169143479120167
2020-07-20,3251.840087890625,24.459999084472656,29.100000381469727,0.2555006023472182,-0.010900611502491664,0.18969752537491177,0.008371797255140334,7.008698928117524e-05,0.0002374172838144457
2020-07-21,3257.300048828125,24.84000015258789,29.46999931335449,0.25325180713651474,-0.004851805610635834,0.1863928797232408,0.0016776293345600682,2.814440184176457e-06,0.00024485143157958986
2020-07-22,3276.02001953125,24.31999969482422,29.049999237060547,0.25253823285681043,-0.009338235908568249,0.19449011519695728,0.005730630594473862,3.284012701031985e-05,0.00023470729569692462
2020-07-23,3235.659912109375,26.07999992370605,30.25,0.25482697466822113,0.005973024568839358,0.15989264142993825,-0.012396378412246847,0.00015367019773961967,0.00026990730000813786
2020-07-24,3215.6298828125,25.84000015258789,30.559999465942383,0.17857747497321327,0.07982252655266561,0.18266251104808068,-0.006209640024276134,3.8559629231092105e-05,0.00026496254281180244
2020-07-27,3239.409912109375,24.739999771118164,30.0,0.17638757309972927,0.07101242461145238,0.2126111672410942,0.007367928821482373,5.428637511843062e-05,0.00024288396375989163
2020-07-28,3218.43994140625,25.440000534057617,30.100000381469727,0.1770888294806455,0.07731117585993066,0.18317609078559444,-0.006494435418646306,4.2177691406967615e-05,0.00025682286792573484
2020-07-29,3258.43994140625,24.100000381469727,29.290000915527344,0.17259202723922146,0.06840797657547582,0.21535271584676663,0.012351783351742583,0.00015256655196838523,0.0002304801660265242
2020-07-30,3246.219970703125,24.76000022888184,29.76000022888184,0.17263048800990788,0.07496951427891052,0.20193860879563488,-0.0037573017634548516,1.4117316541660937e-05,0.00024327682989453523
2020-07-31,3271.1201171875,24.459999084472656,29.709999084472656,0.17355338436921114,0.07104660647551542,0.21463614867151526,0.0076412362421762695,5.838849130874812e-05,0.0002374172838144457
2020-08-03,3294.610107421875,24.280000686645508,29.65999984741211,0.17284889548799265,0.06995111137846244,0.22158150776847838,0.007155362664358673,5.1199214858498054e-05,0.00023393588624742316
2020-08-04,3306.510009765625,23.76000022888184,29.09000015258789,0.17241082405144648,0.06518917823737191,0.22432659395461985,0.003605423026133557,1.2999075197374056e-05,0.00022402286145891472
2020-08-05,3327.77001953125,22.989999771118164,28.600000381469727,0.17276797270821367,0.05713202500296796,0.24401916773393292,0.006409160435517922,4.107733748820828e-05,0.0002097381307444497
2020-08-06,3349.159912109375,22.649999618530277,28.200000762939453,0.1509484566435713,0.0755515395417315,0.24503316723540444,0.006407126020664802,4.105126384467999e-05,0.0002035803502854848
2020-08-07,3351.280029296875,22.209999084472656,28.280000686645508,0.14927114963977584,0.07282884120495073,0.2733003985766249,0.0006328292699566697,4.004728849138915e-07,0.00019574764259217312
2020-08-10,3360.469970703125,22.1299991607666,28.049999237060547,0.12486424310755768,0.09643574850010832,0.2675101807861466,0.0027384652733919213,7.4991920535734904e-06,0.0001943400249426708
2020-08-11,3333.68994140625,24.030000686645508,29.170000076293945,0.12489037506362256,0.11540963180283252,0.21389926103934542,-0.008001055401377298,6.401688753590883e-05,0.00022914322738102523
2020-08-12,3380.35009765625,22.280000686645508,28.1200008392334,0.12375229703120626,0.09904770983524881,0.26211849069144555,0.013899502293613534,0.00019319616401016789,0.00019698350420512868
2020-08-13,3373.429931640625,22.1299991607666,28.170000076293945,0.1243875844917203,0.0969124071159457,0.2729327223037325,-0.002049272676156681,4.199518501242365e-06,0.0001943400249426708
2020-08-14,3372.85009765625,22.049999237060547,28.3700008392334,0.12451550967302674,0.09598448269757873,0.2866213977708673,-0.00017189739627902921,2.9548714847509605e-08,0.00019293748664855981
2020-08-17,3381.989990234375,21.350000381469727,27.450000762939453,0.11800792498940887,0.0954920788252884,0.2857142984767387,0.002706177507423456,7.323396701684629e-06,0.0001808819509082371
2020-08-18,3389.780029296875,21.51000022888184,27.350000381469727,0.11145669339834041,0.10364330889047799,0.27150163135500205,0.0023007404198168474,5.2934064793790035e-06,0.0001836032181930543
2020-08-19,3374.85009765625,22.540000915527344,28.11000061035156,0.11202648394861305,0.1133735252066604,0.24711621422282892,-0.004414123345182018,1.948448490648089e-05,0.00020160779415554503
2020-08-20,3385.510009765625,22.71999931335449,28.1299991607666,0.10961621033831756,0.11758378279522733,0.2381161976634477,0.0031536547683461333,9.945538397912305e-06,0.00020484062253921763
2020-08-21,3397.159912109375,22.540000915527344,28.170000076293945,0.10700901570795986,0.11839099344731359,0.24977812475988903,0.0034351999829724668,1.1800598923014037e-05,0.00020160779415554503
2020-08-24,3431.280029296875,22.3700008392334,28.100000381469727,0.10351930032288499,0.12018070806944899,0.2561465948712361,0.009993615364903508,9.987234806163547e-05,0.0001985781498203583
2020-08-25,3443.6201171875,22.030000686645508,27.90999984741211,0.09865273391829643,0.12164727294815864,0.2669087143665425,0.003589899745540117,1.2887380183028998e-05,0.00019258767073555616
2020-08-26,3478.72998046875,23.270000457763672,28.700000762939453,0.09934035741735088,0.13335964716028587,0.23334766645284472,0.010144001344841499,0.00010290076328414614,0.00021487814337473076
2020-08-27,3484.550048828125,24.46999931335449,29.93000030517578,0.09778821780340691,0.14691177533013797,0.2231304105039962,0.0016716460318091384,2.794400455663239e-06,0.00023761145491887664
2020-08-28,3508.010009765625,22.959999084472656,29.6200008392334,0.09848475776220175,0.13111523308252482,0.2900697744045101,0.006710002849570254,4.502413824124093e-05,0.00020919109442816877
2020-08-31,3500.31005859375,26.40999984741211,31.850000381469727,0.09805792840854484,0.16604207006557625,0.2059826037670605,-0.002197375175508541,4.828457661941191e-06,0.00027678098886520144
2020-09-01,3526.64990234375,26.1200008392334,32.099998474121094,0.09910224367952623,0.16209776471280773,0.22894324053410725,0.007496831420705943,5.620248135048389e-05,0.00027073589041331483
2020-09-02,3580.840087890625,26.56999969482422,32.66999816894531,0.10531943489501865,0.16038056205322354,0.22958218081234533,0.01524905014386973,0.00023253353029025346,0.00028014479515196794
2020-09-03,3455.06005859375,33.599998474121094,37.630001068115234,0.1480319101615081,0.18796807457970285,0.11994055883955088,-0.0357575941421853,0.0012786055388372447,0.0004479999593098968
2020-09-04,3426.9599609375,30.75,34.75,0.14910107371305215,0.15839892628694785,0.13008130081300814,-0.008166280754275102,6.668814135764393e-05,0.0003752232142857143
2020-09-08,3331.840087890625,31.459999084472656,34.310001373291016,0.17201436678047774,0.14258562406424882,0.0905913023444747,-0.02814882908646679,0.0007923565789391187,0.00039275061206151603
2020-09-09,3398.9599609375,28.809999465942383,32.119998931884766,0.17901322733460828,0.10908676732481554,0.11489064655677222,0.019944760662180386,0.00039779347787165817,0.0003293714560426985
2020-09-10,3339.18994140625,29.709999084472656,32.91999816894531,0.1847813253605615,0.11231866548416505,0.108044401998999,-0.017741245925395586,0.00031475180698536546,0.00035027144666641504
2020-09-11,3340.969970703125,26.8700008392334,31.1299991607666,0.18427631123387514,0.08442369715845885,0.1585410565121047,0.0005329301580873496,2.840145533990074e-07,0.0002865067242461919
2020-09-14,3383.5400390625,25.850000381469727,30.479999542236328,0.18642008517000408,0.07207991864469321,0.17911021634203003,0.012661335025022992,0.00016030940461587395,0.00026516766655634334
2020-09-15,3401.199951171875,25.59000015258789,30.270000457763672,0.18595724766939384,0.06994275385648505,0.1828839498737751,0.005205785930499657,2.7100207154188176e-05,0.0002598603602418445
2020-09-16,3385.489990234375,26.040000915527344,30.56999969482422,0.18650910979687696,0.07389089935839649,0.1739630806462718,-0.0046296468921518345,2.143363034601114e-05,0.00026908001892089875
2020-09-17,3357.010009765625,26.459999084472656,30.75,0.1875848987182706,0.07701509212645596,0.1621315594846266,-0.008447949528552457,7.136785123696968e-05,0.00027782998077392616
2020-09-18,3319.469970703125,25.82999992370605,30.459999084472656,0.1895507700322088,0.06874922920485169,0.17924890338529662,-0.011245576947828505,0.00012646300088953188,0.000264757498435974
2020-09-21,3281.06005859375,27.780000686645508,31.63999938964844,0.1923438653110806,0.08545614155537445,0.13894883396667893,-0.011638564027297718,0.00013545617261750847,0.0003062414437103273
2020-09-22,3315.570068359375,26.86000061035156,31.670000076293945,0.1948326748485808,0.07376733125493479,0.17907667001648034,0.010463016398376152,0.00010947471215268826,0.00028629350507463735
2020-09-23,3236.919921875,28.57999992370605,33.279998779296875,0.2054576628569709,0.08034233638008961,0.16445062519725023,-0.02400733891437413,0.0005763523217496225,0.00032413349033295154
2020-09-24,3246.590087890625,28.51000022888184,33.060001373291016,0.2009740223938419,0.08412597989497647,0.159593164078611,0.0029830055546290505,8.89832213894777e-06,0.0003225476639090645
2020-09-25,3298.4599609375,26.3799991607666,32.029998779296875,0.207033997017193,0.056765994590473046,0.21417739947972328,0.015850439224188495,0.0002512364235996932,0.00027615252211192335
2020-09-28,3351.60009765625,26.190000534057617,31.739999771118164,0.21264325726125907,0.0492567480793171,0.21191291041950527,0.0159821918538544,0.00025543045645340997,0.0002721889396721977
2020-09-29,3335.469970703125,26.270000457763672,31.09000015258789,0.21286559122600188,0.049834413351634826,0.18347923908770797,-0.004824282704443997,2.3273703612397488e-05,0.0002738543349408347
2020-09-30,3363.0,26.3700008392334,31.63999938964844,0.21422005363061747,0.049479954761716516,0.19984825114507834,0.00821984256837961,6.756581184894551e-05,0.0002759432318496707
2020-10-01,3380.800048828125,26.700000762939453,31.71999931335449,0.21443040541015412,0.0525696022192404,0.18801492160940203,0.0052789495642950775,2.7867308502371187e-05,0.00028289287330990765
2020-10-02,3348.419921875,27.6299991607666,32.38999938964844,0.21601976867832007,0.06028022292934593,0.1722765245552678,-0.009623812866370861,9.261777408692533e-05,0.000302943195882525
2020-10-05,3408.60009765625,27.959999084472656,31.280000686645508,0.22215121178752406,0.057448779057202526,0.11874111984562209,0.017813109002900934,0.0003173068523492303,0.0003102228368268698
2020-10-06,3360.969970703125,29.479999542236328,31.8799991607666,0.2237926954177825,0.0710073000045808,0.08141111451144248,-0.014072064387523205,0.00019802299612659883,0.00034486919563898974
2020-10-07,3419.43994140625,28.059999465942383,30.700000762939453,0.22949036173033693,0.05110963292908688,0.09408415350119134,0.017247163770241564,0.00029746465811753323,0.0003124458611224947
2020-10-08,3446.830078125,26.36000061035156,29.489999771118164,0.2287237793034674,0.03487622680004818,0.11874048134647827,0.007978212894869286,6.365188099585856e-05,0.0002757339810229105
2020-10-09,3477.139892578125,25.0,28.280000686645508,0.2301730454603174,0.019826954539682612,0.13120002746582032,0.008755095180752877,7.665169162404225e-05,0.000248015873015873
2020-10-12,3534.219970703125,25.06999969482422,27.979999542236328,0.23425938230603915,0.016440614642203033,0.11607498535442297,0.01628253015832422,0.0002651207883567378,0.00024940670027717715
2020-10-13,3511.929931640625,26.06999969482422,28.350000381469727,0.23493873984644287,0.02576125710179933,0.0874568743128204,-0.006326891629163268,4.002955768717623e-05,0.00026970035082862494
2020-10-14,3488.669921875,26.399999618530277,28.239999771118164,0.23465032188981003,0.02934967429549276,0.06969697648390809,-0.0066451720840594065,4.415831202676244e-05,0.00027657142057872975
2020-10-15,3483.340087890625,26.96999931335449,28.71999931335449,0.22994275275835552,0.03975724037518935,0.06488691303501326,-0.001528923514213078,2.3376071123136684e-06,0.00028864319958823076
2020-10-16,3483.81005859375,27.40999984741211,29.209999084472656,0.2048512547833056,0.06924874369081549,0.0656694362306059,0.00013491045663045577,1.8200831308238086e-08,0.0002981381316012428
2020-10-19,3426.919921875,29.18000030517578,30.399999618530277,0.20918906870484916,0.08261093434690864,0.041809434564608255,-0.016464663514942676,0.0002710851446602845,0.00033788588008335657
2020-10-20,3443.1201171875,29.350000381469727,30.11000061035156,0.19171698857321803,0.10178301524147923,0.0258943856560105,0.0047161953200011274,2.2242498296400535e-05,0.00034183433428264806
2020-10-21,3435.56005859375,28.649999618530277,29.61000061035156,0.18335787649474874,0.10314211969055401,0.03350788846783689,-0.0021981140115702774,4.831705207861578e-06,0.0003257232056118194
2020-10-22,3453.489990234375,28.11000061035156,29.299999237060547,0.17557216546119733,0.10552784064231827,0.042333639305250276,0.0052053540034913415,2.7095710301663337e-05,0.00031356037075950995
2020-10-23,3465.389892578125,27.549999237060547,28.989999771118164,0.1756895311304509,0.09981046124015455,0.052268623373336195,0.003439838320389479,1.1832487670419912e-05,0.00030119145157223677
2020-10-26,3400.969970703125,32.459999084472656,32.06999969482422,0.18141954887397813,0.14318044197074845,-0.012014768966367438,-0.018764472985322012,0.0003521054464168796,0.0004181156906999864
2020-10-27,3390.679931640625,33.349998474121094,32.720001220703125,0.18100336560437394,0.152496619136837,-0.01889047323066097,-0.003030205350445511,9.182144465868602e-06,0.0004413580945332855
2020-10-28,3271.030029296875,40.27999877929688,37.75,0.20844990354070073,0.1943500842522681,-0.06281029930411147,-0.03592554210857772,0.001290644575795191,0.0006438405958968883
2020-10-29,3310.110107421875,37.59000015258789,35.84000015258789,0.21057587222273613,0.16532412930314275,-0.04655493463411228,0.01187652493999744,0.00014105184465038122,0.0005607175045522053
2020-10-30,3269.9599609375,38.02000045776367,36.27000045776367,0.21101980636275924,0.16918019821487745,-0.04602840554786607,-0.012203713445259962,0.00014893062185401877,0.0005736192201620436
2020-11-02,3310.239990234375,37.130001068115234,35.060001373291016,0.2114177977154249,0.15988221296572747,-0.055750057508126394,0.012242950890591667,0.0001498898465094393,0.0005470781663961265
2020-11-03,3369.159912109375,35.54999923706055,33.52000045776367,0.21540479437350984,0.14009519799709563,-0.05710263918038625,0.01764273768407783,0.00031126619298918,0.0005015089070456372
2020-11-04,3443.43994140625,29.56999969482422,29.979999542236328,0.21092630065883688,0.08477369628940529,0.013865399108674108,0.021807525655091704,0.0004755681751974829,0.0003469781277586922
2020-11-05,3510.449951171875,27.57999992370605,29.049999237060547,0.21674844757485004,0.05905155166221046,0.05329946763672671,0.01927326577670128,0.00037145877369936485,0.00030184777610778795
2020-11-06,3509.43994140625,24.86000061035156,27.3700008392334,0.21319600408221248,0.035404002021303116,0.10096541300311514,-0.00028775658537381985,8.280385242600047e-08,0.0002452458850582063
2020-11-09,3550.5,25.75,26.8799991607666,0.21109106278146497,0.046408937218535035,0.04388346255404278,0.011631974746344153,0.00013530283649958812,0.0002631200396825397
2020-11-10,3545.530029296875,24.799999237060547,26.489999771118164,0.21037232521223495,0.037627667158370515,0.0681451849213011,-0.001400775220867666,1.9621712193968586e-06,0.00024406347704690622
2020-11-11,3572.659912109375,23.450000762939453,25.6200008392334,0.21022686729749465,0.024273140331899867,0.09253731367563231,0.007622728362991461,5.8105987695954484e-05,0.00021821529197692892
2020-11-12,3537.010009765625,25.350000381469727,27.21999931335449,0.21282753219141157,0.040672471623285716,0.07376721513786204,-0.01002865154706935,0.00010057385185253645,0.0002550089362462363
2020-11-13,3585.14990234375,23.100000381469727,25.690000534057617,0.21288045438790498,0.01811954942679228,0.11212121687519656,0.013518546706294007,0.00018275110505025255,0.00021175000699361171
2020-11-16,3626.909912109375,22.450000762939453,25.350000381469727,0.2096701867081888,0.014829820921205744,0.1291759251660073,0.011580734922832603,0.00013411342135291463,0.00020000100565713576
2020-11-17,3609.530029296875,22.709999084472656,25.3799991607666,0.20514170680386573,0.021958284040860837,0.11756936080721753,-0.004803443784647531,2.3073072192268996e-05,0.00020466034064156705
2020-11-18,3567.7900390625,23.84000015258789,26.38999938964844,0.20402424565148874,0.03437575587439015,0.10696305456121157,-0.011631210647481315,0.0001352850611260827,0.00022553397114102804
2020-11-19,3581.8701171875,23.11000061035156,25.799999237060547,0.20322953145614944,0.02787047464736614,0.1163997644164522,0.003938675690732779,1.5513166196769334e-05,0.00021193338421049578
2020-11-20,3557.5400390625,23.700000762939453,26.059999465942383,0.20326402165028076,0.03373598597911376,0.09957800114054616,-0.006815737372918576,4.645427593659901e-05,0.00022289287149338517
2020-11-23,3577.590087890625,22.65999984741211,25.43000030517578,0.19848221654332263,0.028117781930798474,0.12224185685861867,0.005620108181849693,3.158561597569386e-05,0.00020376015598599876
2020-11-24,3635.409912109375,21.63999938964844,24.84000015258789,0.2024305766747162,0.013969417221768199,0.14787434626593288,0.016032458814031775,0.00025703973562362514,0.00018582919586666063
2020-11-25,3629.64990234375,21.25,24.420000076293945,0.20126491833979884,0.011235081660201152,0.1491764741785386,-0.0015856747555094064,2.5143644302598154e-06,0.00017919146825396825
2020-11-27,3638.35009765625,20.84000015258789,24.43000030517578,0.20110338364276326,0.007296617883115641,0.1722648813004969,0.0023941110259011363,5.731767604341391e-06,0.00017234349458724734
2020-11-30,3621.6298828125,20.56999969482422,24.32999992370605,0.20184114317447802,0.0038588537737641593,0.182790485399371,-0.004606140636972006,2.121653156756488e-05,0.00016790670136709063
2020-12-01,3662.449951171875,20.770000457763672,24.489999771118164,0.19655035619803468,0.011149648379602028,0.17910444060505468,0.011208140661592923,0.00012562241709005264,0.00017118766627599328
2020-12-02,3669.010009765625,21.170000076293945,24.540000915527344,0.19640979281791354,0.015290207945025919,0.1591875685917974,0.0017895645286042845,3.202541202038675e-06,0.000177844802869161
2020-12-03,3666.719970703125,21.280000686645508,24.559999465942383,0.1961620711601478,0.016637935706307283,0.15413527600848592,-0.0006243520802942291,3.8981552016773146e-07,0.00017969778937445766
2020-12-04,3699.1201171875,20.790000915527344,24.290000915527344,0.196919783646844,0.01098022550842942,0.1683501609365476,0.00879746371518688,7.739536782002975e-05,0.0001715175151062015
2020-12-07,3691.9599609375,21.299999237060547,24.520000457763672,0.19726344626685735,0.01573654610374811,0.15117377164504975,-0.001937513438963252,3.753958326163207e-06,0.0001800357013884047
2020-12-08,3702.25,20.68000030517578,23.8700008392334,0.18707071518573926,0.019729287866018547,0.1542553426974189,0.002783271170170473,7.746598406702115e-06,0.00016970730659605966
2020-12-09,3672.820068359375,22.270000457763672,24.729999542236328,0.18895898011622045,0.033741024461416275,0.1104624622320141,-0.00798096494847171,6.369580150873404e-05,0.0001968067144399977
2020-12-10,3668.10009765625,22.520000457763672,25.049999237060547,0.15017690677782808,0.07502309779980865,0.11234452610433536,-0.0012859345277717227,1.6536276097154835e-06,0.0002012501669117762
2020-12-11,3663.4599609375,23.309999465942383,26.049999237060547,0.1488743548186577,0.08422563984076611,0.11754611042018703,-0.0012657980842328352,1.6022447900475157e-06,0.00021561749011993417
2020-12-14,3647.489990234375,24.71999931335449,27.11000061035156,0.14337757856098934,0.10382241457255553,0.09668290304951262,-0.0043687882451469585,1.9086310730934242e-05,0.00024249141510009775
2020-12-15,3694.6201171875,22.88999938964844,25.8700008392334,0.1436980437898845,0.08520195010659992,0.130187921758207,0.012838482022218645,0.00016482662063483137,0.00020791748891194682
2020-12-16,3701.169921875,22.5,25.46999931335449,0.13750895218192208,0.08749104781807793,0.1319999694824217,0.0017712256203230642,3.1372401980888234e-06,0.00020089285714285717
2020-12-17,3722.47998046875,21.93000030517578,25.149999618530277,0.1259468161419142,0.09335318690984362,0.1468307919993294,0.0057411428089832834,3.296072075314047e-05,0.00019084321959722612
2020-12-18,3709.409912109375,21.56999969482422,25.170000076293945,0.11670714118135525,0.09899285576688693,0.16689849014386202,-0.003517296952148704,1.2371377849594563e-05,0.00018462892334710987
2020-12-21,3694.919921875,25.15999984741211,27.57999992370605,0.11774952834070128,0.13385047013341977,0.09618442332951192,-0.003913928486909485,1.5318836200641568e-05,0.00025120063187372113
2020-12-22,3687.260009765625,24.229999542236328,27.25,0.11437300365647197,0.12792699176589128,0.12463889867184613,-0.0020752446917703606,4.306640530721059e-06,0.000232973364213005
2020-12-23,3690.010009765625,23.309999465942383,26.26000022888184,0.11410799785393289,0.11899199680549094,0.12655516218477927,0.0007455332718186887,5.558198593886787e-07,0.00021561749011993417
2020-12-24,3703.06005859375,21.530000686645508,25.3700008392334,0.11275574118192908,0.10254426568452601,0.17835578402790025,0.0035303499794869524,1.2463370977663525e-05,0.00018394481332022067
2020-12-28,3735.360107421875,21.700000762939453,25.149999618530277,0.10956845275740908,0.10743155487198545,0.1589861167877439,0.0086847075384115,7.542414502774153e-05,0.00018686112425062414
2020-12-29,3727.0400390625,23.07999992370605,26.239999771118164,0.10433770490894362,0.1264622943281169,0.13691507183093174,-0.002229864827278697,4.972297147934654e-06,0.00021138349066598068
2020-12-30,3732.0400390625,22.770000457763672,25.440000534057617,0.09968176798180975,0.12801823659582698,0.11725955303543178,0.0013406480950792154,1.797337314839529e-06,0.00020574322255815787
2020-12-31,3756.070068359375,22.75,25.280000686645508,0.09935635172133615,0.12814364827866387,0.11120882139101133,0.006418204711703793,4.119335172133677e-05,0.00020538194444444445
2021-01-04,3700.64990234375,26.96999931335449,28.26000022888184,0.10338132457194041,0.16631866856160446,0.04783095841194897,-0.014864762712025787,0.00022096117048483224,0.00028864319958823076
2021-01-05,3726.860107421875,25.34000015258789,27.25,0.10448371946880212,0.14891628205707674,0.07537489486625151,0.007057631383362026,4.981016074341659e-05,0.0002548077808464898
2021-01-06,3748.139892578125,25.06999969482422,26.790000915527344,0.10228383597669373,0.14841616097154847,0.06860794741286833,0.005693603382474094,3.241711947692045e-05,0.00024940670027717715
2021-01-07,3803.7900390625,22.3700008392334,25.020000457763672,0.10851398797703558,0.11518602041529839,0.11846220469883034,0.014738260107752971,0.00021721631100378262,0.0001985781498203583
2021-01-08,3824.679931640625,21.559999465942383,24.899999618530277,0.10072228361817198,0.11487771104125186,0.15491652297413003,0.00547683739351537,2.9995747835008227e-05,0.00018445776863945868
2021-01-11,3799.610107421875,24.07999992370605,26.700000762939453,0.10314290905414242,0.1376570901829181,0.10880402190757851,-0.006576327616621317,4.3248084921136214e-05,0.00023009777631971567
2021-01-12,3801.18994140625,23.32999992370605,26.200000762939453,0.10315749715700952,0.13014250208005101,0.12301761031371201,0.000415702030569564,1.7280817821965873e-07,0.0002159876573175097
2021-01-13,3809.840087890625,22.209999084472656,25.549999237060547,0.1015569201970354,0.12054307064769117,0.15038272355999036,0.0022730563867261076,5.166785337236348e-06,0.00019574764259217312
2021-01-14,3795.5400390625,23.25,26.31999969482422,0.09858752993734127,0.13391247006265874,0.13204299762684812,-0.003760513068743101,1.4141458540187656e-05,0.0002145089285714286
2021-01-15,3768.25,24.34000015258789,27.26000022888184,0.10152278266300745,0.14187721886287147,0.1199671346749555,-0.007216000798278504,5.207066752075601e-05,0.00023509349501110258
2021-01-19,3798.909912109375,23.239999771118164,26.690000534057617,0.10352341331125921,0.12887658439992244,0.14845098093447445,0.008103457635761657,6.566602565458389e-05,0.00021432444022284616
2021-01-20,3851.85009765625,21.57999992370605,25.71999931335449,0.10769434903785281,0.10810565019920769,0.1918442726730767,0.013839417376510862,0.00019152947332127078,0.00018480015742347347
2021-01-21,3853.070068359375,21.31999969482422,25.700000762939453,0.10729407241974614,0.10590592452849604,0.20544095360275974,0.00031667316131354906,1.0028189109631707e-07,0.0001803739630902003
2021-01-22,3841.469970703125,21.90999984741211,25.989999771118164,0.10796962007968303,0.11113037839443807,0.1862163373856875,-0.0030151526629377105,9.091145580820366e-06,0.00019049527512444392
2021-01-25,3855.360107421875,23.190000534057617,26.8799991607666,0.10454845080078654,0.12735155453978964,0.15912024759506702,0.0036093175130174657,1.3027172909774583e-05,0.0002134032241149177
2021-01-26,3849.6201171875,23.020000457763672,26.88999938964844,0.10459933066074482,0.1256006739168919,0.1681146331419634,-0.001489943161153501,2.2199306234680873e-06,0.00021028588137914274
2021-01-27,3750.77001953125,37.209999084472656,35.72999954223633,0.1316145408874943,0.24048544995723226,-0.03977424290918396,-0.02601331512610035,0.0006766925638498013,0.0005494381078835143
2021-01-28,3787.3798828125,30.209999084472656,31.770000457763672,0.13314204063135537,0.16895795021337118,0.051638577311073984,0.009713298778760395,9.434817316546818e-05,0.00036216033519199947
2021-01-29,3714.239990234375,33.09000015258789,33.880001068115234,0.14142500005120007,0.18947500147467883,0.023874309818205295,-0.019500377654792,0.0003802647286795112,0.0004345032182929629
2021-02-01,3773.860107421875,30.239999771118164,32.529998779296875,0.14857952541740252,0.15382047229377913,0.07572748100235965,0.015924300234678626,0.00025358333796418576,0.00036287999450683597
2021-02-02,3826.31005859375,25.559999465942383,29.36000061035156,0.15275886036164166,0.10284113429778219,0.14866984443691075,0.013802528814310624,0.00019050980166987504,0.0002592514177376885
2021-02-03,3830.169921875,22.90999984741211,27.56999969482422,0.152179311218319,0.07692068725580209,0.20340462149494506,0.0010082606153447803,1.016589468455435e-06,0.0002082809892890567
2021-02-04,3871.739990234375,21.770000457763672,26.790000915527344,0.15395575814383108,0.06374424643380563,0.2305925747453729,0.010794847643921975,0.0001165287356554878,0.00018806861902025018
2021-02-05,3886.830078125,20.8700008392334,26.520000457763672,0.15370294856766448,0.054997059824669514,0.27072349742836954,0.003889919607763825,1.513147455486547e-05,0.0001728400535831757
2021-02-08,3915.590087890625,21.239999771118164,26.649999618530277,0.15452173269597463,0.057878265015207014,0.25470809348917933,0.007372107476289037,5.434796864195672e-05,0.00017902285328456338
2021-02-09,3911.22998046875,21.6299991607666,27.11000061035156,0.15470246899230772,0.06159752261535831,0.25335190301462485,-0.0011141454217211749,1.2413200207422546e-06,0.0001856574855931603
2021-02-10,3909.8798828125,21.989999771118164,27.489999771118164,0.15343065239575795,0.06646934531542367,0.2501136906433143,-0.0003452445223915674,1.191937802413815e-07,0.00019188892457689557
2021-02-11,3916.3798828125,21.25,27.21999931335449,0.1530177200602394,0.0594822799397606,0.2809411441578583,0.0016610748145877074,2.7591695396575867e-06,0.00017919146825396825
2021-02-12,3934.830078125,19.96999931335449,26.5,0.1532679105868824,0.04643208254666248,0.32699053135563805,0.004699970926162608,2.2089726706773802e-05,0.0001582543145140392
2021-02-16,3932.590087890625,21.459999084472656,27.549999237060547,0.1527611279667004,0.061838862878026146,0.283783803000919,-0.0005694345154154666,3.242556673464472e-07,0.00018275061932760604
2021-02-17,3931.330078125,21.5,27.520000457763672,0.1448052352936478,0.07019476470635219,0.28000002129133356,-0.0003204533489169501,1.0269034883208855e-07,0.00018343253968253965
2021-02-18,3913.969970703125,22.489999771118164,27.86000061035156,0.14515504786773534,0.0797449498434463,0.2387728276515855,-0.004425614227243303,1.9586061288378335e-05,0.0002007143213114663
2021-02-19,3906.7099609375,22.049999237060547,27.09000015258789,0.14496895275106902,0.07553103961953644,0.22857147800061417,-0.0018566190956649255,3.447034466387646e-06,0.00019293748664855981
2021-02-22,3876.5,23.450000762939453,27.809999465942383,0.14158245979041603,0.09291754783897849,0.18592744397234742,-0.007762892893710863,6.026250607922661e-05,0.00021821529197692892
2021-02-23,3881.3701171875,23.11000061035156,27.1200008392334,0.1408537560708381,0.09024625003267747,0.17351796291539942,0.0012555296115265332,1.5763546054199674e-06,0.00021193338421049578
2021-02-24,3925.429931640625,21.34000015258789,25.88999938964844,0.1425707874145001,0.0708292141113788,0.21321458315494785,0.011287667670985945,0.00012741144145062127,0.0001807125422668457
2021-02-25,3829.340087890625,28.88999938964844,30.239999771118164,0.16110213389891717,0.12779785999756724,0.046728986154061354,-0.02478339442417185,0.0006142166391840724,0.00033120320029122514
2021-02-26,3811.14990234375,27.950000762939453,29.600000381469727,0.16162223855454774,0.11787776907484679,0.05903397400683097,-0.004761532293798778,2.267218978488865e-05,0.000310001008987427
2021-03-01,3901.820068359375,23.350000381469727,26.780000686645508,0.17487659211897524,0.05862341169572202,0.14689508561626352,0.02351217322569352,0.0005528222897950193,0.00021635814198993507
2021-03-02,3870.2900390625,24.100000381469727,27.15999984741211,0.17525846595342234,0.06574153786127493,0.12697093018700484,-0.008113678739508762,6.58317826879565e-05,0.0002304801660265242
2021-03-03,3819.719970703125,26.670000076293945,28.790000915527344,0.1784551021224712,0.08824489864046822,0.07949009498195671,-0.01315233589480116,0.00017298393948967503,0.00028225750161488847
2021-03-04,3768.469970703125,28.56999969482422,30.07999992370605,0.177869036011938,0.10783096093630418,0.052852651207951754,-0.013508038064390469,0.0001824670923490218,0.0003239066994294666
2021-03-05,3841.93994140625,24.65999984741211,27.88999938964844,0.18711610492370573,0.05948389355041536,0.13098132855727884,0.019308356338709188,0.00037281262450257127,0.0002413157112993513
2021-03-08,3821.35009765625,25.46999931335449,28.1299991607666,0.18756011567515352,0.0671398774583914,0.10443658889371919,-0.005373643224025429,2.887604149911441e-05,0.00025742891469138023
2021-03-09,3875.43994140625,24.030000686645508,27.280000686645508,0.1917874997828908,0.04851250708356428,0.13524760329308533,0.014055400743930569,0.000197554290072484,0.00022914322738102523
2021-03-10,3898.81005859375,22.559999465942383,26.68000030517578,0.19245357047807377,0.033146424181350054,0.1826241549984583,0.006012203770988197,3.6146594183884694e-05,0.0002019657047235399
2021-03-11,3939.340087890625,21.90999984741211,26.09000015258789,0.17730565324874709,0.04179434522537401,0.1907804807981092,0.010341825500657608,0.00010695335468605199,0.00019049527512444392
2021-03-12,3943.340087890625,20.690000534057617,25.739999771118164,0.17564638673491817,0.03125361860565801,0.2440792221705258,0.0010148833275308508,1.0299881685000922e-06,0.00016987147702353354
2021-03-15,3968.93994140625,20.030000686645508,24.88999938964844,0.1646469928687232,0.03565301399773188,0.2426359728606107,0.006470939539413048,4.1873058522739156e-05,0.00015920671726469028
2021-03-16,3962.7099609375,19.790000915527344,24.709999084472656,0.15971875398428004,0.03818125517099341,0.24861030527214653,-0.0015709169785959108,2.467780153640905e-06,0.00015541433977641793
2021-03-17,3974.1201171875,19.229999542236328,23.8799991607666,0.15556662079768294,0.03673337462468035,0.24180965830587367,0.0028752446501592592,8.26703179826944e-06,0.0001467432072993688
2021-03-18,3915.4599609375,21.57999992370605,25.280000686645508,0.16244795203631895,0.05335204720074155,0.17145508693329203,-0.014870560065947797,0.00022113355667496135,0.00018480015742347347
2021-03-19,3913.10009765625,20.950000762939453,24.989999771118164,0.15964864752071056,0.04985136010868396,0.19284004110040265,-0.0006028856737550234,3.634711356190485e-07,0.0001741676714155411
2021-03-22,3940.590087890625,18.8799991607666,22.940000534057617,0.16049957429203365,0.028300417315632376,0.21504245517806284,0.007000556898342752,4.9007796886934295e-05,0.00014145014615497923
2021-03-23,3910.52001953125,20.299999237060547,23.799999237060547,0.16078527369033033,0.042214718680275154,0.17241379958331476,-0.007660118119334028,5.8677409602149494e-05,0.00016352776548597572
2021-03-24,3889.139892578125,21.200000762939453,24.399999618530277,0.16153478971633212,0.05046521791306241,0.15094333681274513,-0.00548233660034883,3.0056014599524363e-05,0.00017834921918596564
2021-03-25,3909.52001953125,19.809999465942383,23.3700008392334,0.16229331127278984,0.03580668338663398,0.1797072927443243,0.005226583432729291,2.7317174379280295e-05,0.00015572860271453868
2021-03-26,3974.5400390625,18.86000061035156,22.31999969482422,0.169163706843754,0.01943629925976159,0.18345699748141014,0.016494418658716575,0.0002720658468890175,0.00014115064405653222
2021-03-29,3971.090087890625,20.739999771118164,23.200000762939453,0.16872916719463582,0.03867083051654582,0.11861142810845181,-0.0008683896263867381,7.541005432160985e-07,0.0001706934882960244
2021-03-30,3958.550048828125,19.61000061035156,22.309999465942383,0.16901323670740276,0.02708676939611282,0.13768479202216707,-0.0031628294096500294,1.0003489874547154e-05,0.00015260004918174147
2021-03-31,3972.889892578125,19.399999618530277,22.149999618530277,0.16928882960892006,0.024711166576382726,0.14175258010692357,0.003615953592419885,1.3075120382534273e-05,0.00014934920047578372
2021-04-01,4019.8701171875,17.329999923706055,20.96999931335449,0.17179929487482937,0.001500704362231181,0.21004035808847327,0.011755830427674127,0.00013819954904422885,0.00011917813387129041
2021-04-05,4077.909912109375,17.90999984741211,20.959999084472656,0.17591003012289635,0.003189968351224731,0.17029588291712097,0.0143349877622439,0.00020549187414368238,0.0001272889264025007
2021-04-06,4073.93994140625,18.1200008392334,21.15999984741211,0.1739163452083613,0.007283663183972694,0.16777035691943842,-0.0009740049407969285,9.486856246968282e-07,0.0001302914406404044
2021-04-07,4079.949951171875,17.15999984741211,20.65999984741211,0.1739131257638268,-0.002313127289705702,0.20396270577635425,0.0014741456981068137,2.1731055392468253e-06,0.00011685142649332686
2021-04-08,4097.169921875,16.950000762939453,20.59000015258789,0.17170552991536234,-0.0022055222859677925,0.21474921686181636,0.004211750940591775,1.77388459855757e-05,0.00011400893883478099
2021-04-09,4128.7998046875,16.690000534057617,20.739999771118164,0.15345475077268897,0.0134452545678872,0.24266022213696867,0.007690288135687276,5.914053160989247e-05,0.00011053814199477918
2021-04-12,4127.990234375,16.90999984741211,20.81999969482422,0.15213975582385367,0.016960242650267437,0.23122412079799587,-0.0001960980747395339,3.845445491655182e-08,0.0001134714662061419
2021-04-13,4141.58984375,16.649999618530273,20.780000686645508,0.1387580845769651,0.027741911608337638,0.2480481178821671,0.0032890718770625686,1.0817993812483887e-05,0.00011000892353057867
2021-04-14,4124.66015625,16.989999771118164,21.059999465942383,0.13668968989086788,0.033210307820313756,0.2395526633109754,-0.004096104320730151,1.6778070606304214e-05,0.000114547655643887
2021-04-15,4170.419921875,16.56999969482422,20.76000022888184,0.13106260393895755,0.034637393009284645,0.25286666332084506,0.011033101401119478,0.00012172932652738458,0.00010895432138352172
2021-04-16,4185.47021484375,16.25,20.530000686645508,0.12144590546808552,0.041054094531914484,0.2633846576397236,0.0036023233905179666,1.2976733809872859e-05,0.00010478670634920636
2021-04-19,4163.259765625,17.290000915527344,21.3700008392334,0.1143556143113723,0.05854439484390113,0.23597453485627043,-0.005320689893757947,2.8309740945537953e-05,0.00011862862367418108
2021-04-20,4134.93994140625,18.68000030517578,22.350000381469727,0.1153172493738603,0.07148275367789751,0.19646681029641505,-0.006825561005077803,4.6588283034038706e-05,0.00013846921087355845
2021-04-21,4173.419921875,17.5,21.489999771118164,0.11197902603701088,0.06302097396298911,0.22799998692103796,0.009263020919853236,8.580355656163869e-05,0.00012152777777777776
2021-04-22,4134.97998046875,18.709999084472656,22.520000457763672,0.11643385047930783,0.07066614036541873,0.20363450345932504,-0.009253337860554323,8.562426156156805e-05,0.00013891431180197128
2021-04-23,4180.169921875,17.329999923706055,21.56999969482422,0.11677341156699814,0.05652658767006241,0.24466242295351562,0.01086940989553096,0.00011814407147706636,0.00011917813387129041
2021-04-26,4187.6201171875,17.639999389648438,21.540000915527344,0.11673961716067088,0.05966037673581348,0.22108852952497934,0.001780684564582624,3.170837518542809e-06,0.00012347999145507826
2021-04-27,4186.72021484375,17.559999465942383,21.31999969482422,0.1161228885687875,0.059477106090636334,0.21412302638017477,-0.0002149189814442344,4.619016858502717e-08,0.0001223625322396416
2021-04-28,4183.18017578125,17.280000686645508,21.1299991607666,0.11595995098152594,0.056840055884929144,0.222800828769439,-0.0008458975873960478,7.155427283624544e-07,0.00011849143798828144
2021-04-29,4211.47021484375,17.610000610351562,21.309999465942383,0.11680786803596993,0.059292138067545685,0.21010782097394567,0.0067400415367024095,4.542815991647378e-05,0.00012306036567324698
2021-04-30,4181.169921875,18.61000061035156,22.06999969482422,0.10909421672139444,0.07700578938212116,0.185921492261966,-0.0072207134171198275,5.2138702252174293e-05,0.00013743338203066883
2021-05-03,4192.66015625,18.309999465942383,21.739999771118164,0.10878084725197294,0.0743191474074509,0.18732935036703702,0.002744321649512167,7.53130131598118e-06,0.00013303812715984538
2021-05-04,4164.66015625,19.479999542236328,22.670000076293945,0.11086441319102877,0.08393558223133452,0.163757731469197,-0.0067007374898472305,4.4899882907844164e-05,0.00015058348498632048
2021-05-05,4167.58984375,19.149999618530277,22.26000022888184,0.10722463245661704,0.08427536372868574,0.16240212388005512,0.0007032164471135163,4.945133714909569e-07,0.00014552479578956737
2021-05-06,4201.6201171875,18.38999938964844,21.8799991607666,0.10608858313938377,0.07781141075710063,0.18977704659863387,0.008132299498632055,6.613429513545117e-05,0.0001342032053774881
2021-05-07,4232.60009765625,16.690000534057617,20.790000915527344,0.10672475055722562,0.06017525478335055,0.24565609648143902,0.007346291419186351,5.396799761561101e-05,0.00011053814199477918
2021-05-10,4188.43017578125,19.65999984741211,22.399999618530277,0.10494117333054526,0.09165882514357584,0.1393692671609476,-0.010490480503138024,0.00011005018118671901,0.00015337920396835087
2021-05-11,4152.10009765625,21.84000015258789,24.229999542236328,0.10902268028802346,0.10937732123785544,0.10943220572117253,-0.008711750141781542,7.589459053283071e-05,0.00018928000264485678
2021-05-12,4063.0400390625,27.59000015258789,28.18000030517578,0.12752753394898958,0.14837246757688932,0.021384565035333997,-0.021682782358302413,0.00047014305079751036,0.00030206670969039676
2021-05-13,4112.5,23.1299991607666,25.26000022888184,0.13142655086364738,0.09987344074401863,0.0920882466666135,0.012099644578094055,0.00014640139891620085,0.00021230034173693005
2021-05-14,4173.85009765625,18.809999465942383,22.26000022888184,0.1338419004830335,0.054258094176390353,0.18341312391773698,0.014807778563623631,0.00021927030598931153,0.00014040320631299714
2021-05-17,4163.2900390625,19.71999931335449,23.13999938964844,0.1283303109001453,0.06886968223339959,0.17342800179399145,-0.002533258183961915,6.41739702661002e-06,0.00015431681465027835
2021-05-18,4127.830078125,21.34000015258789,24.21999931335449,0.13103650846425055,0.08236349306162835,0.1349577853877073,-0.0085537723840327,7.316702199784045e-05,0.0001807125422668457
2021-05-19,4115.68017578125,22.18000030517578,25.270000457763672,0.13135900895413088,0.09044099409762693,0.1393147028887474,-0.002947751811378411,8.689240741484703e-06,0.00019521921172126896
2021-05-20,4159.1201171875,20.670000076293945,23.809999465942383,0.1342228114331412,0.07247718932979827,0.15191095201057336,0.01049942933450842,0.00011023801635033593,0.0001695432155372983
2021-05-21,4155.85986328125,20.149999618530277,23.489999771118164,0.13251441009633558,0.06898558608896718,0.1657568345319653,-0.0007841880752528091,6.149509373687053e-07,0.0001611200335820517
2021-05-24,4197.0498046875,18.399999618530277,22.229999542236328,0.1354163795559055,0.04858361662939728,0.20815217408205453,0.009862497481216075,9.726885656699343e-05,0.00013434920077853743
2021-05-25,4188.1298828125,18.84000015258789,22.399999618530277,0.13537535825753969,0.05302464326833922,0.1889596304198214,-0.002127545400828599,4.526449432586923e-06,0.00014085143085298084
2021-05-26,4195.990234375,17.360000610351562,21.299999237060547,0.1347674339240004,0.03883257217951522,0.2269584382594785,0.0018750575506104544,3.515840818101277e-06,0.00011959111952039944
2021-05-27,4200.8798828125,16.739999771118164,20.309999465942383,0.1310956666002849,0.03630433111089673,0.2132616334310593,0.001164636089862995,1.3563772218113662e-06,0.00011120142553056991
2021-05-28,4204.10986328125,16.760000228881836,20.479999542236328,0.1307213225358358,0.03687867975298256,0.22195699657234888,0.000768586452887337,5.907251355619387e-07,0.00011146730463179332
2021-06-01,4202.0400390625,17.899999618530273,21.34000015258789,0.12971117322577344,0.0492888229595293,0.1921788048808946,-0.0004924547586291649,2.425116892965091e-07,0.00012714681997753332
2021-06-02,4208.1201171875,17.479999542236328,21.420000076293945,0.12796121963439525,0.04683877578796802,0.22540049412115418,0.0014458890369002922,2.0905951070284545e-06,0.0001212501523795961
2021-06-03,4192.85009765625,18.040000915527344,21.81999969482422,0.12580224230250536,0.05459776685276807,0.20953428977064875,-0.003635303056049319,1.321542830932152e-05,0.0001291435051715188
2021-06-04,4229.89013671875,16.420000076293945,20.6200008392334,0.1249457705894316,0.03925423017350785,0.2557856725593517,0.008795303383016323,7.735736159929837e-05,0.00010699063591487824
2021-06-07,4226.52001953125,16.420000076293945,20.549999237060547,0.12126122747493272,0.04293877328800673,0.2515224812166236,-0.0007970562694215079,6.352986966241314e-07,0.00010699063591487824
2021-06-08,4227.259765625,17.06999969482422,20.850000381469727,0.12118790521400911,0.049512091734233085,0.2214411689644985,0.00017500954944121158,3.062834239561588e-08,0.00011562892443702339
2021-06-09,4219.5498046875,17.889999389648438,21.280000686645508,0.12133880281049521,0.05756119108598916,0.18949141490516777,-0.0018255325906156837,3.332569239400009e-06,0.00012700479292127837
2021-06-10,4239.18017578125,16.100000381469727,20.07999992370605,0.12194481552958679,0.03905518828511047,0.24720493465435564,0.004641454776462911,2.1543102441950373e-05,0.00010286111598544655
2021-06-11,4247.43994140625,15.649999618530272,19.63999938964844,0.12057769500978911,0.03592230117551361,0.2549520682667518,0.0019465389328083601,3.7890138169387096e-06,9.719146351587209e-05
2021-06-14,4255.14990234375,16.389999389648438,20.13999938964844,0.11851726478736714,0.04538272910911724,0.22879805611026569,0.0018135563851361702,3.288986762068173e-06,0.00010660003174312546
2021-06-15,4246.58984375,17.020000457763672,20.68000030517578,0.11856610480321332,0.05163389977442341,0.21504111333572853,-0.00201371995427588,4.055068054248851e-06,0.0001149525458659824
2021-06-16,4223.7001953125,18.149999618530277,21.26000022888184,0.11794704832545726,0.06355294785984551,0.17134989948850474,-0.005404703747026491,2.9210822593122196e-05,0.00013072320879073382
2021-06-17,4221.85986328125,17.75,20.979999542236328,0.11797360864016676,0.05952639135983323,0.18197180519641284,-0.00043581054367264766,1.8993082997624875e-07,0.00012502480158730158
2021-06-18,4166.4501953125,20.700000762939453,22.93000030517578,0.12201556643167125,0.08498444119772328,0.10772944251426503,-0.013211355687284158,0.00017453991909593546,0.0001700357268197198
2021-06-21,4224.7900390625,17.889999389648438,21.1200008392334,0.12695861234522182,0.051941381551262544,0.1805478792500079,0.013905163512319857,0.00019335357230435148,0.00012700479292127837
2021-06-22,4246.43994140625,16.65999984741211,20.06999969482422,0.12383620926772801,0.042763789206393094,0.20468186546483094,0.005111406378990611,2.612647517118591e-05,0.00011014110909356013
2021-06-23,4241.83984375,16.31999969482422,19.700000762939453,0.1208655529345375,0.04233444401370469,0.20710791245830595,-0.0010838705186495853,1.174775301197721e-06,0.00010569142461867564
2021-06-24,4266.490234375,15.970000267028809,19.26000022888184,0.1012709348222872,0.05842906784800088,0.20601126530006814,0.005794429545916893,3.3575413762594644e-05,0.00010120670973369055
2021-06-25,4280.7001953125,15.619999885559082,19.0,0.09646637764702297,0.05973362120856786,0.21638925347021146,0.003325063164687565,1.1056045049162084e-05,9.681920493050228e-05
2021-06-28,4290.60986328125,15.760000228881836,19.020000457763672,0.08770281017511661,0.06989719211370174,0.20685280339701692,0.0023122888604717494,5.346679774261741e-06,9.856254254537916e-05
2021-06-29,4291.7998046875,16.020000457763672,19.489999771118164,0.08711760153509215,0.07308240304254457,0.21660419564300626,0.0002772977426878152,7.689403809975776e-08,0.00010184143439156677
2021-06-30,4297.5,15.829999923706056,19.51000022888184,0.0822598895340533,0.07604010970300726,0.2324700140816069,0.0013272784229071918,1.7616680119150022e-06,9.944003872402133e-05
2021-07-01,4319.93994140625,15.479999542236328,19.450000762939453,0.08195908506949912,0.07284091035286416,0.2564600347610602,0.005208041432254744,2.7123695560082046e-05,9.509142294747496e-05
2021-07-02,4352.33984375,15.06999969482422,19.299999237060547,0.07954129239854747,0.07115870454969474,0.28069008811520524,0.007472095894691671,5.583221705946813e-05,9.01209884134929e-05
2021-07-06,4343.5400390625,16.440000534057617,20.26000022888184,0.07993269231523747,0.08446731302533869,0.23236007121232094,-0.0020239027700217787,4.096182422501829e-06,0.00010725143553960901
2021-07-07,4358.1298828125,16.200000762939453,20.40999984741211,0.07613148486167379,0.08586852276772075,0.25987647445695317,0.0033533465536629346,1.124493310896308e-05,0.00010414286695207893
2021-07-08,4320.81982421875,19.0,21.979999542236328,0.08079653517353505,0.10920346482646495,0.15684208117033305,-0.008597881009556396,7.39235578544905e-05,0.00014325396825396825
2021-07-09,4369.5498046875,16.18000030517578,20.440000534057617,0.08600242882483192,0.0757975742269259,0.26328801906877064,0.011214825902413766,0.00012577232002145076,0.00010388587693471762
2021-07-12,4384.6298828125,16.170000076293945,20.459999084472656,0.08621322281651196,0.07548677794642748,0.2653060598600782,0.0034452326955940497,1.1869628326790241e-05,0.00010375750097910563
2021-07-13,4369.2099609375,17.1200008392334,21.1299991607666,0.0873872999989452,0.08381270839338878,0.23422886243928265,-0.0035230111811655838,1.2411607782617722e-05,0.00011630731299021916
2021-07-14,4374.2998046875,16.329999923706055,20.6200008392334,0.08722641462250963,0.07607358461455091,0.2627067321231033,0.0011642565654693257,1.3554933502384302e-06,0.0001058209910746983
2021-07-15,4360.02978515625,17.010000228881836,21.09000015258789,0.08824017919954222,0.08185982308927614,0.2398588988128577,-0.0032675735627459117,1.067703698795601e-05,0.0001148175030899048
2021-07-16,4327.16015625,18.450000762939453,22.06999969482422,0.09080426385065214,0.09369574377874239,0.19620589605374236,-0.007567415006813217,5.7265769885341874e-05,0.0001350803683144708
2021-07-19,4258.490234375,22.5,24.899999618530277,0.10035776542493488,0.12464223457506513,0.10666664971245675,-0.015996781399983978,0.00025589701515887334,0.00020089285714285717
2021-07-20,4323.06005859375,19.729999542236328,23.200000762939453,0.10908477519915145,0.08821522022321183,0.17587436904267725,0.0150488060047999,0.00022646656217010152,0.0001544733658478753
2021-07-21,4358.68994140625,17.90999984741211,21.8700008392334,0.111179449014951,0.06792054945917009,0.22110558490001808,0.008208041662144044,6.737194792749235e-05,0.0001272889264025007
2021-07-22,4367.47998046875,17.690000534057617,21.86000061035156,0.1108818984253755,0.06601810691520067,0.2357263962918295,0.0020146392092429753,4.058771143419161e-06,0.0001241809995614916
2021-07-23,4411.7900390625,17.200000762939453,21.649999618530277,0.11347056454612851,0.058529443083266006,0.2587208522210743,0.010094332386254415,0.00010189554632418474,0.00011739683581155466
2021-07-26,4422.2998046875,17.579999923706055,21.739999771118164,0.1134979196917328,0.06230207954532775,0.23663252932114553,0.0023793669227295928,5.661386952979692e-06,0.0001226414275069464
2021-07-27,4401.4599609375,19.36000061035156,23.0,0.11483678437158266,0.07876322173193291,0.1880164914717088,-0.004723583382178003,2.231223996838818e-05,0.00014873397763206852
2021-07-28,4400.64013671875,18.309999465942383,22.350000381469727,0.11452421095077257,0.06857578370865126,0.22064451301825377,-0.000186279231552706,3.469995210786665e-08,0.00013303812715984538
2021-07-29,4419.14990234375,17.700000762939453,21.8799991607666,0.1130934702181347,0.06390653741125982,0.23615809139281488,0.004197331845272641,1.7617594619339834e-05,0.00012432143928891158
2021-07-30,4395.259765625,18.239999771118164,22.18000030517578,0.11474866021013666,0.06765133750104499,0.21600880391985244,-0.005420713608261166,2.938413602278779e-05,0.0001320228538295201
2021-08-02,4387.16015625,19.459999084472656,23.049999237060547,0.1066660814126941,0.08793390943203247,0.18448100315957314,-0.001844505670060361,3.4022011668848208e-06,0.00015027443030463358
2021-08-03,4423.14990234375,18.040000915527344,22.18000030517578,0.10217370957593752,0.07822629957933591,0.22948997669313131,0.008169961338918062,6.67482682794158e-05,0.0001291435051715188
2021-08-04,4402.66015625,17.969999313354492,22.170000076293945,0.10310913160517621,0.07659086152836872,0.23372292283941282,-0.004643150661295458,2.155884806348845e-05,0.00012814320449284166
2021-08-05,4429.10009765625,17.280000686645508,21.520000457763672,0.10378018183996783,0.06901982502648725,0.24537034737475216,0.005987485990419113,3.584998848546515e-05,0.00011849143798828144
2021-08-06,4436.52001953125,16.149999618530273,20.8700008392334,0.10296172432108427,0.05853827186421845,0.2922601444081438,0.0016738645485288822,2.8018225268217988e-06,0.00010350098717401902
2021-08-09,4432.35009765625,16.719999313354492,21.270000457763672,0.10297582719339828,0.06422416594014664,0.27212926622401423,-0.0009403502649549345,8.842586208008154e-07,0.00011093586390419629
2021-08-10,4436.75,16.790000915527344,21.209999084472656,0.10291857592642424,0.06498143322884921,0.263251812265103,0.0009921869538634502,9.844349514168322e-07,0.00011186671854897186
2021-08-11,4442.41015625,16.170000076293945,20.81999969482422,0.10288850437465287,0.058811496388286574,0.28756954833583537,0.0012749307180154837,1.625448335739477e-06,0.00010375750097910563
2021-08-12,4460.830078125,15.59000015258789,20.25,0.10325246046123951,0.0526475410646394,0.2989095446954543,0.00413780773547866,1.7121452855787037e-05,9.644766061813113e-05
2021-08-13,4468.0,15.449999809265137,20.26000022888184,0.1025761497067943,0.05192384838585706,0.3113268918445045,0.0016060163209228441,2.5792884230705477e-06,9.472321194694156e-05
2021-08-16,4479.7099609375,16.1200008392334,20.63999938964844,0.10091671842702674,0.06028328996530724,0.2803969178099618,0.0026174222619943593,6.850899297583669e-06,0.00010311683613368469
2021-08-17,4448.080078125,17.90999984741211,21.700000762939453,0.10325715332714075,0.07584284514698034,0.2116136765950323,-0.007085743507137991,5.0207761048948195e-05,0.0001272889264025007
2021-08-18,4400.27001953125,21.56999969482422,23.799999237060547,0.10824116496869153,0.10745883197955065,0.103384310328545,-0.01080665284525433,0.00011678374571784351,0.00018462892334710987
2021-08-19,4405.7998046875,21.670000076293945,24.200000762939453,0.10490200123013428,0.11179799953280518,0.11675130031094096,0.001255903256156918,1.5772929888255491e-06,0.00018634480289943635
2021-08-20,4441.669921875,18.559999465942383,22.40999984741211,0.10254318452652157,0.08305681013290227,0.20743537134979345,0.00810860389074176,6.574945705695242e-05,0.00013669586514911968
2021-08-23,4479.52978515625,17.149999618530273,21.200000762939453,0.10479877783305715,0.06670121835224559,0.23615167548069357,0.008487667984412181,7.204050781361553e-05,0.000116715272585551
2021-08-24,4486.22998046875,17.219999313354492,21.21999931335449,0.10404233866632699,0.06815765446721793,0.23228804642854473,0.0014946188019620721,2.2338853631785396e-06,0.0001176699906158449
2021-08-25,4496.18994140625,16.790000915527344,20.790000915527344,0.10411202959535361,0.06378797955991984,0.23823703287001086,0.00221765740325088,4.918004358193435e-06,0.00011186671854897186
2021-08-26,4470.0,18.84000015258789,21.86000061035156,0.10527187453033858,0.08312812699554033,0.16029726291423818,-0.0058419498276026565,3.412837778822671e-05,0.00014085143085298084
2021-08-27,4509.3701171875,16.389999389648438,20.61000061035156,0.10459306071308336,0.05930693318340102,0.25747415362128573,0.008769071540452218,7.689661568156903e-05,0.00010660003174312546
2021-08-30,4528.7900390625,16.190000534057617,20.399999618530277,0.09095227573100984,0.07094772960956633,0.26003699478677716,0.0042973241068746,1.846699447952558e-05,0.00010401433225904203
2021-08-31,4522.68017578125,16.479999542236328,20.420000076293945,0.08262551049693334,0.08217448492542995,0.23907770895016425,-0.0013500269158932096,1.8225726736361313e-06,0.00010777396226671016
2021-09-01,4524.08984375,16.110000610351562,20.07999992370605,0.08019237062541879,0.08090763547809685,0.2464307363715148,0.00031164006095334113,9.711952759100218e-08,0.00010298893637520941
2021-09-02,4536.9501953125,16.40999984741211,20.1299991607666,0.08029689054295085,0.08380310793117025,0.22669100231229702,0.002838605754404257,8.05768262893696e-06,0.00010686035515558154
2021-09-03,4535.43017578125,16.40999984741211,20.31999969482422,0.07590539904515813,0.08819459942896297,0.23826934087563226,-0.0003350872611813474,1.1228347260601653e-07,0.00010686035515558154
2021-09-07,4520.02978515625,18.13999938964844,21.530000686645508,0.07678441816251114,0.10461557573397329,0.18687990138145016,-0.0034013524523203464,1.1569198504905634e-05,0.00013057919756208168
2021-09-08,4514.06982421875,17.959999084472656,21.59000015258789,0.07530355857491826,0.1042964322698083,0.20211588269253072,-0.001319436813816666,1.7409135056546753e-06,0.00012800062187073754
2021-09-09,4493.27978515625,18.799999237060547,22.059999465942383,0.07690674237978584,0.11109324999081963,0.17340427453078713,-0.004616247150002522,2.1309737749906408e-05,0.00014025395687042744
2021-09-10,4458.580078125,20.950000762939453,23.309999465942383,0.07991670278038253,0.12958330484901198,0.11264909866627627,-0.0077525522862761,6.010206695144479e-05,0.0001741676714155411
2021-09-13,4468.72998046875,19.3700008392334,22.46999931335449,0.07822739978907191,0.11547260860326207,0.16004121527151044,0.002273900346369644,5.170622785219987e-06,0.00014888767163170736
2021-09-14,4443.0498046875,19.459999084472656,22.549999237060547,0.08007353785843126,0.11452645298629531,0.15878727122106778,-0.005763213966258604,3.321463522087823e-05,0.00015027443030463358
2021-09-15,4480.7001953125,18.18000030517578,21.76000022888184,0.08030260651439325,0.10149739653736456,0.19691968446704838,0.008438294222079725,7.120480937838408e-05,0.00013115571868896488
2021-09-16,4473.75,18.690000534057617,21.809999465942383,0.07909611862096874,0.10780388671960742,0.1669341274870157,-0.0015523447127638308,2.4097741072458204e-06,0.00013861750792185475
2021-09-17,4432.990234375,20.809999465942383,23.21999931335449,0.08213833294834366,0.12596166171108017,0.11580970251134837,-0.0091526302757993,8.377064096547798e-05,0.00017184764990973105
2021-09-20,4357.72998046875,25.709999084472656,26.399999618530277,0.09579865086038926,0.16130133998433732,0.026837828029108758,-0.017123077726381844,0.00029319979082371403,0.00026230319560459716
2021-09-21,4354.18994140625,24.36000061035156,25.46999931335449,0.09579539284887763,0.14780461325463795,0.04556644807846375,-0.0008126886585469564,6.604628557308516e-07,0.00023548001180013028
2021-09-22,4395.64013671875,20.8700008392334,23.049999237060547,0.10007416486526681,0.10862584352706718,0.10445607619377674,0.009474585224220084,8.976776517100954e-05,0.0001728400535831757
2021-09-23,4448.97998046875,18.6299991607666,21.3700008392334,0.1062515355747655,0.08004845603290053,0.14707470756289873,0.012061680369935969,0.0001454841333464987,0.00013772891616276362
2021-09-24,4455.47998046875,17.75,20.81999969482422,0.10563780633779928,0.07186219366220072,0.17295772928587147,0.0014599428113642636,2.13143301245419e-06,0.00012502480158730158
2021-09-27,4443.10986328125,18.76000022888184,21.399999618530277,0.10580869423425387,0.08179130805456453,0.14072491244344673,-0.002780243920187674,7.729756255740524e-06,0.00013965778118557408
2021-09-28,4352.6298828125,23.25,24.030000686645508,0.12076197442454319,0.11173802557545683,0.03354841662991431,-0.020574317739894057,0.0004233025504621193,0.0002145089285714286
2021-09-29,4359.4599609375,22.559999465942383,23.71999931335449,0.11954542224447133,0.10605457241495249,0.051418434169880865,0.0015679543362838073,2.458480800671195e-06,0.0002019657047235399
2021-09-30,4307.5400390625,23.13999938964844,23.8700008392334,0.12045579251499201,0.1109442013814924,0.03154716805703633,-0.011981202945014901,0.00014354922400963374,0.0002124839570448136
2021-10-01,4357.0400390625,21.100000381469727,22.950000762939453,0.12540284300808646,0.08559716080661081,0.08767774161247974,0.011425952113334161,0.00013055238169620538,0.00017667064130873913
2021-10-04,4300.4599609375,22.959999084472656,24.11000061035156,0.12795577708336942,0.10164421376135716,0.05008717646929801,-0.013070952048643704,0.00017084978745794305,0.00020919109442816877
2021-10-05,4345.72021484375,21.299999237060547,23.11000061035156,0.12936425146331915,0.08363574090728632,0.08497659333910834,0.010469517498601526,0.00010961079665352355,0.0001800357013884047
2021-10-06,4363.5498046875,21.0,22.84000015258789,0.1300195703503856,0.07998042964961438,0.08761905488513765,0.004094399349624824,1.6764106034208182e-05,0.00017499999999999997
2021-10-07,4399.759765625,19.540000915527344,22.1200008392334,0.13244748892874791,0.06295252022652553,0.13203683740136743,0.008264039225065405,6.829434431341961e-05,0.00015151255388047994
2021-10-08,4391.33984375,18.770000457763672,21.8799991607666,0.13161499812794103,0.05608500644969569,0.16568985760022015,-0.0019155566024214522,3.669357097080418e-06,0.0001398067131684319
2021-10-11,4361.18994140625,20.0,22.38999938964844,0.12974853559857497,0.07025146440142505,0.11949996948242206,-0.006889441644339833,4.746440617076394e-05,0.00015873015873015876
2021-10-12,4350.64990234375,19.850000381469727,22.32999992370605,0.12877112729983659,0.06972887651486068,0.12493700224567458,-0.0024197056865549256,5.854975609546244e-06,0.00015635814093029694
2021-10-13,4363.7998046875,18.63999938964844,21.540000915527344,0.12938829055322748,0.05701170334325692,0.15557948609641012,0.0030179558702319183,9.108057634667295e-06,0.0001378768163674977
2021-10-14,4438.259765625,16.860000610351562,20.3700008392334,0.13961424997853622,0.028985756124979417,0.20818505941967733,0.016919162285711567,0.0002862580524502447,0.00011280143673851393
2021-10-15,4471.3701171875,16.299999237060547,20.299999237060547,0.1412339167957289,0.021766075574876587,0.24539878449229535,0.007432520637190081,5.5242363022256445e-05,0.00010543252981276762
2021-10-18,4486.4599609375,16.309999465942383,20.290000915527344,0.14167550063744966,0.02142449402197416,0.24402216921562594,0.0033690878018038262,1.1350752616263337e-05,0.0001055619375313654
2021-10-19,4519.6298828125,15.699999809265137,19.979999542236328,0.14309804525727315,0.013901952835378206,0.27261145127182795,0.007366142784235753,5.426005951774845e-05,9.781348968687512e-05
2021-10-20,4536.18994140625,15.489999771118164,19.8700008392334,0.14342676548793196,0.011473232223249696,0.2827631460835754,0.003657333598560689,1.3376089051160879e-05,9.521432258303206e-05
2021-10-21,4549.77978515625,15.010000228881836,19.479999542236328,0.14291785694727935,0.00718214534153902,0.29780141540260874,0.002991393168360022,8.94843308771101e-06,8.940480431390191e-05
2021-10-22,4544.89990234375,15.43000030517578,20.01000022888184,0.14089705207137923,0.013402950980378553,0.29682435729892775,-0.0010731292246643565,1.1516063328287229e-06,9.447813865782722e-05
2021-10-25,4566.47998046875,15.239999771118164,19.559999465942383,0.1413255658656899,0.011074431845491756,0.28346455116168673,0.004736959440853509,2.2438784744291187e-05,9.2165711517334e-05
2021-10-26,4574.7900390625,15.979999542236328,20.11000061035156,0.1400047613383463,0.019795234084016983,0.2584481343193616,0.0018181414322441137,3.305638267642677e-06,0.00010133348625788621
2021-10-27,4551.68017578125,16.979999542236328,20.88999938964844,0.13921642243193905,0.030583572990424246,0.23027090417089327,-0.0050643703711055294,2.5647847255731556e-05,0.00011441285097394681
2021-10-28,4596.419921875,16.530000686645508,20.479999542236328,0.1416024101529313,0.023697596713523783,0.23895938847613005,0.009781288424184026,9.567360323707642e-05,0.00010842893757956387
2021-10-29,4605.3798828125,16.260000228881836,20.3700008392334,0.13837132906890243,0.024228673219915925,0.25276756165422254,0.0019474372317175562,3.7925117714797384e-06,0.00010491571723937989
2021-11-01,4613.669921875,16.40999984741211,20.38999938964844,0.12690561219089255,0.03719438628322855,0.24253501396978902,0.0017984589459023885,3.23445458009633e-06,0.00010686035515558154
2021-11-02,4630.64990234375,16.030000686645508,20.100000381469727,0.12673755183564955,0.033562455030805516,0.25389890957490163,0.003673607120388547,1.3495389274969432e-05,0.00010196861984676803
2021-11-03,4660.56982421875,15.100000381469728,19.5,0.12549237697025425,0.02550762684444302,0.29139069585255245,0.00644049461289024,4.1479970858668206e-05,9.048016330174044e-05
2021-11-04,4680.06005859375,15.4399995803833,19.700000762939453,0.1220036540501053,0.032396341753727714,0.2759068198401076,0.004173222342817036,1.741578472258731e-05,9.460062977866529e-05
2021-11-05,4697.52978515625,16.479999542236328,20.489999771118164,0.12214353966349215,0.04265645575887114,0.24332526336573435,0.003725850045284445,1.3881958559946102e-05,0.00010777396226671016
2021-11-08,4701.7001953125,17.219999313354492,20.979999542236328,0.12141837162358171,0.05078162150996321,0.21835077693446087,0.0008873940607025194,7.874682189701067e-07,0.0001176699906158449
2021-11-09,4685.25,17.780000686645508,21.40999984741211,0.10260132435839149,0.0751986825080636,0.20416192466702662,-0.0035049109264001276,1.2284400601999001e-05,0.00012544778746710904
2021-11-10,4646.7099609375,18.729999542236328,22.0,0.10719046586063127,0.080109529561732,0.17458625401403718,-0.008259842163861058,6.822499257189692e-05,0.000139211461449275
2021-11-11,4649.27001953125,17.65999984741211,21.3799991607666,0.09867261146092189,0.07792738701319919,0.21064548955245999,0.0005507883329889288,3.0336778775672316e-07,0.00012376015659150622
2021-11-12,4682.85009765625,16.290000915527344,20.690000534057617,0.09609241140608127,0.06680759774919218,0.270104319904382,0.007196697564130407,5.179245582956053e-05,0.00010530322612217528
2021-11-15,4682.7998046875,16.489999771118164,20.8700008392334,0.08458198519114227,0.08031801252003937,0.26561559302060755,-1.0739878017001878e-05,1.1534497982008018e-10,0.00010790479859185598
2021-11-16,4700.89990234375,16.3700008392334,20.899999618530277,0.08151399673035081,0.08218601166198317,0.2767256290201276,0.0038577790571266367,1.4882459253604883e-05,0.00010634005058591355
2021-11-17,4688.669921875,17.110000610351562,21.57999992370605,0.08276309559987917,0.08833691050363644,0.2612506811162903,-0.0026050154828958787,6.786105666127248e-06,0.00011617147654215507
2021-11-18,4704.5400390625,17.59000015258789,21.899999618530277,0.08094411165890399,0.09495588986697491,0.24502555023049769,0.0033790647401719144,1.1418078518273087e-05,0.00012278099419366746
2021-11-19,4697.9599609375,17.90999984741211,21.920000076293945,0.08072788737392361,0.09837211110019747,0.2238972787853629,-0.001399644604988097,1.959005020272286e-06,0.0001272889264025007
2021-11-22,4682.93994140625,19.170000076293945,22.6299991607666,0.07775309322773082,0.11394690753520863,0.1804903010277694,-0.003202258316960725,1.0254458328544134e-05,0.00014582892973218642
2021-11-23,4690.7001953125,19.3799991607666,22.450000762939453,0.07645666728271659,0.11734332432494941,0.15841082224543365,0.001655761383195201,2.741545758080485e-06,0.0001490414156632199
2021-11-24,4701.4599609375,18.57999992370605,21.899999618530277,0.07644360372439543,0.10935639551266507,0.17868674426571277,0.0022912237766672798,5.249706394765473e-06,0.0001369906337956019
2021-11-26,4594.6201171875,28.6200008392334,29.170000076293945,0.09596607644217117,0.19023393195016283,0.01921730331700713,-0.022987011159321162,0.0005284026820387556,0.00032504144763401604
2021-11-29,4655.27001953125,22.959999084472656,25.040000915527344,0.1005013916487098,0.12909859919601677,0.09059241785690432,0.013113836082824229,0.0001719726968071827,0.00020919109442816877
2021-11-30,4567.0,27.190000534057617,28.1299991607666,0.11646987249300464,0.15543013284757154,0.03457148246582644,-0.019143381187850562,0.00036646904330335083,0.0002933714797785927
2021-12-01,4513.0400390625,31.1200008392334,30.790000915527344,0.12005150863372503,0.19114849975860893,-0.010604110372966939,-0.011885541457955926,0.00014126609574878908,0.0003843073223150347
2021-12-02,4577.10009765625,27.950000762939453,29.149999618530277,0.1264898258550933,0.15301018177430123,0.0429337682588536,0.014094638396057768,0.00019865883151562588,0.000310001008987427
2021-12-03,4538.43017578125,30.670000076293945,31.780000686645508,0.12872059714870585,0.17797940361423362,0.0361917381020656,-0.00848445514173865,7.198597905217543e-05,0.0003732733748729645
2021-12-06,4591.669921875,27.18000030517578,28.8799991607666,0.13308780930778819,0.13871219374396965,0.06254594689121826,0.011662599309686139,0.0001360162226582916,0.0002931557208687919
2021-12-07,4686.75,21.88999938964844,24.959999084472656,0.14492151200461553,0.07397848189186887,0.1402466779544995,0.020495603186252546,0.0004200697499683255,0.00019014764812651152
2021-12-08,4701.2099609375,19.899999618530277,23.6299991607666,0.14503967915679766,0.053960317028505095,0.1874371665194939,0.003080535586585806,9.489699500221557e-06,0.00015714681937202584
2021-12-09,4667.4501953125,21.57999992370605,24.65999984741211,0.1459365942398269,0.06986340499723359,0.1427247421035724,-0.007206988232523656,5.194067938373445e-05,0.00018480015742347347
2021-12-10,4712.02001953125,18.690000534057617,23.18000030517578,0.14579094066284282,0.04110906467773334,0.24023540089987258,0.009503769118209724,9.032162745223683e-05,0.00013861750792185475
2021-12-13,4668.97021484375,20.309999465942383,24.31999969482422,0.14858763520657783,0.05451235945284599,0.1974397013454462,-0.009178158342793815,8.42385905653957e-05,0.00016368891996292853
2021-12-14,4634.08984375,21.88999938964844,25.350000381469727,0.15029181017494572,0.06860818372153868,0.1580630922017058,-0.0074987228546236715,5.6230844450455385e-05,0.00019014764812651152
2021-12-15,4709.85009765625,19.290000915527344,23.299999237060547,0.15709168268527465,0.03580832646999879,0.2078796335517737,0.016216267351890877,0.00026296732682800196,0.00014766037115914517
2021-12-16,4668.669921875,20.56999969482422,24.3700008392334,0.15833489283739235,0.04736510411084982,0.18473510942080024,-0.008781863311112446,7.712112321506285e-05,0.00016790670136709063
2021-12-17,4620.64013671875,21.56999969482422,25.3799991607666,0.1606281911392497,0.055071805808992486,0.17663419192614097,-0.01034096458405368,0.00010693554852865249,0.00018462892334710987
2021-12-20,4568.02001953125,22.8700008392334,26.309999465942383,0.16322254235062197,0.065477466041712,0.15041532577505112,-0.01145339832325659,0.00013118033315117687,0.0002075543406295779
2021-12-21,4649.22998046875,21.01000022888184,25.0,0.17182267711600693,0.03827732517281146,0.1899095539101053,0.017621755385195486,0.0003105262628556661,0.0001751667101657202
2021-12-22,4696.56005859375,18.6299991607666,23.559999465942383,0.1741911704684657,0.012108821139200338,0.2646269740880073,0.010128728029127596,0.000102591131488035,0.00013772891616276362
2021-12-23,4725.7900390625,17.959999084472656,23.239999771118164,0.17321493899608706,0.006385051848639495,0.29398669018921836,0.006204412685251626,3.849473676891129e-05,0.00012800062187073754
2021-12-27,4791.18994140625,17.68000030517578,22.739999771118164,0.17737770361366068,-0.0005777005619028719,0.2861990598756426,0.013744051573605864,0.00018889895365793784,0.000124040639202784
2021-12-28,4786.35009765625,17.540000915527344,22.32999992370605,0.17647980092132992,-0.0010797917660564926,0.2730900090169519,-0.0010106653988873737,1.0214445485081741e-06,0.00012208398099869047
2021-12-29,4793.06005859375,16.950000762939453,21.82999992370605,0.1764758286235402,-0.006975820994145648,0.2879055422485015,0.0014009134018576786,1.9625583595044537e-06,0.00011400893883478099
2021-12-30,4778.72998046875,17.329999923706055,21.8799991607666,0.1765533408767678,-0.0032533416397072523,0.2625504476105918,-0.002994233841904309,8.965436300005039e-06,0.00011917813387129041
2021-12-31,4766.18017578125,17.219999313354492,21.8799991607666,0.17655717498878018,-0.004357181855235259,0.2706155652281691,-0.0026296343734744394,6.914976938158307e-06,0.0001176699906158449
2022-01-03,4796.56005859375,16.600000381469727,21.530000686645508,0.17718128753798898,-0.011181283723291718,0.29698796336649785,0.006353824170388397,4.03710815882118e-05,0.00010934921137491867
2022-01-04,4793.5400390625,16.90999984741211,21.6200008392334,0.17711810196469185,-0.00801810349057075,0.27853347334844025,-0.0006298202522032699,3.966735500853905e-07,0.0001134714662061419
2022-01-05,4700.580078125,19.729999542236328,23.46999931335449,0.18635353157515974,0.010946463847203547,0.18955903993367473,-0.019583264304501073,0.0003835042408199459,0.0001544733658478753
2022-01-06,4696.0498046875,19.61000061035156,23.5,0.18632126323410986,0.009778742869405721,0.19836814220163876,-0.0009642337401809882,9.297467057034175e-07,0.00015260004918174147
2022-01-07,4677.02978515625,18.76000022888184,22.8700008392334,0.18656268700004955,0.001037315288768853,0.21908318551212136,-0.004058441082336512,1.6470944018796758e-05,0.00013965778118557408
2022-01-10,4670.2900390625,19.399999618530277,22.68000030517578,0.17367395172152236,0.02032604446378042,0.16907220366708406,-0.0014420705375388979,2.079567435237726e-06,0.00014934920047578372
2022-01-11,4713.06982421875,18.40999984741211,21.979999542236328,0.17153404743687142,0.012565951037249667,0.19391633484049448,0.009118286452399373,8.314314782800994e-05,0.00013449527554829918
2022-01-12,4726.35009765625,17.6200008392334,21.57999992370605,0.16128122157243713,0.014918786819896862,0.2247445457355008,0.0028137920146670695,7.917425501804166e-06,0.00012320017046610544
2022-01-13,4659.02978515625,20.309999465942383,23.40999984741211,0.1631551918851909,0.03994480277423293,0.15263419315535107,-0.014346029234400533,0.00020580855479427476,0.00016368891996292853
2022-01-14,4662.85009765625,19.190000534057617,22.81999969482422,0.1584075902083721,0.03349241513220405,0.189160972368095,0.0008196442695905652,6.718167286726511e-07,0.00014613338114965538
2022-01-18,4577.10986328125,22.790000915527344,25.1200008392334,0.1659500823355314,0.06194992681974204,0.10223781615202011,-0.0185591053980085,0.0003444403931743883,0.0002061048181467211
2022-01-19,4532.759765625,23.850000381469727,25.809999465942383,0.16478435523642262,0.07371564857827465,0.08218025379972232,-0.009736790941460195,9.48050978377013e-05,0.00022572322150639132
2022-01-20,4482.72998046875,25.59000015258789,27.25,0.1550759671154763,0.10082403441040258,0.06486908313848663,-0.011098742304330734,0.0001231820807379407,0.0002598603602418445
2022-01-21,4397.93994140625,28.850000381469727,29.950000762939453,0.16254414106570686,0.1259558627489904,0.03812826228509354,-0.019095995324635427,0.0003646570374384981,0.0003302867150836521
2022-01-24,4410.1298828125,29.899999618530277,30.81999969482422,0.16245719597253566,0.1365428002127671,0.030769233713427185,0.0027679047582695165,7.661296750851031e-06,0.00035476586396353596
2022-01-25,4356.4501953125,31.15999984741211,31.76000022888184,0.16142853003575397,0.15017146843836715,0.01925546804903342,-0.012246590556866267,0.00014997898026752603,0.0003852958692423503
2022-01-26,4349.93017578125,31.959999084472656,31.950000762939453,0.16024563660648058,0.15935435423824598,-0.00031283860511938116,-0.0014977569258856588,2.2432758090384587e-06,0.00040533394503154484
2022-01-27,4326.509765625,30.489999771118164,30.8700008392334,0.15977525399818202,0.14512474371299963,0.012463137781824212,-0.005398635199970923,2.914526202236509e-05,0.0003689047960487245
2022-01-28,4431.85009765625,27.65999984741211,28.81999969482422,0.16901408009134228,0.10758591838277881,0.04193781105608502,0.024055967914736694,0.0005786895923148412,0.0003036014252217611
2022-01-31,4515.5498046875,24.82999992370605,26.850000381469727,0.1780098265640303,0.0702901726730302,0.0813532204579313,0.018709826222984446,0.0003500575972942764,0.0002446543238933502
2022-02-01,4546.5400390625,21.959999084472656,24.76000022888184,0.17723195722436783,0.042368033620358736,0.12750461116316672,0.006839560348317067,4.677958575827108e-05,0.0001913656983293809
2022-02-02,4589.3798828125,22.09000015258789,25.13999938964844,0.1763659540702601,0.044534047455618814,0.13807149008567285,0.009378400448324454,8.795439496913233e-05,0.00019363813759576707
2022-02-03,4477.43994140625,24.350000381469727,26.670000076293945,0.1824855079370556,0.061014495877641683,0.09527719336668804,-0.024693471720120656,0.0006097675455923986,0.00023528671372126026
2022-02-04,4500.52978515625,23.21999931335449,26.25,0.18034261077262526,0.051857382360919635,0.13049098950243598,0.005143678439863626,2.6457427892717905e-05,0.00021395570163181864
2022-02-07,4483.8701171875,22.86000061035156,25.690000534057617,0.17898368680710833,0.04961631929640725,0.12379701872906189,-0.003708580927828488,1.375357249825321e-05,0.0002073728682163784
2022-02-08,4521.5400390625,21.440000534057617,24.540000915527344,0.17558418858971594,0.03881581675086024,0.14458956642959736,0.00836611346663433,6.999185453660028e-05,0.00018241016781761545
2022-02-09,4587.18017578125,19.959999084472656,23.489999771118164,0.18186450725744455,0.017735483587282025,0.1768537499278533,0.014412842079264784,0.00020773001680182563,0.00015809585851275765
2022-02-10,4504.080078125,23.90999984741211,26.06999969482422,0.18805610305511658,0.051043895419004504,0.09033876458371856,-0.01828182448505601,0.0003342251065023935,0.00022686035424732026
2022-02-11,4418.64013671875,27.36000061035156,28.82999992370605,0.19446531559502023,0.07913469050849536,0.05372804388017167,-0.019151682638086528,0.00036678694786998494,0.00029705144182477685
2022-02-14,4401.669921875,28.32999992370605,29.440000534057617,0.19449836343105492,0.08880163580600559,0.03918110177694483,-0.0038479907556283146,1.4807032855400967e-05,0.00031848765701475586
2022-02-15,4471.06982421875,25.700000762939453,27.280000686645508,0.2000214122863329,0.0569785953430616,0.06147859442807819,0.015643717646064172,0.00024472590178977957,0.00026209922191074934
2022-02-16,4475.009765625,24.290000915527344,26.26000022888184,0.20018165674371075,0.04271835241156269,0.0811033033800825,0.0008808197202838003,7.758433796408322e-07,0.00023412862876044413
2022-02-17,4380.259765625,28.11000061035156,29.31999969482422,0.2016098559914247,0.0794901501120909,0.04304514614727811,-0.021400504136936647,0.00045798157731504255,0.00031356037075950995
2022-02-18,4348.8701171875,27.75,29.21999931335449,0.20204469089719154,0.07545530910280848,0.05297294822899058,-0.007191961663866342,5.1724312574523124e-05,0.0003055803571428572
2022-02-22,4304.759765625,28.809999465942383,29.11000061035156,0.20321941897289464,0.08488057568652918,0.010413090939617032,-0.010194735435016016,0.0001039326305899712,0.0003293714560426985
2022-02-23,4225.5,31.020000457763672,30.8799991607666,0.20826023712112807,0.10193976745650868,-0.004513259024212259,-0.018583735748788438,0.00034535523438079737,0.00038184143984113433
2022-02-24,4288.7001953125,30.31999969482422,30.049999237060547,0.21186715967640937,0.0913328372718328,-0.008905028379989145,0.014846105252724002,0.0002204068411749592,0.0003648025323389447
2022-02-25,4384.64990234375,27.59000015258789,28.040000915527344,0.22365293252717117,0.052247068998707735,0.01631028490216387,0.022126080551265786,0.0004895634405611021,0.00030206670969039676
2022-02-28,4373.93994140625,30.149999618530277,29.649999618530277,0.22081787310601741,0.08068212307928535,-0.016583748136855647,-0.0024455914631261143,5.980917604515329e-06,0.0003607232051576888
2022-03-01,4306.259765625,33.31999969482422,32.59000015258789,0.22403002415978518,0.10916997278845703,-0.021908749967657504,-0.015594467786613053,0.0002431874255477122,0.0004405644363742405
2022-03-02,4386.5400390625,30.739999771118164,30.96999931335449,0.22687130216598125,0.0805286955452004,0.007482093166845797,0.018471046780652183,0.0003411795691730414,0.00037497920076521625
2022-03-03,4363.490234375,30.479999542236328,30.799999237060547,0.22581466797794117,0.07898532744442213,0.010498677809387534,-0.005268520744245652,2.7757310832546756e-05,0.000368662846069336
2022-03-04,4328.8701171875,31.979999542236328,32.34000015258789,0.22480984275882301,0.09499015266354024,0.011257054893828432,-0.007965684543001903,6.345213023861944e-05,0.0004058414169529507
2022-03-07,4201.08984375,36.45000076293945,35.7400016784668,0.2343455823770846,0.13015442525230994,-0.019478712472196926,-0.029962586814416495,0.0008977566086114452,0.000527223236356463
2022-03-08,4170.7001953125,35.130001068115234,35.0,0.23455094544173472,0.11674906523941764,-0.003700571140409848,-0.007260043975698096,5.270823852907022e-05,0.000489728958351499
2022-03-09,4277.8798828125,32.45000076293945,33.060001373291016,0.2451775669710598,0.07932244065833471,0.0187981693685577,0.025373598122141117,0.0006438194816639233,0.0004178581545693536
2022-03-10,4259.52001953125,30.229999542236328,31.520000457763672,0.24540061858708723,0.05689937683527607,0.04267287247970342,-0.004301049920247209,1.849903041645852e-05,0.00036264002869984476
2022-03-11,4204.31005859375,30.75,32.34000015258789,0.24766355079795058,0.05983644920204942,0.051707322035378554,-0.013046278933238144,0.00017020539400385343,0.0003752232142857143
2022-03-14,4173.10986328125,31.770000457763672,33.31999969482422,0.23660165843944114,0.08109834613819555,0.0487881402180393,-0.007448675095533314,5.548276067881822e-05,0.0004005289401136126
2022-03-15,4262.4501953125,29.82999992370605,31.959999084472656,0.2385832124109877,0.059716786826072815,0.07140459826397398,0.021182629724144964,0.0004487038020302298,0.0003531067045429774
2022-03-16,4357.85986328125,26.670000076293945,28.959999084472656,0.247421010357298,0.019278990405641433,0.08586422953235058,0.022136921648393443,0.0004900433000671103,0.00028225750161488847
2022-03-17,4411.669921875,25.670000076293945,28.21999931335449,0.24865682345463938,0.008043177308300092,0.09933771832807467,0.012272205068700267,0.00015060701724823252,0.0002614876602844965
2022-03-18,4463.1201171875,23.8700008392334,26.549999237060547,0.2411401078842799,-0.002440099491945902,0.11227475088405646,0.011594814411888112,0.00013443972124612828,0.00022610196034325523
2022-03-21,4461.18017578125,23.530000686645508,26.3799991607666,0.2406261048496966,-0.005326097983241518,0.12112190356792532,-0.0004347548543014596,1.8901178333868335e-07,0.00021970671917203894
2022-03-22,4511.60986328125,22.940000534057617,25.850000381469727,0.24267405200626452,-0.01327404666568835,0.12685264950590608,0.011240699554074212,0.0001263533264649642,0.000208826835120065
2022-03-23,4456.240234375,23.56999969482422,26.40999984741211,0.24404361264949984,-0.008343615701257662,0.12049215907336357,-0.012348630252495208,0.00015248866911283986,0.00022045431968810067
2022-03-24,4520.16015625,21.670000076293945,25.299999237060547,0.2439534792127367,-0.027253478449797225,0.16751265103767424,0.014242012281618024,0.00020283491382975863,0.00018634480289943635
2022-03-25,4543.06005859375,20.809999465942383,24.71999931335449,0.23847880624023496,-0.030378811580811127,0.18789043477926112,0.005053380704237665,2.553665654196156e-05,0.00017184764990973105
2022-03-28,4575.52001953125,19.6299991607666,24.18000030517578,0.23193596266254088,-0.03563597105487487,0.2317881476787333,0.007119551020042568,5.068800672698918e-05,0.00015291145517924503
2022-03-29,4631.60009765625,18.899999618530277,23.190000534057617,0.23357390731542896,-0.04457391113012618,0.2269841800060811,0.01218204410139109,0.00014840219848823744,0.0001417499942779542
2022-03-30,4602.4501953125,19.32999992370605,23.56999969482422,0.23083458533617926,-0.03753458609911875,0.21934815250145392,-0.006313588999088777,3.9861406049414825e-05,0.00014827337184542696
2022-03-31,4530.41015625,20.559999465942383,24.459999084472656,0.23588080259848257,-0.03028080793905874,0.1896887023266036,-0.015776335226881762,0.00024889275319095043,0.0001677434833490282
2022-04-01,4545.85986328125,19.6299991607666,24.209999084472656,0.2267283396401689,-0.030428348032502883,0.23331635860993047,0.0034044209614630277,1.1590082082848847e-05,0.00015291145517924503
2022-04-04,4582.64013671875,18.56999969482422,23.030000686645508,0.2261091489934757,-0.040409152045233515,0.2401723783045817,0.008058382532133647,6.493752903419669e-05,0.00013684320978800459
2022-04-05,4525.1201171875,21.030000686645508,24.899999618530277,0.22733409896814083,-0.017034092101685744,0.18402276773782036,-0.01263115907400537,0.00015954617955282822,0.00017550036860329782
2022-04-06,4481.14990234375,22.100000381469727,25.799999237060547,0.2218799045579886,-0.0008799007432913342,0.16742075980655516,-0.009764433912479721,9.534416963118405e-05,0.00019381349875435
2022-04-07,4500.2099609375,21.549999237060547,25.229999542236328,0.2186325534172367,-0.0031325610466312326,0.17076568145984486,0.004244365552037262,1.8014638939320574e-05,0.0001842866933005199
2022-04-08,4488.27978515625,21.15999984741211,25.170000076293945,0.2100488145381621,0.0015511839359589885,0.189508518799553,-0.0026545466755523947,7.046618052686271e-06,0.00017767682283431765
2022-04-11,4412.52978515625,24.3700008392334,27.0,0.21615239697697955,0.027547611415354445,0.10791953509220038,-0.017021334584696127,0.0002897258310441725,0.00023567338924771294
2022-04-12,4397.4501953125,24.26000022888184,27.170000076293945,0.2112004598433034,0.03139954244551499,0.11995052844013224,-0.0034233005304522353,1.1718986521794556e-05,0.00023355063932751862
2022-04-13,4446.58984375,21.81999969482422,25.540000915527344,0.20685171194037463,0.011348285007867553,0.17048585117925197,0.011112603268901934,0.00012348995141200995,0.00018893348677862263
2022-04-14,4392.58984375,22.700000762939453,26.030000686645508,0.20948620668205414,0.017513800947340397,0.1466960269509193,-0.012218480383508163,0.00014929126288217378,0.0002044801724751793
2022-04-18,4391.68994140625,22.170000076293945,25.75,0.20805318880212875,0.01364681196081069,0.16147947277339417,-0.0002048892724065068,4.197961394726775e-08,0.0001950432156281244
2022-04-19,4462.2099609375,21.3700008392334,25.059999465942383,0.1915645672073758,0.022135441184958193,0.17267189900781282,0.01593004474938665,0.0002537663257174612,0.00018122100629715723
2022-04-20,4459.4501953125,20.31999969482422,24.149999618530277,0.18973011582126298,0.013469881126979222,0.18848425104463026,-0.0006186664061825758,3.827481221388638e-07,0.00016385015380859382
2022-04-21,4393.66015625,22.68000030517578,26.11000061035156,0.18279484277979594,0.044005160271961885,0.1512345793219862,-0.014862855551311067,0.00022090447513913822,0.0002041200054931641
2022-04-22,4271.77978515625,28.209999084472656,29.8700008392334,0.20083449694136687,0.08126549390335971,0.058844445538264484,-0.028132076377366966,0.0007914137213020085,0.00031579525728013823
2022-04-25,4296.1201171875,27.020000457763672,29.06999969482422,0.19749232149336618,0.07270768308427053,0.07586969660733368,0.0056817651441118085,3.228245515284388e-05,0.00028971445426093214
2022-04-26,4175.2001953125,33.52000045776367,33.13999938964844,0.2138671325879268,0.1213328719897099,-0.01133654722332264,-0.028550008928597752,0.0008151030098230114,0.0004458692185271733
2022-04-27,4183.9599609375,31.600000381469727,32.20000076293945,0.20439729313551178,0.11160271067918551,0.018987353614766646,0.0020958490249645954,4.392583135445045e-06,0.0003962539778209869
2022-04-28,4287.5,29.989999771118164,31.149999618530277,0.20672714405499706,0.09317285365618458,0.038679555060525526,0.024445655340832175,0.0005975900650427566,0.0003569047961395506
2022-04-29,4131.93017578125,33.400001525878906,33.18000030517578,0.22832214763957043,0.10567786761921866,-0.006586862594382344,-0.03695915978469415,0.0013659794919905531,0.00044268258013044186
2022-05-02,4155.3798828125,32.34000015258789,33.0099983215332,0.2258442101869528,0.09755579133892608,0.020717321143602356,0.005659199293818601,3.202653664715695e-05,0.0004150300039164225
2022-05-03,4175.47998046875,29.25,30.809999465942383,0.22675096855451393,0.06574903144548605,0.05333331507495326,0.004825465075359521,2.3285113193514466e-05,0.0003395089285714285
2022-05-04,4300.169921875,25.420000076293945,28.09000015258789,0.24175059450364714,0.012449406259292334,0.1050354078788505,0.029425221557325833,0.0008658436636977129,0.00025641920788840644
2022-05-05,4146.8701171875,31.200000762939453,32.68000030517578,0.2602628951598789,0.05173711246951562,0.04743588160402636,-0.03630067756409906,0.001317739191612685,0.00038628573317754856
2022-05-06,4123.33984375,30.190000534057617,32.310001373291016,0.25555757953200026,0.04634242580857589,0.07022195434683103,-0.00569038441395277,3.238047477855661e-05,0.00036168100485968214
2022-05-09,3991.239990234375,34.75,35.04999923706055,0.2681211622424758,0.07937883775752419,0.00863307157008768,-0.03256151953960419,0.0010602525547280255,0.00047919146825396817
2022-05-10,4001.050048828125,32.9900016784668,33.970001220703125,0.2667294843530876,0.06317053243158038,0.029705956119304853,0.002454881760409255,6.0264444575900425e-06,0.00043188103601001664
2022-05-11,3935.179931640625,32.560001373291016,33.630001068115234,0.2641451516501828,0.061454862082727324,0.03286239710364201,-0.016600232095697796,0.00027556770563103526,0.0004206959085034575
2022-05-12,3930.080078125,31.770000457763672,33.08000183105469,0.2643996366882879,0.053300367889348776,0.04123391106124108,-0.0012968049941124407,1.6817031927549675e-06,0.0004005289401136126
2022-05-13,4023.889892578125,28.8700008392334,30.700000762939453,0.27519530592336705,0.013504702468966956,0.06338759509903248,0.023589267956869442,0.0005564535627409874,0.0003307448208164037
2022-05-16,4008.010009765625,27.46999931335449,29.51000022888184,0.27431095457550797,0.0003890385580369027,0.07426286736511159,-0.003954208517722458,1.5635765001628835e-05,0.0002994447866173397
2022-05-17,4088.85009765625,26.100000381469727,28.3700008392334,0.28102498250282526,-0.02002497868812797,0.08697319634429236,0.01996891958146264,0.00039875774925092207,0.0002703214364733016
2022-05-18,3923.679931640625,30.959999084472656,32.79999923706055,0.3003945851938281,0.009205405650898446,0.05943153123382049,-0.041233809291248875,0.001700227028667082,0.00038036569178989985
2022-05-19,3900.7900390625,29.350000381469727,30.790000915527344,0.3000412685309015,-0.006541264716204254,0.04906304992645823,-0.005850864777347809,3.423261864280923e-05,0.00034183433428264806
2022-05-20,3901.360107421875,29.43000030517578,31.13999938964844,0.2992227373369788,-0.004922734285220998,0.05810394382401438,0.0001461310919903067,2.135429604627948e-08,0.00034370036427089145
2022-05-23,3973.75,28.479999542236328,30.290000915527344,0.3066308210992735,-0.021830825676910193,0.06355342002750922,0.018384995412060758,0.00033800805630149514,0.0003218691960022942
2022-05-24,3941.47998046875,29.450000762939453,30.739999771118164,0.3044425872040844,-0.009942579574689858,0.043803021214249845,-0.008153950903558081,6.648691533763564e-05,0.00034416767656235495
2022-05-25,3978.72998046875,28.3700008392334,29.729999542236328,0.30682844267367226,-0.02312843428133826,0.0479379155012982,0.009406385648931585,8.848009097642608e-05,0.0003193876776262317
2022-05-26,4057.840087890625,27.5,29.280000686645508,0.3113112990587158,-0.036311299058715774,0.06472729769620028,0.019688166007720866,0.0003876238807475754,0.0003000992063492064
2022-05-27,4158.240234375,25.71999931335449,28.020000457763672,0.31994064709266795,-0.06274065395912304,0.08942461919954107,0.024441130195822013,0.0005973688452491226,0.0002625072875710141
2022-05-31,4132.14990234375,26.190000534057617,27.989999771118164,0.3201589566731852,-0.058258951332609055,0.06872849180433648,-0.006294135193666945,3.9616137836156824e-05,0.0002721889396721977
2022-06-01,4101.22998046875,25.690000534057617,27.71999931335449,0.31591209902028955,-0.059012093679713384,0.07901902441012688,-0.007510905041155451,5.641369453725436e-05,0.0002618952886666193
2022-06-02,4176.81982421875,24.71999931335449,27.059999465942383,0.32173745938359904,-0.07453746625005417,0.0946602029767758,0.018263225415545106,0.0003335454025790127,0.00024249141510009775
2022-06-03,4108.5400390625,24.790000915527344,27.32999992370605,0.32232582097686807,-0.07442581182159463,0.1024606258319162,-0.016482405609817057,0.0002716696946865288,0.00024386672436184386
2022-06-06,4121.43017578125,25.06999969482422,27.21999931335449,0.3131040952765489,-0.062404098328306734,0.0857598581851656,0.003132489407036025,9.812489885192908e-06,0.00024940670027717715
2022-06-07,4160.68017578125,24.020000457763672,26.520000457763672,0.3140206184025082,-0.07382061382487151,0.10407993140532841,0.00947833153171984,8.983876862519455e-05,0.00022895254840911387
2022-06-08,4115.77001953125,23.959999084472656,26.540000915527344,0.3046098274736394,-0.06500983662891285,0.10767954631211421,-0.010852623040155319,0.00011777942685171008,0.00022781014132060735
2022-06-09,4017.820068359375,26.09000015258789,28.01000022888184,0.3120486071280719,-0.05114860560219303,0.07359141682885358,-0.02408645766515553,0.0005801574428553295,0.00027011432855636355
2022-06-10,3900.860107421875,27.75,29.71999931335449,0.3124962369743578,-0.034996236974357775,0.0709909662470086,-0.029542414811409477,0.0008727542728893861,0.0003055803571428572
2022-06-13,3749.6298828125,34.02000045776367,34.2400016784668,0.3150019763440457,0.02519802823359102,0.006466820039472361,-0.03953993199003993,0.001563406221776983,0.0004592700123596192
2022-06-14,3735.47998046875,32.689998626708984,33.279998779296875,0.3138716390168712,0.01302834725021862,0.018048338249419132,-0.003780818039489633,1.4294585047730231e-05,0.0004240619088151727
2022-06-15,3789.989990234375,29.6200008392334,30.780000686645508,0.31734210138796365,-0.02114209299562969,0.03916272162543705,0.014487058836534478,0.0002098748737332117,0.00034815255941118535
2022-06-16,3666.77001953125,32.95000076293945,33.4900016784668,0.313111049672172,0.016388957957222505,0.016388494780695432,-0.033052207113840666,0.0010924483950962196,0.0004308343453482978
2022-06-17,3674.840087890625,31.1299991607666,32.36000061035156,0.29959027479371786,0.011709716813948168,0.039511772654820435,0.0021984473410133873,4.8331707112088325e-06,0.00038455430466243233
2022-06-21,3764.7900390625,30.190000534057617,31.25,0.31046320792885584,-0.008563202588279695,0.03511094558433637,0.024182474960671992,0.0005847920952235278,0.00036168100485968214
2022-06-22,3759.889892578125,28.950000762939453,30.239999771118164,0.2975789958553897,-0.008078988225995176,0.04455955005811648,-0.0013024200953574458,1.6962981047908982e-06,0.0003325803746722996
2022-06-23,3795.72998046875,29.049999237060547,30.190000534057617,0.2991854486912,-0.008685456320594531,0.03924273070350767,0.00948707248555652,9.000454434620356e-05,0.0003348819268544518
2022-06-24,3911.739990234375,27.229999542236328,28.950000762939453,0.3094942120775608,-0.03719421665519751,0.06316567203885695,0.030105539729901033,0.0009063435224286495,0.00029423526788499625
2022-06-27,3900.110107421875,26.950000762939453,28.18000030517578,0.30958432940658387,-0.04008432177718935,0.04564005593379328,-0.0029774998903406716,8.865505596978711e-06,0.00028821529409620516
2022-06-28,3821.550048828125,28.36000061035156,29.149999618530277,0.3063513337965605,-0.022751327693044887,0.027856099829926095,-0.0203486731494949,0.0004140684989449747,0.00031916255342029397
2022-06-29,3818.830078125,28.15999984741211,29.0,0.30628995229992895,-0.024689953825807853,0.029829551034784053,-0.0007119988201726959,5.069423199273109e-07,0.00031467682198660715
2022-06-30,3785.3798828125,28.709999084472656,29.709999084472656,0.29995934754007386,-0.012859356695347324,0.034831070424548846,-0.008797866246367652,7.740245048897523e-05,0.00032708890771048437
2022-07-01,3825.330078125,26.700000762939453,28.520000457763672,0.2787381250182731,-0.011738117388878588,0.0681647806299108,0.010498511296639174,0.00011021873944566034,0.00028289287330990765
2022-07-05,3831.389892578125,27.540000915527344,28.899999618530277,0.2784107721231564,-0.0030107629678829406,0.049382667312699746,0.0015828751061934918,2.505493601807058e-06,0.00030097287715366946
2022-07-06,3845.080078125,26.729999542236328,28.38999938964844,0.27866665823855746,-0.011366662816194195,0.06210250190199709,0.003566795705066178,1.2722031601678534e-05,0.0002835289188602993
2022-07-07,3902.6201171875,26.07999992370605,28.030000686645508,0.27677033940255175,-0.01597034016549126,0.07476996812285096,0.014853723180930391,0.00022063309233570888,0.00026990730000813786
2022-07-08,3899.3798828125,24.63999938964844,27.299999237060547,0.27584626355855374,-0.02944626966206934,0.10795454193597114,-0.00083061639612735,6.899235975155867e-07,0.00024092443250868072
2022-07-11,3854.429931640625,26.170000076293945,28.25,0.276101538217602,-0.01440153745466255,0.07948031783118792,-0.011594417660525545,0.00013443052088670665,0.0002717733746004862
2022-07-12,3818.800048828125,27.290000915527344,28.81999969482422,0.2698837578587617,0.003016251296511785,0.05606444587645078,-0.00928686849749371,8.624592648974107e-05,0.00029553339284503304
2022-07-13,3801.780029296875,26.81999969482422,28.559999465942383,0.2579939367367577,0.010206060211484513,0.06487694969862184,-0.00446686411181668,1.9952874993435818e-05,0.00028544142207554416
2022-07-14,3790.3798828125,26.399999618530277,28.61000061035156,0.2578036471391895,0.00619634904611327,0.0837121599907173,-0.003003138812764307,9.018842728731412e-06,0.00027657142057872975
2022-07-15,3863.159912109375,24.229999542236328,27.07999992370605,0.26502603018625354,-0.022726034763890263,0.11762279964148442,0.01901923165863364,0.0003617311728847722,0.000232973364213005
2022-07-18,3830.85009765625,25.299999237060547,27.81999969482422,0.25850297827047486,-0.005502985899869417,0.09960476418008206,-0.008398742485835936,7.05388753433856e-05,0.00025400395293462865
2022-07-19,3936.68994140625,24.5,27.309999465942383,0.2693584706496307,-0.024358470649630704,0.11469385575275032,0.02725351764373082,0.0007427542239571471,0.0002381944444444444
2022-07-20,3959.89990234375,23.8799991607666,26.700000762939453,0.26987921472994725,-0.03107922312228123,0.11809052350411905,0.0058784939410571665,3.4556691015045815e-05,0.00022629141266595777
2022-07-21,3998.949951171875,23.11000061035156,26.21999931335449,0.26999745303957656,-0.03889744693606098,0.13457371790850936,0.00981306668950467,9.629627785266613e-05,0.00021193338421049578
2022-07-22,3961.6298828125,23.030000686645508,25.96999931335449,0.26957816647770727,-0.039278159611252195,0.12765951103135698,-0.009376287293813849,8.791476341613502e-05,0.00021046862366146528
2022-07-25,3966.840087890625,23.36000061035156,25.799999237060547,0.26080801322618113,-0.02720800712266555,0.10445199327724962,0.001314302973305868,1.7273923056406452e-06,0.00021654350337921635
2022-07-26,3921.050048828125,24.690000534057617,26.420000076293945,0.24828967951521416,-0.0013896741746379782,0.07006883373088431,-0.011610342599263359,0.00013480005527226945,0.0002419032247507006
2022-07-27,4023.610107421875,23.239999771118164,25.309999465942383,0.228959876499014,0.003440121212167635,0.08907055573196433,0.025820048778629066,0.0006666749189307844,0.00021432444022284616
2022-07-28,4072.429931640625,22.32999992370605,24.32999992370605,0.2298748915600244,-0.0065748923229639045,0.08956560711300107,0.012060319791912806,0.00014545131348320375,0.00019786860975901278
2022-07-29,4130.2900390625,21.32999992370605,23.790000915527344,0.2297110274930107,-0.0164110282559502,0.1153305673052188,0.014107775781753557,0.0001990293375082322,0.0001805432129941667
2022-08-01,4118.6298828125,22.84000015258789,24.86000061035156,0.20389563282001835,0.024504368705860563,0.08844135044958797,-0.002827076544916728,7.992361790818305e-06,0.00020701016149611703
2022-08-02,4091.18994140625,23.93000030517578,25.65999984741211,0.20614290131202637,0.03315710173973144,0.07229417134032168,-0.00668468837887098,4.4685058722612734e-05,0.00022724004547845753
2022-08-03,4155.169921875,21.950000762939453,24.3700008392334,0.20005661709192507,0.019443390537469463,0.11025056911979209,0.015517456270090707,0.00024079144909417742,0.00019119148154485817
2022-08-04,4151.93994140625,21.440000534057617,24.31999969482422,0.19995772300745493,0.014442282333121254,0.13432831571956816,-0.0007776424495837734,6.047277793946515e-07,0.00018241016781761545
2022-08-05,4145.18994140625,21.149999618530277,24.18000030517578,0.199566581657418,0.011933414527884767,0.14326244639696406,-0.0016270690189191196,2.6473535923264262e-06,0.00017750892216818686
2022-08-08,4140.06005859375,21.290000915527344,24.479999542236328,0.18242521175609674,0.03047479739917669,0.1498355326223794,-0.0012383171221209141,1.533429294937823e-06,0.00017986672181871237
2022-08-09,4122.47021484375,21.770000457763672,24.690000534057617,0.18275953380163446,0.034940470776002264,0.13412953674296352,-0.004257744235926498,1.812838597856532e-05,0.00018806861902025018
2022-08-10,4210.240234375,19.739999771118164,23.459999084472656,0.17841650170582252,0.01898349600535912,0.1884498154248851,0.021067158460407496,0.00044382516559591915,0.0001546299964141846
2022-08-11,4207.27001953125,20.200000762939453,23.709999084472656,0.178415298075207,0.02358470955418751,0.17376228658233164,-0.0007057229222018175,4.980448429210726e-07,0.00016192064715188668
2022-08-12,4280.14990234375,19.530000686645508,23.309999465942383,0.1790797163747536,0.016220290491701483,0.19354831778790538,0.017174046951492668,0.00029494788869207457,0.00015135751064300555
2022-08-15,4297.14013671875,19.950000762939453,23.31999969482422,0.17804766839095093,0.021452339238443613,0.16892224576477793,0.003961684056233163,1.569494056141205e-05,0.00015793751207987493
2022-08-16,4305.2001953125,19.690000534057617,23.31999969482422,0.1780170791267787,0.018882926213797474,0.1843574942767434,0.0018739228259478625,3.511586757608423e-06,0.00015384766707586875
2022-08-17,4274.0400390625,19.899999618530277,23.600000381469727,0.1809299819116717,0.018070014273631058,0.18592969014401994,-0.007264114867648021,5.276736481038502e-05,0.00015714681937202584
2022-08-18,4283.740234375,19.559999465942383,23.38999938964844,0.1777312624263906,0.01786873223303323,0.19580777240688602,0.0022669896063847975,5.139241875456699e-06,0.00015182284885224853
2022-08-19,4228.47998046875,20.600000381469727,24.31999969482422,0.18346817821241068,0.022531825602286587,0.18058248759552137,-0.012983928713038868,0.00016858240482527516,0.00016839683163355273
2022-08-22,4137.990234375,23.799999237060547,26.0,0.19235593128109293,0.04564406108951252,0.09243700980938213,-0.021632366466494565,0.00046795927894071856,0.00022477776336669942
2022-08-23,4128.72998046875,24.11000061035156,25.920000076293945,0.18971244868744594,0.05138755741606965,0.07507255993868654,-0.002240370434437464,5.019259683501511e-06,0.00023067147993299705
2022-08-24,4140.77001953125,22.81999969482422,24.88999938964844,0.18852527150854517,0.03967472543969702,0.09070989143324647,0.002911916698724165,8.479258860308639e-06,0.00020664777225070535
2022-08-25,4199.1201171875,21.780000686645508,24.1299991607666,0.1903687882705511,0.027431218595903972,0.10789707989137046,0.013993241836107048,0.00019581081708377654,0.0001882414404405868
2022-08-26,4057.659912109375,25.559999465942383,26.559999465942383,0.21363613935351367,0.04196385530591018,0.039123631490386286,-0.03426857631703952,0.001174335322796762,0.0002592514177376885
2022-08-29,4030.610107421875,26.209999084472656,26.81999969482422,0.21299458537828517,0.049105405466441404,0.023273583809964322,-0.0066886751973248065,4.473837589530804e-05,0.00027260478254287996
2022-08-30,3986.159912109375,26.209999084472656,26.90999984741211,0.20170340485981456,0.060396585984912016,0.02670739364329654,-0.011089416492117008,0.0001229751581356367,0.00027260478254287996
2022-08-31,3955.0,25.8700008392334,26.649999618530277,0.2023953455357701,0.05630466285656388,0.03015070560469267,-0.007847738208153028,6.15869949837049e-05,0.00026557815215156217
2022-09-01,3966.85009765625,25.559999465942383,26.43000030517578,0.20046571135975588,0.05513428329966796,0.03403759223049428,0.0029917522671948716,8.950581628265653e-06,0.0002592514177376885
2022-09-02,3924.260009765625,25.46999931335449,26.479999542236328,0.2010668724858069,0.05363312064773801,0.03965450554026022,-0.010794552570724387,0.00011652236520213247,0.00025742891469138023
2022-09-06,3908.18994140625,26.90999984741211,27.59000015258789,0.20129815781034868,0.0678018406637724,0.02526942805765849,-0.004103464690895143,1.6838422469423174e-05,0.00028736035388401575
2022-09-07,3979.8701171875,24.63999938964844,26.100000381469727,0.2054751658285852,0.04092482806789921,0.05925328847348306,0.018174848666169877,0.00033032512403817694,0.00024092443250868072
2022-09-08,4006.179931640625,23.61000061035156,25.520000457763672,0.19199709281761976,0.04410291328589583,0.0808979160540425,0.006588966880442448,4.3414484551567484e-05,0.00022120322572254005
2022-09-09,4067.360107421875,22.790000915527344,25.13999938964844,0.19390726430394373,0.03399274485132972,0.10311533039562057,0.01515601498121106,0.00022970479011069406,0.0002061048181467211
2022-09-12,4110.41015625,23.8700008392334,25.3700008392334,0.1919049438998773,0.046795064492456684,0.06284038321165696,0.010528651483995635,0.00011085250207144349,0.00022610196034325523
2022-09-13,3932.68994140625,27.270000457763672,27.950000762939453,0.23048307061740467,0.042216933960232045,0.024935837688341057,-0.04419916303197406,0.0019535660127270225,0.000295100367050171
2022-09-14,3946.010009765625,26.15999984741211,27.459999084472656,0.2303769477706513,0.031223050703469785,0.0496941607279539,0.003381289078844715,1.1433115834714542e-05,0.000271565711117699
2022-09-15,3901.35009765625,26.270000457763672,27.600000381469727,0.2265707606482175,0.036129243929419214,0.05062808909517909,-0.011382272168149512,0.000129556119709831,0.0002738543349408347
2022-09-16,3873.330078125,26.299999237060547,27.6299991607666,0.22701047357377754,0.03598951879682791,0.050570340771413036,-0.007208049775663175,5.195598156843795e-05,0.00027448014280531164
2022-09-19,3899.889892578125,25.76000022888184,27.01000022888184,0.2285525643748357,0.029047437913982704,0.04852484428934567,0.006833697724705768,4.6699424592648795e-05,0.00026332444912380656
2022-09-20,3855.929931640625,27.15999984741211,27.8799991607666,0.23011576158086244,0.04148423689325864,0.02650954776876024,-0.011336114736600402,0.0001285074973213688,0.0002927244411553277
2022-09-21,3789.929931640625,27.989999771118164,28.76000022888184,0.23409638906084196,0.04580360865033967,0.027509841516976722,-0.01726467409850635,0.00029806897172763604,0.0003108889234869821
2022-09-22,3757.989990234375,27.350000381469727,28.21999931335449,0.22332811294306473,0.05017189087163251,0.0318098325320027,-0.008463293830453985,7.16273424606005e-05,0.0002968343336771405
2022-09-23,3693.22998046875,29.920000076293945,30.31999969482422,0.2265356269946432,0.07266437376829626,0.013368971173472657,-0.017382828767330778,0.00030216273595434247,0.00035524063673231335
2022-09-26,3655.0400390625,32.2599983215332,31.770000457763672,0.21769916797223837,0.10490081524309364,-0.015189023225784328,-0.010394360890280502,0.00010804273831739288,0.00041297916337512897
2022-09-27,3647.2900390625,32.599998474121094,32.119998931884766,0.21616773623869284,0.1098322485025181,-0.014723913027706639,-0.0021226109548247284,4.5054772655419456e-06,0.0004217301192510705
2022-09-28,3719.0400390625,30.18000030517578,30.57999992370605,0.2271089740500483,0.07469102900170951,0.013253797696671035,0.019481144181152356,0.0003795149786068463,0.00036144143588111516
2022-09-29,3640.469970703125,31.84000015258789,31.739999771118164,0.23201272850961902,0.08638727301625987,-0.003140715483369705,-0.0213527948230975,0.00045594184675729944,0.00040229587687174475
2022-09-30,3585.6201171875,31.6200008392334,31.86000061035156,0.23254677445060887,0.08365323394172511,0.0075901253873584375,-0.0151813515462093,0.00023047343476959148,0.0003967557353464765
2022-10-03,3678.429931640625,30.100000381469727,30.690000534057617,0.2486547448914374,0.05234525892325986,0.019601333724603827,0.02555457753093017,0.0006530364327843211,0.00035952778689066575
2022-10-04,3790.929931640625,29.06999969482422,29.670000076293945,0.26277641535649043,0.027923581591751734,0.020639848220450924,0.030125341416799834,0.0009075361954787555,0.00033534320724487305
2022-10-05,3783.280029296875,28.549999237060547,29.43000030517578,0.2627821442753731,0.022717848095232362,0.03082315557378059,-0.0020199875589381176,4.080349738264775e-06,0.00032345335572863407
2022-10-06,3744.52001953125,30.520000457763672,30.790000915527344,0.2630267480213393,0.042173256556297445,0.00884667279534687,-0.010297922911395202,0.00010604721628903823,0.00036963112219916467
2022-10-07,3639.659912109375,31.36000061035156,32.099998474121094,0.26739612120120043,0.04620388490231514,0.023596870196656513,-0.028403196531478058,0.0008067415732057672,0.00039025779296875004
2022-10-10,3612.389892578125,32.45000076293945,32.72999954223633,0.2525786436852571,0.0719213639441374,0.00862862165527763,-0.007520673133652772,5.656052438324661e-05,0.0004178581545693536
2022-10-11,3588.840087890625,33.630001068115234,33.36000061035156,0.2525646643418047,0.08373534633934765,-0.008028559297896086,-0.006540518412323781,4.27783811019464e-05,0.0004488003856513618
2022-10-12,3577.030029296875,33.56999969482422,33.130001068115234,0.2516370861267757,0.0840629108214665,-0.01310689993175135,-0.0032961996501662937,1.0864932133756397e-05,0.0004472003490121025
2022-10-13,3669.909912109375,31.940000534057617,31.799999237060547,0.2650886491336591,0.05431135620691707,-0.004383259068758842,0.025634259307631132,0.0006571152502508733,0.0004048268389347622
2022-10-14,3583.070068359375,32.02000045776367,32.45000076293945,0.2716609716784999,0.0485390328991368,0.013429116147046213,-0.023947120744528417,0.0005734645919530233,0.0004068573132203117
2022-10-17,3677.949951171875,31.3700008392334,31.739999771118164,0.28373331878468,0.029966689607653973,0.011794673955571607,0.026135524557561848,0.0006830656438989184,0.00039050672724345403
2022-10-18,3719.97998046875,30.5,30.979999542236328,0.28634197002927336,0.01865802997072663,0.015737689909387807,0.011362768207087462,0.0001291125013279976,0.00036914682539682537
2022-10-19,3695.159912109375,30.76000022888184,31.350000381469727,0.2803935167000822,0.027206485588736173,0.01918075904414043,-0.006694455239684375,4.481573095613758e-05,0.0003754673071749249
2022-10-20,3665.780029296875,29.979999542236328,30.809999465942383,0.2794797368060236,0.02032025861633968,0.027685121293505584,-0.007982686738766696,6.372328756928167e-05,0.00035666681450495654
2022-10-21,3752.75,29.690000534057617,30.46999931335449,0.2851263566203859,0.011773648720190266,0.026271430288528595,0.023447759860447268,0.000549797442473202,0.00034980005226680215
2022-10-24,3797.340087890625,29.850000381469727,30.32999992370605,0.2856668323405992,0.01283317147409807,0.01608038646908355,0.011811940205111494,0.00013952193140912936,0.0003535803661800567
2022-10-25,3859.110107421875,28.459999084472656,29.290000915527344,0.26192894929746663,0.022671041547259907,0.029163803856463364,0.01613577001587496,0.00026036307400520935,0.00032141728090800964
2022-10-26,3830.60009765625,27.280000686645508,28.459999084472656,0.26236106340760285,0.010438943458852212,0.0432550721453903,-0.007415140398989885,5.4984307136731874e-05,0.0002953168402632457
2022-10-27,3807.300048828125,27.38999938964844,28.280000686645508,0.26098607647701744,0.012913917419466958,0.03249365888388544,-0.006101185053184453,3.722445905320138e-05,0.00029770320101783407
2022-10-28,3901.06005859375,25.75,26.899999618530277,0.2701166351576293,-0.012616635157629286,0.04466017936039911,0.024328036770856338,0.0005918533731241381,0.0002631200396825397
2022-10-31,3871.97998046875,25.8799991607666,26.920000076293945,0.27026558295153696,-0.011465591343870929,0.04018550808548548,-0.007482327030336412,5.5985217788902906e-05,0.00026578347482590484
2022-11-01,3856.10009765625,25.809999465942383,26.690000534057617,0.26849302319651197,-0.010393028537088123,0.034095353983886786,-0.0041096637203590055,1.6889335894435022e-05,0.00026434764779045486
2022-11-02,3759.68994140625,25.86000061035156,27.21999931335449,0.2739538070225255,-0.015353800919009897,0.05259082254075944,-0.025319843737482882,0.0006410944868905511,0.0002653728696695964
2022-11-03,3719.889892578125,25.299999237060547,26.700000762939453,0.2745923949223679,-0.02159240255176248,0.055336030359563124,-0.010642422531956597,0.00011326115734869747,0.00025400395293462865
2022-11-04,3770.550048828125,24.549999237060547,26.38999938964844,0.27252708513396307,-0.027027092763357602,0.07494909204763803,0.013526823285563951,0.00018297494819887513,0.00023916764386494976
2022-11-07,3806.800048828125,24.350000381469727,26.26000022888184,0.2716111937344191,-0.028111189919721835,0.07843941755605133,0.00956806167935914,9.154780430002084e-05,0.00023528671372126026
2022-11-08,3828.110107421875,25.540000915527344,27.100000381469727,0.27167166826727246,-0.016271659111999015,0.06108063469151886,0.005582282828760321,3.1161881580272326e-05,0.0002588458915734673
2022-11-09,3748.570068359375,26.09000015258789,27.90999984741211,0.2738588179266124,-0.012958816400733486,0.06975851606668892,-0.020996784712303443,0.0004408649682548196,0.00027011432855636355
2022-11-10,3956.3701171875,23.530000686645508,26.18000030517578,0.3071539310515106,-0.07185392418505554,0.11262216494682405,0.05395251566479769,0.00291087394656024,0.00021970671917203894
2022-11-11,3992.929931640625,22.520000457763672,25.739999771118164,0.302867292798707,-0.07766728822107027,0.14298398081268296,0.009198312304769028,8.46089492560653e-05,0.0002012501669117762
2022-11-14,3957.25,23.729999542236328,26.1299991607666,0.29759193919958216,-0.06029194377721889,0.101137786128423,-0.008975940544918012,8.056750866590305e-05,0.00022345749137878425
2022-11-15,3991.72998046875,24.540000915527344,26.59000015258789,0.28653693613927,-0.04113692698399657,0.08353704810839833,0.008675376414669186,7.526215593619839e-05,0.0002389728749738424
2022-11-16,3958.7900390625,24.11000061035156,26.030000686645508,0.2878204331802156,-0.046720427076700016,0.07963500736991282,-0.008286283111873759,6.866248781012426e-05,0.00023067147993299705
2022-11-17,3946.56005859375,23.93000030517578,25.82999992370605,0.286003500232353,-0.04670349718059519,0.07939822792728181,-0.0030941046442292835,9.57348354944122e-06,0.00022724004547845753
2022-11-18,3965.340087890625,23.1200008392334,25.32999992370605,0.2713963996654515,-0.0401963912731175,0.09558819222542601,0.00474729564815821,2.2536815971021876e-05,0.00021211684079609249
2022-11-21,3949.93994140625,22.36000061035156,24.71999931335449,0.2703924619709509,-0.0467924558674353,0.10554555628725558,-0.003891249800275618,1.5141825008145038e-05,0.00019840064575195324
2022-11-22,4003.580078125,21.290000915527344,23.82999992370605,0.27049706020687597,-0.05759705105160254,0.11930478623541162,0.01348860626982839,0.00018194249910245377,0.00017986672181871237
2022-11-23,4027.260009765625,20.350000381469727,23.3799991607666,0.2697582906450425,-0.06625828683034521,0.14889428611784827,0.0058972660417383116,3.477774676703985e-05,0.0001643343315578643
2022-11-25,4026.1201171875,20.5,23.59000015258789,0.26200294936186475,-0.05700294936186476,0.1507317147603849,-0.0002830842622024787,8.013669950672172e-08,0.00016676587301587298
2022-11-28,3963.93994140625,22.209999084472656,24.899999618530277,0.2555333526916665,-0.03343336184693993,0.12111664317619178,-0.015564696794064813,0.00024225978629117148,0.00019574764259217312
2022-11-29,3957.6298828125,21.88999938964844,24.649999618530277,0.2465435962860622,-0.027643602389577804,0.12608498427766116,-0.0015931337016243704,2.5380749912513684e-06,0.00019014764812651152
2022-11-30,4080.110107421875,20.57999992370605,23.530000686645508,0.25848903076923646,-0.05268903153217594,0.1433430891096048,0.030478643521294944,0.0009289477108981743,0.00016806999875386552
2022-12-01,4076.570068359375,19.84000015258789,23.309999465942383,0.257122463207562,-0.058722461681683075,0.17489915759410277,-0.0008680098296065889,7.534410642936596e-07,0.0001562006373232887
2022-12-02,4071.699951171875,19.059999465942383,22.959999084472656,0.2552862236131055,-0.06468622895368167,0.20461698466986006,-0.001195374663761461,1.4289205867628261e-06,0.00014416015065147773
2022-12-05,3998.840087890625,20.75,23.88999938964844,0.2554460397671026,-0.04794603976710263,0.15132527179028632,-0.01805624963097222,0.00032602815073598437,0.0001708581349206349
2022-12-06,3941.260009765625,22.170000076293945,24.71999931335449,0.25813941698173387,-0.03643941621879443,0.11502026289062668,-0.014503869422986057,0.00021036222823902988,0.0001950432156281244
2022-12-07,3933.919921875,22.68000030517578,25.18000030517578,0.25435750743509666,-0.027557504383338843,0.11022927541272905,-0.001864107253381664,3.4748958521101314e-06,0.0002041200054931641
2022-12-08,3963.510009765625,22.290000915527344,24.729999542236328,0.2539246029913962,-0.031024593836122744,0.10946606220232441,0.007493634413933237,5.6154556729684534e-05,0.00019716037333897217
2022-12-09,3934.3798828125,22.82999992370605,25.209999084472656,0.25426723154308656,-0.025967232306026045,0.10424875903285828,-0.0073767194642132125,5.4415990053702066e-05,0.0002068289271890549
2022-12-12,3990.56005859375,25.0,25.670000076293945,0.24782830636668057,0.002171693633319427,0.026800003051757813,0.01417830729965003,0.0002010243978833093,0.000248015873015873
2022-12-13,4019.64990234375,22.549999237060547,24.290000915527344,0.24725300540869669,-0.021753013038091212,0.07716193957147162,0.007263223255457212,5.275441205861446e-05,0.00020178669269501243
2022-12-14,3995.320068359375,21.13999938964844,23.459999084472656,0.24768728076526367,-0.036287286868779245,0.1097445488082768,-0.006071116623835963,3.685845706021738e-05,0.00017734110087076844
2022-12-15,3895.75,22.82999992370605,25.07999992370605,0.24761080211017486,-0.019310802873114347,0.09855453383789377,-0.02523747790182607,0.0006369302908451592,0.0002068289271890549
2022-12-16,3852.360107421875,22.6200008392334,25.149999618530277,0.24784750092127408,-0.021647492528940104,0.11184786407738354,-0.011200239946011676,0.00012544537484823564,0.0002030414436376665
2022-12-19,3817.659912109375,22.420000076293945,25.07999992370605,0.24669787569457283,-0.022497874931633383,0.11864406058698851,-0.0090483289411038,8.187225662641663e-05,0.00019946682675437322
2022-12-20,3821.6201171875,21.479999542236328,24.399999618530277,0.24518146114156747,-0.030381465719204193,0.13594041613233393,0.001036800697890769,1.074955687146786e-06,0.00018309142076764796
2022-12-21,3878.43994140625,20.06999969482422,23.350000381469727,0.2483764341286775,-0.047676437180435294,0.16342803869057235,0.014758548669054294,0.00021781475881684428,0.0001598432094247001
2022-12-22,3822.389892578125,21.96999931335449,24.780000686645508,0.24421420411558697,-0.024514210982042095,0.12790175061967146,-0.014557142498145655,0.00021191039771131833,0.00019154002770983996
2022-12-23,3844.820068359375,20.8700008392334,24.1299991607666,0.18578695694243536,0.022913051449898636,0.1562049923546122,0.005850952271915072,3.4233642488228136e-05,0.0001728400535831757
2022-12-27,3829.25,21.649999618530277,24.43000030517578,0.1834506002676573,0.03304939591764547,0.12840650049093286,-0.004057844034659477,1.6466098209621504e-05,0.00018600098550887348
2022-12-28,3783.219970703125,22.13999938964844,24.57999992370605,0.18478768942585302,0.03661230447063138,0.11020779590438619,-0.012093470442948605,0.00014625202735447153,0.0001945157035609656
2022-12-29,3849.280029296875,21.440000534057617,23.950000762939453,0.190525052680058,0.023874952660518173,0.11707090328168042,0.01731063431499432,0.0002996580603874589,0.00018241016781761545
2022-12-30,3839.5,21.670000076293945,24.290000915527344,0.1893956499363299,0.027304350826609564,0.12090451453664587,-0.002543975646110833,6.471812088005032e-06,0.00018634480289943635
2023-01-03,3824.139892578125,22.899999618530277,24.57999992370605,0.1895011927886499,0.03949880339665285,0.07336245996337692,-0.004008572481273608,1.606865333762405e-05,0.00020809919941614554
2023-01-04,3852.969970703125,22.01000022888184,23.809999465942383,0.19040295572397095,0.02969704656484745,0.08178097311868986,0.007510694562138916,5.6410532805743085e-05,0.00019223813891880106
2023-01-05,3808.10009765625,22.459999084472656,24.06999969482422,0.19278500187778777,0.031814988966938795,0.07168302208278403,-0.011713869136457158,0.00013721473014604357,0.00020017919002956848
2023-01-06,3895.080078125,21.1299991607666,23.18000030517578,0.2004638259454339,0.010836165662232111,0.09701851518364212,0.02258383558903089,0.0005100296299123782,0.00017717335894206244
2023-01-09,3892.090087890625,21.96999931335449,23.739999771118164,0.19942344272931037,0.02027655040423451,0.08056442936198813,-0.0007679273259905782,5.897123780030398e-07,0.00019154002770983996
2023-01-10,3919.25,20.57999992370605,22.739999771118164,0.20079140845568508,0.005008590781375444,0.10495626119628963,0.006953997970593733,4.8358087775021755e-05,0.00016806999875386552
2023-01-11,3969.610107421875,21.09000015258789,22.739999771118164,0.1995935720485068,0.011306429477372093,0.07823611221395875,0.012767571192293676,0.00016301087415028737,0.00017650321683974495
2023-01-12,3983.169921875,18.82999992370605,21.57999992370605,0.19976284557888468,-0.011462846341824179,0.14604354812226442,0.0034100849120427303,1.1628679107341475e-05,0.00014070194330427374
2023-01-13,3999.090087890625,18.350000381469727,21.13999938964844,0.17851241789177125,0.00498758592292603,0.1520435395192756,0.003988892144656051,1.591126054169875e-05,0.00013362004523807109
2023-01-17,3990.969970703125,19.36000061035156,21.450000762939453,0.17855562603932967,0.015044380064185903,0.1079545499327307,-0.002032555430996314,4.131281580072611e-06,0.00014873397763206852
2023-01-18,3928.860107421875,20.34000015258789,22.270000457763672,0.18376224139687244,0.01963776012900645,0.09488693661244758,-0.01568496697774467,0.0002460181890929408,0.00016417285960606165
2023-01-19,3898.85009765625,20.520000457763672,22.450000762939453,0.17784836029001075,0.02735164428762596,0.09405459367061428,-0.007667671901812428,5.8793192393843815e-05,0.000167091436026437
2023-01-20,3972.610107421875,19.850000381469727,21.71999931335449,0.1817191899535672,0.01678081386113006,0.09420649349863157,0.01874167355235196,0.0003512503275429289,0.00015635814093029694
2023-01-23,4019.81005859375,19.809999465942383,21.600000381469727,0.1846266496330256,0.013473345026398215,0.09035845349742373,0.011811315951328555,0.00013950718450210837,0.00015572860271453868
2023-01-24,4016.949951171875,19.200000762939453,20.90999984741211,0.18353910458081255,0.008460903048581991,0.08906244877726043,-0.0007117563642918193,5.06597122109909e-07,0.0001462857259114586
2023-01-25,4016.219970703125,19.07999992370605,20.940000534057617,0.18205278268838665,0.008747216548673858,0.09748430910843968,-0.00018174157346566321,3.302999952577506e-08,0.00014446285598754876
2023-01-26,4060.429931640625,18.729999542236328,20.700000762939453,0.18020367861743158,0.007096316804931696,0.10517892519221655,0.010947708029114303,0.00011985231109073378,0.000139211461449275
2023-01-27,4070.56005859375,18.51000022888184,20.46999931335449,0.17919342576472586,0.005906576524092544,0.10588865803547587,0.002491734021703855,6.2087384349164674e-06,0.0001359603605052404
2023-01-30,4017.77001953125,19.940000534057617,21.3700008392334,0.18250332530523972,0.016896680035336453,0.07171515882024847,-0.013053569315292663,0.00017039567186915016,0.0001577792148008802
2023-01-31,4076.60009765625,19.399999618530277,20.809999465942383,0.17035724162240867,0.023642754562894108,0.07268040593492166,0.014536304416419527,0.00021130414608681785,0.00014934920047578372
2023-02-01,4119.2099609375,17.8700008392334,19.96999931335449,0.16783369918822735,0.010866309204106639,0.11751529801333672,0.01039805629688473,0.00010811957475318417,0.00012672100396595335
2023-02-02,4179.759765625,18.729999542236328,20.84000015258789,0.16801170052905037,0.019288294893312907,0.11265353240364427,0.014592384626854379,0.00021293768909805603,0.000139211461449275
2023-02-03,4136.47998046875,18.32999992370605,20.780000686645508,0.1724032995203638,0.010896699716696712,0.13366070775433497,-0.010408592637285455,0.00010833880068895298,0.00013332892746153327
2023-02-06,4111.080078125,19.43000030517578,21.43000030517578,0.17027178134743481,0.024028221704323005,0.10293360620623553,-0.006159393193939262,3.7938124517545304e-05,0.0001498114729599726
2023-02-07,4164.0,18.65999984741211,20.780000686645508,0.1656294399882814,0.020970558485839702,0.11361205019127661,0.012790364037397075,0.0001635934122091404,0.00013817285488310313
2023-02-08,4117.85986328125,19.6299991607666,21.81999969482422,0.17021621971910872,0.02608377188855729,0.11156396473182997,-0.011142573012411353,0.0001241569333369178,0.00015291145517924503
2023-02-09,4081.5,20.709999084472656,22.5,0.17233256344198125,0.0347674274027453,0.08643172354697973,-0.008869009831037385,7.86593353830378e-05,0.00017020002463446752
2023-02-10,4090.4599609375,20.530000686645508,22.549999237060547,0.16697997884993693,0.038320028016518154,0.09839252230171727,0.0021928557092171274,4.8086161614461505e-06,0.00016725433658478772
2023-02-13,4137.2900390625,20.34000015258789,21.96999931335449,0.16328616026172793,0.04011384126415096,0.08013761792225015,0.011383569951155146,0.00012958566483284236,0.00016417285960606165
2023-02-14,4136.1298828125,18.90999984741211,21.13999938964844,0.1628211177629382,0.026278880711182895,0.11792699948337196,-0.0002804538554937624,7.865436506131617e-08,0.00014190003739251032
2023-02-15,4147.60009765625,18.229999542236328,20.68000030517578,0.16165462170572373,0.020645373716639548,0.13439390150631372,0.002769337533076689,7.66923037210728e-06,0.00013187812829759392
2023-02-16,4090.409912109375,20.170000076293945,21.8799991607666,0.16790193572198675,0.0337980650409527,0.08477932959863692,-0.013884689204881605,0.0001927845943161558,0.00016144004090384831
2023-02-17,4079.090087890625,20.020000457763672,21.770000457763672,0.1635007036447872,0.03669930093284954,0.08741258541387083,-0.0027712421722827342,7.679783177438328e-06,0.00015904778505113401
2023-02-21,3997.340087890625,22.8700008392334,23.3799991607666,0.1644270455862449,0.06427296280608907,0.02229988206464352,-0.020244783973471698,0.0004098512781325365,0.0002075543406295779
2023-02-22,3991.050048828125,22.290000915527344,22.68000030517578,0.16451323309087038,0.05838677606440307,0.017496607161499114,-0.0015747954856433837,2.4799808216027806e-06,0.00019716037333897217
2023-02-23,4012.320068359375,21.13999938964844,21.739999771118164,0.16405166382571132,0.047348330070773104,0.028382232677051228,0.005315278263237728,2.825218301564748e-05,0.00017734110087076844
2023-02-24,3970.0400390625,21.670000076293945,22.43000030517578,0.16319052570232026,0.053509475060619205,0.03507153789598939,-0.010593464619774184,0.00011222149265040739,0.00018634480289943635
2023-02-27,3982.239990234375,20.950000762939453,21.59000015258789,0.16313152401923633,0.04636848361015819,0.030548895768089723,0.0030682925395522777,9.414419108272166e-06,0.0001741676714155411
2023-02-28,3970.14990234375,20.700000762939453,21.31999969482422,0.1629070469730937,0.044092960656300834,0.02995163811755938,-0.0030406198309477117,9.24536895635249e-06,0.0001700357268197198
2023-03-01,3951.389892578125,20.57999992370605,21.36000061035156,0.16335316520713555,0.04244683402992497,0.03790090814077346,-0.004736464203492832,2.243409315096899e-05,0.00016806999875386552
2023-03-02,3981.35009765625,19.59000015258789,20.6299991607666,0.15817712336588285,0.03772287815999606,0.05308825931996353,0.0075535937311959735,5.705677825596311e-05,0.00015228893094380698
2023-03-03,4045.639892578125,18.489999771118164,19.979999542236328,0.16246309536093867,0.022436902350242982,0.08058408813209292,0.01601874917648306,0.0002566003251790767,0.0001356667029904563
2023-03-06,4048.419921875,18.61000061035156,19.989999771118164,0.15374735467804226,0.03235265142547333,0.07415363328892098,0.0006869307788483012,4.718738949291336e-07,0.00013743338203066883
2023-03-07,3986.3701171875,19.59000015258789,20.59000015258789,0.15678753030233328,0.039112471223545636,0.051046451873962714,-0.015445590479262547,0.00023856626525308583,0.00015228893094380698
2023-03-08,3992.010009765625,19.11000061035156,20.190000534057617,0.15685749604382515,0.03424251005969045,0.05651490786039226,0.0014137941356032722,1.998813857866204e-06,0.00014491750925699882
2023-03-09,3918.320068359375,22.61000061035156,22.8700008392334,0.16569670878316436,0.06040329732035121,0.011499346389349645,-0.018631857945482354,0.0003471461305006339,0.00020286195539686422
2023-03-10,3861.590087890625,24.799999237060547,25.38999938964844,0.16645816421024773,0.08154182816035774,0.023790329465261092,-0.01458396943606664,0.0002126921645121259,0.00024406347704690622
2023-03-13,3855.760009765625,26.520000457763672,26.63999938964844,0.16599138546568026,0.09920861911195644,0.004524846523886079,-0.001510901840738768,2.282824372347797e-06,0.000279091438206264
2023-03-14,3919.2900390625,23.729999542236328,24.8700008392334,0.17048796313617706,0.06681203228618621,0.04804051070325625,0.016342388235363665,0.00026707365323535274,0.00022345749137878425
2023-03-15,3891.929931640625,26.13999938964844,27.200000762939453,0.1649615890468064,0.09643840484967797,0.04055093336041842,-0.007005363929353597,4.907512378268847e-05,0.00027115062225826223
2023-03-16,3960.280029296875,22.989999771118164,24.559999465942383,0.17053046821035214,0.05936952950082949,0.06829054851912505,0.017409576249031722,0.0003030933451708494,0.0002097381307444497
2023-03-17,3916.639892578125,25.51000022888184,27.420000076293945,0.1658948512412458,0.0892051510475726,0.07487259232752368,-0.011080621273953702,0.00012278016781679536,0.00025823813955458397
2023-03-20,3951.570068359375,24.149999618530277,25.850000381469727,0.16698340272562973,0.07451659345967304,0.07039340744482,0.008878869635940853,7.883432601203246e-05,0.00023143749268849702
2023-03-21,4002.8701171875,21.3799991607666,23.56999969482422,0.17146204172670018,0.04233794988096584,0.1024322086072099,0.012898647518559103,0.0001663751078080309,0.00018139062068030977
2023-03-22,3936.969970703125,22.26000022888184,24.3799991607666,0.1722436828129896,0.050356319475828804,0.09523804627522475,-0.016600248639842885,0.0002755682549046056,0.0001966300040435792
2023-03-23,3948.719970703125,22.61000061035156,24.530000686645508,0.1704907448367034,0.05560926126681218,0.08491817887943415,0.0029800838691824228,8.88089986736128e-06,0.00020286195539686422
2023-03-24,3970.989990234375,21.739999771118164,23.959999084472656,0.1701461675399783,0.047253830171203354,0.10211588485404616,0.005623963084303207,3.162896077360524e-05,0.00018755063097151503
2023-03-27,3977.530029296875,20.600000381469727,22.8700008392334,0.17006668015983284,0.03593332365486443,0.11019419493824867,0.0016455995637670831,2.7079979242704143e-06,0.00016839683163355273
2023-03-28,3971.27001953125,19.96999931335449,22.3799991607666,0.1660101411555827,0.033689851977962176,0.12068101804092099,-0.0015750832883878866,2.4808873653587986e-06,0.0001582543145140392
2023-03-29,4027.81005859375,19.1200008392334,21.489999771118164,0.1719801561636255,0.01921985222870848,0.12395391359092581,0.014136870775046802,0.00019985111531037238,0.0001450692190842404
2023-03-30,4050.830078125,19.020000457763672,21.450000762939453,0.17272901378085337,0.017470990796783353,0.12776026533605536,0.005698999199482652,3.2478591875703915e-05,0.000143555721195766
2023-03-31,4109.31005859375,18.700000762939453,21.229999542236328,0.17349524902967534,0.013504758599719197,0.1352940468489684,0.014333327782036555,0.00020544428530730094,0.00013876588433886354
2023-04-03,4124.509765625,18.549999237060547,20.82999992370605,0.1735596582166819,0.011940334153923565,0.12291109328405533,0.003692022565802823,1.363103062639726e-05,0.00013654859987894717
2023-04-04,4100.60009765625,19.0,21.34000015258789,0.1634084208183036,0.026591579181696412,0.12315790276778371,-0.005813839745162529,3.38007325824315e-05,0.00014325396825396825
2023-04-05,4090.3798828125,19.07999992370605,21.479999542236328,0.16354887181969524,0.027251127417365267,0.12578614403181335,-0.002495481657121423,6.227428701029484e-06,0.00014446285598754876
2023-04-06,4105.02001953125,18.399999618530277,21.0,0.16321026007172523,0.02078973611357754,0.14130437148766645,0.0035727731328032467,1.2764707858480725e-05,0.00013434920077853743
2023-04-10,4109.10986328125,18.96999931335449,21.06999969482422,0.15962075843057774,0.03007923470296714,0.11070113112715682,0.0009958070170100843,9.916316151265223e-07,0.00014280193410661497
2023-04-11,4108.93994140625,19.100000381469727,21.01000022888184,0.15955004468610715,0.03144995912859011,0.09999999001388189,-4.135333298352082e-05,1.7100981488459508e-09,0.00014476587879846972
2023-04-12,4091.949951171875,19.09000015258789,21.049999237060547,0.15982716179988127,0.031072839725997642,0.1026715070092314,-0.0041434563234613855,1.716823030443214e-05,0.00014461432770865307
2023-04-13,4146.22021484375,17.799999237060547,20.26000022888184,0.16263996967373304,0.015360022696872422,0.13820230883490373,0.013175510497831548,0.00017359407687846933,0.0001257301479521254
2023-04-14,4137.64013671875,17.06999969482422,20.030000686645508,0.1619715356450709,0.008728461303171287,0.17340369330637942,-0.0020715175845779886,4.291185103215824e-06,0.00011562892443702339
2023-04-17,4151.31982421875,16.950000762939453,19.649999618530277,0.15600166583109337,0.013498341798301172,0.15929196071154586,0.0033007035826147536,1.089464414028587e-05,0.00011400893883478099
2023-04-18,4154.8701171875,16.829999923706055,19.81999969482422,0.1560008103463573,0.01229918889070325,0.17765892957055643,0.0008548548034659753,7.307767350088513e-07,0.00011240035612378802
2023-04-19,4154.52001953125,16.459999084472656,20.020000457763672,0.14820235303225276,0.016397637812473803,0.216281990966166,-8.426554793962826e-05,7.1006825695657885e-09,0.00010751252772255582
2023-04-20,4129.7900390625,17.170000076293945,20.549999237060547,0.14972392470933168,0.021976076053607768,0.19685492986300304,-0.005970335188311131,3.56449022607861e-05,0.00011698765976981511
2023-04-21,4133.52001953125,16.770000457763672,20.38999938964844,0.1375253812775193,0.030174623300117442,0.21586158813781609,0.0009027812573008861,8.150139985337687e-07,0.00011160036323547372
2023-04-24,4137.0400390625,16.889999389648438,20.399999618530277,0.12854654001775648,0.04035345387872791,0.2078152963719497,0.0008512167782723126,7.245700036122954e-07,0.00011320320610409708
2023-04-25,4071.6298828125,18.76000022888184,21.649999618530277,0.13866161249440132,0.048938389794417086,0.15405113829365297,-0.01593718381857645,0.00025399382806709503,0.00013965778118557408
2023-04-26,4055.989990234375,18.84000015258789,21.540000915527344,0.1324917936000029,0.055908207925876,0.1433121412458469,-0.0038485835033448754,1.4811594982218314e-05,0.00014085143085298084
2023-04-27,4135.35009765625,17.030000686645508,20.3700008392334,0.1402311720797365,0.030068834786718568,0.1961244872530765,0.019377193402696356,0.0003754756241654992,0.00011508766801077241
2023-04-28,4169.47998046875,15.779999732971191,19.540000915527344,0.13385283537871587,0.023947161950996054,0.23827637808509566,0.008219331313243467,6.755740723686458e-05,9.881285379863925e-05
2023-05-01,4167.8701171875,16.079999923706055,19.670000076293945,0.12844809830398973,0.032351900933070804,0.22325871701624248,-0.0003861810485107871,1.491358022288909e-07,0.00010260571331205821
2023-05-02,4119.580078125,17.780000686645508,20.75,0.13270810659480636,0.04509190027164872,0.16704157472756723,-0.011653906680571788,0.00013581354091947575,0.00012544778746710904
2023-05-03,4090.75,18.34000015258789,21.290000915527344,0.13023005026041898,0.053169951265459925,0.16085064004338023,-0.007022908054892971,4.932123754748057e-05,0.00013347444666544597
2023-05-04,4061.219970703125,20.09000015258789,22.770000457763672,0.12197677728031078,0.07892322424556814,0.13339971552118468,-0.007244913455062742,5.2488770971349163e-05,0.00016016194687737363
2023-05-05,4136.25,17.190000534057617,20.780000686645508,0.13179260516766475,0.04010740017291142,0.20884235259185813,0.018306166381879797,0.0003351157276010661,0.00011726036442892904
2023-05-08,4138.1201171875,16.979999542236328,20.709999084472656,0.13125353171260506,0.03854646370975823,0.21967017919866644,0.0004520264848820656,2.043279430348363e-07,0.00011441285097394681
2023-05-09,4119.169921875,17.709999084472656,21.170000076293945,0.1323808412276024,0.04471914961712414,0.1953699136469671,-0.004589938949059595,2.10675395560943e-05,0.00012446193157619932
2023-05-10,4137.64013671875,16.940000534057617,20.690000534057617,0.13245318986357227,0.0369468154770039,0.22136953257236805,0.004473942241914432,2.0016159183986335e-05,0.00011387445162455252
2023-05-11,4130.6201171875,16.93000030517578,20.6200008392334,0.12702797884668948,0.04227202420506834,0.21795631822460884,-0.0016980648897067581,2.8834243696548246e-06,0.00011374004378303654
2023-05-12,4124.080078125,17.030000686645508,20.65999984741211,0.12635933500783186,0.043940671858623215,0.21315320108079353,-0.0015845615894390477,2.510835430725601e-06,0.00011508766801077241
2023-05-15,4136.27978515625,17.1200008392334,20.309999465942383,0.11974093248654383,0.05145907590579016,0.1863316863512389,0.002953797680316935,8.724920736245706e-06,0.00011630731299021916
2023-05-16,4109.89990234375,17.989999771118164,20.899999618530277,0.1207638510298613,0.05913614668132035,0.16175652498250379,-0.006398107681917463,4.093578190941125e-05,0.00012842860784318714
2023-05-17,4158.77001953125,16.8700008392334,20.049999237060547,0.12430028161224911,0.04439972678008487,0.18850019203506174,0.011820688622071574,0.00013972867949997236,0.00011293528901418077
2023-05-18,4198.0498046875,16.049999237060547,19.32999992370605,0.12659508172808154,0.03390491064252393,0.20436142321251693,0.009400723063727155,8.837359412089167e-05,0.0001022232045673191
2023-05-19,4191.97998046875,16.809999465942383,20.040000915527344,0.12649839061124712,0.0416016040481767,0.1921476235694743,-0.0014469138806754414,2.0935597780912654e-06,0.00011213336589086634
2023-05-22,4192.6298828125,17.209999084472656,20.36000061035156,0.12650470463240543,0.045595286212321146,0.18303321867814173,0.00015502267980239146,2.403203125311479e-08,0.00011753336051093243
2023-05-23,4145.580078125,18.530000686645508,21.059999465942383,0.13116632297204048,0.054133683894414614,0.13653527714762764,-0.011285468768284297,0.0001273618053199203,0.00013625433549487422
2023-05-24,4115.240234375,20.030000686645508,22.020000457763672,0.13243028420349792,0.06786972266295715,0.09935095870690337,-0.007345512678305211,5.395655650714259e-05,0.00015920671726469028
2023-05-25,4151.27978515625,19.13999938964844,21.3799991607666,0.12922411632456315,0.06217587757192125,0.1170323846681849,0.008719456079011883,7.602891431381727e-05,0.00014537284787132646
2023-05-26,4205.4501953125,17.950000762939453,20.440000534057617,0.13433560920379747,0.04516439842559705,0.13871864430552855,0.012964680931640788,0.00016808295165925024,0.00012785814578949482
2023-05-30,4205.52001953125,17.459999084472656,20.1299991607666,0.1340865031763612,0.04051348766836535,0.15292097458747303,1.660313066576836e-05,2.7566394790457767e-10,0.00012097284445626427
2023-05-31,4179.830078125,17.940000534057617,20.209999084472656,0.13541579139559726,0.04398421394497892,0.12653280283384793,-0.006127358186214099,3.754451834216494e-05,0.00012771572188967763
2023-06-01,4221.02001953125,15.649999618530272,18.75,0.138240140028914,0.018259856156388726,0.19808309629600213,0.009806215085853812,9.616185431002689e-05,9.719146351587209e-05
2023-06-02,4282.3701171875,14.600000381469728,17.920000076293945,0.14248416155798987,0.0035158422567073966,0.22739723343007234,0.014429812390107408,0.00020821948561369728,8.458730600750643e-05
2023-06-05,4273.7900390625,14.729999542236328,17.899999618530273,0.14278754752217804,0.004512447900185235,0.21520707228838595,-0.002005591490657713,4.022397227398627e-06,8.61003517913819e-05
2023-06-06,4283.85009765625,13.960000038146973,17.040000915527344,0.1428298758651442,-0.0032298754836744825,0.2206304347395407,0.002351130233850576,5.527813376526264e-06,7.733396867661249e-05
2023-06-07,4267.52001953125,13.9399995803833,17.139999389648438,0.13428580544317267,0.005114190360660326,0.22955522995626576,-0.003819293926420617,1.4587006096393412e-05,7.711253504011373e-05
2023-06-08,4293.93017578125,13.649999618530272,16.860000610351562,0.1339139635200634,0.002586032665239324,0.23516491439777193,0.00616957160752325,3.806361382035702e-05,7.393749586741135e-05
2023-06-09,4298.85986328125,13.829999923706056,16.959999084472656,0.1232372401513965,0.015062759085664068,0.22631953564955962,0.0011474010230505239,1.3165291076973887e-06,7.59003563054403e-05
2023-06-12,4338.93017578125,15.010000228881836,17.280000686645508,0.12379124767030394,0.026308754618514424,0.15123253985005267,0.00927797498175416,8.60808197620561e-05,8.940480431390191e-05
2023-06-13,4369.009765625,14.609999656677246,17.229999542236328,0.12471551784418289,0.021384478722589584,0.17932922293818512,0.006908570725908898,4.77283494748854e-05,8.470321030480526e-05
2023-06-14,4372.58984375,13.880000114440918,16.860000610351562,0.11829622269970372,0.020503778444705467,0.21469744029830493,0.0008190899801265841,6.70908395543768e-07,7.645015999082537e-05
2023-06-15,4425.83984375,14.5,17.18000030517578,0.11862628000543636,0.02637371999456363,0.18482760725350217,0.012104580493589997,0.00014652086892579945,8.343253968253968e-05
2023-06-16,4409.58984375,13.539999961853027,16.75,0.11647877647636255,0.018921223142167723,0.23707533583387586,-0.0036783764677510893,1.3530453438504981e-05,7.275063451070634e-05
2023-06-20,4388.7099609375,13.880000114440918,17.299999237060547,0.10861010058849682,0.030189900555912363,0.2463976292810993,-0.004746353835236048,2.2527874729259942e-05,7.645015999082537e-05
2023-06-21,4365.68994140625,13.199999809265137,16.889999389648438,0.11054991687649904,0.021450081216152328,0.2795454267956333,-0.005259086366925201,2.7657989414778507e-05,6.914285514468241e-05
2023-06-22,4381.89013671875,12.90999984741211,16.559999465942383,0.10899671872054174,0.020103279753579353,0.2827265423447653,0.0037039303873345254,1.3719100314220088e-05,6.613813335721456e-05
2023-06-23,4348.330078125,13.4399995803833,16.8700008392334,0.11230660890118492,0.022093386902648074,0.25520843496576034,-0.007688288056502158,5.910977323975373e-05,7.16799955240886e-05
2023-06-26,4328.81982421875,14.25,17.049999237060547,0.11332124606966845,0.029178753930331536,0.1964911745305647,-0.004496934363132171,2.0222418666318946e-05,8.058035714285714e-05
2023-06-27,4378.41015625,13.739999771118164,16.440000534057617,0.11638858976098532,0.02101140795019632,0.19650660901864966,0.01139073352418076,0.00012974881021889543,7.491571178981238e-05
2023-06-28,4376.85986328125,13.43000030517578,15.899999618530272,0.1165464947323282,0.017753508319429595,0.18391654930957677,-0.0003541393883898215,1.2541470640911684e-07,7.157337626865934e-05
2023-06-29,4396.43994140625,13.539999961853027,16.100000381469727,0.11406397533327786,0.021336024285252414,0.18906945545266812,0.00446356811449,1.9923440312691817e-05,7.275063451070634e-05
2023-06-30,4450.3798828125,13.59000015258789,16.020000457763672,0.11434132059849364,0.021558680927385276,0.17880796746812735,0.0121943502618858,0.00014870217830955426,7.328893021719798e-05
2023-07-03,4455.58984375,13.56999969482422,16.06999969482422,0.11234505680022513,0.02335494014801706,0.18422992308198294,0.0011699930926736418,1.368883836904033e-06,7.307336972917834e-05
2023-07-05,4446.81982421875,14.18000030517578,16.510000228881836,0.11249410531429586,0.029305897737461936,0.16431592902403488,-0.0019702580976127164,3.88191697120848e-06,7.979063835507349e-05
2023-07-06,4411.58984375,15.4399995803833,17.520000457763672,0.11602876940349834,0.038371226400334676,0.13471508639307456,-0.007954061175894762,6.326708918987637e-05,9.460062977866529e-05
2023-07-07,4398.9501953125,14.829999923706056,17.239999771118164,0.11026677363352969,0.03803322560353087,0.1625084194073173,-0.002869212795733482,8.232382067200745e-06,8.727337211790541e-05
2023-07-10,4409.52978515625,15.06999969482422,17.25,0.10666547716181414,0.04403451978642807,0.14465828462654176,0.002402138610626312,5.770269904661709e-06,9.01209884134929e-05
2023-07-11,4439.259765625,14.84000015258789,16.969999313354492,0.10577374263824413,0.04262625888763477,0.14353093927665217,0.006719583998254874,4.515280910960296e-05,8.739111290825739e-05
2023-07-12,4472.16015625,13.539999961853027,16.110000610351562,0.10202499114712796,0.03337500847140232,0.18980802479609576,0.007383905235389679,5.452205652521511e-05,7.275063451070634e-05
2023-07-13,4510.0400390625,13.609999656677246,16.1200008392334,0.10347413567248585,0.03262586089428661,0.18442330976288546,0.008434482989627111,7.114050330230909e-05,7.350479787887093e-05
2023-07-14,4505.419921875,13.34000015258789,16.040000915527344,0.10087415245899221,0.0325258490668867,0.20239885547644967,-0.001024932196907484,1.0504860082576014e-06,7.061730320279563e-05
2023-07-17,4522.7900390625,13.479999542236328,16.270000457763672,0.09857624798806089,0.0362237474343024,0.20697336871455735,0.0038479695744204137,1.480686984566522e-05,7.2107296689957e-05
2023-07-18,4554.97998046875,13.300000190734863,16.1299991607666,0.09285969038014466,0.04014031152720396,0.21278187439449747,0.007092066941428338,5.0297413501700704e-05,7.01944464577569e-05
2023-07-19,4565.72021484375,13.760000228881836,16.559999465942383,0.09205843411727355,0.04554156817154481,0.2034883132620471,0.002355134827233639,5.5466600544488215e-06,7.513397075350324e-05
2023-07-20,4534.8701171875,13.989999771118164,16.65999984741211,0.0956635527252147,0.04423644498596693,0.1908506161526937,-0.006779827396257691,4.596605952304634e-05,7.766670380789137e-05
2023-07-21,4536.33984375,13.600000381469728,16.399999618530273,0.09425506383637745,0.04174493997831984,0.20588229106784436,0.0003240420146130911,1.0500322723451074e-07,7.33968295142765e-05
2023-07-24,4554.64013671875,13.90999984741211,16.260000228881836,0.09364098364191344,0.04545901483220767,0.1689432356037684,0.004026038496874852,1.6208985978318317e-05,7.67809903789702e-05
2023-07-25,4567.4599609375,13.859999656677246,16.219999313354492,0.09363890534536734,0.044961091221405125,0.17027414972122915,0.0028107195758387046,7.900144534002907e-06,7.622999622344975e-05
2023-07-26,4566.75,13.1899995803833,15.789999961853027,0.09124624883593666,0.040653746967896365,0.19711906475998317,-0.00015545097867591856,2.4165006771300886e-08,6.903813052798084e-05
2023-07-27,4537.41015625,14.40999984741211,16.6299991607666,0.09282436590149368,0.051275632572627405,0.15405963475795467,-0.006445393055197076,4.1543091635982695e-05,8.240003793746706e-05
2023-07-28,4582.22998046875,13.329999923706056,15.920000076293944,0.09606857611861878,0.037231423118441784,0.19429858720267762,0.009829375810433848,9.661662882274207e-05,7.051146744682677e-05
2023-07-31,4588.9599609375,13.630000114440918,16.010000228881836,0.0907219505846972,0.04557805055971198,0.17461482717959184,0.0014676354365687912,2.1539537746724665e-06,7.372099330145216e-05
2023-08-01,4576.72998046875,13.93000030517578,16.34000015258789,0.09029571219406733,0.049004290857690466,0.173007881881859,-0.0026686453076827116,7.1216677782169545e-06,7.700194781833227e-05
2023-08-02,4513.39013671875,16.09000015258789,17.959999084472656,0.09909005692806334,0.061809944597815566,0.11622118795219513,-0.013936200638336184,0.00019421768823196185,0.00010273337496439617
2023-08-03,4501.89013671875,15.920000076293944,17.719999313354492,0.09792339738981926,0.061276603373120186,0.11306527816798698,-0.0025512254502915274,6.508751298215207e-06,0.00010057396921793619
2023-08-04,4478.02978515625,17.100000381469727,18.61000061035156,0.09925782517804384,0.07174217863665343,0.08830410498225086,-0.0053141693739379705,2.824039613490028e-05,0.00011603571946280348
2023-08-07,4518.43994140625,15.770000457763672,17.719999313354492,0.09874032622840173,0.05895967834923499,0.12365242859779521,0.008983618964856572,8.070540970573067e-05,9.86876644594708e-05
2023-08-08,4499.3798828125,15.989999771118164,18.1299991607666,0.09860621933948442,0.06129377837169721,0.133833609773641,-0.004227205100058866,1.7869262957963687e-05,0.00010146035423823767
2023-08-09,4467.7099609375,15.960000038146973,18.049999237060547,0.09666321971589238,0.06293678066557735,0.1309523304459987,-0.007063619102045116,4.989471481877666e-05,0.000101080000483195
2023-08-10,4468.830078125,15.850000381469728,18.15999984741211,0.09662325851588764,0.06187674529880964,0.14574128771902156,0.00025068252108086326,6.284172637545745e-08,9.969147305261529e-05
2023-08-11,4464.0498046875,14.84000015258789,17.559999465942383,0.09607640117704022,0.05232360034883868,0.183288361548983,-0.0010702648992294865,1.1454669545227028e-06,8.739111290825739e-05
2023-08-14,4489.72021484375,14.81999969482422,17.40999984741211,0.09093534340975384,0.057264653538488364,0.1747638465534131,0.005734004879419051,3.287881195720148e-05,8.715571069626588e-05
2023-08-15,4437.85986328125,16.459999084472656,18.59000015258789,0.09720139946197273,0.06739859138275384,0.1294046893431814,-0.011618139396096483,0.00013498116302712915,0.00010751252772255582
2023-08-16,4404.330078125,16.780000686645508,18.96999931335449,0.09945902794715161,0.06834097891930346,0.13051242771711613,-0.007584081792624527,5.751829663721886e-05,0.00011173350120786655
2023-08-17,4370.35986328125,17.889999389648438,19.82999992370605,0.09931991603399555,0.07958007786248882,0.10844050308800694,-0.0077428113775290805,5.995112802799378e-05,0.00012700479292127837
2023-08-18,4369.7099609375,17.299999237060547,19.239999771118164,0.0990240171753406,0.07397597519526489,0.1121387641394627,-0.00014871788395720285,2.2117009008708053e-08,0.00011876586254059347
2023-08-21,4399.77001953125,17.1299991607666,18.770000457763672,0.1008736204969551,0.07042637111071091,0.09573855092493051,0.006855634859799785,4.699972933090202e-05,0.00011644320287613669
2023-08-22,4387.5498046875,16.969999313354492,18.71999931335449,0.09905556199671008,0.07064443113683484,0.10312316268762833,-0.0027813310465456837,7.735802390478907e-06,0.00011427812567271902
2023-08-23,4436.009765625,15.979999542236328,17.940000534057617,0.10201649288684651,0.05778350253551677,0.12265338222575417,0.010984330710791359,0.00012065552116403419,0.00010133348625788621
2023-08-24,4376.31005859375,17.200000762939453,18.75,0.10555148943362593,0.0664485181957686,0.09011623071554181,-0.01354935398400801,0.00018358499338395375,0.00011739683581155466
2023-08-25,4405.7099609375,15.68000030517578,17.719999313354492,0.10788374363890671,0.048916259412851076,0.13010197503027685,0.006695501060295156,4.4829734448413566e-05,9.756444824218751e-05
2023-08-28,4433.31005859375,15.079999923706056,17.1200008392334,0.1089887812746909,0.041811217962369654,0.13527857598463383,0.006245078594196461,3.900100664769085e-05,9.024063400752963e-05
2023-08-29,4497.6298828125,14.449999809265137,16.559999465942383,0.11538436016311251,0.029115637929538862,0.14602073941373647,0.014404068712056505,0.00020747719546164513,8.28581327332391e-05
2023-08-30,4514.8701171875,13.880000114440918,16.18000030517578,0.11577008558564116,0.02302991555876803,0.1657060642486534,0.003825854181192944,1.4637160215751531e-05,7.645015999082537e-05
2023-08-31,4507.66015625,13.56999969482422,15.920000076293944,0.11424238123645888,0.021457615711783312,0.1731761558083192,-0.0015982129743398576,2.554284711348254e-06,7.307336972917834e-05
2023-09-01,4515.77001953125,13.09000015258789,15.739999771118164,0.11438091724782039,0.016519084278058524,0.2024445827073859,0.001797512765518541,3.231052142202113e-06,6.799527936299644e-05
2023-09-05,4496.830078125,14.010000228881836,16.239999771118164,0.11425571278646754,0.02584428950235082,0.15917198471125996,-0.004202997821381205,1.7665190686535156e-05,7.788893111637663e-05
2023-09-06,4465.47998046875,14.449999809265137,16.610000610351562,0.1153715746597871,0.029128423432864273,0.14948102626973486,-0.006996014491432261,4.89442187643302e-05,8.28581327332391e-05
2023-09-07,4451.14013671875,14.399999618530272,16.579999923706055,0.11557479608698626,0.02842520009831645,0.15138891409208827,-0.003216433115732967,1.0345441987983681e-05,8.22857099260603e-05
2023-09-08,4457.490234375,13.84000015258789,16.139999389648438,0.11451276277539663,0.023887238750482293,0.16618491414037148,0.0014256060622570594,2.0323526447440786e-06,7.601016040620352e-05
2023-09-11,4487.4599609375,13.800000190734863,16.020000457763672,0.11237773883829089,0.025622263069057738,0.16086958234386745,0.006700951498135517,4.490275098036464e-05,7.557143066042945e-05
2023-09-12,4461.89990234375,14.229999542236328,16.25,0.11310046608957892,0.029199529332784344,0.14195365584995773,-0.005712169023003997,3.262887494736644e-05,8.035432022700241e-05
2023-09-13,4467.43994140625,13.479999542236328,15.920000076293944,0.11314758718819905,0.02165240823416424,0.18100894784250268,0.0012408621175346041,1.5397387947324618e-06,7.2107296689957e-05
2023-09-14,4505.10009765625,12.81999969482422,15.34000015258789,0.10906542681736829,0.019134570130873926,0.19656790310073582,0.00839458553366625,7.046906628203867e-05,6.521920324416394e-05
2023-09-15,4450.31982421875,13.789999961853027,16.020000457763672,0.11446334073043075,0.023436658888099524,0.1617114214705907,-0.012234145842493929,0.00014967432449541147,7.546194402694702e-05
2023-09-18,4453.52978515625,14.0,16.1299991607666,0.11353724498306025,0.02646275501693976,0.1521427971976144,0.0007210276941755188,5.198809357680654e-07,7.77777777777778e-05
2023-09-19,4443.9501953125,14.109999656677246,16.1299991607666,0.11026501870182623,0.03083497786494624,0.14316084714668545,-0.0021533273615331264,4.636818725927216e-06,7.900479774263176e-05
2023-09-20,4402.2001953125,15.140000343322754,16.809999465942383,0.11277975339369227,0.03862025003953527,0.11030377045903796,-0.009439204206291041,8.909857604806249e-05,9.096016285548139e-05
2023-09-21,4330.0,17.540000915527344,18.239999771118164,0.12048334596816636,0.05491666318710707,0.03990871260281087,-0.016536918318488084,0.00027346966747234674,0.00012208398099869047
2023-09-22,4320.06005859375,17.200000762939453,18.09000015258789,0.12047188898423862,0.0515281186451559,0.051744148265743334,-0.0022982374027607495,5.281895159448475e-06,0.00011739683581155466
2023-09-25,4337.43994140625,16.899999618530273,18.020000457763672,0.12139131962302695,0.047608676562275784,0.06627224050380189,0.0040149942038066174,1.6120178456600735e-05,0.00011333729647076325
2023-09-26,4273.52978515625,18.940000534057617,19.71999931335449,0.12609223609313328,0.06330776924744289,0.041182616541868076,-0.014844165482264943,0.000220349248864866,0.0001423506429484535
2023-09-27,4274.509765625,18.21999931335449,19.11000061035156,0.12257577274982392,0.05962422038372095,0.04884749344335798,0.00022928777229479233,5.257288252390854e-08,0.00013173348213438014
2023-09-28,4299.7001953125,17.34000015258789,18.3799991607666,0.12273946153864859,0.0506605399872303,0.05997687422300843,0.005875877143000698,3.4525932199638044e-05,0.00011931571638561429
2023-09-29,4288.0498046875,17.520000457763672,18.51000022888184,0.12112273892267225,0.05407726565496446,0.0565068347746228,-0.002713259648289315,7.3617779190350574e-06,0.00012180572065080921
2023-10-02,4288.39013671875,17.610000610351562,18.6200008392334,0.12113247953308125,0.05496752657043437,0.0573537872729053,7.936440615299324e-05,6.298708964017272e-09,0.00012306036567324698
2023-10-03,4229.4501953125,19.780000686645508,20.40999984741211,0.12481874074186747,0.07298126612458761,0.031850310358783065,-0.013839395863449198,0.00019152887786525477,0.00015525731236654632
2023-10-04,4263.75,18.57999992370605,19.520000457763672,0.12764635627941365,0.058153642957646856,0.05059206339706615,0.008077047607828946,6.523869805913529e-05,0.0001369906337956019
2023-10-05,4258.18994140625,18.489999771118164,19.5,0.12252518699438841,0.06237481071679324,0.05462413420142283,-0.0013048811469951228,1.7027148077833073e-06,0.0001356667029904563
2023-10-06,4308.5,17.450000762939453,18.729999542236328,0.12259739761595828,0.05190261001343624,0.07335236236867987,0.011745642093961117,0.0001379601081994313,0.00012083433596293152
2023-10-09,4335.66015625,17.700000762939453,18.809999465942383,0.12239259014842259,0.054607417480971934,0.06271178842698487,0.006284068119387409,3.9489512129101206e-05,0.00012432143928891158
2023-10-10,4358.240234375,17.030000686645508,18.270000457763672,0.12192389302031,0.04837611384614508,0.07281266712399725,0.005194476099985354,2.6982581953319054e-05,0.00011508766801077241
2023-10-11,4376.9501953125,16.09000015258789,17.6299991607666,0.11442116846710702,0.04647883305877189,0.09571155957577912,0.004283819500095073,1.8351109509394805e-05,0.00010273337496439617
2023-10-12,4349.60986328125,16.690000534057617,18.09000015258789,0.11453245600587893,0.05236754933469724,0.08388253886951257,-0.006266024940654918,3.9263068556909464e-05,0.00011053814199477918
2023-10-13,4327.77978515625,19.31999969482422,20.56999969482422,0.11505603957068168,0.07814395737756051,0.06469979398265063,-0.005031495660219892,2.531594857881161e-05,0.00014811999532063808
2023-10-16,4373.6298828125,17.209999084472656,18.790000915527344,0.119829043779617,0.05227094706510957,0.09180720018051654,0.010538642302589985,0.00011106298158193914,0.00011753336051093243
2023-10-17,4373.2001953125,17.8799991607666,19.26000022888184,0.1194853570022757,0.059314634605390326,0.07718127141433662,-9.824987944376507e-05,9.65303881071437e-09,0.00012686284523373586
2023-10-18,4314.60009765625,19.21999931335449,20.46999931335449,0.1237569474747602,0.06844304565878469,0.06503642271888489,-0.013490408251151898,0.00018199111478274722,0.00014659062444656628
2023-10-19,4278.0,21.399999618530277,22.190000534057617,0.12547029828623985,0.08852969789906293,0.036915931290170574,-0.008519032328057976,7.25739118064969e-05,0.0001817301522512286
2023-10-20,4224.16015625,21.709999084472656,22.440000534057617,0.12937401672277068,0.08772597412195587,0.03362512576553123,-0.012665149196155915,0.00016040600416088882,0.00018703335724119187
2023-10-23,4217.0400390625,20.3700008392334,21.32999992370605,0.12684849019756386,0.07685151819477012,0.04712808271581697,-0.0016869920654349177,2.8459422288403698e-06,0.0001646575135676069
2023-10-24,4247.68017578125,18.96999931335449,20.209999084472656,0.12915180163620185,0.06054819149734303,0.06536635824995699,0.0072395235196288195,5.241070079125885e-05,0.00014280193410661497
2023-10-25,4186.77001953125,20.190000534057617,21.32999992370605,0.13401968876015427,0.0678803165804219,0.05646356411558383,-0.014443434657238052,0.0002086128046979053,0.00016176036570049479
2023-10-26,4137.22998046875,20.68000030517578,21.56999969482422,0.1330330660247686,0.0737669370269892,0.04303672033436522,-0.011903081205584871,0.0001416833421867478,0.00016970730659605966
2023-10-27,4117.3701171875,21.270000457763672,22.270000457763672,0.13018714909349371,0.082512855484143,0.047014573506273444,-0.00481183857862075,2.315379050670296e-05,0.00017952893629891539
2023-10-30,4166.81982421875,19.75,20.799999237060547,0.136570726680519,0.060929273319481,0.05316451833217959,0.011938474300285915,0.00014252716861858726,0.00015478670634920638
2023-10-31,4193.7998046875,18.13999938964844,19.489999771118164,0.13886537559768616,0.04253461829879826,0.07442119222121354,0.006454084821688244,4.1655210885546574e-05,0.00013057919756208168
2023-11-01,4237.85986328125,16.8700008392334,18.549999237060547,0.14146199275657628,0.0272380156357577,0.09958496231488571,0.010451194990191868,0.0001092274767230116,0.00011293528901418077
2023-11-02,4317.77978515625,15.65999984741211,17.799999237060547,0.1452075920906964,0.011392406383424702,0.13665385763091709,0.018682938934086474,0.00034905220721480427,9.731571238926479e-05
2023-11-03,4358.33984375,14.90999984741211,17.219999313354492,0.1475763202081284,0.0015236782659927006,0.1549295432315731,0.00934988354455146,8.742032229667416e-05,8.821749819437663e-05
2023-11-06,4365.97998046875,14.890000343322754,17.030000686645508,0.1472257855260451,0.001674217907182446,0.14372063760780315,0.0017514577241005862,3.0676041593116052e-06,8.798099612069513e-05
2023-11-07,4378.3798828125,14.8100004196167,16.920000076293945,0.14025993926564134,0.007840064930525636,0.14247127595502496,0.0028360934017119537,8.043425783234082e-06,8.703813985279634e-05
2023-11-08,4382.77978515625,14.449999809265137,16.639999389648438,0.1402501413080546,0.004249856784596773,0.15155706638688698,0.0010044110324198868,1.008841522046783e-06,8.28581327332391e-05
2023-11-09,4347.35009765625,15.289999961853027,17.299999237060547,0.14173430888810556,0.011165690730424699,0.13145842251290127,-0.008116690699068705,6.588066790434842e-05,9.277146779105776e-05
2023-11-10,4415.240234375,14.170000076293944,16.520000457763672,0.1479827390144906,-0.006282738251551179,0.16584335700895445,0.015495759270772258,0.00024011855537772438,7.967813577863902e-05
2023-11-13,4411.5498046875,14.760000228881836,16.610000610351562,0.1480546277683556,-0.00045462547953722954,0.12533877728875048,-0.0008361884413700847,6.992111094809315e-07,8.645143125261581e-05
2023-11-14,4495.7001953125,14.15999984741211,16.290000915527344,0.15003677005730262,-0.00843677158318154,0.15042380586639023,0.01889537047457725,0.0003570350253715257,7.956571257091704e-05
2023-11-15,4502.8798828125,14.18000030517578,16.280000686645508,0.14894063152323417,-0.007140628471476368,0.14809593344671626,0.0015957382078471765,2.5463804279833186e-06,7.979063835507349e-05
2023-11-16,4508.240234375,14.31999969482422,16.139999389648438,0.14866120478203065,-0.005461207833788451,0.12709495346442168,0.0011897193967137305,1.415432242916883e-06,8.137396478562133e-05
2023-11-17,4514.02001953125,13.800000190734863,15.850000381469728,0.14570448328935093,-0.007704481382002304,0.14855073640587396,0.0012812279371779871,1.64154502700536e-06,7.557143066042945e-05
2023-11-20,4547.3798828125,13.40999984741211,15.6899995803833,0.14604209243433908,-0.011942093960217975,0.17002235338661773,0.007363103793795633,5.421529747820764e-05,7.136035551888604e-05
2023-11-21,4538.18994140625,13.350000381469728,15.5,0.14599192604407457,-0.012491922229377284,0.16104865596217863,-0.002022975931757968,4.092431620472018e-06,7.072321832747694e-05
2023-11-22,4556.6201171875,12.850000381469728,15.479999542236328,0.14595311300351976,-0.01745310918882248,0.2046691893145136,0.004052905094313324,1.6426039703510897e-05,6.552480547768736e-05
2023-11-24,4559.33984375,12.460000038146973,15.119999885559082,0.14418961342873926,-0.019589613047269527,0.21348313316760628,0.0005966956096450322,3.5604565056965667e-07,6.160777815500896e-05
2023-11-27,4550.43017578125,12.6899995803833,15.34000015258789,0.1432384960800123,-0.01633850027617928,0.2088258991198916,-0.0019560693168983586,3.8262071725112116e-06,6.390321005957474e-05
2023-11-28,4554.89013671875,12.6899995803833,15.239999771118164,0.14075456272336004,-0.013854566919527023,0.20094564815248328,0.0009796385280502918,9.596916456405424e-07,6.390321005957474e-05
2023-11-29,4550.580078125,12.979999542236328,15.510000228881836,0.14085205698236564,-0.011052061560002352,0.19491531401160692,-0.0009466966151019382,8.962344810454673e-07,6.685729687160925e-05
2023-11-30,4567.7998046875,12.920000076293944,15.4399995803833,0.1337824203161933,-0.004582419553253864,0.19504640009353702,0.003776931264994605,1.4265209780493749e-05,6.624063570295061e-05
2023-12-01,4594.6298828125,12.630000114440918,15.359999656677246,0.13050044594496016,-0.004200444800550984,0.2161519807996593,0.005856558953846637,3.429928277988121e-05,6.330035828999111e-05
2023-12-04,4569.77978515625,13.079999923706056,15.68000030517578,0.12480911455577122,0.005990884681289346,0.19877678873357707,-0.005423188063826943,2.941096877563502e-05,6.789142777942479e-05
2023-12-05,4567.18017578125,12.850000381469728,15.56999969482422,0.12451547150975208,0.003984532304945207,0.21167309203172102,-0.0005690315939348026,3.2379695489598207e-07,6.552480547768736e-05
2023-12-06,4549.33984375,12.970000267028809,15.739999771118164,0.12514438172736575,0.004555620942922334,0.21356973377487154,-0.003913851944943747,1.531823704693995e-05,6.675432814552673e-05
2023-12-07,4585.58984375,13.0600004196167,15.649999618530272,0.11559025476359042,0.015009749432576575,0.19831539936425108,0.007936610684821922,6.298978916242949e-05,6.768397260332871e-05
2023-12-08,4604.3701171875,12.350000381469728,15.15999984741211,0.10657468962554852,0.016925314189148763,0.22753031410092744,0.0040871341465037936,1.670466553151729e-05,6.0524805326310485e-05
2023-12-11,4622.43994140625,12.630000114440918,15.1899995803833,0.10357247325334848,0.022727527891060695,0.2026919590456159,0.003916813547781492,1.5341428368084637e-05,6.330035828999111e-05
2023-12-12,4643.7001953125,12.06999969482422,14.829999923706056,0.10074091951529007,0.019959077432952138,0.22866613907748162,0.0045888127956924,2.1057202873910303e-05,5.781146533057809e-05
2023-12-13,4707.08984375,12.1899995803833,14.65999984741211,0.10451600792202985,0.017383987881803162,0.2026251314236011,0.01355834517501981,0.00018382872388498296,5.896670228958137e-05
2023-12-14,4719.5498046875,12.479999542236328,14.789999961853027,0.10266332876183093,0.02213666666053235,0.18509619425857474,0.002643565185154432,6.988436888160587e-06,6.180570975167419e-05
2023-12-15,4719.18994140625,12.279999732971191,15.130000114440918,0.09259948174939849,0.030200515580313433,0.23208472666474222,-7.625240044859478e-05,5.814428574172857e-09,5.984063231816371e-05
2023-12-18,4740.56005859375,12.5600004196167,15.470000267028809,0.090743938221827,0.03485606597433999,0.23168787820000053,0.004518122263400515,2.0413428787035395e-05,6.260063910348081e-05
2023-12-19,4768.3701171875,12.529999732971191,15.640000343322754,0.09110811849709559,0.03419187883261633,0.2482043636575641,0.005849267450818904,3.421392971120948e-05,6.230194178899133e-05
2023-12-20,4698.35009765625,13.670000076293944,16.579999923706055,0.1046077077991021,0.032092292963837324,0.21287489620856223,-0.014793147965305628,0.00021883722672342605,7.415432622455412e-05
2023-12-21,4746.75,13.649999618530272,16.299999237060547,0.10697786310598627,0.029522133079316462,0.19413917161820457,0.010248769307271876,0.00010503727231367805,7.393749586741135e-05
2023-12-22,4754.6298828125,13.029999732971191,15.989999771118164,0.10205996359646524,0.028240033733246683,0.22716808125920143,0.0016586821527610754,2.7512264838881154e-06,6.737337025445609e-05
2023-12-26,4774.75,12.989999771118164,15.880000114440918,0.09504029745727839,0.03485970025390324,0.2224788602189472,0.004222761046978559,1.7831710859879457e-05,6.696035478319442e-05
2023-12-27,4781.580078125,12.43000030517578,15.270000457763672,0.09455215091750332,0.029747852134254474,0.22847949178290308,0.0014294356164229985,2.0432861814985976e-06,6.131147126455158e-05
2023-12-28,4783.35009765625,12.470000267028809,15.229999542236328,0.08126365640764047,0.04343634626264761,0.22133113200527113,0.0003701061103271183,1.3697853290146908e-07,6.170670899194387e-05
2023-12-29,4769.830078125,12.449999809265137,15.260000228881836,0.08249015708985159,0.04200984100279978,0.22570284840691576,-0.0028304770367338357,8.011600255477556e-06,6.150892668678649e-05
2024-01-02,4742.830078125,13.199999809265137,15.479999542236328,0.08536851321734676,0.04663148487530461,0.17272725499365915,-0.005676660799723162,3.222447783511361e-05,6.914285514468241e-05
2024-01-03,4704.81005859375,14.039999961853027,16.040000915527344,0.08991883700458791,0.050481162613942365,0.14245021076270376,-0.008048618327197648,6.478025697690186e-05,7.822285671779088e-05
2024-01-04,4688.68017578125,14.130000114440918,16.040000915527344,0.08911759144566302,0.05218240969874617,0.13517344554968524,-0.003434271663317429,1.179422185746506e-05,7.922892985480173e-05
2024-01-05,4697.240234375,13.350000381469728,15.510000228881836,0.08867250075982022,0.044827503054877066,0.1617977367558928,0.0018240216394339805,3.327054941123426e-06,7.072321832747694e-05
2024-01-08,4763.5400390625,13.079999923706056,15.140000343322754,0.09591434360835073,0.034885655628709836,0.1574923877394811,0.014015945436353141,0.00019644672647482845,6.789142777942479e-05
2024-01-09,4756.5,12.760000228881836,14.899999618530272,0.09626852513865618,0.03133147715016217,0.16771154790456966,-0.0014789938523175842,2.187422815193208e-06,6.461016104804146e-05
2024-01-10,4783.4501953125,12.6899995803833,14.729999542236328,0.09648046999015883,0.030419525813674186,0.16075650349165804,0.005649980650495912,3.192228135097821e-05,6.390321005957474e-05
2024-01-11,4780.240234375,12.4399995803833,14.5600004196167,0.09670072697384269,0.027699268829990326,0.17041807964177416,-0.0006712808369611647,4.5061796207128175e-07,6.141015458727647e-05
2024-01-12,4783.830078125,12.699999809265137,14.9399995803833,0.09643558134214654,0.030564416750504822,0.17637793738264457,0.0007506937530339595,5.635411108442114e-07,6.400396633148195e-05
2024-01-16,4765.97998046875,13.84000015258789,15.739999771118164,0.09746058648991969,0.04093941503595923,0.137283207917812,-0.0037383190523568345,1.3975029337214101e-05,7.601016040620352e-05
2024-01-17,4739.2099609375,14.789999961853027,16.3799991607666,0.09859345114799459,0.0493065484705357,0.1075050171071376,-0.005632731271107821,3.172766157251593e-05,8.68032138379415e-05
2024-01-18,4780.93994140625,14.130000114440918,15.84000015258789,0.09909559016284711,0.04220441098156208,0.12101910999981845,0.008766720726243148,7.685539229194118e-05,7.922892985480173e-05
2024-01-19,4839.81005859375,13.300000190734863,15.260000228881836,0.10361449140766224,0.02938551049968638,0.14736842180741933,0.012238308232548512,0.00014977618839486466,7.01944464577569e-05
2024-01-22,4850.43017578125,13.1899995803833,14.970000267028809,0.10212111597455102,0.029778879829282,0.13495077659386712,0.0021919211872316853,4.804518491035161e-06,6.903813052798084e-05
2024-01-23,4864.60009765625,12.550000190734863,14.520000457763672,0.10066955861621829,0.02483044329113035,0.1569721304453188,0.002917115340764486,8.509561911323504e-06,6.250099396327188e-05
2024-01-24,4868.5498046875,13.140000343322754,14.970000267028809,0.10051815083385618,0.030881852599371373,0.13926939694761808,0.0008115989762168653,6.58692898196264e-07,6.851571786608021e-05
2024-01-25,4894.16015625,13.449999809265137,15.100000381469728,0.10082803894430921,0.03367195914834216,0.12267662420842385,0.00524657813497798,2.752658212642902e-05,7.17867043131874e-05
2024-01-26,4890.97021484375,13.260000228881836,15.029999732971191,0.10075947295400975,0.031840529334808604,0.13348412319285552,-0.0006519977554263648,4.251010730810178e-07,6.9772859551566e-05
2024-01-29,4927.93017578125,13.600000381469728,15.220000267028809,0.09601174106412633,0.03998826275057096,0.11911763530289031,0.007528365505246204,5.667628718058093e-05,7.33968295142765e-05
2024-01-30,4924.97021484375,13.3100004196167,15.140000343322754,0.09614462776914659,0.0369553764270204,0.13749059849832485,-0.0006008303969786162,3.6099716593348156e-07,7.030004411515742e-05
2024-01-31,4845.64990234375,14.350000381469728,15.960000038146973,0.10889379143465847,0.03460621238003883,0.11219509504377784,-0.016236851740733683,0.0002636353544505664,8.17152821222942e-05
2024-02-01,4906.18994140625,13.880000114440918,15.5,0.11349467563577662,0.02530532550863257,0.11671468819900187,0.012416286114049784,0.0001541641608659455,7.645015999082537e-05
2024-02-02,4958.60986328125,13.850000381469728,15.609999656677246,0.11603251533543814,0.022467488479259154,0.12707575644274105,0.01062777072263312,0.00011294951053285771,7.612004387567922e-05
2024-02-05,4942.81005859375,13.670000076293944,15.329999923706056,0.10652939233217561,0.030170608430763815,0.12143378479498541,-0.0031914247092839714,1.0185191675028281e-05,7.415432622455412e-05
2024-02-06,4954.22998046875,13.0600004196167,14.989999771118164,0.10342691436846263,0.02717308982770436,0.14777942492272209,0.0023077459317481074,5.32569128549994e-06,6.768397260332871e-05
2024-02-07,4995.06005859375,12.829999923706056,14.850000381469728,0.10527998313744823,0.023020016099612337,0.15744352843146217,0.008207682594008628,6.73660535639922e-05,6.532099128662596e-05
2024-02-08,4997.91015625,12.789999961853027,14.93000030517578,0.10503457779988035,0.022865421818649923,0.16731824469940865,0.000570420540090595,3.2537959255724616e-07,6.491432500960335e-05
2024-02-09,5026.60986328125,12.93000030517578,15.079999923706056,0.10573725592899529,0.023562747122762503,0.16627993563694263,0.0057259171287955156,3.278612696583388e-05,6.63432174173991e-05
2024-02-12,5021.83984375,13.93000030517578,15.670000076293944,0.10594671409387021,0.033353288957887584,0.12491024644641653,-0.0009494041426524416,9.013682260856176e-07,7.700194781833227e-05
2024-02-13,4953.169921875,15.850000381469728,16.81999969482422,0.11435068125512445,0.04414932255957284,0.061198693375964765,-0.013768609419845444,0.0001895746053562567,9.969147305261529e-05
2024-02-14,5000.6201171875,14.380000114440918,15.93000030517578,0.11483283158645177,0.028967169557957417,0.10778860767729029,0.009534168304216807,9.090036525313239e-05,8.205730289338129e-05
2024-02-15,5029.72998046875,14.010000228881836,15.760000228881836,0.11151717189465495,0.028582830394163414,0.12491077597503157,0.00580437267404004,3.3690742139142726e-05,7.788893111637663e-05
2024-02-16,5005.56982421875,14.239999771118164,15.859999656677246,0.11219591781467339,0.03020407989650825,0.1137640387357868,-0.0048150435759610425,2.3184644638403703e-05,8.046729900057355e-05
2024-02-20,4975.509765625,15.420000076293944,16.40999984741211,0.11468987114167502,0.03951012962126442,0.06420231946951477,-0.0060234264658172495,3.628166638910768e-05,9.435571521940684e-05
2024-02-21,4981.7998046875,15.34000015258789,16.229999542236328,0.10880559480710827,0.04459440671877063,0.05801821256815912,0.0012634014951035982,1.5961833378300075e-06,9.337920820690337e-05
2024-02-22,5087.02978515625,14.539999961853027,15.770000457763672,0.12202640563007025,0.023373593988460034,0.08459425716214988,0.02090288866640342,0.0004369307546000565,8.389349162328812e-05
2024-02-23,5088.7998046875,13.75,15.25,0.12170584341345733,0.01579415658654268,0.10909090909090909,0.000347887026502183,1.2102538320853056e-07,7.50248015873016e-05
2024-02-26,5069.52978515625,13.739999771118164,15.220000267028809,0.12264824058401262,0.014751757127169016,0.10771473948796156,-0.003793939244668484,1.4393974992235665e-05,7.491571178981238e-05
2024-02-27,5078.18017578125,13.43000030517578,14.890000343322754,0.12259775029879265,0.011702252752965145,0.10871183953616932,0.001704895538720964,2.906668797950646e-06,7.157337626865934e-05
2024-02-28,5069.759765625,13.84000015258789,15.220000267028809,0.12189972050164218,0.016500281024236743,0.09971098982848471,-0.001659531321112244,2.7540442057525498e-06,7.601016040620352e-05
2024-02-29,5096.27001953125,13.399999618530272,14.93000030517578,0.11999083676540141,0.014009159419901315,0.11417915897025377,0.0052154704557999644,2.720113207532229e-05,7.125396419706804e-05
2024-03-01,5137.080078125,13.109999656677246,14.93000030517578,0.1196488469791315,0.011451149587640957,0.1388253772814984,0.007975936433387976,6.361556198944571e-05,6.820321071352283e-05
2024-03-04,5130.9501953125,13.489999771118164,15.229999542236328,0.11633378416368143,0.01856621354750021,0.12898441813494102,-0.0011939745749630112,1.4255752856581033e-06,7.221432294633655e-05
2024-03-05,5078.64990234375,14.460000038146973,15.90999984741211,0.12157310427539736,0.023026896106072364,0.10027661171783454,-0.010245406275917994,0.00010496834975861981,8.297285758063906e-05
2024-03-06,5104.759765625,14.5,15.970000267028809,0.12196012840297184,0.023039871597028153,0.10137932876060748,0.005127932853001643,2.6295695344893574e-05,8.343253968253968e-05
2024-03-07,5157.35986328125,14.4399995803833,15.90999984741211,0.12446855082468873,0.019931444979144272,0.1018005754671766,0.010251402284983627,0.00010509124880856753,8.274348725455154e-05
2024-03-08,5123.68994140625,14.739999771118164,16.299999237060547,0.12641020547343637,0.020989792237745275,0.10583442945494989,-0.006549922992050337,4.2901491201789646e-05,8.621729890974744e-05
2024-03-11,5117.93994140625,15.220000267028809,16.459999084472656,0.1264881028362409,0.025711899834047175,0.08147166857349311,-0.0011228682680281005,1.2608331473444262e-06,9.192397147950674e-05
2024-03-12,5175.27001953125,13.84000015258789,15.65999984741211,0.1283992180553477,0.01000078347053121,0.13150286667330013,0.011139512586668012,0.00012408874066853506,7.601016040620352e-05
2024-03-13,5165.31005859375,13.75,15.600000381469728,0.12865677796732278,0.008843222032677234,0.13454548228870752,-0.0019263840021219723,3.710955323631467e-06,7.50248015873016e-05
2024-03-14,5150.47998046875,14.399999618530272,16.1200008392334,0.11795328430271901,0.0260467118825837,0.11944453237969445,-0.002875221051495188,8.266896094961095e-06,8.22857099260603e-05
2024-03-15,5117.08984375,14.40999984741211,16.40999984741211,0.11621507783855346,0.02788492063556762,0.13879250667439666,-0.0065040228597376655,4.230231335999012e-05,8.240003793746706e-05
2024-03-18,5149.419921875,14.329999923706056,16.219999313354492,0.11388274926586232,0.029417249971198253,0.1318910955834562,0.006298184238480456,3.9667124701843644e-05,8.148765786246652e-05
2024-03-19,5178.509765625,13.81999969482422,15.770000457763672,0.11375825541397334,0.024441741534268854,0.1410999136034535,0.00563325304434312,3.173353986160103e-05,7.579063157338948e-05
2024-03-20,5224.6201171875,13.039999961853027,15.279999732971191,0.11570707884843555,0.014692920770094722,0.1717791240545259,0.008864765516360184,7.858406766004864e-05,6.74768250020345e-05
2024-03-21,5241.52978515625,12.920000076293944,15.18000030517578,0.11419061002668227,0.015009390736257178,0.1749226173015712,0.003231309094528888,1.0441358464385103e-05,6.624063570295061e-05
2024-03-22,5234.18017578125,13.0600004196167,15.300000190734863,0.11448893258072622,0.016111071615440772,0.17151605659626054,-0.0014031718343267125,1.968891196647791e-06,6.768397260332871e-05
2024-03-25,5218.18994140625,13.1899995803833,15.380000114440918,0.11452901123430563,0.01737098456952739,0.16603492067692513,-0.0030596403820319297,9.361399267360494e-06,6.903813052798084e-05
2024-03-26,5203.580078125,13.239999771118164,15.289999961853027,0.11496327761019416,0.01743672010098747,0.15483385394059818,-0.002803721982805726,7.860856956868071e-06,6.95625372774639e-05
2024-03-27,5248.490234375,12.779999732971191,15.010000228881836,0.10772908367605885,0.020070913653653072,0.17449143525077343,0.008593595582706042,7.38498850391048e-05,6.481285443442213e-05
2024-03-28,5254.35009765625,13.010000228881836,15.1899995803833,0.10530139905724496,0.024798603231573388,0.167563359965354,0.0011158627007616052,1.2451495669509838e-06,6.716670871250215e-05
2024-04-01,5243.77001953125,13.649999618530272,15.520000457763672,0.10505919104830946,0.031440805136993266,0.13699640230720736,-0.0020156145269577246,4.062701921283012e-06,7.393749586741135e-05
2024-04-02,5205.81005859375,14.609999656677246,16.09000015258789,0.10654612204246847,0.039553874524304006,0.10130051544759866,-0.007265388203672426,5.2785865750062443e-05,8.470321030480526e-05
2024-04-03,5211.490234375,14.329999923706056,15.90999984741211,0.10426325552721996,0.039036743709840616,0.11025819484424881,0.001090527523337898,1.1892502791574896e-06,8.148765786246652e-05
2024-04-04,5147.2099609375,16.350000381469727,17.15999984741211,0.11184083330729418,0.05165917050740308,0.049541250583724494,-0.01241103561926225,0.0001540338051425963,0.00010608036209288103
2024-04-05,5204.33984375,16.030000686645508,17.18000030517578,0.09964340178608358,0.06065660508037149,0.07174045971740543,0.011038050135699558,0.00012183855079821704,0.00010196861984676803
2024-04-08,5202.39013671875,15.1899995803833,16.559999465942383,0.0996913650517554,0.052208630752077614,0.09019091003322541,-0.0003747011900415767,1.4040098181857375e-07,9.156193938573208e-05
2024-04-09,5209.91015625,14.979999542236328,16.420000076293945,0.09877488635630356,0.05102510906605971,0.09612820948341919,0.0014444494736345207,2.086434281883044e-06,8.904777233547642e-05
2024-04-10,5160.64013671875,15.800000190734863,17.040000915527344,0.10323150185796384,0.0547685000493848,0.07848105758375992,-0.009501981832212592,9.028765873969816e-05,9.906349445524672e-05
2024-04-11,5199.06005859375,14.90999984741211,16.489999771118164,0.10489190648901744,0.04420809198510364,0.1059691441901853,0.007417221983342437,5.5015181950178314e-05,8.821749819437663e-05
2024-04-12,5123.41015625,17.309999465942383,18.200000762939453,0.11317427005549474,0.05992572460392909,0.05141544335389252,-0.014657587802248536,0.00021484488018062509,0.00011890320694878
2024-04-15,5061.81982421875,19.229999542236328,19.549999237060547,0.11606777543335955,0.07623221998900373,0.01664065015297472,-0.012094195787459195,0.00014626957174539574,0.0001467432072993688
2024-04-16,5051.41015625,18.399999618530277,18.84000015258789,0.11614025012498078,0.067859746060322,0.023913072998898204,-0.0020586245275039964,4.237934945241053e-06,0.00013434920077853743
2024-04-17,5022.2099609375,18.209999084472656,18.770000457763672,0.11359138112760608,0.06850860971712047,0.03075241084270668,-0.005797375076004185,3.3609557771874535e-05,0.00013158891533987895
2024-04-18,5011.1201171875,18.0,18.65999984741211,0.11248936246516182,0.06751063753483817,0.036666658189561635,-0.0022106017004853043,4.886759878188519e-06,0.00012857142857142858
2024-04-19,4967.22998046875,18.709999084472656,19.25,0.11001698127753187,0.07708300956719469,0.028861621697004146,-0.008797129654056974,7.738949015028858e-05,0.00013891431180197128
2024-04-22,5010.60009765625,16.940000534057617,17.6299991607666,0.1124813188246897,0.05691868651588647,0.04073191292537166,0.00869335115683908,7.557435433611537e-05,0.00011387445162455252
2024-04-23,5070.5498046875,15.6899995803833,16.68000030517578,0.11827732770272721,0.0386226681011058,0.06309756222238823,0.01189356656772209,0.0001414569257008366,9.768892334620167e-05
2024-04-24,5071.6298828125,15.970000267028809,16.84000015258789,0.11321733725056737,0.04648266541972071,0.054477136569324805,0.00021298737793290078,4.536362315873231e-08,0.00010120670973369055
2024-04-25,5048.419921875,15.369999885559082,16.3700008392334,0.1137344239334029,0.03996557492218793,0.06506187125049165,-0.0045869342701194095,2.103996599839588e-05,9.374480019130406e-05
2024-04-26,5099.9599609375,15.029999732971191,16.270000457763672,0.1178296824265131,0.03247031490319882,0.08250171302879672,0.010157381332325343,0.00010317239553027136,8.96432111004421e-05
2024-04-29,5116.169921875,14.670000076293944,16.0,0.1167556671393737,0.02994433362356573,0.09066120768842231,0.0031734080766393944,1.0070518820880141e-05,8.540035803113661e-05
2024-04-30,5035.68994140625,15.649999618530272,16.59000015258789,0.12380344005182213,0.03269655613348059,0.06006393335272788,-0.015855551118928123,0.00025139850128494287,9.719146351587209e-05
2024-05-01,5018.39013671875,15.390000343322754,16.56999969482422,0.12252831826523797,0.03137168516798958,0.07667312054436894,-0.0034413534856316866,1.1842913813069359e-05,9.398893276487084e-05
2024-05-02,5064.2001953125,14.68000030517578,16.049999237060547,0.12268614340110061,0.024113859650657196,0.09332417598123224,0.009087024725084856,8.25740183543035e-05,8.551682895236549e-05
2024-05-03,5127.7900390625,13.489999771118164,15.270000457763672,0.12828311310866536,0.006616884602516276,0.13194964542968013,0.012478557659508005,0.0001557144012616659,7.221432294633655e-05
2024-05-06,5180.740234375,13.489999771118164,15.020000457763672,0.13215689510417727,0.0027431026070043607,0.1134173990070193,0.010273173691247842,0.0001055380976905468,7.221432294633655e-05
2024-05-07,5187.7001953125,13.229999542236328,14.949999809265137,0.1319860504200595,0.0003139450023037782,0.13000758326088868,0.0013425282288256131,1.802382045193638e-06,6.945749519348154e-05
2024-05-08,5187.669921875,13.0,14.899999618530272,0.13175447060248316,-0.0017544706024831547,0.1461538168100209,-5.835635193424912e-06,3.405463811073941e-11,6.706349206349208e-05
2024-05-09,5214.080078125,12.6899995803833,14.710000038146973,0.1301221315295228,-0.003222135725689773,0.15918049838916212,0.005078032639106711,2.5786415483833065e-05,6.390321005957474e-05
2024-05-10,5222.68017578125,12.550000190734863,14.65999984741211,0.13017870978436435,-0.004678707877015714,0.16812746012824525,0.001648040080166728,2.7160361058359554e-06,6.250099396327188e-05
2024-05-13,5221.419921875,13.600000381469728,14.890000343322754,0.1300653731180789,0.005934630696618398,0.09485293571099279,-0.00024133317386520824,5.824170080785483e-08,7.33968295142765e-05
2024-05-14,5246.68017578125,13.420000076293944,14.699999809265137,0.1290282051553145,0.005171795607624957,0.09538000936619047,0.004826148527454041,2.329170960904681e-05,7.146682620941646e-05
2024-05-15,5308.14990234375,12.449999809265137,14.079999923706056,0.13317947854052672,-0.008679480447875351,0.13092370597691846,0.01164782778729962,0.0001356718921625892,6.150892668678649e-05
2024-05-16,5297.10009765625,12.420000076293944,14.220000267028809,0.12765252975922356,-0.003452528996284121,0.14492755069869329,-0.0020838374740880464,4.34237861841365e-06,6.121285789489745e-05
2024-05-17,5303.27001953125,11.989999771118164,13.989999771118164,0.12403290806778694,-0.004132910356605304,0.16680567457704662,0.0011640956878937513,1.355118770572826e-06,5.704765655214826e-05
2024-05-20,5308.1298828125,12.149999618530272,14.109999656677246,0.12399867186350147,-0.002498675678198753,0.16131688063246757,0.0009159703084911664,8.390016060374026e-07,5.8580353464399105e-05
2024-05-21,5321.41015625,11.859999656677246,13.949999809265137,0.12409345187593722,-0.0054934553091647575,0.17622261493162936,0.0024987497668926086,6.243750397545866e-06,5.58172983557081e-05
2024-05-22,5307.009765625,12.289999961853027,14.3100004196167,0.12075487229512177,0.002145127323408505,0.16436130708165647,-0.0027097912093521476,7.342968398282174e-06,5.9938134548550565e-05
2024-05-23,5267.83984375,12.770000457763672,14.670000076293944,0.12147884812665401,0.006221156450982715,0.1487861824918843,-0.007408162283471933,5.4880868418256085e-05,6.471147289336682e-05
2024-05-24,5304.72021484375,11.93000030517578,14.170000076293944,0.11407390115098887,0.0052261019007689286,0.18776192068883266,0.0069766490766732595,4.8673632339045844e-05,5.647813781011674e-05
2024-05-28,5306.0400390625,12.920000076293944,14.720000267028809,0.10700263477399219,0.022197365988947254,0.13931889938898429,0.00024877090688591537,6.188696411284077e-08,6.624063570295061e-05
2024-05-29,5266.9501953125,14.279999732971191,15.449999809265137,0.10965972081508857,0.03314027651462334,0.08193277998405868,-0.007394317215742535,5.467592708702644e-05,8.091999697367353e-05
2024-05-30,5235.47998046875,14.470000267028809,15.59000015258789,0.10977256366980702,0.03492743900048108,0.07740151104980296,-0.005992957535754186,3.591554002535288e-05,8.308766179675153e-05
2024-05-31,5277.509765625,12.920000076293944,14.65999984741211,0.11084690203024176,0.01835309873269768,0.13467490409003763,0.007995824231928897,6.393320514790132e-05,6.624063570295061e-05
2024-06-03,5283.39990234375,13.109999656677246,14.800000190734863,0.10629895630195173,0.02480104026482073,0.12890927370824593,0.0011154602235352391,1.2442515102892856e-06,6.820321071352283e-05
2024-06-04,5291.33984375,13.15999984741211,14.880000114440918,0.10442439290452465,0.027175605569596445,0.1306991099522728,0.0015016810037827531,2.255045837121977e-06,6.872444285074871e-05
2024-06-05,5354.02978515625,12.630000114440918,14.539999961853027,0.10432799576511598,0.021972005379293197,0.151227223286265,0.011778015849957281,0.00013872165736184493,6.330035828999111e-05
2024-06-06,5352.9599609375,12.579999923706056,14.539999961853027,0.10438986615281466,0.0214101330842459,0.1558028656624631,-0.00019983660163685183,3.9934667353765815e-08,6.280015796843031e-05
2024-06-07,5346.990234375,12.220000267028809,14.40999984741211,0.103020307015834,0.019179695654454085,0.17921436436398547,-0.0011158420502790662,1.24510348117099e-06,5.925730417705721e-05
2024-06-10,5360.7900390625,12.739999771118164,14.600000381469728,0.10005021577554947,0.02734978193563216,0.14599691081378377,0.002577529978240972,6.643660788730906e-06,6.440777546352812e-05
2024-06-11,5375.31982421875,12.850000381469728,14.489999771118164,0.09999810762144903,0.02850189619324825,0.12762640785702914,0.0027067148552095224,7.326305307411906e-06,6.552480547768736e-05
2024-06-12,5421.02978515625,12.039999961853027,14.119999885559082,0.08700865860770497,0.033391341010825304,0.17275746929370675,0.008467720241887338,7.170228609486855e-05,5.752444407992893e-05
2024-06-13,5433.740234375,11.9399995803833,14.170000076293944,0.08519701425564155,0.03420298154819146,0.18676721727648962,0.00234191143711672,5.4845491792981e-06,5.657285316648944e-05
2024-06-14,5431.60009765625,12.65999984741211,14.84000015258789,0.08338496490970082,0.043215033564420274,0.17219591875598683,-0.00039393828099749413,1.5518736923526064e-07,6.360142703828359e-05
2024-06-17,5473.22998046875,12.75,14.789999961853027,0.07934882608607195,0.04815117391392805,0.15999999700808057,0.007635164372320518,5.829573499235257e-05,6.450892857142857e-05
2024-06-18,5487.02978515625,12.300000190734863,14.6899995803833,0.07556267203864342,0.04743732986870522,0.19430889045422423,0.0025181541815171163,6.341100481892138e-06,6.003571614764987e-05
2024-06-20,5473.169921875,13.279999732971191,15.40999984741211,0.07664284968117696,0.056157147648534966,0.1603915781076875,-0.0025291273954115403,6.396485382221161e-06,6.998348924909323e-05
2024-06-21,5464.6201171875,13.199999809265137,15.170000076293944,0.07709082116694856,0.05490917692570281,0.14924244662837458,-0.0015633517188252497,2.4440685967538627e-06,6.914285514468241e-05
2024-06-24,5447.8701171875,13.329999923706056,15.229999542236328,0.07763426068008611,0.05566573855697446,0.14253560610689237,-0.0030698791558664423,9.42415803162326e-06,7.051146744682677e-05
2024-06-25,5469.2998046875,12.84000015258789,14.859999656677246,0.07796168379129242,0.050438317734586485,0.1573208317822509,0.003925873679181344,1.541248414488886e-05,6.542285869780042e-05
2024-06-26,5477.89990234375,12.550000190734863,14.710000038146973,0.07777898534155078,0.04772101656579786,0.17211153901071224,0.0015711962247204525,2.468657576575803e-06,6.250099396327188e-05
2024-06-27,5482.8701171875,12.239999771118164,14.420000076293944,0.07719290999046687,0.04520708772071477,0.17810460342652681,0.0009069098567990731,8.224854883593153e-07,5.945142634800504e-05
2024-06-28,5460.47998046875,12.4399995803833,14.520000457763672,0.07249174919119665,0.05190824661263636,0.16720264851618927,-0.0040920134623695995,1.674457417621404e-05,6.141015458727647e-05
2024-07-01,5475.08984375,12.220000267028809,14.1899995803833,0.07207536089043425,0.050124641779853846,0.16121106958318268,0.0026719909814295235,7.139535804840708e-06,5.925730417705721e-05
2024-07-02,5509.009765625,12.029999732971191,14.010000228881836,0.07356165138082081,0.046738345948891105,0.16458857355449172,0.0061762057711850496,3.8145517728019515e-05,5.7428926021939264e-05
2024-07-03,5537.02001953125,12.09000015258789,14.020000457763672,0.07437002365726582,0.046529977868613084,0.15963608608910237,0.0050715622695336636,2.5720743853757444e-05,5.800321574983143e-05
2024-07-05,5567.18994140625,12.479999542236328,14.350000381469728,0.0752260050767167,0.04957399034564658,0.14983981633210133,0.00543397436096954,2.952807735567432e-05,6.180570975167419e-05
2024-07-08,5572.85009765625,12.369999885559082,14.289999961853027,0.07417975012691065,0.049520248728680175,0.15521423557451938,0.0010161824764044329,1.0326268253514457e-06,6.072099093997291e-05
2024-07-09,5576.97998046875,12.510000228881836,14.390000343322754,0.06914138469855109,0.055958617590267254,0.15027978257750643,0.0007407974780654752,5.487809035081682e-07,6.210321655818394e-05
2024-07-10,5633.91015625,12.850000381469728,14.5,0.0717352441603296,0.05676475965436768,0.12840463576247393,0.010156314878105886,0.00010315073190323499,6.552480547768736e-05
2024-07-11,5584.5400390625,12.920000076293944,14.670000076293944,0.07816984638748917,0.051030154375450276,0.1354489156088288,-0.008801649969266724,7.746904218149293e-05,6.624063570295061e-05
2024-07-12,5615.35009765625,12.460000038146973,14.369999885559082,0.07394656373163985,0.05065343664982988,0.1532905169794976,0.00550186402496512,3.027050774920539e-05,6.160777815500896e-05
2024-07-15,5631.22021484375,13.119999885559082,14.869999885559082,0.06982554375384188,0.06137445510174895,0.1333841475049241,0.0028222164233526843,7.964905540241618e-06,6.830730039566283e-05
2024-07-16,5667.2001953125,13.1899995803833,14.90999984741211,0.06885090839694842,0.0630490874068846,0.13040184395357088,0.0063690499714532745,4.056479753886896e-05,6.903813052798084e-05
2024-07-17,5588.27001953125,14.479999542236328,15.789999961853027,0.08365090958479802,0.061149085837565245,0.09046964509878565,-0.014025441523645543,0.0001967130099332006,8.320253442189056e-05
2024-07-18,5544.58984375,15.93000030517578,16.559999465942383,0.08826934171124884,0.07103066134050895,0.03954796915866422,-0.007847112145350072,6.157716902170062e-05,0.00010070036100115096
2024-07-19,5505.0,16.520000457763672,17.15999984741211,0.08626333137048116,0.07893667320715557,0.038740882077134935,-0.007165879226406085,5.134982508743827e-05,0.00010829778377956824
2024-07-22,5564.41015625,14.90999984741211,16.09000015258789,0.09072761849209861,0.05837237998202248,0.07914153703902223,0.010734217246220293,0.00011522341988905318,8.821749819437663e-05
2024-07-23,5555.740234375,14.720000267028809,16.010000228881836,0.09083890110286397,0.05636110156742413,0.08763586538394882,-0.0015593176939461904,2.431471670653665e-06,8.598349518306676e-05
2024-07-24,5427.1298828125,18.040000915527344,18.43000030517578,0.1155065110892795,0.06489349806599393,0.021618590346786412,-0.02342124222289286,0.0005485545872634192,0.0001291435051715188
2024-07-25,5399.22021484375,18.459999084472656,18.690000534057617,0.11639245697377663,0.06820753387094992,0.012459450757959307,-0.005155889019717259,2.6583191583641004e-05,0.00013522681198362352
2024-07-26,5459.10009765625,16.389999389648438,17.239999771118164,0.11820630889255498,0.045693685003929396,0.051860915992868684,0.011029420409570924,0.00012164811457105964,0.00010660003174312546
2024-07-29,5463.5400390625,16.600000381469727,17.15999984741211,0.1180522650094342,0.047947738805263054,0.03373490681165886,0.0008129795718284517,6.609357842103727e-07,0.00010934921137491867
2024-07-30,5436.43994140625,17.690000534057617,18.010000228881836,0.11898858274080465,0.05791142259977153,0.018089298200310414,-0.0049725143613676215,2.4725899074007244e-05,0.0001241809995614916
2024-07-31,5522.2998046875,16.360000610351562,16.969999313354492,0.12554918425835995,0.03805082184515568,0.03728598290008385,0.015669980701917767,0.00024554829519847526,0.00010621016665504109
2024-08-01,5446.68017578125,18.59000015258789,19.13999938964844,0.13178316391971223,0.05411683760616667,0.029585757533411625,-0.013788123791990166,0.00019011235770324526,0.00013713813717191182
2024-08-02,5346.56005859375,23.38999938964844,23.34000015258789,0.14198380834328897,0.09191618555319545,-0.0021376331066805527,-0.01855290660855327,0.00034421034362569963,0.0002171000283522835
2024-08-05,5186.330078125,38.56999969482422,33.709999084472656,0.16598320511483666,0.21971679183340553,-0.1260046836610096,-0.0304270413923931,0.000925804847894403,0.0005903352684360081
2024-08-06,5240.02978515625,27.709999084472656,26.76000022888184,0.16953951000858672,0.10756048083613987,-0.03428361194436669,0.010300849493599515,0.00010610750028978938,0.0003047000195482046
2024-08-07,5199.5,27.850000381469727,27.01000022888184,0.16979576742091104,0.10870423639378621,-0.030161584958066624,-0.007764715388769489,6.029080506859371e-05,0.00030778671478089837
2024-08-08,5319.31005859375,23.790000915527344,24.1299991607666,0.18387547304546537,0.05402453610980806,0.014291644899321821,0.02278113959089888,0.0005189803210600204,0.00022458894585745707
2024-08-09,5344.16015625,20.3700008392334,21.18000030517578,0.1845307948752693,0.019169213517064687,0.03976433149586783,0.004660798434381699,2.1723042045934895e-05,0.0001646575135676069
2024-08-12,5344.39013671875,20.709999084472656,21.6299991607666,0.18428932539650678,0.022810665448219775,0.04442298971339484,4.30330517200971e-05,1.8518435403445517e-09,0.00017020002463446752
2024-08-13,5434.43017578125,18.1200008392334,19.86000061035156,0.1909024319686702,-0.009702423576336217,0.0960264729872813,0.016707233419049988,0.00027913164851862076,0.0001302914406404044
2024-08-14,5455.2099609375,16.190000534057617,18.450000762939453,0.19033399781502,-0.028433992474443837,0.13959235048372315,0.00381643656119841,1.4565188025651945e-05,0.00010401433225904203
2024-08-15,5543.22021484375,15.229999542236328,17.8799991607666,0.19559361118819896,-0.04329361576583568,0.17399866698493383,0.01600448993130413,0.0002561436979612153,9.20447960541741e-05
2024-08-16,5554.25,14.800000190734863,17.809999465942383,0.19502154280467315,-0.04702154089732452,0.20337832678487716,0.0019878023683961516,3.95135825580135e-06,8.69206371610127e-05
2024-08-19,5608.25,14.649999618530272,17.59000015258789,0.1970478094677708,-0.0505478132824681,0.2006826355366532,0.009675327436177775,9.36119609972544e-05,8.51676542948163e-05
2024-08-20,5597.1201171875,15.880000114440918,18.280000686645508,0.19714261944105685,-0.038342618296647674,0.15113353620332048,-0.001986527237609709,3.946290465765261e-06,0.00010006920779152522
2024-08-21,5620.85009765625,16.270000457763672,18.57999992370605,0.19526035848377166,-0.03256035390613493,0.14197906582357225,0.004230714721006796,1.7898947050543612e-05,0.00010504480749826592
2024-08-22,5570.64013671875,17.549999237060547,19.36000061035156,0.19532748337848857,-0.019827491007883113,0.10313398586757828,-0.00897294225665722,8.051369274130474e-05,0.00012222320365905782
2024-08-23,5634.60986328125,15.859999656677246,18.190000534057617,0.19753747194745502,-0.03893747538068257,0.14691052508310826,0.01141793740166443,0.00013036929450832747,9.981729726579459e-05
2024-08-26,5616.83984375,16.149999618530273,18.25,0.1975855338153698,-0.03608553763006708,0.13003098644412456,-0.0031587101696058145,9.977449935571193e-06,0.00010350098717401902
2024-08-27,5625.7998046875,15.43000030517578,17.729999542236328,0.1967128569131702,-0.042412853861412414,0.1490602198036928,0.0015939251127232035,2.540597264969677e-06,9.447813865782722e-05
2024-08-28,5592.18017578125,17.110000610351562,18.899999618530277,0.19316884252915792,-0.022068836425642308,0.10461712123468679,-0.005993900794735212,3.59268467371274e-05,0.00011617147654215507
2024-08-29,5591.9599609375,15.649999618530272,18.0,0.19172456680167385,-0.03522457061637113,0.15015977244416204,-3.937984343658622e-05,1.550772069090043e-09,9.719146351587209e-05
2024-08-30,5648.39990234375,15.0,17.43000030517578,0.192400297681164,-0.04240029768116402,0.1620000203450521,0.010042457079144168,0.00010085094418645282,8.928571428571429e-05
2024-09-03,5528.93017578125,20.71999931335449,21.700000762939453,0.20041866046642867,0.006781332667116224,0.04729736882536151,-0.021377963372397696,0.00045701731795157744,0.00017036443315294068
2024-09-04,5520.06982421875,21.31999969482422,22.06999969482422,0.20042129980048237,0.01277869714775981,0.03517823690129202,-0.0016038290273809634,2.572267549069767e-06,0.0001803739630902003
2024-09-05,5503.41015625,19.899999618530277,20.93000030517578,0.18824697866922432,0.010753017516078434,0.051758829466830684,-0.003022581014674196,9.135995990268893e-06,0.00015714681937202584
2024-09-06,5408.419921875,22.3799991607666,22.739999771118164,0.19466819363116625,0.029131797976499757,0.016085818760112548,-0.017410944507424406,0.00030314098864061206,0.00019875569937933085
2024-09-09,5471.0498046875,19.450000762939453,20.8799991607666,0.19491021936308092,-0.0004102117336863831,0.07352176564187624,0.011513534435818254,0.00013256147520477276,0.00015012005145966087
2024-09-10,5495.52001953125,19.07999992370605,20.549999237060547,0.19531725312439954,-0.0045172538873390344,0.0770439894775936,0.004462699977793541,1.991569109179847e-05,0.00014446285598754876
2024-09-11,5554.1298828125,17.690000534057617,19.59000015258789,0.19694902099406858,-0.020049015653492402,0.10740528892988473,0.01060855564984334,0.00011254145297582303,0.0001241809995614916
2024-09-12,5595.759765625,17.06999969482422,19.479999542236328,0.19293008384805785,-0.02223008689981565,0.14118335620959874,0.00746735215680267,5.5761348233705486e-05,0.00011562892443702339
2024-09-13,5626.02001953125,16.559999465942383,19.280000686645508,0.18859836328611793,-0.022998368626694105,0.1642512867405058,0.0053931422343560355,2.9085983159994813e-05,0.00010882285012381428
2024-09-16,5633.08984375,17.139999389648438,19.809999465942383,0.17918304642320063,-0.007783052526716239,0.15577597265881293,0.0012558408673102855,1.57713628400665e-06,0.00011657919804648764
2024-09-17,5634.580078125,17.610000610351562,20.1299991607666,0.15119921768260455,0.024900788420911063,0.14310042379747143,0.00026451509389645083,6.99682348990482e-08,0.00012306036567324698
2024-09-18,5618.259765625,18.229999542236328,20.350000381469727,0.15031889363482978,0.031981101787533495,0.11629187561533705,-0.0029006587083132912,8.413820942113731e-06,0.00013187812829759392
2024-09-19,5713.64013671875,16.329999923706055,19.06999969482422,0.1528594565929981,0.01044054264406244,0.16778933153211723,0.016834356892725128,0.000283395571991642,0.0001058209910746983
2024-09-20,5702.5498046875,16.149999618530273,18.940000534057617,0.14164235775108178,0.019857638434220948,0.17275547872621233,-0.0019429136300157343,3.774913373700918e-06,0.00010350098717401902
2024-09-23,5718.56982421875,15.890000343322754,18.700000762939453,0.1414777761093301,0.01742222732389745,0.17684080295174498,0.0028053344257131223,7.869901240091174e-06,0.00010019528210745923
2024-09-24,5732.93017578125,15.390000343322754,18.46999931335449,0.14132285334664393,0.01257715008658361,0.20012988312687408,0.002508031103345345,6.290220015347668e-06,9.398893276487084e-05
2024-09-25,5722.259765625,15.40999984741211,18.56999969482422,0.13502535130306775,0.01907464717105334,0.20506164040895733,-0.001862983206212128,3.4707064266284204e-06,9.42333711496989e-05
2024-09-26,5745.3701171875,15.369999885559082,18.450000762939453,0.13505565625296334,0.018644342602627484,0.20039042942831722,0.004030542158199222,1.624527008902124e-05,9.374480019130406e-05
2024-09-27,5738.169921875,16.959999084472656,19.540000915527344,0.12829555321166677,0.0413044376330598,0.15212275768438865,-0.0012540029000721238,1.5725232733892968e-06,0.00011414347974020372
2024-09-30,5762.47998046875,16.729999542236328,19.21999931335449,0.12858622712960555,0.038713768292757744,0.1488344195606187,0.004227603658441509,1.7872632692868028e-05,0.0001110686050330269
2024-10-01,5708.75,19.26000022888184,20.88999938964844,0.1295550833324673,0.06304491895635111,0.08463131575264955,-0.009367848694454447,8.775658916219188e-05,0.000147201432070051
2024-10-02,5709.5400390625,18.899999618530277,20.59000015258789,0.12933376338408845,0.05966623280121433,0.08941801947978205,0.00013838132698647728,1.9149391658538345e-08,0.0001417499942779542
2024-10-03,5699.93994140625,20.489999771118164,21.6299991607666,0.12905150787488517,0.07584848983629647,0.05563686688056153,-0.0016828286544586894,2.831912280267243e-06,0.0001666032105636597
2024-10-04,5751.06982421875,19.209999084472656,20.649999618530277,0.1281010969652039,0.06399889387952268,0.0749609892080404,0.008930255699186382,7.974946685285086e-05,0.00014643812096247632
2024-10-07,5695.93994140625,22.63999938964844,22.59000015258789,0.127842176664678,0.0985578172318064,-0.002208446926169587,-0.009632263829388773,9.278050647895127e-05,0.00020340062395368325
2024-10-08,5751.1298828125,21.420000076293945,21.520000457763672,0.13014280691708993,0.08405719384584953,0.004668551872714487,0.009642706804694385,9.298179452129939e-05,0.0001820700012969971
2024-10-09,5792.0400390625,20.86000061035156,20.90999984741211,0.13140670014949898,0.0771933059540166,0.002396895282722994,0.007088231016994585,5.024301895028409e-05,0.0001726744545491537
2024-10-10,5780.0498046875,20.93000030517578,21.020000457763672,0.13008547539014467,0.07921452766161313,0.004300055006001814,-0.0020722685059824846,4.294296760886879e-06,0.0001738352828470866
2024-10-11,5815.02978515625,20.459999084472656,20.770000457763672,0.13081141483773556,0.07378857600699101,0.015151582950278793,0.00603360870729872,3.640443403279093e-05,0.00016611569941929444
2024-10-14,5859.85009765625,19.700000762939453,20.1200008392334,0.1296129199461646,0.06738708768322993,0.021319800001432933,0.007678114574594323,5.895344342059777e-05,0.0001540039801824663
2024-10-15,5815.259765625,20.63999938964844,20.799999237060547,0.1139649428404003,0.09243505105608411,0.007751930820906438,-0.0076385660375134215,5.8347691109453495e-05,0.0001690514185732889
2024-10-16,5842.47021484375,19.57999992370605,20.31999969482422,0.11384275051188426,0.08195724872517625,0.03779365546484141,0.004668232782779766,2.1792397314219716e-05,0.00015213349087790832
2024-10-17,5841.47021484375,19.11000061035156,19.809999465942383,0.11307041416997837,0.07802959193353723,0.036629975574759874,-0.00017117512853816633,2.9300924630057766e-08,0.00014491750925699882
2024-10-18,5864.669921875,18.030000686645508,19.190000534057617,0.09703985259382342,0.08326015427263167,0.06433720483833925,0.003963686942774387,1.571081418032017e-05,0.00012900036696842756
2024-10-21,5853.97998046875,18.3700008392334,19.239999771118164,0.09417007338231322,0.08952993501002078,0.04735976549476694,-0.001824432756419033,3.3285548826947506e-06,0.00013391148048945867
2024-10-22,5851.2001953125,18.200000762939453,19.170000076293945,0.09425154132493171,0.08774846630446281,0.05329666333474533,-0.0004749666671957937,2.2559333494707984e-07,0.00013144445546468123
2024-10-23,5797.419921875,19.239999771118164,20.040000915527344,0.09619334799526225,0.09620664971591938,0.04158010155541111,-0.009233824267679564,8.526351060638804e-05,0.0001468958695208837
2024-10-24,5809.85986328125,19.07999992370605,19.850000381469727,0.0945121699406015,0.096287829296459,0.040356418283156496,0.0021434731305568283,4.594477061419089e-06,0.00014446285598754876
2024-10-25,5808.1201171875,20.32999992370605,20.940000534057617,0.09378176567802379,0.10951823355903673,0.03000494897396764,-0.00029949201318627087,8.969546596236545e-08,0.00016401146702297144
2024-10-28,5823.52001953125,19.799999237060547,20.170000076293945,0.09389351489972546,0.10410647747088002,0.01868691179244347,0.002647934626732945,7.01155778745134e-06,0.00015557141658238026
2024-10-29,5832.919921875,19.34000015258789,19.959999084472656,0.09386954999321574,0.09953045153266317,0.03205785558392581,0.0016128259449012198,2.6012075285465124e-06,0.00014842682773892843
2024-10-30,5813.669921875,20.350000381469727,20.76000022888184,0.09402875163502163,0.10947125217967564,0.020147412271571748,-0.0033056916724881185,1.0927597433557294e-05,0.0001643343315578643
2024-10-31,5705.4501953125,23.15999984741211,22.63999938964844,0.09891837592120786,0.13268162255291324,-0.022452524230986686,-0.018790134928745348,0.00035306917064045594,0.00021285142576671785
2024-11-01,5728.7998046875,21.8799991607666,21.90999984741211,0.09945589645945214,0.11934409514821388,0.0013711466086023694,0.004084158004525459,1.668034660592938e-05,0.00018997395368061396
2024-11-04,5712.68994140625,21.979999542236328,21.56999969482422,0.09948769515844791,0.12031230026391537,-0.018653314647448554,-0.0028160448131902913,7.930108389895943e-06,0.0001917144364590116
2024-11-05,5782.759765625,20.489999771118164,20.190000534057617,0.10541926486675747,0.09948073284442417,-0.014641251362209047,0.012191031029563081,0.00014862123756376988,0.0001666032105636597
2024-11-06,5929.0400390625,16.270000457763672,17.670000076293945,0.12713242328011395,0.03556758129752277,0.08604791512849809,0.024981280957186654,0.0006240643982618966,0.00010504480749826592
2024-11-07,5973.10009765625,15.199999809265137,16.950000762939453,0.1281606448064211,0.02383935328623027,0.11513164313381148,0.007403754173995657,5.4815575868958106e-05,9.168253738161118e-05
2024-11-08,5995.5400390625,14.9399995803833,16.829999923706055,0.1281161159264905,0.02128387987734251,0.1265060506296389,0.0037497940357180464,1.4060955310306634e-05,8.857285216740206e-05
2024-11-11,6001.35009765625,14.970000267028809,16.799999237060547,0.1278528221508707,0.021847180519417364,0.1222444179952543,0.0009685941909569238,9.381747067554978e-07,8.892893174398515e-05
2024-11-12,5983.990234375,14.710000038146973,16.709999084472656,0.12446807728745292,0.022631923094016806,0.13596186547512917,-0.0028968514769364996,8.391748479429179e-06,8.586670679455712e-05
2024-11-13,5985.3798828125,14.020000457763672,16.510000228881836,0.1244589996767516,0.015741004900885106,0.17760340155618964,0.00023220076414018386,5.3917194867285295e-08,7.800016382368792e-05
2024-11-14,5949.169921875,14.3100004196167,16.68000030517578,0.12609399369963925,0.01700601049652775,0.1656184357835654,-0.006068108582244,3.682194176590329e-05,8.126036190850401e-05
2024-11-15,5870.6201171875,16.139999389648438,17.809999465942383,0.13095695763787543,0.030443036258608946,0.10346964928418881,-0.013291430866793769,0.00017666213448675814,0.00010337284932454442
2024-11-18,5893.6201171875,15.579999923706056,17.190000534057617,0.12752184089510837,0.028278158341952186,0.10333765200485223,0.003910159746206537,1.5289349240853975e-05,9.632396731058758e-05
2024-11-19,5916.97998046875,16.350000381469727,17.690000534057617,0.12527108972639522,0.038228914088302035,0.08195719396475243,0.003955750520596487,1.5647962181199378e-05,0.00010608036209288103
2024-11-20,5917.10986328125,17.15999984741211,18.26000022888184,0.123928091970789,0.04767190650333211,0.06410258690273943,2.19506213354446e-05,4.818297770120757e-10,0.00011685142649332686
2024-11-21,5948.7099609375,16.8700008392334,18.18000030517578,0.1243380562945074,0.044361952097826576,0.07765260229838325,0.005326251844288491,2.8368958708786556e-05,0.00011293528901418077
2024-11-22,5969.33984375,15.239999771118164,17.299999237060547,0.12364744587072377,0.028752551840457885,0.13517057066144825,0.0034619595915364653,1.198516421343133e-05,9.2165711517334e-05
2024-11-25,5987.3701171875,14.600000381469728,16.8700008392334,0.12214698479000677,0.023853019024690503,0.15547947934609282,0.0030159278201245415,9.095820616201168e-06,8.458730600750643e-05
2024-11-26,6021.6298828125,14.100000381469728,16.530000686645508,0.12032353864241703,0.020676465172280264,0.17234044251298708,0.005705697155263866,3.255498002758617e-05,7.889286141168512e-05
2024-11-27,5998.740234375,14.100000381469728,16.600000381469727,0.12068495527015444,0.020315048544542857,0.17730495974209387,-0.003808481083577712,1.4504528163969263e-05,7.889286141168512e-05
2024-11-29,6032.3798828125,13.510000228881836,16.260000228881836,0.12140261687645615,0.013697385412362206,0.20355292031165315,0.005592120396801623,3.1271810532324735e-05,7.242861356523304e-05
2024-12-02,6047.14990234375,13.34000015258789,16.34000015258789,0.1211678897235447,0.012232111802334217,0.2248875536495414,0.0024454638805813736,5.9802935912281105e-06,7.061730320279563e-05
2024-12-03,6049.8798828125,13.300000190734863,16.239999771118164,0.12088261719741494,0.012117384709933676,0.22105259685871156,0.0004513472420221813,2.0371433288102952e-07,7.01944464577569e-05
2024-12-04,6086.490234375,13.449999809265137,16.389999389648438,0.12161649471186362,0.012883503380787753,0.21858733249632162,0.00603318162813612,3.63992805580792e-05,7.17867043131874e-05
2024-12-05,6075.10986328125,13.539999961853027,16.579999923706055,0.11788235017398374,0.017517649444546535,0.2245199387310032,-0.0018715258393823342,3.5026089674757506e-06,7.275063451070634e-05
2024-12-06,6090.27001953125,12.770000457763672,16.31999969482422,0.11790170126096912,0.009798303316667603,0.27799523177795055,0.0024923453675383123,6.2117854310896844e-06,6.471147289336682e-05
2024-12-09,6052.85009765625,14.1899995803833,17.09000015258789,0.11991772826500376,0.021982267538829245,0.2043693205046772,-0.006163167285227462,3.7984630985698046e-05,7.990320956003104e-05
2024-12-10,6034.91015625,14.18000030517578,16.979999542236328,0.12050327837239147,0.02129672467936633,0.19746115492243912,-0.002968284314279252,8.81071177039625e-06,7.979063835507349e-05
2024-12-11,6084.18994140625,13.579999923706056,16.8799991607666,0.12217275377215601,0.013627245464904555,0.24300436344626702,0.008132626411368235,6.613961234688418e-05,7.318111028883196e-05
2024-12-12,6051.25,13.920000076293944,17.350000381469727,0.12303611310088323,0.01616388766205619,0.24640806655002442,-0.005428731461463251,2.947112528068093e-05,7.689142941429498e-05
2024-12-13,6051.08984375,13.8100004196167,17.149999618530273,0.10738942064215619,0.03071058355401081,0.241853663825325,-2.646698937187397e-05,7.005015264108898e-10,7.568099666262437e-05
2024-12-16,6074.080078125,14.6899995803833,17.56999969482422,0.10734256839676527,0.03955742740706773,0.19605174926531693,0.0037921550087844295,1.4380439610648837e-05,8.563336812367522e-05
2024-12-17,6050.60986328125,15.869999885559082,18.1299991607666,0.10779249205059595,0.05090750680499488,0.14240701269720912,-0.0038714794806554956,1.4988353369136545e-05,9.99432128443037e-05
2024-12-18,5872.16015625,27.6200008392334,24.239999771118164,0.13785442384620974,0.13834558454612425,-0.12237512546755763,-0.02993650530451818,0.0008961943498474452,0.0003027239866504975
2024-12-19,5867.080078125,24.09000015258789,24.13999938964844,0.11672041163380165,0.12417958989207725,0.0020755183372292013,-0.0008654867505367934,7.490673153547376e-07,0.00023028893148876371
2024-12-20,5930.85009765625,18.36000061035156,20.100000381469727,0.11908075526444618,0.06451925083906941,0.09477122621320272,0.010810479402397299,0.00011686646490965627,0.00013376572317940857
2024-12-23,5974.06982421875,16.780000686645508,18.649999618530277,0.12052811736863835,0.04727188949781673,0.11144212487267788,0.007260849585616372,5.271993670494544e-05,0.00011173350120786655
2024-12-24,6040.0400390625,14.270000457763672,17.200000762939453,0.1247344997616106,0.0179655048160261,0.20532587324352178,0.010982233165126825,0.00012060944529321155,8.080671153356166e-05
2024-12-26,6037.58984375,14.729999542236328,17.360000610351562,0.12440310804076343,0.02289688738159984,0.17854726068212384,-0.0004057410882578191,1.6462583070063937e-07,8.61003517913819e-05
2024-12-27,5970.83984375,15.949999809265137,18.06999969482422,0.1287283085054286,0.03077168958722276,0.1329153549160297,-0.01111730496491221,0.00012359446968286168,0.00010095337060141186
2024-12-30,5906.93994140625,17.399999618530273,18.940000534057617,0.13131651798410965,0.04268347820119309,0.08850580168331194,-0.010759673941729728,0.00011577058333233774,0.00012014285187494194
2024-12-31,5881.6298828125,17.350000381469727,18.979999542236328,0.12602698774879714,0.047473016065900125,0.0939480763647409,-0.0042940064589823065,1.8438491469781767e-05,0.00011945337826865067
2025-01-02,5868.5498046875,17.93000030517578,19.32999992370605,0.12565336292743057,0.05364664012432724,0.07808140517020168,-0.002226363149448992,4.956692873224435e-06,0.00012757337735857285
2025-01-03,5942.47021484375,16.1299991607666,18.13999938964844,0.13043862598970113,0.030861365617964875,0.12461254392193727,0.01251735670782609,0.0001566842189509588,0.00010324479084378224
2025-01-06,5975.3798828125,16.040000915527344,18.030000686645508,0.13136517941515657,0.02903482974011687,0.12406481655445337,0.005522766496818171,3.0500949778377253e-05,0.00010209588467068177
2025-01-07,5909.02978515625,17.81999969482422,19.190000534057617,0.1345680567309961,0.04363194021724609,0.07687995862487654,-0.011166021516637011,0.0001246800365100007,0.0001260128528267997
2025-01-08,5918.25,17.700000762939453,19.34000015258789,0.1342278384062813,0.04277216922311322,0.09265532875469105,0.0015591440938312422,2.4309303053288453e-06,0.00012432143928891158
2025-01-10,5827.0400390625,19.540000915527344,20.96999931335449,0.14086266945548823,0.05453733969978522,0.07318312849672413,-0.015531637650233373,0.00024123176809814686,0.00015151255388047994
2025-01-13,5836.22021484375,19.190000534057617,20.43000030517578,0.13968187118614284,0.05221813415443333,0.06461697428915981,0.0015742043780551176,2.4781194238878996e-06,0.00014613338114965538
2025-01-14,5842.91015625,18.709999084472656,19.989999771118164,0.13956732599757268,0.04753266484715388,0.06841265362261693,0.001145623334164268,1.312452823781654e-06,0.00013891431180197128
2025-01-15,5949.91015625,16.1200008392334,18.229999542236328,0.14904609487822226,0.012153913514111714,0.13089321297475023,0.018147132504516373,0.0003293184181364747,0.00010311683613368469
2025-01-16,5937.33984375,16.600000381469727,18.350000381469727,0.14885982985997692,0.01714017395472034,0.10542168432438669,-0.0021149243408667613,4.472904967590705e-06,0.00010934921137491867
2025-01-17,5996.66015625,15.970000267028809,18.190000534057617,0.15195712220700694,0.007742880463281143,0.1390106593556016,0.009941478308394033,9.883299095626907e-05,0.00010120670973369055
2025-01-21,6049.240234375,15.0600004196167,17.5,0.15312946321264984,-0.0025294590164828545,0.16201855992015987,0.00873000944059605,7.621306483289616e-05,9.000143358684727e-05
2025-01-22,6086.3701171875,15.100000381469728,17.809999465942383,0.1541216971441393,-0.003121693329442038,0.17947013351061136,0.006119181086994129,3.7444377175426656e-05,9.048016330174044e-05
2025-01-23,6118.7099609375,15.020000457763672,17.520000457763672,0.1547199550592866,-0.0045199504816498814,0.16644473527347847,0.005299419459529372,2.808384660803858e-05,8.952397371080195e-05
2025-01-24,6101.240234375,14.850000381469728,17.549999237060547,0.15384131778024016,-0.005341313965542882,0.18181810008301127,-0.002859215984467759,8.175116045835937e-06,8.750893306732186e-05
2025-01-27,6012.27978515625,17.899999618530273,18.96999931335449,0.15962319631293068,0.019376799872372064,0.0597765205378295,-0.014688059032112328,0.00021573907813081654,0.00012714681997753332
2025-01-28,6067.7001953125,16.40999984741211,18.1299991607666,0.16011993211398082,0.003980066360140283,0.10481409685239818,0.009175644177716802,8.419244607606824e-05,0.00010686035515558154
2025-01-29,6039.31005859375,16.559999465942383,18.149999618530277,0.15992007591213825,0.005679918747285573,0.09601450506432198,-0.004689876056919602,2.1994937429267752e-05,0.00010882285012381428
2025-01-30,6071.169921875,15.84000015258789,17.90999984741211,0.16066405591966407,-0.0022640543937851587,0.13068179765680296,0.005261548152180238,2.768388895771127e-05,9.956571620396206e-05
2025-01-31,6040.52978515625,16.43000030517578,18.43000030517578,0.16094944026503788,0.0033505627867199406,0.12172854308286042,-0.005059603990267195,2.559959253832772e-05,0.00010712099604288741
2025-02-03,5994.56982421875,18.6200008392334,19.549999237060547,0.16206538990783656,0.02413461848449741,0.04994620601023761,-0.007637690729495203,5.8334319679416965e-05,0.00013758112351311603
2025-02-04,6037.8798828125,17.209999084472656,18.63999938964844,0.13685261666537893,0.035247374179347646,0.08309124818408452,0.007198907403029113,5.1824267797387365e-05,0.00011753336051093243
2025-02-05,6061.47998046875,15.770000457763672,17.959999084472656,0.1370070856869807,0.020692918890656026,0.13887118345838945,0.003901053915613614,1.5218221652524308e-05,9.86876644594708e-05
2025-02-06,6083.56982421875,15.5,17.940000534057617,0.13413033372429417,0.020869666275705828,0.1574193892940398,0.003637674355266266,1.3232674714961844e-05,9.533730158730159e-05
2025-02-07,6025.990234375,16.540000915527344,18.6299991607666,0.13595673995068003,0.02944326920459342,0.12636022548688128,-0.0095098456936602,9.043716511722744e-05,0.00010856017074827198
2025-02-10,6066.43994140625,15.8100004196167,18.229999542236328,0.1335712885155643,0.024528715680602692,0.15306761912649589,0.006690112295455172,4.475760252580047e-05,9.918893383661913e-05
2025-02-11,6068.5,16.020000457763672,18.280000686645508,0.1335620322827678,0.026637972294868917,0.14107366818373507,0.00033952514367385523,1.1527732318675204e-07,0.00010184143439156677
2025-02-12,6051.97021484375,15.890000343322754,18.309999465942383,0.12955409841255933,0.029345905020668223,0.15229698365843983,-0.0027275831896475754,7.439710056448042e-06,0.00010019528210745923
2025-02-13,6115.06982421875,15.100000381469728,17.84000015258789,0.12813494313479026,0.022865060679907012,0.18145693390051887,0.010372313214235747,0.00010758488141420949,9.048016330174044e-05
2025-02-14,6114.6298828125,14.770000457763672,17.809999465942383,0.12715551295811742,0.020544491619519295,0.20582253987546575,-7.19463955744955e-05,5.176283836161786e-09,8.656861647711868e-05
2025-02-18,6129.580078125,15.350000381469728,17.81999969482422,0.12675129782323002,0.026748705991467253,0.16091200338576106,0.002442003655551809,5.963381853728398e-06,9.350099671076222e-05
2025-02-19,6144.14990234375,15.270000457763672,17.93000030517578,0.12238977585600638,0.030310228721630333,0.17419775819716463,0.0023741488668242434,5.6365828418428396e-06,9.252893411908839e-05
2025-02-20,6117.52001953125,15.65999984741211,18.010000228881836,0.12264064897542129,0.0339593494986998,0.1500638827820982,-0.004343604884290259,1.8866903390830196e-05,9.731571238926479e-05
2025-02-21,6013.1298828125,18.209999084472656,19.479999542236328,0.12885342144574427,0.053246569398982285,0.06974192869930339,-0.017211396672539132,0.0002962321754194911,0.00013158891533987895
2025-02-24,5983.25,18.979999542236328,19.86000061035156,0.12981331283885866,0.05998668258350462,0.04636465170386112,-0.004981493566252351,2.4815278150613564e-05,0.00014295253278702035
2025-02-25,5955.25,19.43000030517578,20.030000686645508,0.12183525896741758,0.07246474408434024,0.030880101494897966,-0.004690715138395557,2.200280850957325e-05,0.0001498114729599726
2025-02-26,5956.06005859375,19.100000381469727,19.75,0.12181950104285912,0.06918050277183814,0.034031392960645404,0.00013601502958346571,1.8500088272591053e-08,0.00014476587879846972
2025-02-27,5861.56982421875,21.1299991607666,21.21999931335449,0.13102505700026973,0.08027493460739629,0.004259354290699453,-0.015991742678524653,0.00025573583389614684,0.00017717335894206244
2025-02-28,5954.5,19.6299991607666,20.18000030517578,0.12829154732115183,0.06800844428651417,0.028018398773466922,0.015729780420663385,0.00024742599208228515,0.00015291145517924503
2025-03-03,5849.72021484375,22.780000686645508,22.18000030517578,0.13818406080321843,0.08961594606323664,-0.026338909718359636,-0.017753402648308866,0.00031518330559298025,0.00020592398066808325
2025-03-04,5778.14990234375,23.51000022888184,22.780000686645508,0.1386282712983988,0.09647173099041959,-0.03105059698551314,-0.012310288231505477,0.00015154319634274224,0.00021933337728651748
2025-03-05,5842.6298828125,21.93000030517578,21.71999931335449,0.14026753898130812,0.0790324640704497,-0.009575968486043729,0.011097472528735688,0.00012315389652604327,0.00019084321959722612
2025-03-06,5738.52001953125,24.8700008392334,23.700000762939453,0.14664692699513743,0.10205308139719654,-0.04704463356704936,-0.017979677107455568,0.00032326878888836184,0.0002454432308505833
2025-03-07,5770.2001953125,23.3700008392334,22.59000015258789,0.14673675556115223,0.08696325283118175,-0.03337615141784882,0.005505435045454467,3.030981503971823e-05,0.00021672894413721021
2025-03-10,5614.56005859375,27.86000061035156,25.71999931335449,0.16417115006755015,0.11442885603596545,-0.07681267947287622,-0.027343541788428148,0.0007476692775355164,0.0003080077912733291
2025-03-11,5572.06982421875,26.920000076293945,25.34000015258789,0.16095302954808074,0.10824697121485868,-0.05869241899064556,-0.007596646918536578,5.7709044404911286e-05,0.0002875739698839944
2025-03-12,5599.2998046875,24.229999542236328,23.670000076293945,0.15870093802725074,0.08359905739511253,-0.023111823215936272,0.004874967940490777,2.376531242081289e-05,0.000232973364213005
2025-03-13,5521.52001953125,24.65999984741211,24.059999465942383,0.16197962863103285,0.08462036984308824,-0.024330915863030402,-0.013988366806464148,0.000195674405912188,0.0002413157112993513
2025-03-14,5638.93994140625,21.770000457763672,22.170000076293945,0.17490567659772366,0.04279432797991306,0.01837389114007228,0.02104290595319694,0.00044280389095509114,0.00018806861902025018
2025-03-17,5675.1201171875,20.51000022888184,21.299999237060547,0.1765703578284636,0.028529644460354803,0.03851774740920012,0.0063956349746060355,4.090414672840394e-05,0.00016692861483679882
2025-03-18,5614.66015625,21.700000762939453,21.96999931335449,0.17763228652664304,0.039367721102751496,0.01244232907475999,-0.010710667074319702,0.00011471838917691615,0.00018686112425062414
2025-03-19,5675.2900390625,19.899999618530277,20.82999992370605,0.17954397517295304,0.019456021012349722,0.046733684573028136,0.010740608172953766,0.00011536066392492125,0.00015714681937202584
2025-03-20,5662.89013671875,19.799999237060547,20.709999084472656,0.1786510573517392,0.01934893501886628,0.04595959002406535,-0.002187283513782985,4.784209169666841e-06,0.00015557141658238026
2025-03-21,5667.56005859375,19.280000686645508,20.350000381469727,0.1780279918681554,0.014772014998299665,0.05549790750605964,0.0008243136078323211,6.794929240575376e-07,0.00014750731209406794
2025-03-24,5767.56982421875,17.479999542236328,19.040000915527344,0.18564408034096835,-0.010844084918605085,0.08924493215927365,0.01749211712863917,0.0003059741616420318,0.0001212501523795961
2025-03-25,5776.64990234375,17.149999618530273,19.049999237060547,0.184279097541899,-0.012779101356596267,0.11078715223278239,0.0015730954906538206,2.4746294227153843e-06,0.000116715272585551
2025-03-26,5712.2001953125,18.32999992370605,19.84000015258789,0.18623953895536244,-0.0029395397183019367,0.08237862712312222,-0.011219640357598032,0.0001258803297538425,0.00013332892746153327
2025-03-27,5693.31005859375,18.690000534057617,19.88999938964844,0.1862666455120989,0.000633359828477259,0.0642053943981511,-0.0033124610071321114,1.0972397923770682e-05,0.00013861750792185475
2025-03-28,5580.93994140625,21.649999618530277,22.01000022888184,0.1894067166009693,0.02709327958433347,0.016628204004375004,-0.019934601126853548,0.00039738832208675075,0.00018600098550887348
2025-03-31,5611.85009765625,22.280000686645508,21.96999931335449,0.1908589416041289,0.03194106526232618,-0.013913885266477216,0.005523240357645722,3.050618404832644e-05,0.00019698350420512868
2025-04-01,5633.06982421875,21.770000457763672,21.81999969482422,0.19121922213697296,0.026480782440663764,0.0022967035374000656,0.0037741045552120668,1.4243865193672473e-05,0.00018806861902025018
2025-04-02,5670.97021484375,21.51000022888184,21.450000762939453,0.19264755003714024,0.022452452251678162,-0.0027893754209181304,0.006705661429484109,4.496589520687086e-05,0.0001836032181930543
2025-04-03,5396.52001953125,30.020000457763672,27.3799991607666,0.23587583809743887,0.06432416648019787,-0.08794141428183497,-0.04960591182899663,0.002460746488386188,0.00035761921725560765
2025-04-04,5074.080078125,45.310001373291016,36.709999084472656,0.2867927225989576,0.16630729113395254,-0.18980362013159904,-0.061609061898230934,0.0037956765079800504,0.0008146810414474736
2025-04-07,5062.25,46.97999954223633,36.880001068115234,0.2869497371588117,0.18285025826355156,-0.21498506965801295,-0.0023341946059635883,5.4484644585095115e-06,0.0008758414115033832
2025-04-08,4982.77001953125,52.33000183105469,41.5,0.28846324776883964,0.2348367705417072,-0.20695588480999702,-0.015825083277054855,0.0002504332607257212,0.0010866782109675342
2025-04-09,5456.89990234375,33.619998931884766,29.920000076293945,0.40248196401884184,-0.0662819746999942,-0.11005350901667608,0.09089487983303646,0.008261879179862137,0.0004485334635634654
2025-04-10,5268.0498046875,40.720001220703125,35.709999084472656,0.411663449246286,-0.004463437039254781,-0.12303541223086337,-0.03522060702411168,0.0012404911591469049,0.0006579835315135173
2025-04-11,5363.35986328125,37.560001373291016,33.90999984741211,0.4126077497594499,-0.037007736026539784,-0.09717788584732132,0.01793038083577807,0.0003214985569160375,0.000559822898080009
2025-04-14,5405.97021484375,30.88999938964844,29.6299991607666,0.41159969073522373,-0.10269969683873931,-0.040789907859437466,0.007913319326342991,6.26206227606735e-05,0.0003786476437668576
2025-04-15,5396.6298828125,30.1200008392334,29.0,0.410578341166846,-0.10937833277451203,-0.03718462178043898,-0.001729275225300909,2.9903928048395095e-06,0.0003600057343473891
2025-04-16,5275.7001953125,32.63999938964844,30.940000534057617,0.4126760119079481,-0.08627601801146373,-0.05208329924570905,-0.022663253964902527,0.0005136230802776701,0.0004227656984747026
2025-04-17,5282.7001953125,29.649999618530277,29.350000381469727,0.41053776871857917,-0.1140377725332764,-0.010118018243516628,0.0013259586237727749,1.758166271957391e-06,0.0003488581259439863
2025-04-21,5158.2001953125,33.81999969482422,31.82999992370605,0.414202295759028,-0.0760022988107858,-0.05884091629435217,-0.02384964833401801,0.000568805725656328,0.0004538858648245676
2025-04-22,5287.759765625,30.56999969482422,29.450000762939453,0.41594895489226535,-0.11024895794402317,-0.03663719146436209,0.02480695212545062,0.000615384873754399,0.0003708432068815686
2025-04-23,5375.85986328125,28.450000762939453,28.020000457763672,0.41899177029331625,-0.1344917626639217,-0.015114245822303227,0.016523864366879457,0.0002730380936150286,0.00032119148548065695
2025-04-24,5484.77001953125,26.46999931335449,26.440000534057617,0.4231922536026919,-0.15849226046914705,-0.0011333124320005797,0.020056628082583162,0.0004022683300430635,0.0002780400252575345
2025-04-25,5525.2099609375,24.84000015258789,25.3700008392334,0.4218813336418004,-0.1734813321159215,0.021336581456916418,0.0073460847957005125,5.396496182562224e-05,0.00024485143157958986
2025-04-28,5528.75,25.149999618530277,25.729999542236328,0.4171653582532069,-0.1656653620679041,0.023061627534925,0.0006405015390019333,4.1024222146384505e-07,0.0002510009844492354
2025-04-29,5560.830078125,24.170000076293945,25.21999931335449,0.41707947233532694,-0.17537947157238748,0.04344225212023842,0.005785641545556399,3.347364809366824e-05,0.0002318209935270037
2025-04-30,5569.06005859375,24.700000762939453,25.540000915527344,0.41602650430145777,-0.16902649667206324,0.03400810229318897,0.0014788972519335208,2.1871370817765195e-06,0.0002420992213052419
2025-05-01,5604.14013671875,24.600000381469727,25.489999771118164,0.4152004358939096,-0.16920043207921232,0.036178836416557184,0.006279345716451974,3.943018262672375e-05,0.0002401428645905995
2025-05-02,5686.669921875,22.68000030517578,24.0,0.4174302396148739,-0.1906302365631161,0.05820104396219884,0.014619191109112719,0.00021372074868476038,0.0002041200054931641
2025-05-05,5650.3798828125,23.63999938964844,24.549999237060547,0.4178524535833282,-0.18145245968684376,0.03849407237339352,-0.006402047029318447,4.0986206165605153e-05,0.00022176570283435665
2025-05-06,5606.91015625,24.76000022888184,25.40999984741211,0.415008003743926,-0.1674080014551076,0.026252003736739214,-0.007722985278391797,5.964450161025643e-05,0.00024327682989453523
2025-05-07,5631.27978515625,23.549999237060547,24.700000762939453,0.4152307842954565,-0.17973079192485103,0.04883233813736831,0.004336938106710132,1.8809032141434468e-05,0.0002200803428831557
2025-05-08,5663.93994140625,22.479999542236328,23.76000022888184,0.4144643122594839,-0.1896643168371206,0.056939533483556994,0.005783021147465641,3.3443333592034826e-05,0.0002005358648487879
2025-05-09,5659.91015625,21.899999618530277,23.3799991607666,0.41436764534983295,-0.19536764916453017,0.06757988895050256,-0.0007117341348763632,5.065654787482052e-07,0.00019032142194112155
2025-05-12,5844.18994140625,18.38999938964844,20.21999931335449,0.4201934399077627,-0.2362934460112783,0.09951060274293089,0.03203997667702081,0.0010265601054640376,0.0001342032053774881
2025-05-13,5886.5498046875,18.21999931335449,20.09000015258789,0.42036231880128594,-0.23816232566774106,0.10263451754703254,0.007222059020245977,5.2158136491916285e-05,0.00013173348213438014
2025-05-14,5892.580078125,18.6200008392334,20.57999992370605,0.42031388681579296,-0.234113878423459,0.1052631039813287,0.001023891242276054,1.0483532760096008e-06,0.00013758112351311603
2025-05-15,5916.93017578125,17.829999923706055,20.25,0.42010264766428296,-0.2418026484272224,0.1357263088417858,0.004123817438757677,1.7005870268201928e-05,0.0001261543243172055
2025-05-16,5958.3798828125,17.239999771118164,20.07999992370605,0.39141711198864837,-0.21901711427746673,0.16473318969213005,0.006980849368100189,4.873225790010481e-05,0.00011794348893180728
2025-05-19,5963.60009765625,18.13999938964844,20.690000534057617,0.3398746392096171,-0.15847464531313266,0.14057338645029557,0.0008757295660482738,7.66902272851098e-07,0.00013057919756208168
2025-05-20,5940.4599609375,18.09000015258789,20.71999931335449,0.34021088415365325,-0.15931088262777435,0.14538414254188714,-0.0038877770695725784,1.5114810542694345e-05,0.00012986035933358327
2025-05-21,5844.60986328125,20.8700008392334,22.65999984741211,0.3404518697198122,-0.13175186132747818,0.08576899550543869,-0.016266719267758897,0.00026460615573607857,0.0001728400535831757
2025-05-22,5842.009765625,20.280000686645508,22.31999969482422,0.22392258925166883,-0.02112258238521375,0.10059166366409748,-0.0004449700224211693,1.979983208534959e-07,0.00016320572533743742
2025-05-23,5802.81982421875,22.290000915527344,23.799999237060547,0.1959463386016538,0.026953670553619635,0.06774330459902896,-0.006730899591473139,4.530500931049327e-05,0.00019716037333897217
2025-05-27,5921.5400390625,18.959999084472656,21.290000915527344,0.1975698304344647,-0.007969839589738126,0.1228903978673105,0.02025258080218437,0.0004101670291490069,0.00014265141479492222
2025-05-28,5888.5498046875,19.309999465942383,21.670000076293945,0.19870184208777103,-0.005601847428347212,0.12221650313942087,-0.005586802576444734,3.1212363028169516e-05,0.00014796669816456154
2025-05-29,5912.169921875,19.18000030517578,21.6200008392334,0.19824787496172822,-0.0064478719099703985,0.12721587566394227,0.0040031708706317415,1.6025377019474495e-05,0.0001459811157565647
2025-05-30,5911.68994140625,18.56999969482422,21.3799991607666,0.18302398486730917,0.0026760120809330157,0.1513193059839187,-8.118845699520562e-05,6.591565549262352e-09,0.00013684320978800459
2025-06-02,5935.93994140625,18.36000061035156,21.09000015258789,0.18287539281418397,0.000724613289331627,0.14869278058177893,0.004093651490626028,1.67579825267047e-05,0.00013376572317940857
2025-06-03,5970.3701171875,17.690000534057617,20.71999931335449,0.16289735533923222,0.014002650001343958,0.17128313667732095,0.005783533535368979,3.34492601547376e-05,0.0001241809995614916
2025-06-04,5970.81005859375,17.610000610351562,20.65999984741211,0.1520066224758441,0.024093383627671522,0.17319699780519526,7.368474471916267e-05,5.429441604328172e-09,0.00012306036567324698
2025-06-05,5939.2998046875,18.479999542236328,21.11000061035156,0.14958005776863162,0.03521993765373166,0.1423160786397382,-0.005291357978698112,2.799846925873217e-05,0.00013551999328613288
2025-06-06,6000.35986328125,16.770000457763672,20.020000457763672,0.14257357808405413,0.0251264264935826,0.19379844432236806,0.010228196215376713,0.00010461599782024651,0.00011160036323547372
2025-06-09,6005.8798828125,17.15999984741211,20.09000015258789,0.1420850464455807,0.029514952028540403,0.17074594004834173,0.0009195251863913659,8.455265684080762e-07,0.00011685142649332686
2025-06-10,6038.81005859375,16.950000762939453,19.940000534057617,0.142142077970689,0.027357929658705538,0.176401158497626,0.005468012541646841,2.9899161155607142e-05,0.00011400893883478099
2025-06-11,6022.240234375,17.260000228881836,20.299999237060547,0.1428084096135174,0.02979159267530096,0.17612972003857574,-0.002747660318287345,7.549637224690915e-06,0.00011821730472261946
2025-06-12,6045.259765625,18.020000457763672,20.649999618530277,0.1428014457226796,0.037398558854957104,0.14594889533609895,0.0038151330716763875,1.4555240354598909e-05,0.00012885730813404878
2025-06-13,5976.97021484375,20.81999969482422,22.6200008392334,0.14805224897217148,0.0601477479760707,0.08645538764617051,-0.01136066859010289,0.00012906479081415038,0.00017201285210019068
2025-06-16,6033.10986328125,19.11000061035156,21.229999542236328,0.14494962187566932,0.046150384227846286,0.11093662292906481,0.0093488231481891,8.740049425611636e-05,0.00014491750925699882
2025-06-17,5982.72021484375,21.600000381469727,22.90999984741211,0.1460561212919286,0.06994388252276867,0.06064812235217408,-0.008387259723643134,7.034612567184631e-05,0.00018514286368233825
2025-06-18,5980.8701171875,20.13999938964844,21.96999931335449,0.14336509584216706,0.05803489805431736,0.090863951299156,-0.00030928803472058796,9.565908842132362e-08,0.00016096014897422207
2025-06-20,5967.83984375,20.6200008392334,22.479999542236328,0.1437460768716172,0.06245393152071679,0.09020361917075848,-0.002181035215587759,4.756914611633942e-06,0.0001687239819880897
2025-06-23,6025.169921875,19.82999992370605,21.81999969482422,0.14503600784043746,0.05326399139662305,0.10035298934818423,0.009560655071259439,9.140612539159882e-05,0.00015604321308499284
2025-06-24,6092.18017578125,17.479999542236328,20.049999237060547,0.14707916579879965,0.02772082962356362,0.14702515801641847,0.011060328616958607,0.00012233086911511348,0.0001212501523795961
2025-06-25,6092.16015625,16.760000228881836,19.670000076293945,0.11739087437059256,0.05020912791822579,0.17362767348877617,-3.286108349665331e-06,1.0798508085740207e-11,0.00011146730463179332
2025-06-26,6141.02001953125,16.59000015258789,19.450000762939453,0.11774233911087215,0.04815766241500677,0.17239304304077588,0.007988131032516797,6.381023739265787e-05,0.00010921750200907391
2025-06-27,6173.06982421875,16.31999969482422,19.450000762939453,0.11824560422863958,0.04495439271960261,0.19178928472087495,0.005205399256150098,2.7096181415927995e-05,0.00010569142461867564
2025-06-30,6204.9501953125,16.729999542236328,19.440000534057617,0.11847717089241541,0.04882282452994788,0.16198452277178238,0.005151137506128882,2.6534217607047677e-05,0.0001110686050330269
2025-07-01,6198.009765625,16.829999923706055,19.51000022888184,0.1175937156815503,0.05070628355551024,0.15923947221181178,-0.0011191571098791433,1.2525126365930367e-06,0.00011240035612378802
2025-07-02,6227.419921875,16.639999389648438,19.350000381469727,0.11799961845998669,0.048400375436497695,0.16286064250141447,0.0047338743064907745,2.240956594965351e-05,0.00010987681733630968
2025-07-03,6279.35009765625,16.3799991607666,19.209999084472656,0.11850328843744368,0.04529670317022233,0.17277167696592285,0.00830437821066394,6.896269746575003e-05,0.00010646998908996609
2025-07-07,6229.97998046875,17.790000915527344,20.209999084472656,0.1095247710057251,0.06837523814954834,0.13603136843197725,-0.007893368104244017,6.23052600290968e-05,0.00012558894149780305
2025-07-08,6225.52001953125,16.809999465942383,19.57999992370605,0.10958294185234312,0.05851705280708071,0.16478289980768776,-0.0007161432504695748,5.128611551931282e-07,0.00011213336589086634
2025-07-09,6263.259765625,15.9399995803833,19.020000457763672,0.10683790495107989,0.052562090852753124,0.19322465235010425,0.00604380277677969,3.652755200460989e-05,0.0001008268200883412
2025-07-10,6280.4599609375,15.779999732971191,18.920000076293945,0.09274277028724642,0.0650572270424655,0.19898608342571425,0.0027424410729257912,7.520983038470365e-06,9.881285379863925e-05
2025-07-11,6259.75,16.399999618530273,19.3700008392334,0.09135332467438337,0.07264667151091936,0.18109763962112146,-0.0033029717732258423,1.0909622534726665e-05,0.00010673015376499727
2025-07-14,6268.56005859375,17.200000762939453,19.84000015258789,0.09117768425242985,0.08082232337696467,0.1534883297991939,0.0014064243309367943,1.9780293986510097e-06,0.00011739683581155466
2025-07-15,6243.759765625,17.3799991607666,20.059999465942383,0.09261299414948372,0.0811869974581823,0.15420025515453312,-0.003964145065672561,1.5714446101696113e-05,0.00011986681382073325
2025-07-16,6263.7001953125,17.15999984741211,20.09000015258789,0.09245707377728785,0.07914292469683326,0.17074594004834173,0.0031885685253844154,1.0166969241072144e-05,0.00011685142649332686
2025-07-17,6297.35986328125,16.520000457763672,19.690000534057617,0.09230598373702405,0.07289402084061268,0.1918886191558297,0.005359380240011013,2.8722956557020507e-05,0.00010829778377956824
2025-07-18,6296.7900390625,16.40999984741211,19.57999992370605,0.09233353737546843,0.07176646109865267,0.19317489980317443,-9.049030280841674e-05,8.188494902358955e-09,0.00010686035515558154
2025-07-21,6305.60009765625,16.649999618530273,19.51000022888184,0.08988998256476519,0.07661001362053754,0.17177181236500375,0.001398157005673256,1.9548430125132055e-06,0.00011000892353057867
2025-07-22,6309.6201171875,16.5,19.530000686645508,0.086490071441145,0.07850992855885501,0.1836364052512429,0.0006373284966667569,4.061876126635084e-07,0.0001080357142857143
2025-07-23,6358.91015625,15.369999885559082,18.559999465942383,0.08823800117231878,0.06546199768327204,0.20754714405563998,0.007781532145702873,6.055224253460716e-05,9.374480019130406e-05
2025-07-24,6363.35009765625,15.390000343322754,18.559999465942383,0.0876447955553631,0.06625520787786444,0.20597784612753395,0.0006979799969332514,4.871760761189416e-07,9.398893276487084e-05
2025-07-25,6388.64013671875,14.93000030517578,18.31999969482422,0.08681042931834179,0.062489573733416015,0.2270595659983496,0.003966451001680552,1.5732733548732652e-05,8.845432901291623e-05
2025-07-28,6389.77001953125,15.029999732971191,18.15999984741211,0.08677841516946641,0.0635215821602455,0.2082501776480183,0.00017684247126657597,3.127325964366975e-08,8.96432111004421e-05
2025-07-29,6370.85986328125,15.979999542236328,18.770000457763672,0.07871005208145028,0.081089943340913,0.17459330384542024,-0.002963830197466829,8.784289439416263e-06,0.00010133348625788621
2025-07-30,6362.89990234375,15.479999542236328,18.350000381469727,0.07621484042676144,0.07858515499560184,0.1854005764924449,-0.0012502139385094711,1.5630348920433637e-06,9.509142294747496e-05
2025-07-31,6339.39013671875,16.719999313354492,19.13999938964844,0.07187253782141882,0.0953274553121261,0.1447368526122523,-0.003701662046374567,1.3702301905569948e-05,0.00011093586390419629
2025-08-01,6238.009765625,20.3799991607666,21.239999771118164,0.08877657676778182,0.1150234148398842,0.04219826524856506,-0.0161213871855698,0.0002598991247870542,0.00016481919277493945
2025-08-04,6329.93994140625,17.520000457763672,19.61000061035156,0.0959580098839193,0.07924199469371741,0.11929224303540137,0.014629564491414495,0.00021402415720845586,0.00012180572065080921
2025-08-05,6299.18994140625,17.850000381469727,20.030000686645508,0.09514112528901605,0.08335887852568122,0.12212886602730062,-0.004869703780462017,2.3714014909446057e-05,0.00012643750540415453
2025-08-06,6345.06005859375,16.770000457763672,19.46999931335449,0.09241268575478481,0.07528731882285192,0.1610017162725152,0.007255522219852605,5.264260268277488e-05,0.00011160036323547372
2025-08-07,6340.0,16.56999969482422,19.350000381469727,0.09254281040108892,0.07315718654715328,0.16777312841555844,-0.0007977981718278668,6.364819229718865e-07,0.00010895432138352172
2025-08-08,6389.4501953125,15.149999618530272,18.700000762939453,0.09240815204588136,0.059091844139421354,0.23432351378194777,0.0077694548163894745,6.0364428143917604e-05,9.108035255613785e-05
2025-08-11,6373.4501953125,16.25,19.25,0.09229516088656892,0.07020483911343109,0.18461538461538463,-0.0025072683938851073,6.286394798975206e-06,0.00010478670634920636
2025-08-12,6445.759765625,14.729999542236328,18.34000015258789,0.09627799448488192,0.051022000937481354,0.24507812101421744,0.011281559075170764,0.00012727357516656781,8.61003517913819e-05
2025-08-13,6466.580078125,14.489999771118164,18.32999992370605,0.09616473087611693,0.04873526683506471,0.26501036668350214,0.0032248733840464015,1.0399808343130889e-05,8.331749736785891e-05
2025-08-14,6468.5400390625,14.829999923706056,18.489999771118164,0.09569178679803297,0.05260821243902758,0.24679702402166054,0.00030304487855445177,9.183619841808242e-08,8.727337211790541e-05
2025-08-15,6449.7998046875,15.09000015258789,18.63999938964844,0.09402678687402721,0.05687321465185169,0.23525508291341773,-0.0029013399163647113,8.41777331029119e-06,9.036035897027879e-05
2025-08-18,6449.14990234375,14.989999771118164,18.450000762939453,0.09033946451037796,0.05956053320080369,0.23082061672127654,-0.00010076825773579619,1.0154241767107848e-08,8.916670362623914e-05
2025-08-19,6411.3701171875,15.56999969482422,18.899999618530277,0.09247892874222549,0.06322106820601672,0.213872831661841,-0.005875329112207127,3.451949217674858e-05,9.620035337175649e-05
2025-08-20,6395.77978515625,15.6899995803833,19.100000381469727,0.0917066366971615,0.06519335910667151,0.21733593959746433,-0.002434630632264957,5.9274263155628645e-06,9.768892334620167e-05
2025-08-21,6370.169921875,16.600000381469727,19.40999984741211,0.09248433268994695,0.07351567112475031,0.1692770723715846,-0.004012219728951123,1.609790715338462e-05,0.00010934921137491867
2025-08-22,6466.91015625,14.220000267028809,17.760000228881836,0.10091498283478635,0.04128501983550174,0.24894514032190598,0.015072285158779139,0.00022717377990755388,8.024143158503946e-05
2025-08-25,6439.31982421875,14.789999961853027,18.020000457763672,0.10209461126865026,0.04580538834988003,0.2183908386911152,-0.004275512539646319,1.828000747667292e-05,8.68032138379415e-05
2025-08-26,6465.93994140625,14.619999885559082,17.899999618530273,0.10143836545109003,0.04476163340450079,0.22435018868987913,0.00412547371011636,1.7019533332861243e-05,8.481920502132841e-05
2025-08-27,6481.39990234375,14.850000381469728,17.940000534057617,0.10132611333730374,0.04717389047739354,0.20808081301086584,0.0023881304533030262,5.703167061993318e-06,8.750893306732186e-05
2025-08-28,6501.85986328125,14.43000030517578,17.719999313354492,0.10072730558511421,0.04357269746664359,0.22799715444210003,0.003151747441466755,9.933511934792236e-06,8.26289320664179e-05
2025-08-29,6460.259765625,15.359999656677246,18.350000381469727,0.10300239266700291,0.05059760389976954,0.1946615098713676,-0.006418740402792551,4.120022835844148e-05,9.362285295758932e-05
2025-09-02,6415.5400390625,17.170000076293945,19.3799991607666,0.10543018122037051,0.06626981954256894,0.12871281739386417,-0.006946350061030363,4.8251779170376524e-05,0.00011698765976981511
2025-09-03,6448.259765625,16.350000381469727,18.93000030517578,0.10623830645442363,0.05726169736027363,0.1577981567896535,0.005087112302941308,2.5878711582736818e-05,0.00010608036209288103
2025-09-04,6502.080078125,15.300000190734863,18.38999938964844,0.10655506263830962,0.04644493926903902,0.20196072943742652,0.008311847102873571,6.908680226154778e-05,9.289285945892336e-05
2025-09-05,6481.5,15.18000030517578,18.420000076293945,0.10715707182567943,0.04464293122607835,0.21343871580908033,-0.00317017266993674,1.0049994757213838e-05,9.144143224807012e-05
2025-09-08,6495.14990234375,15.109999656677246,18.290000915527344,0.10678591486521934,0.04431408170155311,0.21045673931864228,0.0021037644508885675,4.425824864822476e-06,9.060003556539145e-05
2025-09-09,6512.60986328125,15.039999961853027,18.270000457763672,0.10695673361275192,0.043443266005778344,0.21476067181536662,0.0026845470300734414,7.2067927566761345e-06,8.976253922719802e-05
2025-09-10,6532.0400390625,15.350000381469728,18.440000534057617,0.10660553819960703,0.04689446561509025,0.2013029365340008,0.0029790282293981275,8.874609191550942e-06,9.350099671076222e-05
2025-09-11,6587.47021484375,14.710000038146973,18.030000686645508,0.1086461095803371,0.03845389080113262,0.2256968483948935,0.008450087623093565,7.140398083795905e-05,8.586670679455712e-05
2025-09-12,6584.2900390625,14.760000228881836,18.059999465942383,0.10779265968837738,0.039807342600440984,0.22357718061570403,-0.00048287788142832935,2.331710483727117e-07,8.645143125261581e-05
2025-09-15,6615.27978515625,15.6899995803833,18.530000686645508,0.09470899772931374,0.06219099807451928,0.18100708618328892,0.004695577726559718,2.204845018616373e-05,9.768892334620167e-05
2025-09-16,6606.759765625,16.360000610351562,18.90999984741211,0.08713517014124883,0.0764648359622668,0.1558679182106552,-0.0012887604333313247,1.6609034545203439e-06,0.00010621016665504109
2025-09-17,6600.35009765625,15.720000267028809,18.440000534057617,0.0854024207281655,0.07179758194212257,0.17302800386929687,-0.0009706390782443865,9.421402202151122e-07,9.806286047435945e-05
2025-09-18,6631.9599609375,15.699999809265137,18.520000457763672,0.08425994829248522,0.07274004980016614,0.17961787788267047,0.004777687836708263,2.282630106503008e-05,9.781348968687512e-05
2025-09-19,6664.35986328125,15.449999809265137,18.479999542236328,0.08453393585265269,0.06996606223999867,0.19611648999206752,0.004873523937481177,2.3751235569202037e-05,9.472321194694156e-05
2025-09-22,6693.75,16.100000381469727,18.950000762939453,0.08296863339529226,0.078031370419405,0.17701865303990494,0.004400350714762291,1.9363086412909005e-05,0.00010286111598544655
2025-09-23,6656.919921875,16.639999389648438,19.440000534057617,0.08468882552407077,0.08171116837241361,0.16826930571590223,-0.005517351828739721,3.0441171202097545e-05,0.00010987681733630968
2025-09-24,6637.97021484375,16.18000030517578,19.13999938964844,0.08022008426402367,0.08157991878773414,0.18294184355026205,-0.0028506771652953692,8.126360300736442e-06,0.00010388587693471762
2025-09-25,6604.72021484375,16.739999771118164,19.459999084472656,0.08175998083259747,0.08564001687858416,0.16248502691423916,-0.005021648742526333,2.52169560933163e-05,0.00011120142553056991
2025-09-26,6643.7001953125,15.289999961853027,18.40999984741211,0.08311093033834932,0.06978906928018094,0.20405493089229298,0.005884489130413512,3.462721232595477e-05,9.277146779105776e-05
2025-09-29,6661.2099609375,16.1200008392334,18.76000022888184,0.08246188481212517,0.0787381235802088,0.1637716657695899,0.002632077259912619,6.927830702149119e-06,0.00010311683613368469
2025-09-30,6688.4599609375,16.280000686645508,18.770000457763672,0.08283401679246165,0.07996599007399342,0.1529483824383811,0.004082503613507919,1.6666835754305218e-05,0.00010517397712586437
2025-10-01,6711.2001953125,16.290000915527344,18.76000022888184,0.08025631865518575,0.0826436905000877,0.15162671421338814,0.0033941541712235066,1.152028253803393e-05,0.00010530322612217528
2025-10-02,6715.35009765625,16.6299991607666,18.88999938964844,0.07943148514618376,0.08686850646148225,0.1358989983723883,0.0006181636213842448,3.821262628028839e-07,0.00010974479051075311
2025-10-03,6715.7900390625,16.649999618530273,19.07999992370605,0.07777864632553128,0.08872134985977145,0.14594596761860337,6.55106568658717e-05,4.291646162997983e-09,0.00011000892353057867
2025-10-06,6740.27978515625,16.3700008392334,19.1200008392334,0.06710180151627458,0.0965982068760594,0.16799021741093456,0.003639959282762629,1.3249303580169834e-05,0.00010634005058591355
2025-10-07,6714.58984375,17.239999771118164,19.709999084472656,0.06677951141305705,0.1056204862981246,0.1432714237904129,-0.003818687706853079,1.4582375802470826e-05,0.00011794348893180728
2025-10-08,6753.72021484375,16.299999237060547,19.26000022888184,0.06755237541899302,0.09544761695161245,0.18159516137223347,0.005810748494187323,3.3764798062700245e-05,0.00010543252981276762
2025-10-09,6735.10986328125,16.43000030517578,19.3799991607666,0.06857190271219642,0.0957281003395614,0.17954953139358806,-0.0027593739802789824,7.614144763040674e-06,0.00010712099604288741
2025-10-10,6552.509765625,21.65999984741211,22.809999465942383,0.1076580534727134,0.10894194500140769,0.05309324222676174,-0.027485975439899807,0.0007554788458827754,0.00018617285451979864
2025-10-13,6654.72021484375,19.030000686645508,20.93000030517578,0.11435366270475388,0.0759463441617012,0.09984233052937391,0.015478263036934031,0.0002395766266405183,0.00014370671671973354
2025-10-14,6644.31005859375,20.809999465942383,22.030000686645508,0.11215139489053669,0.09594859976888714,0.058625720904019116,-0.00156555149694257,2.450951489579122e-06,0.00017184764990973105
2025-10-15,6671.06005859375,20.63999938964844,21.940000534057617,0.11186917471606149,0.09453081918042293,0.06298455343274692,0.004017918503427979,1.614366910018893e-05,0.0001690514185732889
2025-10-16,6629.06982421875,25.309999465942383,24.8700008392334,0.11174382608279097,0.14135616857663286,-0.017384379138413453,-0.006314280275141975,3.9870135393047023e-05,0.0002542047908595253
2025-10-17,6664.009765625,20.780000686645508,22.09000015258789,0.11191287245207948,0.0958871344143756,0.06304135816435599,0.0052568739445263,2.7634723668639495e-05,0.0001713525510067412
2025-10-20,6735.1298828125,18.229999542236328,20.309999465942383,0.1153576237026017,0.06694237171976157,0.11409763993065328,0.010615724136144117,0.00011269359893471275,0.00013187812829759392
2025-10-21,6735.35009765625,17.8700008392334,19.989999771118164,0.11531897590232243,0.06338103249001156,0.11863451775728685,3.269591641698797e-05,1.0690229503466633e-09,0.00012672100396595335
2025-10-22,6699.39990234375,18.600000381469727,20.309999465942383,0.11667235071632434,0.06932765309837294,0.09193543276355225,-0.005351834774743029,2.8642135456148767e-05,0.00013728571991693413
2025-10-23,6738.43994140625,17.299999237060547,19.649999618530277,0.1154209949636963,0.05757899740690918,0.13583817832982864,0.0058104798620133855,3.376167622686309e-05,0.00011876586254059347
2025-10-24,6791.68994140625,16.3700008392334,19.200000762939453,0.1171686715534369,0.04653133683889708,0.17287720089320305,0.007871361975244856,6.19583393453306e-05,0.00010634005058591355
2025-10-27,6875.16015625,15.789999961853027,18.989999771118164,0.12116933499799087,0.036730664620539394,0.20265989974642168,0.012215141327379352,0.000149209677647851,9.893813444258675e-05
2025-10-28,6890.89013671875,16.420000076293945,19.549999237060547,0.12095237154859054,0.04324762921434891,0.19062114167011954,0.0022853305022299255,5.222735504422484e-06,0.00010699063591487824
2025-10-29,6890.58984375,16.920000076293945,19.82999992370605,0.12082401712493127,0.048375983638008185,0.1719858058091389,-4.3579204733175357e-05,1.8991470851760134e-09,0.00011360571531023298
2025-10-30,6822.33984375,16.90999984741211,19.979999542236328,0.12476183688558566,0.044338161588535444,0.18154936265679794,-0.009954191424534511,9.90859269162764e-05,0.0001134714662061419
2025-10-31,6840.2001953125,17.440000534057617,20.489999771118164,0.1243144607661282,0.05008554457444797,0.1748852719989527,0.0026145009178832708,6.835615049612465e-06,0.00012069588040790872
2025-11-03,6851.97021484375,17.170000076293945,20.3799991607666,0.12389462918732483,0.047805371575614625,0.18695393536454297,0.0017192339969181521,2.9557655361591648e-06,0.00011698765976981511
2025-11-04,6771.5498046875,19.0,21.290000915527344,0.12794624878378108,0.06205375121621892,0.12052636397512335,-0.011806250392326717,0.00013938754832631476,0.00014325396825396825
2025-11-05,6796.2900390625,18.010000228881836,20.600000381469727,0.12782294292789959,0.05227705936091878,0.14380900164756372,0.0036468976756877185,1.3299862656936484e-05,0.00012871432866838246
2025-11-06,6720.31982421875,19.5,21.350000381469727,0.13149658100443495,0.06350341899556505,0.09487181443434495,-0.011241134514722728,0.00012636310517809057,0.00015089285714285714
2025-11-07,6728.7998046875,19.07999992370605,21.190000534057617,0.13055478803884915,0.06024521119821136,0.11058703452770899,0.0012610463474931072,1.5902378905257066e-06,0.00014446285598754876
2025-11-10,6832.43017578125,17.600000381469727,20.239999771118164,0.1373845544470017,0.038615449367695565,0.14999996206977234,0.015283626703501816,0.00023358924521199378,0.00012292064024910102
2025-11-11,6846.60986328125,17.280000686645508,20.190000534057617,0.1370963477693269,0.03570365909712819,0.16840276225573547,0.0020731999523923177,4.2981580425995086e-06,0.00011849143798828144
2025-11-12,6850.919921875,17.510000228881836,20.34000015258789,0.13687205768139774,0.03822794460742063,0.16162192385572427,0.0006293191259445972,3.960425622796718e-07,0.0001216667095299373
2025-11-13,6737.490234375,20.0,21.850000381469727,0.14585135880876207,0.05414864119123794,0.09250001907348633,-0.01669545163092778,0.000278738105160649,0.00015873015873015876
2025-11-14,6734.10986328125,19.82999992370605,21.57999992370605,0.14586212228987058,0.05243787694718993,0.08825012641114224,-0.0005018514712717733,2.5185489921764353e-07,0.00015604321308499284
2025-11-17,6672.41015625,22.3799991607666,23.18000030517578,0.14788279661013562,0.07591719499753039,0.03574625444185122,-0.009204497894305158,8.472278148626809e-05,0.00019875569937933085
2025-11-18,6617.31982421875,24.690000534057617,24.540000915527344,0.1493582450760559,0.09754176026452027,-0.006075318561591871,-0.008290709844169318,6.873586972020604e-05,0.0002419032247507006
2025-11-19,6642.16015625,23.65999984741211,23.989999771118164,0.14872050922183688,0.0878794892522842,0.013947587736022303,0.00374680773726533,1.4038568220031342e-05,0.0002221411082458496
2025-11-20,6538.759765625,26.420000076293945,25.76000022888184,0.15497593641957005,0.10922406434336943,-0.024981069095617012,-0.01568972611631523,0.0002461675056049842,0.0002769906365203858
2025-11-21,6602.990234375,23.43000030517578,23.959999084472656,0.13608638625094238,0.09821361680081542,0.02262051952170893,0.009775103041592069,9.555263947374251e-05,0.00021784321996053062
2025-11-24,6705.1201171875,20.520000457763672,21.850000381469727,0.13596102417514866,0.06923898040248805,0.06481480965088643,0.015348818899081837,0.00023558624159681176,0.000167091436026437
2025-11-25,6765.8798828125,18.559999465942383,20.729999542236328,0.13817561329406866,0.04742438136535518,0.11691811092321945,0.009020886000832944,8.137638424002378e-05,0.00013669586514911968
2025-11-26,6812.60986328125,17.190000534057617,20.020000457763672,0.1390374789106235,0.03286252642995266,0.16463058963256744,0.006882969436149685,4.7375268258970714e-05,0.00011726036442892904
2025-11-28,6849.08984375,16.350000381469727,19.63999938964844,0.13802786369017322,0.025472140124524034,0.20122317623352687,0.005340487341137372,2.852080504084852e-05,0.00010608036209288103
2025-12-01,6812.6298828125,17.239999771118164,20.21999931335449,0.1386614678974346,0.03373852981374703,0.1728538040486903,-0.005337548746055966,2.8489426616523617e-05,0.00011794348893180728
2025-12-02,6829.3701171875,16.59000015258789,19.84000015258789,0.13559153919620553,0.03030846232967338,0.195901143466417,0.002454221195936617,6.023201678584559e-06,0.00010921750200907391
2025-12-03,6849.72021484375,16.079999923706055,19.709999084472656,0.13577845152881238,0.02502154770824816,0.2257462175366711,0.0029753605210852863,8.852770230432907e-06,0.00010260571331205821
2025-12-04,6857.1201171875,15.779999732971191,19.489999771118164,0.13461913060044348,0.023180866729268446,0.23510773770136323,0.001079738711974404,1.1658356861361449e-06,9.881285379863925e-05
2025-12-05,6870.39990234375,15.40999984741211,19.270000457763672,0.13382584243637002,0.020274156037751068,0.25048673903782,0.0019347688846794776,3.7433306371238695e-06,9.42333711496989e-05
2025-12-08,6846.509765625,16.65999984741211,19.90999984741211,0.13253913041504006,0.03406086805908104,0.1950780329991924,-0.0034833153316476935,1.2133485699691882e-05,0.00011014110909356013
2025-12-09,6840.509765625,16.93000030517578,20.07999992370605,0.12762462642537717,0.041675376626380656,0.18606022219428212,-0.0008767431610132386,7.686785703834856e-07,0.00011374004378303654
2025-12-10,6886.68017578125,15.770000457763672,19.350000381469727,0.1290083835277986,0.028691621049838134,0.2270133049960438,0.006726880659139976,4.5250923402311485e-05,9.86876644594708e-05
2025-12-11,6901.0,14.850000381469728,19.049999237060547,0.12915141523778795,0.019348588576909326,0.28282819849834495,0.00207719198371703,4.314726537218291e-06,8.750893306732186e-05
2025-12-12,6827.41015625,15.739999771118164,19.25,0.12968553210948297,0.027714465601698657,0.22299874713609902,-0.010720913458554537,0.00011493798538581579,9.831253682333325e-05
2025-12-15,6816.509765625,16.5,19.68000030517578,0.12952913526789864,0.03547086473210137,0.19272729122277463,-0.0015978388918367072,2.5530891242659566e-06,0.0001080357142857143
2025-12-16,6800.259765625,16.479999542236328,19.670000076293945,0.1295703602857642,0.035229635136599075,0.19356799894818053,-0.00238676400843967,5.696642431983001e-06,0.00010777396226671016
2025-12-17,6721.43017578125,17.6200008392334,20.07999992370605,0.12945757221942858,0.04674243617290541,0.13961401630555662,-0.01165985661137129,0.00013595225619773878,0.00012320017046610544
2025-12-18,6774.759765625,16.8700008392334,19.59000015258789,0.13114682036950323,0.03755318802283075,0.16123290919042382,0.007902951520479156,6.24566427350438e-05,0.00011293528901418077
2025-12-19,6834.5,14.90999984741211,18.25,0.12919720651405864,0.01990279196006245,0.22401074357942438,0.008779407421828872,7.707799467846387e-05,8.821749819437663e-05
2025-12-22,6878.490234375,14.079999923706056,17.790000915527344,0.13029883940636247,0.010501159830698104,0.2634943900514427,0.006415870575561936,4.1163395242361455e-05,7.866920549665181e-05
2025-12-23,6909.7900390625,14.0,17.84000015258789,0.12341230518370316,0.01658769481629685,0.27428572518484934,0.004540067046788208,2.06122087893322e-05,7.77777777777778e-05
2025-12-24,6932.0498046875,13.470000267028809,17.770000457763672,0.12359330264849225,0.01110670002179584,0.31922792171431413,0.003216304344700708,1.0344613637740652e-05,7.20003599975223e-05
2025-12-26,6929.93994140625,13.600000381469728,17.770000457763672,0.12360875423080989,0.012391249583887404,0.30661764406827896,-0.00030440987710828846,9.266537328108328e-08,7.33968295142765e-05
2025-12-29,6905.740234375,14.199999809265137,17.81999969482422,0.11324838051676822,0.028751617575883154,0.2549295728297915,-0.003498162923937312,1.2237143842409644e-05,8.00158708663214e-05
2025-12-30,6896.240234375,14.329999923706056,17.770000457763672,0.11336556996345248,0.029934429273608093,0.24005586548307217,-0.0013766142506534472,1.895066795102152e-06,8.148765786246652e-05
2025-12-31,6845.5,14.949999809265137,18.18000030517578,0.11208659350206363,0.03741340459058773,0.21605354763341728,-0.007384867434248815,5.453626702142867e-05,8.869146599088396e-05
2026-01-02,6858.47021484375,14.510000228881836,18.020000457763672,0.1087019903646909,0.03639801192412746,0.2419021484159082,0.0018929140261155547,3.583123510264999e-06,8.354766136593292e-05
2026-01-05,6902.0498046875,14.899999618530272,18.31999969482422,0.10948595003048733,0.03951404615481538,0.22953021233911242,0.006334024511051582,4.011986650660223e-05,8.80992018381755e-05
2026-01-06,6944.81982421875,14.75,18.149999618530277,0.09774949522500961,0.04975050477499038,0.2305084487139171,0.0061775920038938375,3.816264296657308e-05,8.633432539682539e-05
2026-01-07,6920.93017578125,15.380000114440918,18.59000015258789,0.09611784565582733,0.05768215548858184,0.20871261471142455,-0.0034458535710101927,1.1873906832843697e-05,9.38668267937312e-05
2026-01-08,6921.4599609375,15.449999809265137,18.38999938964844,0.08683339884093533,0.06766659925171603,0.1902912373254678,7.654532942294603e-05,5.8591874564673264e-09,9.472321194694156e-05
2026-01-09,6966.27978515625,14.489999771118164,17.8799991607666,0.08508958173466295,0.05981041597651869,0.23395441291900296,0.006454611138321038,4.1662004946938e-05,8.331749736785891e-05
2026-01-12,6977.27001953125,15.119999885559082,18.229999542236328,0.08325701769310427,0.06794298116248655,0.20568780953811824,0.0015763900591805138,2.4850056186831437e-06,9.071999862670899e-05
2026-01-13,6963.740234375,15.979999542236328,18.850000381469727,0.0824743459212417,0.07732564950112158,0.17959955703676792,-0.0019410055882070072,3.7675026934508297e-06,0.00010133348625788621
2026-01-14,6926.60009765625,16.75,19.3700008392334,0.08248061029922842,0.0850193897007716,0.15641796055124768,-0.005347633584135448,2.859718495017334e-05,0.00011133432539682541
2026-01-15,6944.47021484375,15.84000015258789,18.899999618530277,0.08250588212300966,0.07589411940286925,0.19318178260512536,0.002576603920444464,6.638887762849781e-06,9.956571620396206e-05
2026-01-16,6940.009765625,15.859999656677246,18.989999771118164,0.08225033608273119,0.07634966048404127,0.19735183998715605,-0.0006425086684515026,4.1281738903532283e-07,9.981729726579459e-05
2026-01-20,6796.85986328125,20.09000015258789,21.280000686645508,0.10274701516293354,0.09815298636294538,0.059233475610717075,-0.020842460953261224,0.00043440817858821876,0.00016016194687737363
2026-01-21,6875.6201171875,16.899999618530273,19.36000061035156,0.10816770783966859,0.060832288345634145,0.14556219215081984,0.01152111763356032,0.00013273615152633453,0.00011333729647076325
2026-01-22,6913.35009765625,15.640000343322754,18.75,0.1087560778620835,0.04764392557114405,0.1988490785427003,0.0054725007079021405,2.994826399798943e-05,9.706730584886344e-05
2026-01-23,6915.60986328125,16.09000015258789,19.149999618530277,0.10869654824974992,0.05220345327612899,0.19018020117608395,0.0003268164274822459,1.0680897727225809e-07,0.00010273337496439617
2026-01-26,6950.22998046875,16.149999618530273,19.06999969482422,0.10792823244406721,0.05357176374123551,0.18080496255514333,0.00499359426016032,2.4935983635106093e-05,0.00010350098717401902
2026-01-27,6978.60009765625,16.350000381469727,19.21999931335449,0.10836710351360648,0.055132900301090776,0.1755350987720756,0.004073587840441241,1.6594117893790732e-05,0.00010608036209288103
2026-01-28,6978.02978515625,16.350000381469727,19.299999237060547,0.10316496437434193,0.06033503944035533,0.1804280603524757,-8.172639170147053e-05,6.679203100542191e-09,0.00010608036209288103
2026-01-29,6969.009765625,16.8799991607666,19.670000076293945,0.10310910842111791,0.0656908831865481,0.1652844226445232,-0.0012934674424623016,1.6730580247099675e-06,0.00011306919510614332
2026-01-30,6939.02978515625,17.440000534057617,20.06999969482422,0.10376458099067695,0.07063542434989922,0.15080269955443068,-0.0043111794144580756,1.8586267943647075e-05,0.00012069588040790872
2026-02-02,6976.43994140625,16.34000015258789,19.3700008392334,0.09774190240828776,0.06565809911759116,0.1854345568145924,0.005376785277364613,2.8909819918884862e-05,0.00010595063689943346
2026-02-03,6917.81005859375,18.0,20.350000381469727,0.09952315102425248,0.08047684897574751,0.13055557674831814,-0.008439495590663714,7.122508582483228e-05,0.00012857142857142858
2026-02-04,6882.72021484375,18.63999938964844,20.6200008392334,0.09783631028883229,0.08856368360765211,0.10622325721129228,-0.005085300155013826,2.5860277666583638e-05,0.0001378768163674977
2026-02-05,6798.39990234375,21.770000457763672,22.450000762939453,0.10251439307218957,0.11518561150544715,0.03123565874493484,-0.01232667785383289,0.00015194698691217421,0.00018806861902025018
2026-02-06,6932.2998046875,20.3700008392334,20.3700008392334,0.11692933472876574,0.08677067366356825,0.0,0.019504344282200718,0.0003804194458786158,0.0001646575135676069
2026-02-09,6964.81982421875,17.360000610351562,20.09000015258789,0.11734365517653328,0.056256350926982335,0.15725803261829735,0.004680117860123293,2.190350318464503e-05,0.00011959111952039944
2026-02-10,6941.81005859375,17.790000915527344,20.43000030517578,0.1177687569659448,0.06013125218932863,0.14839793444553517,-0.0033091822845107053,1.0950687392119491e-05,0.00012558894149780305
2026-02-11,6941.47021484375,17.649999618530273,20.3700008392334,0.11728724858652695,0.05921274759877579,0.1541077212175952,-4.89572699497733e-05,2.396814280934976e-09,0.00012362003433893603
2026-02-12,6832.759765625,20.81999969482422,22.170000076293945,0.1260473181690428,0.08215267877919938,0.06484151783178614,-0.01578494138611745,0.0002491643745631635,0.00017201285210019068
2026-02-13,6836.169921875,20.600000381469727,22.170000076293945,0.1242594907631427,0.08174051305155457,0.07621357600733236,0.0004989646444475858,2.489657164087057e-07,0.00016839683163355273
2026-02-17,6843.22021484375,20.290000915527344,21.600000381469727,0.12416771516780993,0.0787322939874635,0.06456379530963345,0.0010307906306565179,1.0625293242492617e-06,0.0001633667210921033
2026-02-18,6881.31005859375,19.6200008392334,21.38999938964844,0.12383670796926091,0.07236330042307307,0.09021398953641435,0.005550636821134019,3.0809569120128766e-05,0.00015275572735377747
2026-02-19,6861.89013671875,20.229999542236328,21.8799991607666,0.12261376543934376,0.07968622998301954,0.08156201956828488,-0.0028261153915347848,7.98692820626981e-06,0.00016240193709479448
2026-02-20,6909.509765625,19.09000015258789,21.09000015258789,0.12404665566688597,0.06685334585899294,0.10476689282419281,0.006915755702175204,4.782767693216885e-05,0.00014461432770865307
2026-02-23,6837.75,21.01000022888184,22.13999938964844,0.12764221463048475,0.08245778765833364,0.05378387189226321,-0.01043995947145646,0.00010899275376565344,0.0001751667101657202
2026-02-24,6890.06982421875,19.549999237060547,21.34000015258789,0.12823117067295886,0.06726882169764661,0.0915601527049717,0.007622488962383376,5.81023379816564e-05,0.0001516676468924873
2026-02-25,6946.1298828125,17.93000030517578,20.36000061035156,0.1304664882813553,0.048833514770402514,0.1355270643511545,0.0081034339701294,6.566564210824714e-05,0.00012757337735857285
2026-02-26,6908.85986328125,18.6299991607666,20.809999465942383,0.13125527952987762,0.05504471207778841,0.11701558794305801,-0.005380026995566101,2.894469047302001e-05,0.00013772891616276362
2026-02-27,6878.8798828125,19.86000061035156,21.559999465942383,0.13095066591591814,0.06764934018759744,0.08559913410600498,-0.004348795128037643,1.891201906564394e-05,0.00015651572390601757
2026-03-02,6881.6201171875,21.440000534057617,22.440000534057617,0.130696852145891,0.08370315319468519,0.04664178988295694,0.0003982754131349892,1.5862330470784632e-07,0.00018241016781761545
2026-03-03,6816.6298828125,23.56999969482422,23.540000915527344,0.13338377130302936,0.10231622564521281,-0.0012727526383236435,-0.009488908731312503,9.003938891117865e-05,0.00022045431968810067
2026-03-04,6869.5,21.149999618530277,22.290000915527344,0.12081205977446889,0.09068793641083388,0.053900771515772064,0.00772612574014956,5.9693018952601586e-05,0.00017750892216818686
2026-03-05,6830.7099609375,23.75,23.86000061035156,0.11722227528363821,0.12027772471636178,0.004631604646381429,-0.005662707772703004,3.206625931903102e-05,0.00022383432539682538
2026-03-06,6740.02001953125,29.489999771118164,27.559999465942383,0.1218969007746448,0.17300309693653684,-0.06544592472550576,-0.013365720432496335,0.00017864248267965,0.00034510320892878945
2026-03-09,6795.990234375,25.5,25.34000015258789,0.12470277533062651,0.1302972246693735,-0.00627450382008272,0.008269871665388671,6.83907773619984e-05,0.0002580357142857143
2026-03-10,6781.47998046875,24.93000030517578,25.51000022888184,0.123640551769705,0.1256594512820528,0.023265139053594112,-0.002137402505887721,4.56848947217511e-06,0.0002466289346095494
2026-03-11,6775.7998046875,24.229999542236328,24.96999931335449,0.12276794024874889,0.11953205517361438,0.030540643214963165,-0.0008379521856348736,7.021638654102616e-07,0.000232973364213005
2026-03-12,6672.6201171875,27.290000915527344,26.950000762939453,0.12957531969002578,0.14332468946524768,-0.012458781281844473,-0.015344808189494536,0.00023546313837237857,0.00029553339284503304
2026-03-13,6632.18994140625,27.190000534057617,27.280000686645508,0.13025178520166064,0.14164822013891554,0.003310046002947236,-0.006077546398501344,3.693657022593666e-05,0.0002933714797785927
2026-03-16,6699.3798828125,23.51000022888184,24.920000076293945,0.13431282098688643,0.10078718130193196,0.05997447187090763,0.010079909746818997,0.00010160458050401661,0.00021933337728651748
2026-03-17,6716.08984375,22.3700008392334,24.32999992370605,0.1333472068759468,0.09035280151638717,0.08761730044440268,0.002491149384952951,6.2058252581514655e-06,0.0001985781498203583
2026-03-18,6624.7001953125,25.09000015258789,26.559999465942383,0.1366375194267292,0.11426248209914969,0.058589051590853425,-0.013700999383730839,0.00018771738411299283,0.00024980480462573817
2026-03-19,6606.490234375,24.059999465942383,25.540000915527344,0.13626394949492526,0.10433604516449857,0.061512946069676576,-0.002752582623899739,7.5767111013947726e-06,0.00022971570408775706
2026-03-20,6506.47998046875,26.780000686645508,27.43000030517578,0.1385549848800996,0.12924502198635546,0.02427182979328344,-0.015253934307770224,0.00023268251186576948,0.00028459064951457687
2026-03-23,6581.0,26.149999618530277,26.100000381469727,0.1295889108894408,0.13191108529586199,-0.0019120167414886013,0.0113881090950741,0.00012968902876130944,0.0002713581270036245
2026-03-24,6556.3701171875,26.950000762939453,26.559999465942383,0.12825981094615238,0.14124019668324214,-0.0144712907590483,-0.0037495954593205535,1.4059466108557313e-05,0.00028821529409620516
2026-03-25,6591.89990234375,25.32999992370605,25.6299991607666,0.12997041965999032,0.12332957957707022,0.011843633555631583,0.005404493759949214,2.920855280132999e-05,0.00025460670481545583
2026-03-26,6477.16015625,27.440000534057617,27.15999984741211,0.13768854082887438,0.1367114645117018,-0.010204106457577515,-0.017559440961209507,0.00030833396687020227,0.0002987911227416993
2026-03-27,6368.85009765625,31.049999237060547,29.270000457763672,0.13863788643060793,0.17186210593999757,-0.05732685420398692,-0.01686323194605131,0.00028436859166632543,0.0003825803383418495
2026-03-30,6343.72021484375,30.61000061035156,29.1299991607666,0.13844502865836217,0.1676549774451534,-0.04835025874140155,-0.003953553833355896,1.5630587913243097e-05,0.0003718143402244931
2026-03-31,6528.52001953125,25.25,25.549999237060547,0.16522658519708228,0.08727341480291773,0.011881157903387994,0.028714893309798716,0.0008245450977931231,0.0002530009920634921
2026-04-01,6575.31982421875,24.540000915527344,24.86000061035156,0.1658859637404759,0.07951404541479754,0.013039921877987373,0.0071429450037592815,5.102166332672968e-05,0.0002389728749738424
2026-04-02,6582.68994140625,23.8700008392334,24.71999931335449,0.16600943263816584,0.07269057575416815,0.03560948656206199,0.0011202481362370179,1.2549558867425122e-06,0.00022610196034325523
2026-04-06,6611.830078125,24.170000076293945,24.770000457763672,0.16507913874519098,0.07662086201774848,0.024824177888944646,0.004417013131605809,1.9510005004778152e-05,0.0002318209935270037
2026-04-07,6616.85009765625,25.780000686645508,25.56999969482422,0.16296746659661424,0.09483254026984086,-0.008145887751278193,0.0007589600331270599,5.760203318842279e-07,0.0002637335061124774
2026-04-08,6782.81005859375,21.040000915527344,22.68000030517578,0.17783985026321514,0.032560158892058294,0.07794673565998429,0.024772038357183543,0.0006136538843697728,0.00017566731687515533
2026-04-09,6824.66015625,19.489999771118164,21.809999465942383,0.17710541910693767,0.017794578604243966,0.1190353885104801,0.006151066869514015,3.7835623633232945e-05,0.00015073813138023255
2026-04-10,6816.89013671875,19.229999542236328,21.86000061035156,0.17653390598531704,0.015766089437046243,0.13676552941869588,-0.0011391696991393636,1.297707603437268e-06,0.0001467432072993688
2026-04-13,6886.240234375,19.1200008392334,21.34000015258789,0.17872281798191517,0.01247719041041881,0.11610874560210016,0.010121875493741075,0.00010245236351079613,0.0001450692190842404
2026-04-14,6967.3798828125,18.36000061035156,20.81999969482422,0.18190310874579876,0.0016968973577168311,0.13398687378505242,0.011713988916143619,0.00013721753632753555,0.00013376572317940857
2026-04-15,7022.9501953125,18.170000076293945,20.780000686645508,0.18066992052607428,0.001030080236865183,0.14364340117734953,0.00794414491156507,6.31094383759452e-05,0.0001310114693541754
2026-04-16,7041.27978515625,17.940000534057617,20.770000457763672,0.17961845845676366,-0.00021845311618748364,0.15774804010365173,0.002606555815286028,6.79413321820141e-06,0.00012771572188967763
2026-04-17,7126.06005859375,17.479999542236328,20.51000022888184,0.18134661033202684,-0.006546614909663573,0.17334100491960677,0.011968553928737802,0.00014324628314510508,0.0001212501523795961
2026-04-20,7109.14013671875,18.8700008392334,21.239999771118164,0.17629214383624667,0.012407864556087306,0.12559612223001088,-0.0023771959102520377,5.6510603957190145e-06,0.00014130036971137663
2026-04-21,7064.009765625,19.5,21.51000022888184,0.17671201287712607,0.01828798712287394,0.1030769348144533,-0.00636845358085314,4.055720101148119e-05,0.00015089285714285714
2026-04-22,7137.89990234375,18.920000076293945,21.239999771118164,0.17833035288730037,0.010869647875639071,0.12262154785776623,0.010405756011537825,0.00010827975817165558,0.0001420501598757789
2026-04-23,7108.39990234375,19.309999465942383,21.479999542236328,0.17899586710247498,0.014104127556948842,0.11237701379128667,-0.004141432170939999,1.715146042649679e-05,0.00014796669816456154
2026-04-24,7165.080078125,18.709999084472656,21.299999237060547,0.17244712940929058,0.014652861435435982,0.1384286627110164,0.007942067917632457,6.307644280828675e-05,0.00013891431180197128
2026-04-27,7173.91015625,18.020000457763672,20.770000457763672,0.1706260373794678,0.009573967198168915,0.1526082092198394,0.0012316180005498539,1.5168828992784199e-06,0.00012885730813404878
2026-04-28,7138.7998046875,17.829999923706055,20.489999771118164,0.17045847870913608,0.007841520527924473,0.14918675596153425,-0.0049061878687959495,2.407067940392054e-05,0.0001261543243172055
2026-04-29,7135.9501953125,18.809999465942383,21.190000534057617,0.17060922705129972,0.017490767608124125,0.12652850269477645,-0.00039925174351248426,1.594019546977585e-07,0.00014040320631299714
2026-04-30,7209.009765625,16.889999389648438,20.07999992370605,0.1654494621314648,0.003450531765019582,0.1888691917900663,0.010186184168105012,0.0001037583479065532,0.00011320320610409708
2026-05-01,7230.1201171875,16.989999771118164,20.3700008392334,0.16460461938140997,0.005295378329771672,0.19894061881395694,0.00292404968652147,8.550066569246307e-06,0.000114547655643887
2026-05-04,7200.75,18.290000915527344,21.049999237060547,0.15683143729649107,0.026068571858782363,0.150902032989517,-0.004070462487840939,1.6568664864920248e-05,0.00013274767201983773
2026-05-05,7259.22021484375,17.3799991607666,20.81999969482422,0.15565409531255883,0.018145896295107183,0.19792869391058618,0.008087227380575185,6.540324670512497e-05,0.00011986681382073325
2026-05-06,7365.1201171875,17.389999389648438,20.56999969482422,0.15746882443540924,0.016431169461075118,0.18286373874565554,0.014482944327746904,0.0002097556764006162,0.00012000479316348133
2026-05-07,7337.10986328125,17.079999923706055,20.350000381469727,0.15895006039944823,0.011849938837612317,0.19145201828865935,-0.0038103454826786936,1.4518732697369926e-05,0.00011576444341023763
2026-05-08,7398.93017578125,17.190000534057617,20.5,0.14626143985999476,0.02563856548058141,0.19255377330468723,0.008390405429031966,7.039890326352909e-05,0.00011726036442892904
2026-05-11,7412.83984375,18.3799991607666,21.239999771118164,0.13193061109389712,0.05186938051376891,0.15560395761368884,0.0018781917406753333,3.5276042147410384e-06,0.0001340572893451512
2026-05-12,7400.9599609375,17.989999771118164,21.040000915527344,0.13070576240574283,0.049194235305438816,0.16953869834427504,-0.0016038944114079717,2.572477282945724e-06,0.00012842860784318714
2026-05-13,7444.25,17.8700008392334,21.18000030517578,0.11002842957225689,0.0686715788200771,0.18522659823693538,0.005832206062995343,3.401462756123964e-05,0.00012672100396595335
2026-05-14,7501.240234375,17.260000228881836,20.850000381469727,0.11014297402359909,0.062457028265219275,0.20799537108815344,0.007626449143738461,5.8162726542029104e-05,0.00011821730472261946
2026-05-15,7408.5,18.43000030517578,21.36000061035156,0.12019612295591257,0.06410388009584524,0.1589799379630467,-0.012440381787730354,0.00015476309902449307,0.00013478766319396007
2026-05-18,7403.0498046875,17.81999969482422,20.920000076293945,0.12094373665405841,0.057256260294183764,0.17396186501451597,-0.0007359385925655567,5.416056120273726e-07,0.0001260128528267997
2026-05-19,7353.60986328125,18.059999465942383,21.1200008392334,0.12443829277270858,0.05616170188671525,0.16943529699774235,-0.006700720556670582,4.489965597858772e-05,0.0001294299923451743
2026-05-20,7432.97021484375,17.440000534057617,20.76000022888184,0.10933963863260242,0.06506036670797376,0.19036694914892793,0.010734208066325955,0.0001152232228111772,0.00012069588040790872
2026-05-21,7445.72021484375,16.760000228881836,20.0,0.10900224516341084,0.05859775712540752,0.193317406137907,0.0017138609316666425,2.9373192930932518e-06,0.00011146730463179332
2026-05-22,7473.47021484375,16.700000762939453,20.030000686645508,0.10834412888597099,0.05865587874342355,0.19940118392664818,0.003720045284340991,1.3838736917547643e-05,0.00011067064503261046
